{
  "bidderPosition": 1,
  "values": {
    "2": 6.08402781602146891515303650521673262119293212890625,
    "3": 11.1406529603002102390973959700204432010650634765625,
    "4": 21.588352718986701717085452401079237461090087890625,
    "5": 8.00438953460680835405582911334931850433349609375,
    "13": 14.034457911048111355967193958349525928497314453125,
    "14": 8.8006832404835844130275290808640420436859130859375
  },
  "setupType": "Regional Bidder Setup",
  "population": 0,
  "id": 1,
  "worldId": 857,
  "setup": {
    "lowNationalValueInterval": {
      "minValue": 0.0,
      "maxValue": 20.0
    },
    "highNationalValueInterval": {
      "minValue": 0.0,
      "maxValue": 40.0
    },
    "regionalValueInterval": {
      "minValue": 0.0,
      "maxValue": 20.0
    },
    "setupName": "Regional Bidder Setup",
    "numberOfBidders": 6
  },
  "implementation": "org.spectrumauctions.sats.core.model.gsvm.GSVMBidder"
}