{
  "bidderPosition": 3,
  "values": {
    "16": 12.9318195928683739026610055589117109775543212890625,
    "6": 2.667777101065720302131012431345880031585693359375,
    "7": 27.405176496653250950430447119288146495819091796875,
    "8": 11.6741291991859714727297614444978535175323486328125,
    "9": 8.668108084063252505302443751133978366851806640625,
    "15": 17.690553683878302848597741103731095790863037109375
  },
  "setupType": "Regional Bidder Setup",
  "population": 0,
  "id": 3,
  "worldId": 857,
  "setup": {
    "lowNationalValueInterval": {
      "minValue": 0.0,
      "maxValue": 20.0
    },
    "highNationalValueInterval": {
      "minValue": 0.0,
      "maxValue": 40.0
    },
    "regionalValueInterval": {
      "minValue": 0.0,
      "maxValue": 20.0
    },
    "setupName": "Regional Bidder Setup",
    "numberOfBidders": 6
  },
  "implementation": "org.spectrumauctions.sats.core.model.gsvm.GSVMBidder"
}