{
  "bidderPosition": 2,
  "values": {
    "4": 19.868839623725676801768713630735874176025390625,
    "5": 38.76213486333501379021981847472488880157470703125,
    "6": 8.6451042308219339105335166095755994319915771484375,
    "7": 31.735051436455933071556501090526580810546875,
    "14": 6.3717514415854008547057674149982631206512451171875,
    "15": 12.0818646369859461486839791177771985530853271484375
  },
  "setupType": "Regional Bidder Setup",
  "population": 0,
  "id": 2,
  "worldId": 857,
  "setup": {
    "lowNationalValueInterval": {
      "minValue": 0.0,
      "maxValue": 20.0
    },
    "highNationalValueInterval": {
      "minValue": 0.0,
      "maxValue": 40.0
    },
    "regionalValueInterval": {
      "minValue": 0.0,
      "maxValue": 20.0
    },
    "setupName": "Regional Bidder Setup",
    "numberOfBidders": 6
  },
  "implementation": "org.spectrumauctions.sats.core.model.gsvm.GSVMBidder"
}