{
  "bidderPosition": -1,
  "values": {
    "0": 0.162446999390979396338252627174369990825653076171875,
    "1": 5.9418066818597754519259979133494198322296142578125,
    "2": 8.624992623548276782230459502898156642913818359375,
    "3": 0.3756879607779450847004909519455395638942718505859375,
    "4": 13.59675772398310300559387542307376861572265625,
    "5": 7.76023024207770362181690870784223079681396484375,
    "6": 9.2293997063449584317140761413611471652984619140625,
    "7": 18.187116497065428433188571943901479244232177734375,
    "8": 9.77687225214847188681233092211186885833740234375,
    "9": 0.02487606222369098674107590341009199619293212890625,
    "10": 2.352915046830158729562754160724580287933349609375,
    "11": 5.1642456634553912664387098629958927631378173828125
  },
  "setupType": "National Bidder Setup",
  "population": 0,
  "id": 6,
  "worldId": 888,
  "setup": {
    "lowNationalValueInterval": {
      "minValue": 0.0,
      "maxValue": 10.0
    },
    "highNationalValueInterval": {
      "minValue": 0.0,
      "maxValue": 20.0
    },
    "regionalValueInterval": {
      "minValue": 0.0,
      "maxValue": 0.0
    },
    "setupName": "National Bidder Setup",
    "numberOfBidders": 1
  },
  "implementation": "org.spectrumauctions.sats.core.model.gsvm.GSVMBidder"
}