{
  "bidderPosition": 1,
  "values": {
    "2": 19.49412078745348253505653701722621917724609375,
    "3": 6.17085565554663428855519669014029204845428466796875,
    "4": 11.105458223619390167868914431892335414886474609375,
    "5": 23.246930943397249080817346111871302127838134765625,
    "13": 19.512686404596902178809614269994199275970458984375,
    "14": 16.0992497121360429446212947368621826171875
  },
  "setupType": "Regional Bidder Setup",
  "population": 0,
  "id": 1,
  "worldId": 888,
  "setup": {
    "lowNationalValueInterval": {
      "minValue": 0.0,
      "maxValue": 20.0
    },
    "highNationalValueInterval": {
      "minValue": 0.0,
      "maxValue": 40.0
    },
    "regionalValueInterval": {
      "minValue": 0.0,
      "maxValue": 20.0
    },
    "setupName": "Regional Bidder Setup",
    "numberOfBidders": 6
  },
  "implementation": "org.spectrumauctions.sats.core.model.gsvm.GSVMBidder"
}