{
  "bidderPosition": 3,
  "values": {
    "16": 6.79011567713770691767649623216129839420318603515625,
    "6": 0.84449873863431168530269133043475449085235595703125,
    "7": 35.60431948821619840828134329058229923248291015625,
    "8": 14.484330071993298361121560446918010711669921875,
    "9": 11.6424281279617591877695303992368280887603759765625,
    "15": 19.4877623279350160601097741164267063140869140625
  },
  "setupType": "Regional Bidder Setup",
  "population": 0,
  "id": 3,
  "worldId": 888,
  "setup": {
    "lowNationalValueInterval": {
      "minValue": 0.0,
      "maxValue": 20.0
    },
    "highNationalValueInterval": {
      "minValue": 0.0,
      "maxValue": 40.0
    },
    "regionalValueInterval": {
      "minValue": 0.0,
      "maxValue": 20.0
    },
    "setupName": "Regional Bidder Setup",
    "numberOfBidders": 6
  },
  "implementation": "org.spectrumauctions.sats.core.model.gsvm.GSVMBidder"
}