{
  "bidderPosition": 2,
  "values": {
    "4": 8.2182122505750054841655583004467189311981201171875,
    "5": 10.0570293015661871294241791474632918834686279296875,
    "6": 31.851574351459003509035028400830924510955810546875,
    "7": 19.676805432474250068253240897320210933685302734375,
    "14": 6.6391685888080065325311807100661098957061767578125,
    "15": 15.8757659039638721054643610841594636440277099609375
  },
  "setupType": "Regional Bidder Setup",
  "population": 0,
  "id": 2,
  "worldId": 888,
  "setup": {
    "lowNationalValueInterval": {
      "minValue": 0.0,
      "maxValue": 20.0
    },
    "highNationalValueInterval": {
      "minValue": 0.0,
      "maxValue": 40.0
    },
    "regionalValueInterval": {
      "minValue": 0.0,
      "maxValue": 20.0
    },
    "setupName": "Regional Bidder Setup",
    "numberOfBidders": 6
  },
  "implementation": "org.spectrumauctions.sats.core.model.gsvm.GSVMBidder"
}