{
  "bidderPosition": 4,
  "values": {
    "16": 18.64025771840897505171597003936767578125,
    "17": 17.623172067157696574213332496583461761474609375,
    "8": 2.672036415864031955180735167232342064380645751953125,
    "9": 18.345862724924412390237193903885781764984130859375,
    "10": 15.7290240854189118380190848256461322307586669921875,
    "11": 14.395363490313510368423521867953240871429443359375
  },
  "setupType": "Regional Bidder Setup",
  "population": 0,
  "id": 4,
  "worldId": 667,
  "setup": {
    "lowNationalValueInterval": {
      "minValue": 0.0,
      "maxValue": 20.0
    },
    "highNationalValueInterval": {
      "minValue": 0.0,
      "maxValue": 40.0
    },
    "regionalValueInterval": {
      "minValue": 0.0,
      "maxValue": 20.0
    },
    "setupName": "Regional Bidder Setup",
    "numberOfBidders": 6
  },
  "implementation": "org.spectrumauctions.sats.core.model.gsvm.GSVMBidder"
}