{
  "bidderPosition": 5,
  "values": {
    "0": 1.201483938754652758262864153948612511157989501953125,
    "1": 11.658246214127490958389898878522217273712158203125,
    "17": 15.062342138621733766967736301012337207794189453125,
    "10": 8.2595357212169577820759513997472822666168212890625,
    "11": 17.54883995906461535696507780812680721282958984375,
    "12": 0.939479353234300429420500222477130591869354248046875
  },
  "setupType": "Regional Bidder Setup",
  "population": 0,
  "id": 5,
  "worldId": 667,
  "setup": {
    "lowNationalValueInterval": {
      "minValue": 0.0,
      "maxValue": 20.0
    },
    "highNationalValueInterval": {
      "minValue": 0.0,
      "maxValue": 40.0
    },
    "regionalValueInterval": {
      "minValue": 0.0,
      "maxValue": 20.0
    },
    "setupName": "Regional Bidder Setup",
    "numberOfBidders": 6
  },
  "implementation": "org.spectrumauctions.sats.core.model.gsvm.GSVMBidder"
}