{
  "bidderPosition": -1,
  "values": {
    "0": 3.4685583899856009537643330986611545085906982421875,
    "1": 5.9035773258957586762107894173823297023773193359375,
    "2": 6.13445409818001419210986568941734731197357177734375,
    "3": 1.015408369453358883305327253765426576137542724609375,
    "4": 13.04323217467791806711829849518835544586181640625,
    "5": 1.2386747405112696895912449690513312816619873046875,
    "6": 19.88914962601551650323017383925616741180419921875,
    "7": 4.0992465288194495087736868299543857574462890625,
    "8": 6.25083758900300079375256245839409530162811279296875,
    "9": 2.167794314487905271704448750824667513370513916015625,
    "10": 4.98388024757401648656696124817244708538055419921875,
    "11": 2.107526718775505347736043404438532888889312744140625
  },
  "setupType": "National Bidder Setup",
  "population": 0,
  "id": 6,
  "worldId": 667,
  "setup": {
    "lowNationalValueInterval": {
      "minValue": 0.0,
      "maxValue": 10.0
    },
    "highNationalValueInterval": {
      "minValue": 0.0,
      "maxValue": 20.0
    },
    "regionalValueInterval": {
      "minValue": 0.0,
      "maxValue": 0.0
    },
    "setupName": "National Bidder Setup",
    "numberOfBidders": 1
  },
  "implementation": "org.spectrumauctions.sats.core.model.gsvm.GSVMBidder"
}