{
  "bidderPosition": 0,
  "values": {
    "0": 6.94865904509677445588522459729574620723724365234375,
    "1": 1.607853957243612352812078825081698596477508544921875,
    "2": 2.1631267217229055432881068554706871509552001953125,
    "3": 0.79611217311717386024838560842908918857574462890625,
    "12": 8.77159846248689945014120894484221935272216796875,
    "13": 13.64087529281079724796654772944748401641845703125
  },
  "setupType": "Regional Bidder Setup",
  "population": 0,
  "id": 0,
  "worldId": 667,
  "setup": {
    "lowNationalValueInterval": {
      "minValue": 0.0,
      "maxValue": 20.0
    },
    "highNationalValueInterval": {
      "minValue": 0.0,
      "maxValue": 40.0
    },
    "regionalValueInterval": {
      "minValue": 0.0,
      "maxValue": 20.0
    },
    "setupName": "Regional Bidder Setup",
    "numberOfBidders": 6
  },
  "implementation": "org.spectrumauctions.sats.core.model.gsvm.GSVMBidder"
}