{
  "bidderPosition": 3,
  "values": {
    "16": 19.958053589618199197275316691957414150238037109375,
    "6": 23.271752809724649324607526068575680255889892578125,
    "7": 18.325466470142973918200368643738329410552978515625,
    "8": 14.883949327707103549300882150419056415557861328125,
    "9": 17.2793916497384003605475299991667270660400390625,
    "15": 11.718641454288810876960269524715840816497802734375
  },
  "setupType": "Regional Bidder Setup",
  "population": 0,
  "id": 3,
  "worldId": 667,
  "setup": {
    "lowNationalValueInterval": {
      "minValue": 0.0,
      "maxValue": 20.0
    },
    "highNationalValueInterval": {
      "minValue": 0.0,
      "maxValue": 40.0
    },
    "regionalValueInterval": {
      "minValue": 0.0,
      "maxValue": 20.0
    },
    "setupName": "Regional Bidder Setup",
    "numberOfBidders": 6
  },
  "implementation": "org.spectrumauctions.sats.core.model.gsvm.GSVMBidder"
}