{
  "bidderPosition": -1,
  "values": {
    "0": 0.837656265426092172532435142784379422664642333984375,
    "1": 2.37110372816867620571201769053004682064056396484375,
    "2": 7.20829907299413097376827863627113401889801025390625,
    "3": 3.3806532497746797361060089315287768840789794921875,
    "4": 10.81227816802034880083738244138658046722412109375,
    "5": 0.21093077677759364263465613476000726222991943359375,
    "6": 19.584668152997863899145158939063549041748046875,
    "7": 19.4414234195041757402577786706387996673583984375,
    "8": 1.5026627292930705426243775946204550564289093017578125,
    "9": 3.751257978440853957380340943927876651287078857421875,
    "10": 1.317360824354676385183893216890282928943634033203125,
    "11": 9.9926742712972131954529686481691896915435791015625
  },
  "setupType": "National Bidder Setup",
  "population": 0,
  "id": 6,
  "worldId": 896,
  "setup": {
    "lowNationalValueInterval": {
      "minValue": 0.0,
      "maxValue": 10.0
    },
    "highNationalValueInterval": {
      "minValue": 0.0,
      "maxValue": 20.0
    },
    "regionalValueInterval": {
      "minValue": 0.0,
      "maxValue": 0.0
    },
    "setupName": "National Bidder Setup",
    "numberOfBidders": 1
  },
  "implementation": "org.spectrumauctions.sats.core.model.gsvm.GSVMBidder"
}