{
  "bidderPosition": 1,
  "values": {
    "2": 11.6423051432732389542934470227919518947601318359375,
    "3": 9.586507373032389978106948547065258026123046875,
    "4": 34.94965344688961295105400495231151580810546875,
    "5": 30.914938781235580478323754505254328250885009765625,
    "13": 4.7757960935769805388417807989753782749176025390625,
    "14": 2.41207786996786577304874299443326890468597412109375
  },
  "setupType": "Regional Bidder Setup",
  "population": 0,
  "id": 1,
  "worldId": 896,
  "setup": {
    "lowNationalValueInterval": {
      "minValue": 0.0,
      "maxValue": 20.0
    },
    "highNationalValueInterval": {
      "minValue": 0.0,
      "maxValue": 40.0
    },
    "regionalValueInterval": {
      "minValue": 0.0,
      "maxValue": 20.0
    },
    "setupName": "Regional Bidder Setup",
    "numberOfBidders": 6
  },
  "implementation": "org.spectrumauctions.sats.core.model.gsvm.GSVMBidder"
}