{
  "bidderPosition": 0,
  "values": {
    "0": 10.863352348965378268985659815371036529541015625,
    "1": 12.377407836161438581257243640720844268798828125,
    "2": 16.665709204420789291134497034363448619842529296875,
    "3": 3.397829062585824289044467150233685970306396484375,
    "12": 2.33845500013611928835643993807025253772735595703125,
    "13": 8.1214618054049747541967008146457374095916748046875
  },
  "setupType": "Regional Bidder Setup",
  "population": 0,
  "id": 0,
  "worldId": 860,
  "setup": {
    "lowNationalValueInterval": {
      "minValue": 0.0,
      "maxValue": 20.0
    },
    "highNationalValueInterval": {
      "minValue": 0.0,
      "maxValue": 40.0
    },
    "regionalValueInterval": {
      "minValue": 0.0,
      "maxValue": 20.0
    },
    "setupName": "Regional Bidder Setup",
    "numberOfBidders": 6
  },
  "implementation": "org.spectrumauctions.sats.core.model.gsvm.GSVMBidder"
}