{
  "bidderPosition": 4,
  "values": {
    "16": 13.634796616237505162416709936223924160003662109375,
    "17": 13.9710013423277974453640126739628612995147705078125,
    "8": 16.565986703233473775753736845217645168304443359375,
    "9": 1.9607826752372492506992784910835325717926025390625,
    "10": 6.1837071583800167218214483000338077545166015625,
    "11": 11.813704452247616671911600860767066478729248046875
  },
  "setupType": "Regional Bidder Setup",
  "population": 0,
  "id": 4,
  "worldId": 860,
  "setup": {
    "lowNationalValueInterval": {
      "minValue": 0.0,
      "maxValue": 20.0
    },
    "highNationalValueInterval": {
      "minValue": 0.0,
      "maxValue": 40.0
    },
    "regionalValueInterval": {
      "minValue": 0.0,
      "maxValue": 20.0
    },
    "setupName": "Regional Bidder Setup",
    "numberOfBidders": 6
  },
  "implementation": "org.spectrumauctions.sats.core.model.gsvm.GSVMBidder"
}