{
  "bidderPosition": -1,
  "values": {
    "0": 5.31420488547859548589258338324725627899169921875,
    "1": 8.675273362397934562295631621964275836944580078125,
    "2": 3.45558672006237799223526963032782077789306640625,
    "3": 3.09015058620337157435642438940703868865966796875,
    "4": 5.838386978205793553797775530256330966949462890625,
    "5": 2.473658938794869310839885656605474650859832763671875,
    "6": 6.0198615455426303100239238119684159755706787109375,
    "7": 12.049141811446464345181084354408085346221923828125,
    "8": 7.95338443264994676695778252906166017055511474609375,
    "9": 6.40647026052949097874034123378805816173553466796875,
    "10": 5.8647960293935756936889447388239204883575439453125,
    "11": 6.39683918012230545713237006566487252712249755859375
  },
  "setupType": "National Bidder Setup",
  "population": 0,
  "id": 6,
  "worldId": 860,
  "setup": {
    "lowNationalValueInterval": {
      "minValue": 0.0,
      "maxValue": 10.0
    },
    "highNationalValueInterval": {
      "minValue": 0.0,
      "maxValue": 20.0
    },
    "regionalValueInterval": {
      "minValue": 0.0,
      "maxValue": 0.0
    },
    "setupName": "National Bidder Setup",
    "numberOfBidders": 1
  },
  "implementation": "org.spectrumauctions.sats.core.model.gsvm.GSVMBidder"
}