{
  "bidderPosition": 5,
  "values": {
    "0": 13.4853964545502673644250535289756953716278076171875,
    "1": 3.123326726142281462017535886843688786029815673828125,
    "17": 9.8798051960936827953219108167104423046112060546875,
    "10": 14.133586676782698532406357116997241973876953125,
    "11": 5.05607952569387730790140267345122992992401123046875,
    "12": 17.387722718364017282510758377611637115478515625
  },
  "setupType": "Regional Bidder Setup",
  "population": 0,
  "id": 5,
  "worldId": 860,
  "setup": {
    "lowNationalValueInterval": {
      "minValue": 0.0,
      "maxValue": 20.0
    },
    "highNationalValueInterval": {
      "minValue": 0.0,
      "maxValue": 40.0
    },
    "regionalValueInterval": {
      "minValue": 0.0,
      "maxValue": 20.0
    },
    "setupName": "Regional Bidder Setup",
    "numberOfBidders": 6
  },
  "implementation": "org.spectrumauctions.sats.core.model.gsvm.GSVMBidder"
}