{
  "bidderPosition": 2,
  "values": {
    "4": 38.5349033558442357616513618268072605133056640625,
    "5": 3.5554748408241909629623478394933044910430908203125,
    "6": 31.09955018087868694465214502997696399688720703125,
    "7": 30.18473269545659576351681607775390148162841796875,
    "14": 18.407269894829557443927114945836365222930908203125,
    "15": 4.48333515520010106314430231577716767787933349609375
  },
  "setupType": "Regional Bidder Setup",
  "population": 0,
  "id": 2,
  "worldId": 928,
  "setup": {
    "lowNationalValueInterval": {
      "minValue": 0.0,
      "maxValue": 20.0
    },
    "highNationalValueInterval": {
      "minValue": 0.0,
      "maxValue": 40.0
    },
    "regionalValueInterval": {
      "minValue": 0.0,
      "maxValue": 20.0
    },
    "setupName": "Regional Bidder Setup",
    "numberOfBidders": 6
  },
  "implementation": "org.spectrumauctions.sats.core.model.gsvm.GSVMBidder"
}