{
  "bidderPosition": -1,
  "values": {
    "0": 8.7338363490546679912540639634244143962860107421875,
    "1": 0.7319246478792151844317004361073486506938934326171875,
    "2": 7.72803886275355988999535838956944644451141357421875,
    "3": 7.3264760499525660719655206776224076747894287109375,
    "4": 9.91409756979501111118224798701703548431396484375,
    "5": 6.39898827815470472302195048541761934757232666015625,
    "6": 2.1418349136803271903772838413715362548828125,
    "7": 14.51701448906732849764011916704475879669189453125,
    "8": 2.88364951927805979181584916659630835056304931640625,
    "9": 8.4511926627931615030320244841277599334716796875,
    "10": 7.0281431148624751159559309598989784717559814453125,
    "11": 1.161015130351741309056023965240456163883209228515625
  },
  "setupType": "National Bidder Setup",
  "population": 0,
  "id": 6,
  "worldId": 928,
  "setup": {
    "lowNationalValueInterval": {
      "minValue": 0.0,
      "maxValue": 10.0
    },
    "highNationalValueInterval": {
      "minValue": 0.0,
      "maxValue": 20.0
    },
    "regionalValueInterval": {
      "minValue": 0.0,
      "maxValue": 0.0
    },
    "setupName": "National Bidder Setup",
    "numberOfBidders": 1
  },
  "implementation": "org.spectrumauctions.sats.core.model.gsvm.GSVMBidder"
}