{
  "homeId": 4,
  "distanceDiscounts": {
    "0": 1,
    "1": 0.42045,
    "2": 0.17678,
    "3": 0.07433,
    "4": 0.03125,
    "5": 0.01314,
    "6": 0.00552,
    "7": 0.00232
  },
  "alpha": 675.7483241849482737961807288229465484619140625,
  "beta": {
    "0": 0.085246264914674518831105842764372937381267547607421875,
    "1": 0.047050550971663544774781229307336616329848766326904296875,
    "2": 0.070442158128594167809666259927325882017612457275390625,
    "3": 0.0569841508794120266134797248014365322887897491455078125,
    "4": 0.042350989303064572044643654180617886595427989959716796875,
    "5": 0.0879875993004513301531943625377607531845569610595703125,
    "6": 0.057568101924659165202768917879438959062099456787109375,
    "7": 0.0858380183324711776293725051800720393657684326171875,
    "8": 0.050795297615883631958677568718485417775809764862060546875,
    "9": 0.05341604901668882410259442394817597232758998870849609375,
    "10": 0.0749296067064546822411585935697075910866260528564453125,
    "11": 0.073414876907685056028896042334963567554950714111328125,
    "12": 0.084568109079624476098757668296457268297672271728515625,
    "13": 0.06293898531465925982875120325843454338610172271728515625
  },
  "zLow": {
    "0": 0.000003712792233,
    "1": 0.000003260551932,
    "2": 0.000003085062025,
    "3": 0.000001713397476,
    "4": 6.768439246E-7,
    "5": 7.886821772E-7,
    "6": 0.00001487253312,
    "7": 1.880717780E-7,
    "8": 0.000004148375173,
    "9": 0.000002524118920,
    "10": 0.000001055789528,
    "11": 3.040819772E-7,
    "12": 4.378238414E-7,
    "13": 0.00002473912005
  },
  "zHigh": {
    "0": 0.000143033934005996932161553720588729682232510857295312415983990269438275121927118799853815368637552348880749532916,
    "1": 0.000113157634429779908897252515406974646844399345336447624593853176119316719312698018514829423838007321477230526183453,
    "2": 0.000114283703442156207189325368010117805134848080797085856219933009734696472638529738441464531990175541107005046811,
    "3": 0.0000611655742769456697808675050787115557743262304372105892122746463539263245484908818409391596217386285727793775925,
    "4": 0.000023171818716643814316422362164827010167584492710690020731076112863769796678186934736736013642752374612388094450169,
    "5": 0.0000305998904530489032672012849776298274250795462771452016882446274015376783246936945166441151232974885859761964214,
    "6": 0.000531794343797189658972184271157791368224915387769631452337653077676580048467528844564876148665637188383386780509,
    "7": 0.0000072565242107217608857613807998883196865511278837275324839082616952297502438180637142151047811677578631154588,
    "8": 0.000145523050333995262451665593959688626636628357569255562066858714677585251187718174776430131729270496424419284382837,
    "9": 0.00008920641357749618421181605879993863985923733205400294944121512114704400297427728088330275962122201996110628485151,
    "10": 0.0000395846752477466961475512662129447503485145852835522603226055256021095836103144513796832731249801989550022607978,
    "11": 0.000011354873408577119781790953575599326404680447528016812597936967362215346748354947216078669400748868173659677595,
    "12": 0.000016837308678727956216240012978738199394467388144883028009722144574660864085286252318142943720441376303954412570,
    "13": 0.00089787911252334728614254074920794398946030609144823835646854524952410324470357477222230393022525721278997931402942
  },
  "setupType": "Multi Region Model Regional Bidder",
  "population": 0,
  "id": 6,
  "worldId": 925,
  "setup": {
    "exponentFactor": 1.25,
    "base": 2.0,
    "alphaInterval": {
      "minValue": 500.0,
      "maxValue": 840.0
    },
    "betaInterval": {
      "minValue": 0.04,
      "maxValue": 0.1
    },
    "setupName": "Multi Region Model Regional Bidder",
    "numberOfBidders": 4
  },
  "implementation": "org.spectrumauctions.sats.core.model.mrvm.MRVMRegionalBidder"
}