{
  "regionsOfInterest": [
    1,
    3,
    8,
    12
  ],
  "alpha": 91.085407897285591616309829987585544586181640625,
  "beta": {
    "0": 0.06265808602067945987101893479120917618274688720703125,
    "1": 0.084755308950457131089706308557651937007904052734375,
    "2": 0.060916737622074779157088642023154534399509429931640625,
    "3": 0.061587608023319383165894436160670011304318904876708984375,
    "4": 0.10010492321353388345261947733888518996536731719970703125,
    "5": 0.0890163987356515085114239127506152726709842681884765625,
    "6": 0.1084057314237542868351482638900051824748516082763671875,
    "7": 0.05447426847134247129833539702303824014961719512939453125,
    "8": 0.08543121877122684948435704654912115074694156646728515625,
    "9": 0.11187304296223377075847338346648029983043670654296875,
    "10": 0.056768523951046569175904465964777045883238315582275390625,
    "11": 0.0868817543603546404984427908857469446957111358642578125,
    "12": 0.06541032196842379298207248439211980439722537994384765625,
    "13": 0.05174957663916644745594197729587904177606105804443359375
  },
  "zLow": {
    "0": 0.000005051250212,
    "1": 0.000001810043132,
    "2": 0.000003567466603,
    "3": 0.000001585327039,
    "4": 2.863496509E-7,
    "5": 7.795670502E-7,
    "6": 0.000007897954206,
    "7": 2.963547594E-7,
    "8": 0.000002466521660,
    "9": 0.000001205191675,
    "10": 0.000001393552071,
    "11": 2.569485514E-7,
    "12": 5.660564459E-7,
    "13": 0.00003008826766
  },
  "zHigh": {
    "0": 0.00018318767335956961597514848896309019515771354632302384757403040284992081700659236969532612774854144983227960330,
    "1": 0.000069642370438618208531861483197343209434368592667493901240090033248639166003851168475178613740483442995273031,
    "2": 0.000128755840766913206174935328492944897009421567419126445878788948295249774287178809040919926748245130560245845788,
    "3": 0.000057323461179709970203992433809812139301967267841705999849338739348529128468055963364246544240015393294365267923567,
    "4": 0.00001145699050536948168972692369864158243538741253719783516041816898647313674650250636304781212948075187074150334001,
    "5": 0.0000303264366434314693797459795157473589292889206749338533871948178757156203358398925914012086582350851443001943489,
    "6": 0.0003225569764205367422931660990715016500077297765510393593898318502792239669578233270384423493528390862818773935967,
    "7": 0.00001050501365260992184495543521778112124859131367892990440914791248617954887086364795918211514894458915224526572847,
    "8": 0.00009506744494568806716942477128696879728879565387009970977301693241391978233382562987002119455111741649586909026486,
    "9": 0.00004963859621392594100035308786567653605840221876926671759206568850290214421529434157642743533694200612927622381,
    "10": 0.000049717551525725695149900211067698417573765749013472136249881890684994297074867543976238634471214921170265083079305,
    "11": 0.0000099408706345796720470980126379045536795661140799225700399172193547395163880649120058785573295718081604170890570,
    "12": 0.00002068428681283899893601185147251839312980516569592729913197551051581861847423677770975248168258885527818729233129,
    "13": 0.00105835354094633697060438588445985198646501606827563130317721612831016315883228856395448902185083381066452362729129
  },
  "setupType": "Multi Region Model Local Bidder",
  "population": 0,
  "id": 2,
  "worldId": 925,
  "setup": {
    "numberOfRegionsInterval": {
      "minValue": 3,
      "maxValue": 7
    },
    "alphaInterval": {
      "minValue": 60.0,
      "maxValue": 100.0
    },
    "betaInterval": {
      "minValue": 0.05,
      "maxValue": 0.12
    },
    "setupName": "Multi Region Model Local Bidder",
    "numberOfBidders": 3
  },
  "implementation": "org.spectrumauctions.sats.core.model.mrvm.MRVMLocalBidder"
}