{
  "homeId": 6,
  "distanceDiscounts": {
    "0": 1,
    "1": 0.42045,
    "2": 0.17678,
    "3": 0.07433,
    "4": 0.03125,
    "5": 0.01314,
    "6": 0.00552,
    "7": 0.00232
  },
  "alpha": 627.1969026332616294894251041114330291748046875,
  "beta": {
    "0": 0.07047339756902638863156340676141553558409214019775390625,
    "1": 0.0938377292188639078318601605133153498172760009765625,
    "2": 0.08173349834905306587895523762199445627629756927490234375,
    "3": 0.05911681723475507854725918832627939991652965545654296875,
    "4": 0.07712109876488794368842860649237991310656070709228515625,
    "5": 0.09042033099116876526668562519262195564806461334228515625,
    "6": 0.04890358785793787188556080991475027985870838165283203125,
    "7": 0.08872136515897188768775549760903231799602508544921875,
    "8": 0.087079882923040141662340829498134553432464599609375,
    "9": 0.041703083787095800161193182020724634639918804168701171875,
    "10": 0.05017314828916831503935469527277746237814426422119140625,
    "11": 0.0807769425464449908336206362946541048586368560791015625,
    "12": 0.09228162058905813036613352551285061053931713104248046875,
    "13": 0.086562353154361504348202061009942553937435150146484375
  },
  "zLow": {
    "0": 0.000004491080056,
    "1": 0.000001634851633,
    "2": 0.000002658866088,
    "3": 0.000001651585874,
    "4": 3.716882963E-7,
    "5": 7.674629215E-7,
    "6": 0.00001750758053,
    "7": 1.819596520E-7,
    "8": 0.000002419823552,
    "9": 0.000003233057311,
    "10": 0.000001576737694,
    "11": 2.763677384E-7,
    "12": 4.012276133E-7,
    "13": 0.00001798767081
  },
  "zHigh": {
    "0": 0.00016638256868004564278543278178386967563273412935694323676713053509897176547761041191537479887862261254744827749020,
    "1": 0.0000643866254742875056837068955928858163810825607232762321916724414363154670543150407406017497971078170301532550,
    "2": 0.00010149782532852555760237685803146906842100227957312900814065502794513642505718831105739458706588041370826756712763,
    "3": 0.00005931122623213639254150977652981567924389912092187550064191254498558068078410920635585904224224671386580789629830,
    "4": 0.00001401714986932639112680031655672812050269510560371523658087264249572504168282146860711058533644110084909667947756,
    "5": 0.00002996331278121263588522785131158459999147447422692235537441801863705202665366650139576064295597993447792533068450,
    "6": 0.00061084576602831565555014832649463918568926624777016549160865165185951473972546692618507719233956891809965932875348,
    "7": 0.00000707316043026415804650613622413795611014920589796476331876119891823600454919970639362702144621356696865934872,
    "8": 0.000093666501684055368139703613029076380247416356641696415515740112443373238079390449334455575012131347442345171,
    "9": 0.000110474565321595892687914269690061361099006075681565742388901971272508576809737680320860290947551941851294378147916,
    "10": 0.00005521312020520795080603596501533481933232802680772584472930792803275624456352995178504784399491902357088704483750,
    "11": 0.0000105234462444136845879123888184007787122615778871610677338362370897033975987043970113588788252639728839441589809,
    "12": 0.00001573942183474291489892049692771623004772258212296394023210738532031538841053862882927830400802536713622624667871,
    "13": 0.000695335635551784462817448046010758443000659954476499892089707260591599757549083315349829284373349305429830458590
  },
  "setupType": "Multi Region Model Regional Bidder",
  "population": 0,
  "id": 4,
  "worldId": 925,
  "setup": {
    "exponentFactor": 1.25,
    "base": 2.0,
    "alphaInterval": {
      "minValue": 500.0,
      "maxValue": 840.0
    },
    "betaInterval": {
      "minValue": 0.04,
      "maxValue": 0.1
    },
    "setupName": "Multi Region Model Regional Bidder",
    "numberOfBidders": 4
  },
  "implementation": "org.spectrumauctions.sats.core.model.mrvm.MRVMRegionalBidder"
}