{
  "gammaValues": {
    "1": 0.97585,
    "2": 0.90339
  },
  "alpha": 829.877621617904196682502515614032745361328125,
  "beta": {
    "0": 0.090049339142722839568477866123430430889129638671875,
    "1": 0.180810972222229471295662506236112676560878753662109375,
    "2": 0.129080515752377611438106441710260696709156036376953125,
    "3": 0.2036204614358013420538640048107481561601161956787109375,
    "4": 0.1049121318050065532201386986344004981219768524169921875,
    "5": 0.191903132248404328930035944722476415336132049560546875,
    "6": 0.14973624622220083058010686727357096970081329345703125,
    "7": 0.09946738631624708892875474930406198836863040924072265625,
    "8": 0.11139190350131088214080676834782934747636318206787109375,
    "9": 0.191867810146578943175654785591177642345428466796875,
    "10": 0.13427728450697795636870068847201764583587646484375,
    "11": 0.15896921248369222379182019722065888345241546630859375,
    "12": 0.147072185669081922920753413563943468034267425537109375,
    "13": 0.215294967432039408006261282935156486928462982177734375
  },
  "zLow": {
    "0": 0.000003514758390,
    "1": 8.484593771E-7,
    "2": 0.000001683588153,
    "3": 4.795024015E-7,
    "4": 2.732287422E-7,
    "5": 3.616108324E-7,
    "6": 0.000005717944213,
    "7": 1.623015274E-7,
    "8": 0.000001891681037,
    "9": 7.027153739E-7,
    "10": 5.891532167E-7,
    "11": 1.404305940E-7,
    "12": 2.517534788E-7,
    "13": 0.000007232194657
  },
  "zHigh": {
    "0": 0.000137092918716984273362713169613036361982558271468966648436691874528112962275490182448281831491361496436888485,
    "1": 0.000040794857795235220492793578317514199949868240140066475275758635739073567693889442493857889858698897014160420915,
    "2": 0.000072239487261332678456784425005975281336917860448915290175098659655840020178309533059215389773313203228970697095,
    "3": 0.0000241487220665432904884757497855026876291409327777133524551334025045563517787730613461675870465353575787171704477,
    "4": 0.0000110633632447546938838051691357855807935709601177228830964146569982973909338929256826969030606296996487963161543,
    "5": 0.000017787750108062059507025205750578196990447707182346975559415881655927786907782170590543690882021801805699386559,
    "6": 0.00025715667660949272662508591921698626298836167728614762612829091904881283603133914621320101337903171760625393463,
    "7": 0.00000648341669359587413172111668846323350070530393552925374913520358804649195509583991738415405809689957867060356076,
    "8": 0.00007782222626005803957450444256543672716585812820887982461257163884486060657310048590998781160691630039208433276739,
    "9": 0.000034564307206777461815654322644834260416426372844565340506287352182748190371548697737954128213647225923696515,
    "10": 0.00002558558590964709371797027918356293629772757044956255518227560815731158581589541624100897970009016826513755,
    "11": 0.00000644533191054559796788418099245086319541441566104129251809705008846185407151318205273721885989715210257182933,
    "12": 0.000011255197801109993960347446681746495662124543019791197529177166109125970135211798855690186292517438075989477702,
    "13": 0.000372671350979302374203343298517282461597857017077301972272422760614715128961250062045416879312478302092937420662
  },
  "setupType": "Multi Region Model National Bidder",
  "population": 0,
  "id": 8,
  "worldId": 925,
  "setup": {
    "bInterval": {
      "minValue": 0.1,
      "maxValue": 0.3
    },
    "kMax": 2.0,
    "alphaInterval": {
      "minValue": 700.0,
      "maxValue": 1200.0
    },
    "betaInterval": {
      "minValue": 0.08,
      "maxValue": 0.22
    },
    "setupName": "Multi Region Model National Bidder",
    "numberOfBidders": 3
  },
  "implementation": "org.spectrumauctions.sats.core.model.mrvm.MRVMNationalBidder"
}