{
  "regionsOfInterest": [
    0,
    2,
    3,
    7,
    10,
    13
  ],
  "alpha": 86.31448614032666455386788584291934967041015625,
  "beta": {
    "0": 0.11208303616244195966000773978521465323865413665771484375,
    "1": 0.0770467168470320984408061804060707800090312957763671875,
    "2": 0.1133793590118146454859271443638135679066181182861328125,
    "3": 0.08419940158244754169203361016116105020046234130859375,
    "4": 0.08561001226522867157964213902232586406171321868896484375,
    "5": 0.1068991739498978132960615994306863285601139068603515625,
    "6": 0.05217067514275340600615749053758918307721614837646484375,
    "7": 0.07991535430555159191801095630580675788223743438720703125,
    "8": 0.10625450157511633075824164507139357738196849822998046875,
    "9": 0.07100733022049192377789239571939106099307537078857421875,
    "10": 0.08789282601811632122945638911915011703968048095703125,
    "11": 0.0725492042380780632893078063716529868543148040771484375,
    "12": 0.07882184688150738194334365971371880732476711273193359375,
    "13": 0.0746894484057973040425082444926374591886997222900390625
  },
  "zLow": {
    "0": 0.000002823814211,
    "1": 0.000001991139547,
    "2": 0.000001916737129,
    "3": 0.000001159586629,
    "4": 3.348324460E-7,
    "5": 6.491561050E-7,
    "6": 0.00001641120228,
    "7": 2.020101002E-7,
    "8": 0.000001983143758,
    "9": 0.000001898796357,
    "10": 9.000722548E-7,
    "11": 3.077103486E-7,
    "12": 4.697420302E-7,
    "13": 0.00002084705600
  },
  "zHigh": {
    "0": 0.00011636459333192388506652137073416653075741818780648689455894521845928276553707467462734169284060411776085521661759,
    "1": 0.0000750752628824158168593805460510829090944629691947795767131987538905975558769715277933500148077029504872583738722,
    "2": 0.0000792339565438139051343773193548508044009897750506096951878299666586495015883081826380007064778088994607746854634,
    "3": 0.00004455124889128961119846408228758344833014015385718947630710493701338711127530237060683892688671733150066817233,
    "4": 0.00001291147436031629891310292036283137194917216751040855966469674457206718176763275976628163281564928097970444982094,
    "5": 0.0000264141082854919356053747124767248857210977615894081040697396450317521406333092645409900412427143733486733865951,
    "6": 0.00057795441840726126298281912194034130023199204205604353498795727789876677182524214046697513471358022151141310993257,
    "7": 0.00000767467387547760722684168713052531473491044237739053601734825251222318509483712531936876115625089496983472204562,
    "8": 0.00008056610788167777305603435490181599743170783308814714626667184599815527459736381455136625872947908514237979996273,
    "9": 0.00007044673669622090587111177790843694601660029707948584560905856779320720002912324832856802792763168344315658589382,
    "10": 0.00003491315705299851591714892470045252973995008061593849617228329370598864580268735086727043123371827488667137951,
    "11": 0.0000114637245502592954713662673851048941590407124035537585330521040704434618793340632094953925531345570957482507937,
    "12": 0.00001779485434226922246601688580821207476126052986400300566789779334988229603184695647568583711740625576362673325269,
    "13": 0.0007811171910660547452070082634995511032653528728172279885245661026888269633742004890223118381011115518382395006618
  },
  "setupType": "Multi Region Model Local Bidder",
  "population": 0,
  "id": 1,
  "worldId": 925,
  "setup": {
    "numberOfRegionsInterval": {
      "minValue": 3,
      "maxValue": 7
    },
    "alphaInterval": {
      "minValue": 60.0,
      "maxValue": 100.0
    },
    "betaInterval": {
      "minValue": 0.05,
      "maxValue": 0.12
    },
    "setupName": "Multi Region Model Local Bidder",
    "numberOfBidders": 3
  },
  "implementation": "org.spectrumauctions.sats.core.model.mrvm.MRVMLocalBidder"
}