{
  "homeId": 9,
  "distanceDiscounts": {
    "0": 1,
    "1": 0.42045,
    "2": 0.17678,
    "3": 0.07433,
    "4": 0.03125,
    "5": 0.01314,
    "6": 0.00552,
    "7": 0.00232
  },
  "alpha": 607.476421030632991460151970386505126953125,
  "beta": {
    "0": 0.04947323620032105517818621365222497843205928802490234375,
    "1": 0.083135750254167140038674688184983097016811370849609375,
    "2": 0.051913111436291063671699674841875093989074230194091796875,
    "3": 0.0663611204081708538904393890334176830947399139404296875,
    "4": 0.06256867780053938787876433025303413160145282745361328125,
    "5": 0.07629834474967321644722773044122732244431972503662109375,
    "6": 0.07895763352630881526383888058262527920305728912353515625,
    "7": 0.09787437456955327963470381291699595749378204345703125,
    "8": 0.043116574474865325405925631230275030247867107391357421875,
    "9": 0.05532897969365672963260038841326604597270488739013671875,
    "10": 0.04502658199983479436756539371344842948019504547119140625,
    "11": 0.091619136383641885945650074063451029360294342041015625,
    "12": 0.0858207588985233915668260351594653911888599395751953125,
    "13": 0.0798049684163118777657786040435894392430782318115234375
  },
  "zLow": {
    "0": 0.000006397432118,
    "1": 0.000001845304390,
    "2": 0.000004186195375,
    "3": 0.000001471290715,
    "4": 4.581367358E-7,
    "5": 9.095118854E-7,
    "6": 0.00001084358110,
    "7": 1.649431611E-7,
    "8": 0.000004887168197,
    "9": 0.000002436850647,
    "10": 0.000001756959791,
    "11": 2.436624248E-7,
    "12": 4.314333135E-7,
    "13": 0.00001951075408
  },
  "zHigh": {
    "0": 0.00022357313056093782836295220220057394712998789205153387259138594142232695852203338023403223103033998638115631351883,
    "1": 0.000070700208162746885620597886511016142257895307479233582648160004453410038028082503662055507230640631775422191976,
    "2": 0.000147317703942796354200280594944757105477689453748106911060165872705328274802035653218110354164648471946182311161853,
    "3": 0.0000539023714485898046580486412387136147432159876627953515194390200860721439269952544825197588403667073661787106046,
    "4": 0.00001661060305319206538535030174752971380230488698313946420227568436465293886328227186979660403296785550870397928297,
    "5": 0.00003422478169760719122656039370709928373194456935880037129327161961337140339025446654609823993965825115340591689794,
    "6": 0.00041092578318077873727974788171786081736634558802093146816420354755501363592390174807016842837953753715592200671914,
    "7": 0.00000656266570256879406065117649518793998977044406628538232966738182724057167587753504444030416952627695358916537,
    "8": 0.000167686841050972824586156930498647277293380130539535201867730942421758884925780710290168433339376970100680385782419,
    "9": 0.00008658836538278279873696835556652521788906039154299709916802276819148513673348595383159269918591004704653388636418,
    "10": 0.00006061978313530478266189462922593079444812933616717907167638110408088402433870462987976555535672419901336679284866,
    "11": 0.000009542286835487966854664572720786184939968588311795636145378169230675278321940794430768164660686699384068657118,
    "12": 0.0000166455928412151722917266971410749559529359877019892796671851134622562450308971870843898792394448811730510164496,
    "13": 0.0007410281336280910199224816945255501719804214824900100308905962296029994692324800311099487274861251927158240062070
  },
  "setupType": "Multi Region Model Regional Bidder",
  "population": 0,
  "id": 5,
  "worldId": 925,
  "setup": {
    "exponentFactor": 1.25,
    "base": 2.0,
    "alphaInterval": {
      "minValue": 500.0,
      "maxValue": 840.0
    },
    "betaInterval": {
      "minValue": 0.04,
      "maxValue": 0.1
    },
    "setupName": "Multi Region Model Regional Bidder",
    "numberOfBidders": 4
  },
  "implementation": "org.spectrumauctions.sats.core.model.mrvm.MRVMRegionalBidder"
}