{
  "gammaValues": {
    "1": 0.92062,
    "2": 0.68248
  },
  "alpha": 1017.3862323737133692702627740800380706787109375,
  "beta": {
    "0": 0.212946609618541671249403179899672977626323699951171875,
    "1": 0.1435096761236991647070482258641277439892292022705078125,
    "2": 0.1275729095525253153908806780236773192882537841796875,
    "3": 0.172948924395238845530542448614141903817653656005859375,
    "4": 0.1547703410401794210660142425695084966719150543212890625,
    "5": 0.177904437029050566110299769206903874874114990234375,
    "6": 0.2049273115595050820392231116784387268126010894775390625,
    "7": 0.219296205336433180921318353284732438623905181884765625,
    "8": 0.090871549253477235108533704988076351583003997802734375,
    "9": 0.183944123924992430918479158208356238901615142822265625,
    "10": 0.1683908812798617926631550290039740502834320068359375,
    "11": 0.1130503749630765442102386941769509576261043548583984375,
    "12": 0.1315111371034801968082916800995008088648319244384765625,
    "13": 0.139137289405302733147351545994752086699008941650390625
  },
  "zLow": {
    "0": 0.000001486295889,
    "1": 0.000001068992482,
    "2": 0.000001703484132,
    "3": 5.645395055E-7,
    "4": 1.852099674E-7,
    "5": 3.900647592E-7,
    "6": 0.000004177986311,
    "7": 7.361599668E-8,
    "8": 0.000002318855057,
    "9": 7.329859582E-7,
    "10": 4.697991572E-7,
    "11": 1.974707376E-7,
    "12": 2.815421963E-7,
    "13": 0.00001119078229
  },
  "zHigh": {
    "0": 0.000076239043664945125317177630991605277796664308393987450736428796254832616374088778833915318380717525794655485428,
    "1": 0.0000474108509403031569971222692133699771872907763102145079978332587115729319829850456077926912247867331247927289585,
    "2": 0.0000728363666328994674389781914660521788148543611921392718622172473540359556710255753206249952609119925663962941,
    "3": 0.000026699835185827179425337176463020793116876604165539402499073187256253663488648061289530251564448060749604288857,
    "4": 0.0000084228000006375190702172733036169802021093361853766371761050168099687103355994937715295844778704117870579270073,
    "5": 0.000018641367912274028144455063989729789589472232707556014039991181778227972682376675225290423486168702871862240,
    "6": 0.0002109579395732156976319399771017398748545923629130785689103695751376659292912293153769157637128602784283406408900,
    "7": 0.000003822850772614931273662993334765289047635847637523455845043533100475430820313314547877842224680855146465220928,
    "8": 0.000090637446861216041306437976802460491466958785415972939787464267884446525234180941944625048576368298205170149931,
    "9": 0.000035472424738276362441531883878774387222596683907208576265422993208799067002757438300626497733361165831606388304,
    "10": 0.0000220049641232952436145765516503839119831061565397107582691881065830399282242370011160069985554873726768801074,
    "11": 0.0000081565362195397228390560994666827241178376746676641703369323186369532132854438708716845881909357606715505168452,
    "12": 0.0000121488593258098792633605870750800284687436198427019551887742872174584966106348443737187479920793340119594603386,
    "13": 0.000491428979736290484314022909997666460090233684139190367623799233802541694500571305882621549078165310530302012325
  },
  "setupType": "Multi Region Model National Bidder",
  "population": 0,
  "id": 7,
  "worldId": 925,
  "setup": {
    "bInterval": {
      "minValue": 0.1,
      "maxValue": 0.3
    },
    "kMax": 2.0,
    "alphaInterval": {
      "minValue": 700.0,
      "maxValue": 1200.0
    },
    "betaInterval": {
      "minValue": 0.08,
      "maxValue": 0.22
    },
    "setupName": "Multi Region Model National Bidder",
    "numberOfBidders": 3
  },
  "implementation": "org.spectrumauctions.sats.core.model.mrvm.MRVMNationalBidder"
}