{
  "bidderPosition": -1,
  "values": {
    "0": 9.995905975293990053387460648082196712493896484375,
    "1": 9.2544037891113521965280597214587032794952392578125,
    "2": 5.28899563686997087330610156641341745853424072265625,
    "3": 0.072432645787776639423327651456929743289947509765625,
    "4": 10.2010845643772096735801824252121150493621826171875,
    "5": 17.609211615375897963531315326690673828125,
    "6": 18.830543961091592564116581343114376068115234375,
    "7": 12.470237889929943975175774539820849895477294921875,
    "8": 5.15698528281060664113510938477702438831329345703125,
    "9": 1.6479862114779153525745414299308322370052337646484375,
    "10": 9.272161219257203157440017093904316425323486328125,
    "11": 2.3339632643271404077722763759084045886993408203125
  },
  "setupType": "National Bidder Setup",
  "population": 0,
  "id": 6,
  "worldId": 953,
  "setup": {
    "lowNationalValueInterval": {
      "minValue": 0.0,
      "maxValue": 10.0
    },
    "highNationalValueInterval": {
      "minValue": 0.0,
      "maxValue": 20.0
    },
    "regionalValueInterval": {
      "minValue": 0.0,
      "maxValue": 0.0
    },
    "setupName": "National Bidder Setup",
    "numberOfBidders": 1
  },
  "implementation": "org.spectrumauctions.sats.core.model.gsvm.GSVMBidder"
}