{
  "bidderPosition": 3,
  "values": {
    "16": 4.407872656111965881109426845796406269073486328125,
    "6": 20.358300526331763791176854283548891544342041015625,
    "7": 25.85189094765079431681442656554281711578369140625,
    "8": 10.3391760264897101251335698179900646209716796875,
    "9": 2.419535095771492283489578767330385744571685791015625,
    "15": 10.681784691900862327429422293789684772491455078125
  },
  "setupType": "Regional Bidder Setup",
  "population": 0,
  "id": 3,
  "worldId": 953,
  "setup": {
    "lowNationalValueInterval": {
      "minValue": 0.0,
      "maxValue": 20.0
    },
    "highNationalValueInterval": {
      "minValue": 0.0,
      "maxValue": 40.0
    },
    "regionalValueInterval": {
      "minValue": 0.0,
      "maxValue": 20.0
    },
    "setupName": "Regional Bidder Setup",
    "numberOfBidders": 6
  },
  "implementation": "org.spectrumauctions.sats.core.model.gsvm.GSVMBidder"
}