{
  "homeId": 4,
  "distanceDiscounts": {
    "0": 1,
    "1": 0.42045,
    "2": 0.17678,
    "3": 0.07433,
    "4": 0.03125,
    "5": 0.01314,
    "6": 0.00552,
    "7": 0.00232
  },
  "alpha": 515.956755943115012996713630855083465576171875,
  "beta": {
    "0": 0.071179095765052602384770352728082798421382904052734375,
    "1": 0.042780798446171032500817688060124055482447147369384765625,
    "2": 0.05476468514324410452598357323950040154159069061279296875,
    "3": 0.095196202051732015103624462426523678004741668701171875,
    "4": 0.0410482910048333982100388084290898405015468597412109375,
    "5": 0.079033621531969522333582744977320544421672821044921875,
    "6": 0.0578136022403487326304372118102037347853183746337890625,
    "7": 0.0754631242700572191228758356373873539268970489501953125,
    "8": 0.043439166952908898899909928559281979687511920928955078125,
    "9": 0.05525143075302225981193515735867549665272235870361328125,
    "10": 0.053045379797961512979842524373452761210501194000244140625,
    "11": 0.07097674919672793125702270344845601357519626617431640625,
    "12": 0.0743384676165076696552347357282997108995914459228515625,
    "13": 0.0898944866076596682535893023668904788792133331298828125
  },
  "zLow": {
    "0": 0.000004543498798,
    "1": 0.000003664154919,
    "2": 0.000004054738358,
    "3": 0.000001047995601,
    "4": 7.135491482E-7,
    "5": 8.971777404E-7,
    "6": 0.00001513225681,
    "7": 2.185925767E-7,
    "8": 0.000004956634843,
    "9": 0.000002493474453,
    "10": 0.000001523877714,
    "11": 3.213849451E-7,
    "12": 5.089314629E-7,
    "13": 0.00001769855486
  },
  "zHigh": {
    "0": 0.00016864517752862557333783442233623929032911804001311740575737863961007283865651753468237121608770824145949631318610,
    "1": 0.00012560019486502957132203962303804721903423410602890227140188783784001610449457628339735663547405040239222851124601517,
    "2": 0.0001438477976794979855290050597383954342534791386817173687796132879062295253152682484010770770775380355989663495951831,
    "3": 0.00004141638811161957917689284709276181192724836238316219257967579780875453923064485534227143888324457468183311498057,
    "4": 0.000024335471751769636676026768212672700914972717091196700673549122565009847869505882310161865110345219314499626799311,
    "5": 0.00003400605280756444502494694598049489428127563215581471621470773322714666371475934021858099162365576209409534532285,
    "6": 0.000541452731685795144483135645596739351249923071758525025470946978736785376621943999430153562256371249868785836860867,
    "7": 0.000008207345176932475252195519218422304026738591695294676237450865661828220569324654303961447255351864927093027335132,
    "8": 0.00017023025412522950502747465047764290940997827176904573780180555892143286677279903281823567795139644363296575680172919,
    "9": 0.0000885810366884418280021211920019389700123355051261094075658558748679724839731919269339350658151143400675352721412993,
    "10": 0.00005379979862089950688367446450160298559015806338913880406804103772175920186050683278457637683843077320811573787269936,
    "11": 0.0000119226342169743965504522210138429977575290384378124565109106764140775546378528618739170444131742626088214341650123,
    "12": 0.000019051262391988945731806973220628369870467532817914738038707262307537441344259184575009814642521842147798362903163,
    "13": 0.000690056895973634328491952802727704801599082032673860699594659100856769267217115335191138635418234565601720600490727
  },
  "setupType": "Multi Region Model Regional Bidder",
  "population": 0,
  "id": 6,
  "worldId": 338,
  "setup": {
    "exponentFactor": 1.25,
    "base": 2.0,
    "alphaInterval": {
      "minValue": 500.0,
      "maxValue": 840.0
    },
    "betaInterval": {
      "minValue": 0.04,
      "maxValue": 0.1
    },
    "setupName": "Multi Region Model Regional Bidder",
    "numberOfBidders": 4
  },
  "implementation": "org.spectrumauctions.sats.core.model.mrvm.MRVMRegionalBidder"
}