{
  "bidderPosition": -1,
  "values": {
    "0": 0.18336191217844799439262715168297290802001953125,
    "1": 4.9153895943464309681303348043002188205718994140625,
    "2": 8.3704717490105853272552849375642836093902587890625,
    "3": 6.35841433808356537582540113362483680248260498046875,
    "4": 1.43271251240564279072486897348426282405853271484375,
    "5": 13.7918536255374863941369767417199909687042236328125,
    "6": 11.02760010061751216881020809523761272430419921875,
    "7": 12.162747098357787223221748718060553073883056640625,
    "8": 6.3753656532720253125035014818422496318817138671875,
    "9": 1.3756464506413090820302613792591728270053863525390625,
    "10": 0.829939458495105863988783312379382550716400146484375,
    "11": 9.4893803236880689411236744490452110767364501953125
  },
  "setupType": "National Bidder Setup",
  "population": 0,
  "id": 6,
  "worldId": 825,
  "setup": {
    "lowNationalValueInterval": {
      "minValue": 0.0,
      "maxValue": 10.0
    },
    "highNationalValueInterval": {
      "minValue": 0.0,
      "maxValue": 20.0
    },
    "regionalValueInterval": {
      "minValue": 0.0,
      "maxValue": 0.0
    },
    "setupName": "National Bidder Setup",
    "numberOfBidders": 1
  },
  "implementation": "org.spectrumauctions.sats.core.model.gsvm.GSVMBidder"
}