{
  "bidderPosition": 1,
  "values": {
    "2": 4.117163256477748944917038897983729839324951171875,
    "3": 3.2901441619643367886283158441074192523956298828125,
    "4": 37.0229231883627818433524225838482379913330078125,
    "5": 8.8857992586547585034395524417050182819366455078125,
    "13": 3.6140111878336256268084980547428131103515625,
    "14": 8.008977237434226736922937561757862567901611328125
  },
  "setupType": "Regional Bidder Setup",
  "population": 0,
  "id": 1,
  "worldId": 825,
  "setup": {
    "lowNationalValueInterval": {
      "minValue": 0.0,
      "maxValue": 20.0
    },
    "highNationalValueInterval": {
      "minValue": 0.0,
      "maxValue": 40.0
    },
    "regionalValueInterval": {
      "minValue": 0.0,
      "maxValue": 20.0
    },
    "setupName": "Regional Bidder Setup",
    "numberOfBidders": 6
  },
  "implementation": "org.spectrumauctions.sats.core.model.gsvm.GSVMBidder"
}