{
  "bidderPosition": -1,
  "values": {
    "0": 4.10464421286628056151357668568380177021026611328125,
    "1": 2.797703108681062200702172049204818904399871826171875,
    "2": 1.7556153794431950121435193068464286625385284423828125,
    "3": 1.4935406613143598075765794419567100703716278076171875,
    "4": 2.190935474269313232298372895456850528717041015625,
    "5": 1.31306805554144201408917069784365594387054443359375,
    "6": 8.97717940837720362878826563246548175811767578125,
    "7": 16.662631177627417855546809732913970947265625,
    "8": 4.248792158636081950362495263107120990753173828125,
    "9": 7.7547639684310798458000135724432766437530517578125,
    "10": 4.72240877794702118563918702420778572559356689453125,
    "11": 3.79473787057765132857412027078680694103240966796875
  },
  "setupType": "National Bidder Setup",
  "population": 0,
  "id": 6,
  "worldId": 890,
  "setup": {
    "lowNationalValueInterval": {
      "minValue": 0.0,
      "maxValue": 10.0
    },
    "highNationalValueInterval": {
      "minValue": 0.0,
      "maxValue": 20.0
    },
    "regionalValueInterval": {
      "minValue": 0.0,
      "maxValue": 0.0
    },
    "setupName": "National Bidder Setup",
    "numberOfBidders": 1
  },
  "implementation": "org.spectrumauctions.sats.core.model.gsvm.GSVMBidder"
}