{
  "bidderPosition": 5,
  "values": {
    "0": 10.8842916809534155930805354728363454341888427734375,
    "1": 13.9244500545574130256909484160132706165313720703125,
    "17": 13.46430816526460461091119213961064815521240234375,
    "10": 13.231476046556370107509792433120310306549072265625,
    "11": 16.439612271415906974425524822436273097991943359375,
    "12": 4.73200242479635591053011012263596057891845703125
  },
  "setupType": "Regional Bidder Setup",
  "population": 0,
  "id": 5,
  "worldId": 864,
  "setup": {
    "lowNationalValueInterval": {
      "minValue": 0.0,
      "maxValue": 20.0
    },
    "highNationalValueInterval": {
      "minValue": 0.0,
      "maxValue": 40.0
    },
    "regionalValueInterval": {
      "minValue": 0.0,
      "maxValue": 20.0
    },
    "setupName": "Regional Bidder Setup",
    "numberOfBidders": 6
  },
  "implementation": "org.spectrumauctions.sats.core.model.gsvm.GSVMBidder"
}