{
  "bidderPosition": 0,
  "values": {
    "0": 18.906083489945945785848380182869732379913330078125,
    "1": 12.3331120905307241031323428614996373653411865234375,
    "2": 1.94167318042685277390546616516076028347015380859375,
    "3": 1.373715964736528238887558472924865782260894775390625,
    "12": 18.29438584107756327057359158061444759368896484375,
    "13": 19.822269629551289682467540842480957508087158203125
  },
  "setupType": "Regional Bidder Setup",
  "population": 0,
  "id": 0,
  "worldId": 864,
  "setup": {
    "lowNationalValueInterval": {
      "minValue": 0.0,
      "maxValue": 20.0
    },
    "highNationalValueInterval": {
      "minValue": 0.0,
      "maxValue": 40.0
    },
    "regionalValueInterval": {
      "minValue": 0.0,
      "maxValue": 20.0
    },
    "setupName": "Regional Bidder Setup",
    "numberOfBidders": 6
  },
  "implementation": "org.spectrumauctions.sats.core.model.gsvm.GSVMBidder"
}