{
  "bidderPosition": -1,
  "values": {
    "0": 4.33091467631777060631748099694959819316864013671875,
    "1": 8.1869223069746883680863902554847300052642822265625,
    "2": 9.735650808824676261110653285868465900421142578125,
    "3": 3.10814263269897939068187042721547186374664306640625,
    "4": 7.19386081608023086886305463849566876888275146484375,
    "5": 19.15441357801156385676222271285951137542724609375,
    "6": 4.7359118478471717850197819643653929233551025390625,
    "7": 2.76865471406540830656695106881670653820037841796875,
    "8": 3.19132957062455790975263880682177841663360595703125,
    "9": 3.734330028821839508879065760993398725986480712890625,
    "10": 9.7285629286759007783302877214737236499786376953125,
    "11": 9.5730806720261103492930487846024334430694580078125
  },
  "setupType": "National Bidder Setup",
  "population": 0,
  "id": 6,
  "worldId": 864,
  "setup": {
    "lowNationalValueInterval": {
      "minValue": 0.0,
      "maxValue": 10.0
    },
    "highNationalValueInterval": {
      "minValue": 0.0,
      "maxValue": 20.0
    },
    "regionalValueInterval": {
      "minValue": 0.0,
      "maxValue": 0.0
    },
    "setupName": "National Bidder Setup",
    "numberOfBidders": 1
  },
  "implementation": "org.spectrumauctions.sats.core.model.gsvm.GSVMBidder"
}