{
  "bidderPosition": 5,
  "values": {
    "0": 4.8450741185993368986828500055707991123199462890625,
    "1": 16.353860454161324611277450458146631717681884765625,
    "17": 10.3656923650059429320435810950584709644317626953125,
    "10": 8.020033161599794624407877563498914241790771484375,
    "11": 2.1395094239206802200214951881207525730133056640625,
    "12": 2.854437745372495616180685829021967947483062744140625
  },
  "setupType": "Regional Bidder Setup",
  "population": 0,
  "id": 5,
  "worldId": 495,
  "setup": {
    "lowNationalValueInterval": {
      "minValue": 0.0,
      "maxValue": 20.0
    },
    "highNationalValueInterval": {
      "minValue": 0.0,
      "maxValue": 40.0
    },
    "regionalValueInterval": {
      "minValue": 0.0,
      "maxValue": 20.0
    },
    "setupName": "Regional Bidder Setup",
    "numberOfBidders": 6
  },
  "implementation": "org.spectrumauctions.sats.core.model.gsvm.GSVMBidder"
}