{
  "bidderPosition": 3,
  "values": {
    "16": 11.295999640791063001188376802019774913787841796875,
    "6": 38.94180660188856535341983544640243053436279296875,
    "7": 16.176229340750683860505887423641979694366455078125,
    "8": 7.0011219184305506502141724922694265842437744140625,
    "9": 14.1036048360620203112603121553547680377960205078125,
    "15": 19.49892774697143948969824123196303844451904296875
  },
  "setupType": "Regional Bidder Setup",
  "population": 0,
  "id": 3,
  "worldId": 495,
  "setup": {
    "lowNationalValueInterval": {
      "minValue": 0.0,
      "maxValue": 20.0
    },
    "highNationalValueInterval": {
      "minValue": 0.0,
      "maxValue": 40.0
    },
    "regionalValueInterval": {
      "minValue": 0.0,
      "maxValue": 20.0
    },
    "setupName": "Regional Bidder Setup",
    "numberOfBidders": 6
  },
  "implementation": "org.spectrumauctions.sats.core.model.gsvm.GSVMBidder"
}