{
  "bidderPosition": 4,
  "values": {
    "16": 10.4421494132063248372332964208908379077911376953125,
    "17": 18.32906173517108783244111691601574420928955078125,
    "8": 8.98242691596002629239592351950705051422119140625,
    "9": 15.11050892829729264121851883828639984130859375,
    "10": 12.512245441005649837507007759995758533477783203125,
    "11": 2.650027412216580113835107113118283450603485107421875
  },
  "setupType": "Regional Bidder Setup",
  "population": 0,
  "id": 4,
  "worldId": 495,
  "setup": {
    "lowNationalValueInterval": {
      "minValue": 0.0,
      "maxValue": 20.0
    },
    "highNationalValueInterval": {
      "minValue": 0.0,
      "maxValue": 40.0
    },
    "regionalValueInterval": {
      "minValue": 0.0,
      "maxValue": 20.0
    },
    "setupName": "Regional Bidder Setup",
    "numberOfBidders": 6
  },
  "implementation": "org.spectrumauctions.sats.core.model.gsvm.GSVMBidder"
}