{
  "bidderPosition": 1,
  "values": {
    "2": 2.486105776953795309935912882792763411998748779296875,
    "3": 5.8575037334325852356187169789336621761322021484375,
    "4": 37.46187216160634392281281179748475551605224609375,
    "5": 9.62400988375943455821470706723630428314208984375,
    "13": 5.2002493820197503993085774709470570087432861328125,
    "14": 3.956096593855209508916459526517428457736968994140625
  },
  "setupType": "Regional Bidder Setup",
  "population": 0,
  "id": 1,
  "worldId": 495,
  "setup": {
    "lowNationalValueInterval": {
      "minValue": 0.0,
      "maxValue": 20.0
    },
    "highNationalValueInterval": {
      "minValue": 0.0,
      "maxValue": 40.0
    },
    "regionalValueInterval": {
      "minValue": 0.0,
      "maxValue": 20.0
    },
    "setupName": "Regional Bidder Setup",
    "numberOfBidders": 6
  },
  "implementation": "org.spectrumauctions.sats.core.model.gsvm.GSVMBidder"
}