{
  "bidderPosition": 1,
  "values": {
    "2": 9.3186321603604067576043235021643340587615966796875,
    "3": 6.8070782840625394527478420059196650981903076171875,
    "4": 3.9199158068242212493714760057628154754638671875,
    "5": 1.062974758995967050623221439309418201446533203125,
    "13": 4.12932598177942367101422860287129878997802734375,
    "14": 3.95690336234757022992880592937581241130828857421875
  },
  "setupType": "Regional Bidder Setup",
  "population": 0,
  "id": 1,
  "worldId": 863,
  "setup": {
    "lowNationalValueInterval": {
      "minValue": 0.0,
      "maxValue": 20.0
    },
    "highNationalValueInterval": {
      "minValue": 0.0,
      "maxValue": 40.0
    },
    "regionalValueInterval": {
      "minValue": 0.0,
      "maxValue": 20.0
    },
    "setupName": "Regional Bidder Setup",
    "numberOfBidders": 6
  },
  "implementation": "org.spectrumauctions.sats.core.model.gsvm.GSVMBidder"
}