{
  "bidderPosition": -1,
  "values": {
    "0": 7.7185251095037301638512872159481048583984375,
    "1": 2.928637314397020130485316258273087441921234130859375,
    "2": 7.58881422005057260093963122926652431488037109375,
    "3": 5.795395200828256321301523712463676929473876953125,
    "4": 6.7465962439437898723326725303195416927337646484375,
    "5": 7.72129130207634073457256818073801696300506591796875,
    "6": 12.903005959812816172416205517947673797607421875,
    "7": 5.8961298163641178149418919929303228855133056640625,
    "8": 9.557265679748294218143200851045548915863037109375,
    "9": 6.19804759383420833529498850111849606037139892578125,
    "10": 7.2369494161048972813432555994950234889984130859375,
    "11": 6.05400078855273449107698979787528514862060546875
  },
  "setupType": "National Bidder Setup",
  "population": 0,
  "id": 6,
  "worldId": 863,
  "setup": {
    "lowNationalValueInterval": {
      "minValue": 0.0,
      "maxValue": 10.0
    },
    "highNationalValueInterval": {
      "minValue": 0.0,
      "maxValue": 20.0
    },
    "regionalValueInterval": {
      "minValue": 0.0,
      "maxValue": 0.0
    },
    "setupName": "National Bidder Setup",
    "numberOfBidders": 1
  },
  "implementation": "org.spectrumauctions.sats.core.model.gsvm.GSVMBidder"
}