{
  "bidderPosition": 5,
  "values": {
    "0": 6.734584587067136141058654175139963626861572265625,
    "1": 12.59222008279807170083586242981255054473876953125,
    "17": 7.243114366885492927394807338714599609375,
    "10": 11.6394621891821170578396049677394330501556396484375,
    "11": 10.6767212569071805461362600908614695072174072265625,
    "12": 6.20531180591917586042427501524798572063446044921875
  },
  "setupType": "Regional Bidder Setup",
  "population": 0,
  "id": 5,
  "worldId": 863,
  "setup": {
    "lowNationalValueInterval": {
      "minValue": 0.0,
      "maxValue": 20.0
    },
    "highNationalValueInterval": {
      "minValue": 0.0,
      "maxValue": 40.0
    },
    "regionalValueInterval": {
      "minValue": 0.0,
      "maxValue": 20.0
    },
    "setupName": "Regional Bidder Setup",
    "numberOfBidders": 6
  },
  "implementation": "org.spectrumauctions.sats.core.model.gsvm.GSVMBidder"
}