{
  "bidderPosition": 4,
  "values": {
    "16": 14.9159952944386571260793061810545623302459716796875,
    "17": 17.81428813060383475885828374885022640228271484375,
    "8": 9.658066870231291289883301942609250545501708984375,
    "9": 6.5159252864673344873835958424024283885955810546875,
    "10": 18.195646749393841190567400190047919750213623046875,
    "11": 19.88560070011362768127582967281341552734375
  },
  "setupType": "Regional Bidder Setup",
  "population": 0,
  "id": 4,
  "worldId": 863,
  "setup": {
    "lowNationalValueInterval": {
      "minValue": 0.0,
      "maxValue": 20.0
    },
    "highNationalValueInterval": {
      "minValue": 0.0,
      "maxValue": 40.0
    },
    "regionalValueInterval": {
      "minValue": 0.0,
      "maxValue": 20.0
    },
    "setupName": "Regional Bidder Setup",
    "numberOfBidders": 6
  },
  "implementation": "org.spectrumauctions.sats.core.model.gsvm.GSVMBidder"
}