{
  "bidderPosition": 3,
  "values": {
    "16": 6.19668471764423411940470032277517020702362060546875,
    "6": 5.38632128398781606648526576464064419269561767578125,
    "7": 10.616268175244183424865695997141301631927490234375,
    "8": 8.479384984489971799348495551384985446929931640625,
    "9": 9.9006963795296432095938143902458250522613525390625,
    "15": 2.33627014892463957806967300712130963802337646484375
  },
  "setupType": "Regional Bidder Setup",
  "population": 0,
  "id": 3,
  "worldId": 863,
  "setup": {
    "lowNationalValueInterval": {
      "minValue": 0.0,
      "maxValue": 20.0
    },
    "highNationalValueInterval": {
      "minValue": 0.0,
      "maxValue": 40.0
    },
    "regionalValueInterval": {
      "minValue": 0.0,
      "maxValue": 20.0
    },
    "setupName": "Regional Bidder Setup",
    "numberOfBidders": 6
  },
  "implementation": "org.spectrumauctions.sats.core.model.gsvm.GSVMBidder"
}