{
  "bidderPosition": 0,
  "values": {
    "0": 18.788416219435649878732874640263617038726806640625,
    "1": 14.6361185035394640863160020671784877777099609375,
    "2": 0.190601270445582837709252999047748744487762451171875,
    "3": 1.35408214862099196551525892573408782482147216796875,
    "12": 4.99436042110535272087190605816431343555450439453125,
    "13": 18.1981137976004703205035184510052204132080078125
  },
  "setupType": "Regional Bidder Setup",
  "population": 0,
  "id": 0,
  "worldId": 863,
  "setup": {
    "lowNationalValueInterval": {
      "minValue": 0.0,
      "maxValue": 20.0
    },
    "highNationalValueInterval": {
      "minValue": 0.0,
      "maxValue": 40.0
    },
    "regionalValueInterval": {
      "minValue": 0.0,
      "maxValue": 20.0
    },
    "setupName": "Regional Bidder Setup",
    "numberOfBidders": 6
  },
  "implementation": "org.spectrumauctions.sats.core.model.gsvm.GSVMBidder"
}