{
  "bidderPosition": -1,
  "values": {
    "0": 9.30879070594331636812057695351541042327880859375,
    "1": 2.068221641619529815869782396475784480571746826171875,
    "2": 7.69426631499485313980812861700542271137237548828125,
    "3": 1.2821242239055852252249678713269531726837158203125,
    "4": 16.13406585044148044971734634600579738616943359375,
    "5": 19.06453809632764517800751491449773311614990234375,
    "6": 10.926940182225227005119450041092932224273681640625,
    "7": 18.194674170941777191501387278549373149871826171875,
    "8": 1.77657650225531593690675435937009751796722412109375,
    "9": 2.49203713593890352484550021472387015819549560546875,
    "10": 8.7652327241552967507232096977531909942626953125,
    "11": 8.7752541888944524117732726153917610645294189453125
  },
  "setupType": "National Bidder Setup",
  "population": 0,
  "id": 6,
  "worldId": 607,
  "setup": {
    "lowNationalValueInterval": {
      "minValue": 0.0,
      "maxValue": 10.0
    },
    "highNationalValueInterval": {
      "minValue": 0.0,
      "maxValue": 20.0
    },
    "regionalValueInterval": {
      "minValue": 0.0,
      "maxValue": 0.0
    },
    "setupName": "National Bidder Setup",
    "numberOfBidders": 1
  },
  "implementation": "org.spectrumauctions.sats.core.model.gsvm.GSVMBidder"
}