{
  "bidderPosition": 4,
  "values": {
    "16": 9.93612096529840727043847437016665935516357421875,
    "17": 17.444057686455774813794050714932382106781005859375,
    "8": 15.5659355943241788367004119209013879299163818359375,
    "9": 7.380339370333192761108875856734812259674072265625,
    "10": 13.1504548809977368506451966823078691959381103515625,
    "11": 13.17911539376293461600653245113790035247802734375
  },
  "setupType": "Regional Bidder Setup",
  "population": 0,
  "id": 4,
  "worldId": 626,
  "setup": {
    "lowNationalValueInterval": {
      "minValue": 0.0,
      "maxValue": 20.0
    },
    "highNationalValueInterval": {
      "minValue": 0.0,
      "maxValue": 40.0
    },
    "regionalValueInterval": {
      "minValue": 0.0,
      "maxValue": 20.0
    },
    "setupName": "Regional Bidder Setup",
    "numberOfBidders": 6
  },
  "implementation": "org.spectrumauctions.sats.core.model.gsvm.GSVMBidder"
}