{
  "bidderPosition": -1,
  "values": {
    "0": 9.7900463190633697507792021497152745723724365234375,
    "1": 0.4940460838691163036884290704620070755481719970703125,
    "2": 0.6037624465059110434594913385808467864990234375,
    "3": 2.361215537782987983206339777098037302494049072265625,
    "4": 5.7022020903731718277640538872219622135162353515625,
    "5": 7.0152885781340028614749826374463737010955810546875,
    "6": 10.557534173077470995849580504000186920166015625,
    "7": 17.884389455191719520144033594988286495208740234375,
    "8": 6.21675281886175046253129039541818201541900634765625,
    "9": 9.32772764327372527759507647715508937835693359375,
    "10": 1.7579652727615890928092312606167979538440704345703125,
    "11": 2.87560371350199517337387078441679477691650390625
  },
  "setupType": "National Bidder Setup",
  "population": 0,
  "id": 6,
  "worldId": 626,
  "setup": {
    "lowNationalValueInterval": {
      "minValue": 0.0,
      "maxValue": 10.0
    },
    "highNationalValueInterval": {
      "minValue": 0.0,
      "maxValue": 20.0
    },
    "regionalValueInterval": {
      "minValue": 0.0,
      "maxValue": 0.0
    },
    "setupName": "National Bidder Setup",
    "numberOfBidders": 1
  },
  "implementation": "org.spectrumauctions.sats.core.model.gsvm.GSVMBidder"
}