{
  "bidderPosition": 3,
  "values": {
    "16": 6.019757835638888110452171531505882740020751953125,
    "6": 12.4623956250754819308212972828187048435211181640625,
    "7": 7.14721593422816159346666609053499996662139892578125,
    "8": 1.477876674780149723886779611348174512386322021484375,
    "9": 14.1387087525024934819839472766034305095672607421875,
    "15": 15.99195002835050871681232820264995098114013671875
  },
  "setupType": "Regional Bidder Setup",
  "population": 0,
  "id": 3,
  "worldId": 666,
  "setup": {
    "lowNationalValueInterval": {
      "minValue": 0.0,
      "maxValue": 20.0
    },
    "highNationalValueInterval": {
      "minValue": 0.0,
      "maxValue": 40.0
    },
    "regionalValueInterval": {
      "minValue": 0.0,
      "maxValue": 20.0
    },
    "setupName": "Regional Bidder Setup",
    "numberOfBidders": 6
  },
  "implementation": "org.spectrumauctions.sats.core.model.gsvm.GSVMBidder"
}