{
  "bidderPosition": -1,
  "values": {
    "0": 1.1245746385957910984387808639439754188060760498046875,
    "1": 9.960543960721480516440351493656635284423828125,
    "2": 1.6778230045828734784407743063638918101787567138671875,
    "3": 3.95730937596340393014315850450657308101654052734375,
    "4": 11.593023742616427540497170411981642246246337890625,
    "5": 0.0297279653870408111515644122846424579620361328125,
    "6": 7.223568153751731557576931663788855075836181640625,
    "7": 1.958491267193875895458177183172665536403656005859375,
    "8": 7.1342789560874582122096398961730301380157470703125,
    "9": 0.21731846072885474541180883534252643585205078125,
    "10": 0.450801986475155569422668122570030391216278076171875,
    "11": 6.426723213931222034034362877719104290008544921875
  },
  "setupType": "National Bidder Setup",
  "population": 0,
  "id": 6,
  "worldId": 666,
  "setup": {
    "lowNationalValueInterval": {
      "minValue": 0.0,
      "maxValue": 10.0
    },
    "highNationalValueInterval": {
      "minValue": 0.0,
      "maxValue": 20.0
    },
    "regionalValueInterval": {
      "minValue": 0.0,
      "maxValue": 0.0
    },
    "setupName": "National Bidder Setup",
    "numberOfBidders": 1
  },
  "implementation": "org.spectrumauctions.sats.core.model.gsvm.GSVMBidder"
}