{
  "bidderPosition": 4,
  "values": {
    "16": 4.6817317571622663052721691201440989971160888671875,
    "17": 18.21303499500668721111651393584907054901123046875,
    "8": 12.41945282172199682690916233696043491363525390625,
    "9": 18.88691473603281423265798366628587245941162109375,
    "10": 7.35473570233088569381152410642243921756744384765625,
    "11": 8.1549690471364950639099333784542977809906005859375
  },
  "setupType": "Regional Bidder Setup",
  "population": 0,
  "id": 4,
  "worldId": 666,
  "setup": {
    "lowNationalValueInterval": {
      "minValue": 0.0,
      "maxValue": 20.0
    },
    "highNationalValueInterval": {
      "minValue": 0.0,
      "maxValue": 40.0
    },
    "regionalValueInterval": {
      "minValue": 0.0,
      "maxValue": 20.0
    },
    "setupName": "Regional Bidder Setup",
    "numberOfBidders": 6
  },
  "implementation": "org.spectrumauctions.sats.core.model.gsvm.GSVMBidder"
}