{
  "bidderPosition": 1,
  "values": {
    "2": 6.524975355360371764845694997347891330718994140625,
    "3": 16.02223343168332547747922944836318492889404296875,
    "4": 25.613187116564620993131029536016285419464111328125,
    "5": 29.9546454738388518990177544765174388885498046875,
    "13": 13.775279073363929427387120085768401622772216796875,
    "14": 16.23925367641937356211201404221355915069580078125
  },
  "setupType": "Regional Bidder Setup",
  "population": 0,
  "id": 1,
  "worldId": 997,
  "setup": {
    "lowNationalValueInterval": {
      "minValue": 0.0,
      "maxValue": 20.0
    },
    "highNationalValueInterval": {
      "minValue": 0.0,
      "maxValue": 40.0
    },
    "regionalValueInterval": {
      "minValue": 0.0,
      "maxValue": 20.0
    },
    "setupName": "Regional Bidder Setup",
    "numberOfBidders": 6
  },
  "implementation": "org.spectrumauctions.sats.core.model.gsvm.GSVMBidder"
}