{
  "bidderPosition": -1,
  "values": {
    "0": 3.5249508641860405333545713801868259906768798828125,
    "1": 5.90286118223600997367839227081276476383209228515625,
    "2": 6.6771715012047128112726568360812962055206298828125,
    "3": 6.81717540184613568499116809107363224029541015625,
    "4": 11.65305050604505510136732482351362705230712890625,
    "5": 14.650302119387593080546139390207827091217041015625,
    "6": 17.605935464718474037226769723929464817047119140625,
    "7": 9.738232554930601025944270077161490917205810546875,
    "8": 9.8611563149236101111227981164120137691497802734375,
    "9": 7.51583855420460889007472360390238463878631591796875,
    "10": 9.9978464106327731286683047073893249034881591796875,
    "11": 9.5623877806691428560270651360042393207550048828125
  },
  "setupType": "National Bidder Setup",
  "population": 0,
  "id": 6,
  "worldId": 997,
  "setup": {
    "lowNationalValueInterval": {
      "minValue": 0.0,
      "maxValue": 10.0
    },
    "highNationalValueInterval": {
      "minValue": 0.0,
      "maxValue": 20.0
    },
    "regionalValueInterval": {
      "minValue": 0.0,
      "maxValue": 0.0
    },
    "setupName": "National Bidder Setup",
    "numberOfBidders": 1
  },
  "implementation": "org.spectrumauctions.sats.core.model.gsvm.GSVMBidder"
}