{
  "bidderPosition": 0,
  "values": {
    "0": 8.7068589738379724707328932709060609340667724609375,
    "1": 12.13900721901060109075842774473130702972412109375,
    "2": 17.419561611113945076567688374780118465423583984375,
    "3": 5.40845088382667871229614320327527821063995361328125,
    "12": 0.43873480709788470477406008285470306873321533203125,
    "13": 6.25472622978108017122167439083568751811981201171875
  },
  "setupType": "Regional Bidder Setup",
  "population": 0,
  "id": 0,
  "worldId": 997,
  "setup": {
    "lowNationalValueInterval": {
      "minValue": 0.0,
      "maxValue": 20.0
    },
    "highNationalValueInterval": {
      "minValue": 0.0,
      "maxValue": 40.0
    },
    "regionalValueInterval": {
      "minValue": 0.0,
      "maxValue": 20.0
    },
    "setupName": "Regional Bidder Setup",
    "numberOfBidders": 6
  },
  "implementation": "org.spectrumauctions.sats.core.model.gsvm.GSVMBidder"
}