{
  "bidderPosition": 0,
  "values": {
    "0": 5.62995234637855279657969731488265097141265869140625,
    "1": 11.57854713510869970605199341662228107452392578125,
    "2": 17.157739471473629322417764342390000820159912109375,
    "3": 16.3171768416396361089937272481620311737060546875,
    "12": 1.634510139048483967627589663607068359851837158203125,
    "13": 18.29728507747299914854011149145662784576416015625
  },
  "setupType": "Regional Bidder Setup",
  "population": 0,
  "id": 0,
  "worldId": 383,
  "setup": {
    "lowNationalValueInterval": {
      "minValue": 0.0,
      "maxValue": 20.0
    },
    "highNationalValueInterval": {
      "minValue": 0.0,
      "maxValue": 40.0
    },
    "regionalValueInterval": {
      "minValue": 0.0,
      "maxValue": 20.0
    },
    "setupName": "Regional Bidder Setup",
    "numberOfBidders": 6
  },
  "implementation": "org.spectrumauctions.sats.core.model.gsvm.GSVMBidder"
}