{
  "bidderPosition": 1,
  "values": {
    "2": 7.0264937022904465635519954957999289035797119140625,
    "3": 3.225061039112040450760332532809115946292877197265625,
    "4": 6.976287764798083657069582841359078884124755859375,
    "5": 10.0541504978336693199025830836035311222076416015625,
    "13": 8.0580529354407399722504123928956687450408935546875,
    "14": 3.58653236585903645305961617850698530673980712890625
  },
  "setupType": "Regional Bidder Setup",
  "population": 0,
  "id": 1,
  "worldId": 383,
  "setup": {
    "lowNationalValueInterval": {
      "minValue": 0.0,
      "maxValue": 20.0
    },
    "highNationalValueInterval": {
      "minValue": 0.0,
      "maxValue": 40.0
    },
    "regionalValueInterval": {
      "minValue": 0.0,
      "maxValue": 20.0
    },
    "setupName": "Regional Bidder Setup",
    "numberOfBidders": 6
  },
  "implementation": "org.spectrumauctions.sats.core.model.gsvm.GSVMBidder"
}