{
  "bidderPosition": 4,
  "values": {
    "16": 4.2472047165982385052984682261012494564056396484375,
    "17": 1.69467923828452882162309833802282810211181640625,
    "8": 18.52508412775913626546753221191465854644775390625,
    "9": 14.53552769887262030579222482629120349884033203125,
    "10": 4.8941935095421218449018851970322430133819580078125,
    "11": 15.3539838270675250697649971698410809040069580078125
  },
  "setupType": "Regional Bidder Setup",
  "population": 0,
  "id": 4,
  "worldId": 383,
  "setup": {
    "lowNationalValueInterval": {
      "minValue": 0.0,
      "maxValue": 20.0
    },
    "highNationalValueInterval": {
      "minValue": 0.0,
      "maxValue": 40.0
    },
    "regionalValueInterval": {
      "minValue": 0.0,
      "maxValue": 20.0
    },
    "setupName": "Regional Bidder Setup",
    "numberOfBidders": 6
  },
  "implementation": "org.spectrumauctions.sats.core.model.gsvm.GSVMBidder"
}