{
  "bidderPosition": 4,
  "values": {
    "16": 5.84132201256945648992768838070333003997802734375,
    "17": 4.8939281639347509411663850187323987483978271484375,
    "8": 10.1351643096861465664915158413350582122802734375,
    "9": 17.198833774641531846327779931016266345977783203125,
    "10": 2.31771285402503135486540486454032361507415771484375,
    "11": 14.1154783281931113236851160763762891292572021484375
  },
  "setupType": "Regional Bidder Setup",
  "population": 0,
  "id": 4,
  "worldId": 521,
  "setup": {
    "lowNationalValueInterval": {
      "minValue": 0.0,
      "maxValue": 20.0
    },
    "highNationalValueInterval": {
      "minValue": 0.0,
      "maxValue": 40.0
    },
    "regionalValueInterval": {
      "minValue": 0.0,
      "maxValue": 20.0
    },
    "setupName": "Regional Bidder Setup",
    "numberOfBidders": 6
  },
  "implementation": "org.spectrumauctions.sats.core.model.gsvm.GSVMBidder"
}