{
  "bidderPosition": 0,
  "values": {
    "0": 16.9955734243830676177822169847786426544189453125,
    "1": 1.7571542466447009900321063469164073467254638671875,
    "2": 18.768890330341324812479797401465475559234619140625,
    "3": 10.782982998473386260229744948446750640869140625,
    "12": 12.8481856845122717203366846661083400249481201171875,
    "13": 1.0602234476684913033750490285456180572509765625
  },
  "setupType": "Regional Bidder Setup",
  "population": 0,
  "id": 0,
  "worldId": 521,
  "setup": {
    "lowNationalValueInterval": {
      "minValue": 0.0,
      "maxValue": 20.0
    },
    "highNationalValueInterval": {
      "minValue": 0.0,
      "maxValue": 40.0
    },
    "regionalValueInterval": {
      "minValue": 0.0,
      "maxValue": 20.0
    },
    "setupName": "Regional Bidder Setup",
    "numberOfBidders": 6
  },
  "implementation": "org.spectrumauctions.sats.core.model.gsvm.GSVMBidder"
}