{
  "bidderPosition": 0,
  "values": {
    "0": 16.741971535931259751350808073766529560089111328125,
    "1": 1.36425620922597801154552143998444080352783203125,
    "2": 16.6147035569307348623624420724809169769287109375,
    "3": 17.756714719281745828993734903633594512939453125,
    "12": 3.85875480630569978046651158365420997142791748046875,
    "13": 1.615386724423195641264783262158744037151336669921875
  },
  "setupType": "Regional Bidder Setup",
  "population": 0,
  "id": 0,
  "worldId": 1019,
  "setup": {
    "lowNationalValueInterval": {
      "minValue": 0.0,
      "maxValue": 20.0
    },
    "highNationalValueInterval": {
      "minValue": 0.0,
      "maxValue": 40.0
    },
    "regionalValueInterval": {
      "minValue": 0.0,
      "maxValue": 20.0
    },
    "setupName": "Regional Bidder Setup",
    "numberOfBidders": 6
  },
  "implementation": "org.spectrumauctions.sats.core.model.gsvm.GSVMBidder"
}