{
  "bidderPosition": -1,
  "values": {
    "0": 3.741085371566519324204591612215153872966766357421875,
    "1": 5.07889959483773001380768619128502905368804931640625,
    "2": 8.9729548698106516013694999855943024158477783203125,
    "3": 6.95558305817551048022551185567863285541534423828125,
    "4": 6.37227241158502710760558329639025032520294189453125,
    "5": 12.373699588295981044439031393267214298248291015625,
    "6": 16.80677699705625371962014469318091869354248046875,
    "7": 2.9678626193126245169651156174950301647186279296875,
    "8": 8.120227526495312986298813484609127044677734375,
    "9": 7.84664715384002153797382561606355011463165283203125,
    "10": 0.283847297849300073124823029502294957637786865234375,
    "11": 1.6955247148613861174482053684187121689319610595703125
  },
  "setupType": "National Bidder Setup",
  "population": 0,
  "id": 6,
  "worldId": 1029,
  "setup": {
    "lowNationalValueInterval": {
      "minValue": 0.0,
      "maxValue": 10.0
    },
    "highNationalValueInterval": {
      "minValue": 0.0,
      "maxValue": 20.0
    },
    "regionalValueInterval": {
      "minValue": 0.0,
      "maxValue": 0.0
    },
    "setupName": "National Bidder Setup",
    "numberOfBidders": 1
  },
  "implementation": "org.spectrumauctions.sats.core.model.gsvm.GSVMBidder"
}