{
  "bidderPosition": 4,
  "values": {
    "16": 12.1212880185946385580564310657791793346405029296875,
    "17": 17.0898042835788004367714165709912776947021484375,
    "8": 11.0376351018859093500168455648235976696014404296875,
    "9": 6.6886509973864232136975260800682008266448974609375,
    "10": 5.0839502027559451136085044709034264087677001953125,
    "11": 14.346397437986627920736282248981297016143798828125
  },
  "setupType": "Regional Bidder Setup",
  "population": 0,
  "id": 4,
  "worldId": 704,
  "setup": {
    "lowNationalValueInterval": {
      "minValue": 0.0,
      "maxValue": 20.0
    },
    "highNationalValueInterval": {
      "minValue": 0.0,
      "maxValue": 40.0
    },
    "regionalValueInterval": {
      "minValue": 0.0,
      "maxValue": 20.0
    },
    "setupName": "Regional Bidder Setup",
    "numberOfBidders": 6
  },
  "implementation": "org.spectrumauctions.sats.core.model.gsvm.GSVMBidder"
}