{
  "bidderPosition": 1,
  "values": {
    "2": 0.179788504795386216983388294465839862823486328125,
    "3": 1.513804772923184049915334981051273643970489501953125,
    "4": 13.1922164638557415372588366153649985790252685546875,
    "5": 25.935207278439694533744841464795172214508056640625,
    "13": 12.73182986774924074779846705496311187744140625,
    "14": 9.030117874356417217995840474031865596771240234375
  },
  "setupType": "Regional Bidder Setup",
  "population": 0,
  "id": 1,
  "worldId": 369,
  "setup": {
    "lowNationalValueInterval": {
      "minValue": 0.0,
      "maxValue": 20.0
    },
    "highNationalValueInterval": {
      "minValue": 0.0,
      "maxValue": 40.0
    },
    "regionalValueInterval": {
      "minValue": 0.0,
      "maxValue": 20.0
    },
    "setupName": "Regional Bidder Setup",
    "numberOfBidders": 6
  },
  "implementation": "org.spectrumauctions.sats.core.model.gsvm.GSVMBidder"
}