{
  "bidderPosition": -1,
  "values": {
    "0": 1.0033874088282568326491173138492740690708160400390625,
    "1": 2.31795905904650023643398526473902165889739990234375,
    "2": 6.9066324356219492841546525596641004085540771484375,
    "3": 7.73117499934850993525969897746108472347259521484375,
    "4": 0.592252290603718645201070103212259709835052490234375,
    "5": 10.5462407133602908970715361647307872772216796875,
    "6": 15.1467176565937950982743132044561207294464111328125,
    "7": 3.002538396968399414532768787466920912265777587890625,
    "8": 5.8909942983505043656577981892041862010955810546875,
    "9": 9.85497176340984282205681665800511837005615234375,
    "10": 7.35816935555864137796788781997747719287872314453125,
    "11": 6.89726705898538039463119275751523673534393310546875
  },
  "setupType": "National Bidder Setup",
  "population": 0,
  "id": 6,
  "worldId": 369,
  "setup": {
    "lowNationalValueInterval": {
      "minValue": 0.0,
      "maxValue": 10.0
    },
    "highNationalValueInterval": {
      "minValue": 0.0,
      "maxValue": 20.0
    },
    "regionalValueInterval": {
      "minValue": 0.0,
      "maxValue": 0.0
    },
    "setupName": "National Bidder Setup",
    "numberOfBidders": 1
  },
  "implementation": "org.spectrumauctions.sats.core.model.gsvm.GSVMBidder"
}