{
  "bidderPosition": 2,
  "values": {
    "4": 10.69375014272485913124910439364612102508544921875,
    "5": 7.43628778033081250242730675381608307361602783203125,
    "6": 23.99806705735044687344270641915500164031982421875,
    "7": 1.2916586176526667628650102415122091770172119140625,
    "14": 10.8231658554217968770672086975537240505218505859375,
    "15": 15.123428739912530005540247657336294651031494140625
  },
  "setupType": "Regional Bidder Setup",
  "population": 0,
  "id": 2,
  "worldId": 369,
  "setup": {
    "lowNationalValueInterval": {
      "minValue": 0.0,
      "maxValue": 20.0
    },
    "highNationalValueInterval": {
      "minValue": 0.0,
      "maxValue": 40.0
    },
    "regionalValueInterval": {
      "minValue": 0.0,
      "maxValue": 20.0
    },
    "setupName": "Regional Bidder Setup",
    "numberOfBidders": 6
  },
  "implementation": "org.spectrumauctions.sats.core.model.gsvm.GSVMBidder"
}