{
  "bidderPosition": 4,
  "values": {
    "16": 9.9826505939371106279622836154885590076446533203125,
    "17": 5.771819913156637227302780956961214542388916015625,
    "8": 5.62098806224255298502612276934087276458740234375,
    "9": 13.662911576211161701621676911599934101104736328125,
    "10": 19.5111907384807778953472734428942203521728515625,
    "11": 12.1711022551670708935489528812468051910400390625
  },
  "setupType": "Regional Bidder Setup",
  "population": 0,
  "id": 4,
  "worldId": 832,
  "setup": {
    "lowNationalValueInterval": {
      "minValue": 0.0,
      "maxValue": 20.0
    },
    "highNationalValueInterval": {
      "minValue": 0.0,
      "maxValue": 40.0
    },
    "regionalValueInterval": {
      "minValue": 0.0,
      "maxValue": 20.0
    },
    "setupName": "Regional Bidder Setup",
    "numberOfBidders": 6
  },
  "implementation": "org.spectrumauctions.sats.core.model.gsvm.GSVMBidder"
}