{
  "bidderPosition": -1,
  "values": {
    "0": 2.06364956771053176254326899652369320392608642578125,
    "1": 3.476569107247693413142997087561525404453277587890625,
    "2": 7.64133727369858828382120918831788003444671630859375,
    "3": 3.70223368960268661709278603666462004184722900390625,
    "4": 19.84985963332511715861983248032629489898681640625,
    "5": 4.85794378104765112169616259052418172359466552734375,
    "6": 18.25185514863080271652506780810654163360595703125,
    "7": 7.2428988759530028573863091878592967987060546875,
    "8": 1.820381719271104703494756904547102749347686767578125,
    "9": 0.1820925669425843551607613335363566875457763671875,
    "10": 3.735680413106405861611847285530529916286468505859375,
    "11": 2.12430320958971297073958339751698076725006103515625
  },
  "setupType": "National Bidder Setup",
  "population": 0,
  "id": 6,
  "worldId": 832,
  "setup": {
    "lowNationalValueInterval": {
      "minValue": 0.0,
      "maxValue": 10.0
    },
    "highNationalValueInterval": {
      "minValue": 0.0,
      "maxValue": 20.0
    },
    "regionalValueInterval": {
      "minValue": 0.0,
      "maxValue": 0.0
    },
    "setupName": "National Bidder Setup",
    "numberOfBidders": 1
  },
  "implementation": "org.spectrumauctions.sats.core.model.gsvm.GSVMBidder"
}