{
  "bidderPosition": 2,
  "values": {
    "4": 2.0495158615226127807318334816955029964447021484375,
    "5": 38.728504091055725666592479683458805084228515625,
    "6": 4.66672977213589579292829512269236147403717041015625,
    "7": 1.92486620695623944499175195232965052127838134765625,
    "14": 15.516576726772438377111029694788157939910888671875,
    "15": 12.0305872423388375835884289699606597423553466796875
  },
  "setupType": "Regional Bidder Setup",
  "population": 0,
  "id": 2,
  "worldId": 832,
  "setup": {
    "lowNationalValueInterval": {
      "minValue": 0.0,
      "maxValue": 20.0
    },
    "highNationalValueInterval": {
      "minValue": 0.0,
      "maxValue": 40.0
    },
    "regionalValueInterval": {
      "minValue": 0.0,
      "maxValue": 20.0
    },
    "setupName": "Regional Bidder Setup",
    "numberOfBidders": 6
  },
  "implementation": "org.spectrumauctions.sats.core.model.gsvm.GSVMBidder"
}