{
  "bidderPosition": 1,
  "values": {
    "2": 18.16495096688009169838551315478980541229248046875,
    "3": 8.9504414811234145332718981080688536167144775390625,
    "4": 33.49271938334819509464068687520921230316162109375,
    "5": 25.328799306336971852715578279457986354827880859375,
    "13": 0.394128533547217774213322627474553883075714111328125,
    "14": 11.18004838537046197188828955404460430145263671875
  },
  "setupType": "Regional Bidder Setup",
  "population": 0,
  "id": 1,
  "worldId": 832,
  "setup": {
    "lowNationalValueInterval": {
      "minValue": 0.0,
      "maxValue": 20.0
    },
    "highNationalValueInterval": {
      "minValue": 0.0,
      "maxValue": 40.0
    },
    "regionalValueInterval": {
      "minValue": 0.0,
      "maxValue": 20.0
    },
    "setupName": "Regional Bidder Setup",
    "numberOfBidders": 6
  },
  "implementation": "org.spectrumauctions.sats.core.model.gsvm.GSVMBidder"
}