{
  "bidderPosition": 0,
  "values": {
    "0": 10.4733500295008585823097746470011770725250244140625,
    "1": 8.9810197028220688508781677228398621082305908203125,
    "2": 13.0918977175964368342420129920355975627899169921875,
    "3": 15.986192169663521411848705611191689968109130859375,
    "12": 10.19682887583336849957049707882106304168701171875,
    "13": 0.902244617241254598383193297195248305797576904296875
  },
  "setupType": "Regional Bidder Setup",
  "population": 0,
  "id": 0,
  "worldId": 535,
  "setup": {
    "lowNationalValueInterval": {
      "minValue": 0.0,
      "maxValue": 20.0
    },
    "highNationalValueInterval": {
      "minValue": 0.0,
      "maxValue": 40.0
    },
    "regionalValueInterval": {
      "minValue": 0.0,
      "maxValue": 20.0
    },
    "setupName": "Regional Bidder Setup",
    "numberOfBidders": 6
  },
  "implementation": "org.spectrumauctions.sats.core.model.gsvm.GSVMBidder"
}