{
  "bidderPosition": 2,
  "values": {
    "4": 33.26646474893647820181286078877747058868408203125,
    "5": 17.221669662758625207743534701876342296600341796875,
    "6": 17.13934544213142174839958897791802883148193359375,
    "7": 30.382422121119670777034116326831281185150146484375,
    "14": 7.6080348596182272302712590317241847515106201171875,
    "15": 0.115141239547187357317170608439482748508453369140625
  },
  "setupType": "Regional Bidder Setup",
  "population": 0,
  "id": 2,
  "worldId": 858,
  "setup": {
    "lowNationalValueInterval": {
      "minValue": 0.0,
      "maxValue": 20.0
    },
    "highNationalValueInterval": {
      "minValue": 0.0,
      "maxValue": 40.0
    },
    "regionalValueInterval": {
      "minValue": 0.0,
      "maxValue": 20.0
    },
    "setupName": "Regional Bidder Setup",
    "numberOfBidders": 6
  },
  "implementation": "org.spectrumauctions.sats.core.model.gsvm.GSVMBidder"
}