{
  "bidderPosition": 4,
  "values": {
    "16": 14.86137880718275283697948907501995563507080078125,
    "17": 5.6448070445979521281287816236726939678192138671875,
    "8": 11.409499603586876759209189913235604763031005859375,
    "9": 0.566697215697484768526237530750222504138946533203125,
    "10": 16.83565359130719940594644867815077304840087890625,
    "11": 6.4032179952746037798760880832560360431671142578125
  },
  "setupType": "Regional Bidder Setup",
  "population": 0,
  "id": 4,
  "worldId": 858,
  "setup": {
    "lowNationalValueInterval": {
      "minValue": 0.0,
      "maxValue": 20.0
    },
    "highNationalValueInterval": {
      "minValue": 0.0,
      "maxValue": 40.0
    },
    "regionalValueInterval": {
      "minValue": 0.0,
      "maxValue": 20.0
    },
    "setupName": "Regional Bidder Setup",
    "numberOfBidders": 6
  },
  "implementation": "org.spectrumauctions.sats.core.model.gsvm.GSVMBidder"
}