{
  "bidderPosition": 4,
  "values": {
    "16": 1.876427602274615136224156231037341058254241943359375,
    "17": 3.303845312094513264611350678023882210254669189453125,
    "8": 7.29780695560502845609107680502347648143768310546875,
    "9": 10.0919031821328371023582803900353610515594482421875,
    "10": 15.524010553022662861621938645839691162109375,
    "11": 0.641345198712108821581523443455807864665985107421875
  },
  "setupType": "Regional Bidder Setup",
  "population": 0,
  "id": 4,
  "worldId": 617,
  "setup": {
    "lowNationalValueInterval": {
      "minValue": 0.0,
      "maxValue": 20.0
    },
    "highNationalValueInterval": {
      "minValue": 0.0,
      "maxValue": 40.0
    },
    "regionalValueInterval": {
      "minValue": 0.0,
      "maxValue": 20.0
    },
    "setupName": "Regional Bidder Setup",
    "numberOfBidders": 6
  },
  "implementation": "org.spectrumauctions.sats.core.model.gsvm.GSVMBidder"
}