{
  "bidderPosition": -1,
  "values": {
    "0": 6.8293750815276865751002333126962184906005859375,
    "1": 7.547107732253618195272792945615947246551513671875,
    "2": 7.58340972744799035609730708529241383075714111328125,
    "3": 8.7686943897244997714324199478141963481903076171875,
    "4": 19.661307832943645479417682508938014507293701171875,
    "5": 7.8580731529350789088539386284537613391876220703125,
    "6": 14.5741908662397694484980092965997755527496337890625,
    "7": 10.698922717010926675129667273722589015960693359375,
    "8": 8.601541198692761014399366104044020175933837890625,
    "9": 5.8479244385983282228380630840547382831573486328125,
    "10": 1.4799471075960735078069774317555129528045654296875,
    "11": 1.7007284791278809432668595036375336349010467529296875
  },
  "setupType": "National Bidder Setup",
  "population": 0,
  "id": 6,
  "worldId": 730,
  "setup": {
    "lowNationalValueInterval": {
      "minValue": 0.0,
      "maxValue": 10.0
    },
    "highNationalValueInterval": {
      "minValue": 0.0,
      "maxValue": 20.0
    },
    "regionalValueInterval": {
      "minValue": 0.0,
      "maxValue": 0.0
    },
    "setupName": "National Bidder Setup",
    "numberOfBidders": 1
  },
  "implementation": "org.spectrumauctions.sats.core.model.gsvm.GSVMBidder"
}