{
  "bidderPosition": 0,
  "values": {
    "0": 3.856842755429716884663093878771178424358367919921875,
    "1": 5.309251512489936430938541889190673828125,
    "2": 13.2780515919959185566767700947821140289306640625,
    "3": 5.8421079282584482683660098700784146785736083984375,
    "12": 0.20036369998720271468073406140320003032684326171875,
    "13": 16.994260814282551308451729710213840007781982421875
  },
  "setupType": "Regional Bidder Setup",
  "population": 0,
  "id": 0,
  "worldId": 1200,
  "setup": {
    "lowNationalValueInterval": {
      "minValue": 0.0,
      "maxValue": 20.0
    },
    "highNationalValueInterval": {
      "minValue": 0.0,
      "maxValue": 40.0
    },
    "regionalValueInterval": {
      "minValue": 0.0,
      "maxValue": 20.0
    },
    "setupName": "Regional Bidder Setup",
    "numberOfBidders": 6
  },
  "implementation": "org.spectrumauctions.sats.core.model.gsvm.GSVMBidder"
}