{
  "bidderPosition": 2,
  "values": {
    "4": 11.39706813736291479699502815492451190948486328125,
    "5": 31.85363223191581738547029090113937854766845703125,
    "6": 4.3348502374925601543509401381015777587890625,
    "7": 19.2744971094406736256132717244327068328857421875,
    "14": 4.74334216129384866889040495152585208415985107421875,
    "15": 8.6307627039053276263302905135788023471832275390625
  },
  "setupType": "Regional Bidder Setup",
  "population": 0,
  "id": 2,
  "worldId": 481,
  "setup": {
    "lowNationalValueInterval": {
      "minValue": 0.0,
      "maxValue": 20.0
    },
    "highNationalValueInterval": {
      "minValue": 0.0,
      "maxValue": 40.0
    },
    "regionalValueInterval": {
      "minValue": 0.0,
      "maxValue": 20.0
    },
    "setupName": "Regional Bidder Setup",
    "numberOfBidders": 6
  },
  "implementation": "org.spectrumauctions.sats.core.model.gsvm.GSVMBidder"
}