{
  "bidderPosition": -1,
  "values": {
    "0": 5.634679393733822649892317713238298892974853515625,
    "1": 3.497677291837955948494709446094930171966552734375,
    "2": 7.48494381591782254048439426696859300136566162109375,
    "3": 7.452853688876853510691944393329322338104248046875,
    "4": 4.784136861070056312428278033621609210968017578125,
    "5": 5.252521066116397463474640971980988979339599609375,
    "6": 3.983716282994309576537261818884871900081634521484375,
    "7": 4.8767053754179112701194753753952682018280029296875,
    "8": 2.24278110453757140163588701398111879825592041015625,
    "9": 8.2920866572219882328909079660661518573760986328125,
    "10": 8.243386641351467147842413396574556827545166015625,
    "11": 7.6580243812195245567409074283204972743988037109375
  },
  "setupType": "National Bidder Setup",
  "population": 0,
  "id": 6,
  "worldId": 481,
  "setup": {
    "lowNationalValueInterval": {
      "minValue": 0.0,
      "maxValue": 10.0
    },
    "highNationalValueInterval": {
      "minValue": 0.0,
      "maxValue": 20.0
    },
    "regionalValueInterval": {
      "minValue": 0.0,
      "maxValue": 0.0
    },
    "setupName": "National Bidder Setup",
    "numberOfBidders": 1
  },
  "implementation": "org.spectrumauctions.sats.core.model.gsvm.GSVMBidder"
}