{
  "bidderPosition": 1,
  "values": {
    "2": 9.1053075425350815663705361657775938510894775390625,
    "3": 7.35472979740137589033110998570919036865234375,
    "4": 15.28087844161458264125030837021768093109130859375,
    "5": 6.62494726159857716396572868688963353633880615234375,
    "13": 5.87041324072898618169347173534333705902099609375,
    "14": 9.4832059440688905027627697563730180263519287109375
  },
  "setupType": "Regional Bidder Setup",
  "population": 0,
  "id": 1,
  "worldId": 481,
  "setup": {
    "lowNationalValueInterval": {
      "minValue": 0.0,
      "maxValue": 20.0
    },
    "highNationalValueInterval": {
      "minValue": 0.0,
      "maxValue": 40.0
    },
    "regionalValueInterval": {
      "minValue": 0.0,
      "maxValue": 20.0
    },
    "setupName": "Regional Bidder Setup",
    "numberOfBidders": 6
  },
  "implementation": "org.spectrumauctions.sats.core.model.gsvm.GSVMBidder"
}