{
  "bidderPosition": -1,
  "values": {
    "0": 9.3210746091421814440991511219181120395660400390625,
    "1": 7.846440028577003289456115453504025936126708984375,
    "2": 5.99958056098154202118166722357273101806640625,
    "3": 0.2082062980055543466306744448957033455371856689453125,
    "4": 13.8090166763110655523405512212775647640228271484375,
    "5": 16.6389577910615145128758740611374378204345703125,
    "6": 9.2400812312518922908566310070455074310302734375,
    "7": 18.91807499316291085733610088936984539031982421875,
    "8": 9.3276012892032582612955593504011631011962890625,
    "9": 9.4144948099785636941305710934102535247802734375,
    "10": 1.8321765881780371909570703792269341647624969482421875,
    "11": 1.432233796616191323636257948237471282482147216796875
  },
  "setupType": "National Bidder Setup",
  "population": 0,
  "id": 6,
  "worldId": 467,
  "setup": {
    "lowNationalValueInterval": {
      "minValue": 0.0,
      "maxValue": 10.0
    },
    "highNationalValueInterval": {
      "minValue": 0.0,
      "maxValue": 20.0
    },
    "regionalValueInterval": {
      "minValue": 0.0,
      "maxValue": 0.0
    },
    "setupName": "National Bidder Setup",
    "numberOfBidders": 1
  },
  "implementation": "org.spectrumauctions.sats.core.model.gsvm.GSVMBidder"
}