{
  "bidderPosition": 1,
  "values": {
    "2": 7.6773998858597547467752519878558814525604248046875,
    "3": 1.23717230790421073294282905408181250095367431640625,
    "4": 8.867362094616705547878154902718961238861083984375,
    "5": 28.0843795734729297919329837895929813385009765625,
    "13": 14.91725392000688543703290633857250213623046875,
    "14": 1.259334046281896934971200607833452522754669189453125
  },
  "setupType": "Regional Bidder Setup",
  "population": 0,
  "id": 1,
  "worldId": 467,
  "setup": {
    "lowNationalValueInterval": {
      "minValue": 0.0,
      "maxValue": 20.0
    },
    "highNationalValueInterval": {
      "minValue": 0.0,
      "maxValue": 40.0
    },
    "regionalValueInterval": {
      "minValue": 0.0,
      "maxValue": 20.0
    },
    "setupName": "Regional Bidder Setup",
    "numberOfBidders": 6
  },
  "implementation": "org.spectrumauctions.sats.core.model.gsvm.GSVMBidder"
}