{
  "bidderPosition": -1,
  "values": {
    "0": 6.05540831735167461857827220228500664234161376953125,
    "1": 5.26249601713597581209569398197345435619354248046875,
    "2": 3.989236932652564515677795498049817979335784912109375,
    "3": 6.331890471625815308698292938061058521270751953125,
    "4": 8.955249787429590213605479220859706401824951171875,
    "5": 18.3156769141540962664294056594371795654296875,
    "6": 0.297015676369036807358270380063913762569427490234375,
    "7": 14.6073861563035194421900087036192417144775390625,
    "8": 6.9999176968708578527866848162375390529632568359375,
    "9": 3.37945109607221372272078951937146484851837158203125,
    "10": 2.203295750611022896237045642919838428497314453125,
    "11": 7.739599043825133861673748469911515712738037109375
  },
  "setupType": "National Bidder Setup",
  "population": 0,
  "id": 6,
  "worldId": 553,
  "setup": {
    "lowNationalValueInterval": {
      "minValue": 0.0,
      "maxValue": 10.0
    },
    "highNationalValueInterval": {
      "minValue": 0.0,
      "maxValue": 20.0
    },
    "regionalValueInterval": {
      "minValue": 0.0,
      "maxValue": 0.0
    },
    "setupName": "National Bidder Setup",
    "numberOfBidders": 1
  },
  "implementation": "org.spectrumauctions.sats.core.model.gsvm.GSVMBidder"
}