{
  "bidderPosition": 0,
  "values": {
    "0": 13.7871209704218049552082447917200624942779541015625,
    "1": 18.939895171263895434776713955216109752655029296875,
    "2": 3.870527367187837075590550739434547722339630126953125,
    "3": 9.163264424350106907013469026423990726470947265625,
    "12": 13.978216370220277298130895360372960567474365234375,
    "13": 6.4312890283000445634797870297916233539581298828125
  },
  "setupType": "Regional Bidder Setup",
  "population": 0,
  "id": 0,
  "worldId": 553,
  "setup": {
    "lowNationalValueInterval": {
      "minValue": 0.0,
      "maxValue": 20.0
    },
    "highNationalValueInterval": {
      "minValue": 0.0,
      "maxValue": 40.0
    },
    "regionalValueInterval": {
      "minValue": 0.0,
      "maxValue": 20.0
    },
    "setupName": "Regional Bidder Setup",
    "numberOfBidders": 6
  },
  "implementation": "org.spectrumauctions.sats.core.model.gsvm.GSVMBidder"
}