{
  "bidderPosition": 0,
  "values": {
    "0": 4.02992626281760468742731973179616034030914306640625,
    "1": 13.577959231489227676092923502437770366668701171875,
    "2": 2.687376127302478767688853622530587017536163330078125,
    "3": 16.481360800783736664243406266905367374420166015625,
    "12": 13.62035922745382521270585129968822002410888671875,
    "13": 7.4574147804885999590851497487165033817291259765625
  },
  "setupType": "Regional Bidder Setup",
  "population": 0,
  "id": 0,
  "worldId": 597,
  "setup": {
    "lowNationalValueInterval": {
      "minValue": 0.0,
      "maxValue": 20.0
    },
    "highNationalValueInterval": {
      "minValue": 0.0,
      "maxValue": 40.0
    },
    "regionalValueInterval": {
      "minValue": 0.0,
      "maxValue": 20.0
    },
    "setupName": "Regional Bidder Setup",
    "numberOfBidders": 6
  },
  "implementation": "org.spectrumauctions.sats.core.model.gsvm.GSVMBidder"
}