{
  "bidderPosition": 5,
  "values": {
    "0": 6.70044943125201353240072421613149344921112060546875,
    "1": 3.66561262357019135293967337929643690586090087890625,
    "17": 9.679386736668465829325214144773781299591064453125,
    "10": 18.823437615224047902984239044599235057830810546875,
    "11": 9.7224391240391678792320817592553794384002685546875,
    "12": 7.96767633604605673980358915287069976329803466796875
  },
  "setupType": "Regional Bidder Setup",
  "population": 0,
  "id": 5,
  "worldId": 934,
  "setup": {
    "lowNationalValueInterval": {
      "minValue": 0.0,
      "maxValue": 20.0
    },
    "highNationalValueInterval": {
      "minValue": 0.0,
      "maxValue": 40.0
    },
    "regionalValueInterval": {
      "minValue": 0.0,
      "maxValue": 20.0
    },
    "setupName": "Regional Bidder Setup",
    "numberOfBidders": 6
  },
  "implementation": "org.spectrumauctions.sats.core.model.gsvm.GSVMBidder"
}