{
  "bidderPosition": 2,
  "values": {
    "4": 21.993098708199777746585823479108512401580810546875,
    "5": 19.426085009857420260459548444487154483795166015625,
    "6": 16.0138506005749121641201782040297985076904296875,
    "7": 1.48991644257967958964172794367186725139617919921875,
    "14": 0.245549171214511918748257812694646418094635009765625,
    "15": 7.262656633191141963834525085985660552978515625
  },
  "setupType": "Regional Bidder Setup",
  "population": 0,
  "id": 2,
  "worldId": 934,
  "setup": {
    "lowNationalValueInterval": {
      "minValue": 0.0,
      "maxValue": 20.0
    },
    "highNationalValueInterval": {
      "minValue": 0.0,
      "maxValue": 40.0
    },
    "regionalValueInterval": {
      "minValue": 0.0,
      "maxValue": 20.0
    },
    "setupName": "Regional Bidder Setup",
    "numberOfBidders": 6
  },
  "implementation": "org.spectrumauctions.sats.core.model.gsvm.GSVMBidder"
}