{
  "bidderPosition": 1,
  "values": {
    "2": 13.232304269516379946480810758657753467559814453125,
    "3": 2.394714165879945344528323403210379183292388916015625,
    "4": 28.1235577395467402084250352345407009124755859375,
    "5": 5.0636141655953093021480526658706367015838623046875,
    "13": 13.8653973866745303666903055272996425628662109375,
    "14": 9.493839452995842975724372081458568572998046875
  },
  "setupType": "Regional Bidder Setup",
  "population": 0,
  "id": 1,
  "worldId": 934,
  "setup": {
    "lowNationalValueInterval": {
      "minValue": 0.0,
      "maxValue": 20.0
    },
    "highNationalValueInterval": {
      "minValue": 0.0,
      "maxValue": 40.0
    },
    "regionalValueInterval": {
      "minValue": 0.0,
      "maxValue": 20.0
    },
    "setupName": "Regional Bidder Setup",
    "numberOfBidders": 6
  },
  "implementation": "org.spectrumauctions.sats.core.model.gsvm.GSVMBidder"
}