{
  "bidderPosition": -1,
  "values": {
    "0": 8.938058710716912713678539148531854152679443359375,
    "1": 4.711457866978374653399441740475594997406005859375,
    "2": 7.8864421442952714613738862681202590465545654296875,
    "3": 8.4812937375063928158169801463373005390167236328125,
    "4": 12.043392355691171502485303790308535099029541015625,
    "5": 19.524885363504747459728605463169515132904052734375,
    "6": 18.18377720759193749699988984502851963043212890625,
    "7": 18.217463266942928612479590810835361480712890625,
    "8": 4.6678504925513681911297680926509201526641845703125,
    "9": 4.42188707607087305717641356750391423702239990234375,
    "10": 6.40597872082811026217541439109481871128082275390625,
    "11": 6.6175295676220162732761309598572552204132080078125
  },
  "setupType": "National Bidder Setup",
  "population": 0,
  "id": 6,
  "worldId": 934,
  "setup": {
    "lowNationalValueInterval": {
      "minValue": 0.0,
      "maxValue": 10.0
    },
    "highNationalValueInterval": {
      "minValue": 0.0,
      "maxValue": 20.0
    },
    "regionalValueInterval": {
      "minValue": 0.0,
      "maxValue": 0.0
    },
    "setupName": "National Bidder Setup",
    "numberOfBidders": 1
  },
  "implementation": "org.spectrumauctions.sats.core.model.gsvm.GSVMBidder"
}