{
  "bidderPosition": -1,
  "values": {
    "0": 6.432948249549443886508015566505491733551025390625,
    "1": 3.8536441810254729034568299539387226104736328125,
    "2": 3.786886308368175857452797572477720677852630615234375,
    "3": 7.0509923411585599950512914801947772502899169921875,
    "4": 17.0995872527005161600754945538938045501708984375,
    "5": 14.746920690749931281970930285751819610595703125,
    "6": 6.362477113622500013434546417556703090667724609375,
    "7": 7.071472008663732822242309339344501495361328125,
    "8": 9.24309805661397376752574928104877471923828125,
    "9": 5.9125239455857325765464338473975658416748046875,
    "10": 2.4116219490088877108746601152233779430389404296875,
    "11": 1.8726713453834176181800330596161074936389923095703125
  },
  "setupType": "National Bidder Setup",
  "population": 0,
  "id": 6,
  "worldId": 552,
  "setup": {
    "lowNationalValueInterval": {
      "minValue": 0.0,
      "maxValue": 10.0
    },
    "highNationalValueInterval": {
      "minValue": 0.0,
      "maxValue": 20.0
    },
    "regionalValueInterval": {
      "minValue": 0.0,
      "maxValue": 0.0
    },
    "setupName": "National Bidder Setup",
    "numberOfBidders": 1
  },
  "implementation": "org.spectrumauctions.sats.core.model.gsvm.GSVMBidder"
}