{
  "bidderPosition": 3,
  "values": {
    "16": 14.5969481630441126895902925753034651279449462890625,
    "6": 36.21041840053231197771310689859092235565185546875,
    "7": 23.020936955729350614774375571869313716888427734375,
    "8": 2.101823131371178821069634068408049643039703369140625,
    "9": 1.60724874244552839996913462528027594089508056640625,
    "15": 3.653485864870178456698113222955726087093353271484375
  },
  "setupType": "Regional Bidder Setup",
  "population": 0,
  "id": 3,
  "worldId": 552,
  "setup": {
    "lowNationalValueInterval": {
      "minValue": 0.0,
      "maxValue": 20.0
    },
    "highNationalValueInterval": {
      "minValue": 0.0,
      "maxValue": 40.0
    },
    "regionalValueInterval": {
      "minValue": 0.0,
      "maxValue": 20.0
    },
    "setupName": "Regional Bidder Setup",
    "numberOfBidders": 6
  },
  "implementation": "org.spectrumauctions.sats.core.model.gsvm.GSVMBidder"
}