{
  "bidderPosition": 0,
  "values": {
    "0": 15.7726117531460214848948453436605632305145263671875,
    "1": 0.806029818520397345338324157637543976306915283203125,
    "2": 15.9184944025387391519643642823211848735809326171875,
    "3": 6.7385467894568140678757117711938917636871337890625,
    "12": 10.23180860958144222649934818036854267120361328125,
    "13": 0.934205248635084917196991227683611214160919189453125
  },
  "setupType": "Regional Bidder Setup",
  "population": 0,
  "id": 0,
  "worldId": 552,
  "setup": {
    "lowNationalValueInterval": {
      "minValue": 0.0,
      "maxValue": 20.0
    },
    "highNationalValueInterval": {
      "minValue": 0.0,
      "maxValue": 40.0
    },
    "regionalValueInterval": {
      "minValue": 0.0,
      "maxValue": 20.0
    },
    "setupName": "Regional Bidder Setup",
    "numberOfBidders": 6
  },
  "implementation": "org.spectrumauctions.sats.core.model.gsvm.GSVMBidder"
}