{
  "bidderPosition": -1,
  "values": {
    "0": 5.529546654953012563282754854299128055572509765625,
    "1": 4.69749610025235053711867294623516499996185302734375,
    "2": 8.3632414094092695222570910118520259857177734375,
    "3": 8.8657860003542570126455757417716085910797119140625,
    "4": 6.901254559186167369944087113253772258758544921875,
    "5": 5.893340155222841048043846967630088329315185546875,
    "6": 2.58020752843574729951114932191558182239532470703125,
    "7": 0.93109185149032658301848641713149845600128173828125,
    "8": 6.9306534899355565215728347538970410823822021484375,
    "9": 8.0958548633100999580847201286815106868743896484375,
    "10": 7.90319609657052524198661558330059051513671875,
    "11": 0.2738519779322590164127859679865650832653045654296875
  },
  "setupType": "National Bidder Setup",
  "population": 0,
  "id": 6,
  "worldId": 914,
  "setup": {
    "lowNationalValueInterval": {
      "minValue": 0.0,
      "maxValue": 10.0
    },
    "highNationalValueInterval": {
      "minValue": 0.0,
      "maxValue": 20.0
    },
    "regionalValueInterval": {
      "minValue": 0.0,
      "maxValue": 0.0
    },
    "setupName": "National Bidder Setup",
    "numberOfBidders": 1
  },
  "implementation": "org.spectrumauctions.sats.core.model.gsvm.GSVMBidder"
}