{
  "bidderPosition": 4,
  "values": {
    "16": 19.836812887032973407031022361479699611663818359375,
    "17": 5.217845392666749404497750219888985157012939453125,
    "8": 4.241917162113139738721656613051891326904296875,
    "9": 5.69546861374896451479798997752368450164794921875,
    "10": 3.205588757890034390385380902444012463092803955078125,
    "11": 2.306386229919790142872670912765897810459136962890625
  },
  "setupType": "Regional Bidder Setup",
  "population": 0,
  "id": 4,
  "worldId": 914,
  "setup": {
    "lowNationalValueInterval": {
      "minValue": 0.0,
      "maxValue": 20.0
    },
    "highNationalValueInterval": {
      "minValue": 0.0,
      "maxValue": 40.0
    },
    "regionalValueInterval": {
      "minValue": 0.0,
      "maxValue": 20.0
    },
    "setupName": "Regional Bidder Setup",
    "numberOfBidders": 6
  },
  "implementation": "org.spectrumauctions.sats.core.model.gsvm.GSVMBidder"
}