{
  "bidderPosition": 2,
  "values": {
    "4": 6.710884335665081579236357356421649456024169921875,
    "5": 9.545365309327053182641975581645965576171875,
    "6": 22.323889569710647862166297272779047489166259765625,
    "7": 5.93695114244285004900802960037253797054290771484375,
    "14": 17.22298934576252804617979563772678375244140625,
    "15": 2.608482872847435185548192748683504760265350341796875
  },
  "setupType": "Regional Bidder Setup",
  "population": 0,
  "id": 2,
  "worldId": 914,
  "setup": {
    "lowNationalValueInterval": {
      "minValue": 0.0,
      "maxValue": 20.0
    },
    "highNationalValueInterval": {
      "minValue": 0.0,
      "maxValue": 40.0
    },
    "regionalValueInterval": {
      "minValue": 0.0,
      "maxValue": 20.0
    },
    "setupName": "Regional Bidder Setup",
    "numberOfBidders": 6
  },
  "implementation": "org.spectrumauctions.sats.core.model.gsvm.GSVMBidder"
}