{
  "bidderPosition": 2,
  "values": {
    "4": 33.9154600379252855191225535236299037933349609375,
    "5": 2.2572776270009331511801065062172710895538330078125,
    "6": 14.14673245002861534658222808502614498138427734375,
    "7": 33.0875729487637357806306681595742702484130859375,
    "14": 5.92320940068731260907952673733234405517578125,
    "15": 11.3837959875294547629209773731417953968048095703125
  },
  "setupType": "Regional Bidder Setup",
  "population": 0,
  "id": 2,
  "worldId": 819,
  "setup": {
    "lowNationalValueInterval": {
      "minValue": 0.0,
      "maxValue": 20.0
    },
    "highNationalValueInterval": {
      "minValue": 0.0,
      "maxValue": 40.0
    },
    "regionalValueInterval": {
      "minValue": 0.0,
      "maxValue": 20.0
    },
    "setupName": "Regional Bidder Setup",
    "numberOfBidders": 6
  },
  "implementation": "org.spectrumauctions.sats.core.model.gsvm.GSVMBidder"
}