{
  "bidderPosition": 3,
  "values": {
    "16": 10.5380666400975808727480398374609649181365966796875,
    "6": 25.569208819158944834271096624433994293212890625,
    "7": 35.5986700707010044197886600159108638763427734375,
    "8": 17.868121710383139344457958941347897052764892578125,
    "9": 2.46047212108288615439732893719337880611419677734375,
    "15": 7.4051413070235323488077483489178121089935302734375
  },
  "setupType": "Regional Bidder Setup",
  "population": 0,
  "id": 3,
  "worldId": 819,
  "setup": {
    "lowNationalValueInterval": {
      "minValue": 0.0,
      "maxValue": 20.0
    },
    "highNationalValueInterval": {
      "minValue": 0.0,
      "maxValue": 40.0
    },
    "regionalValueInterval": {
      "minValue": 0.0,
      "maxValue": 20.0
    },
    "setupName": "Regional Bidder Setup",
    "numberOfBidders": 6
  },
  "implementation": "org.spectrumauctions.sats.core.model.gsvm.GSVMBidder"
}