{
  "bidderPosition": 5,
  "values": {
    "0": 6.1866061784062598150057965540327131748199462890625,
    "1": 1.630287792630571441776510255294851958751678466796875,
    "17": 12.0665522944801608673515147529542446136474609375,
    "10": 7.90944697872666413474007640616036951541900634765625,
    "11": 6.613552901368773717649673926644027233123779296875,
    "12": 14.97052254503478252445347607135772705078125
  },
  "setupType": "Regional Bidder Setup",
  "population": 0,
  "id": 5,
  "worldId": 819,
  "setup": {
    "lowNationalValueInterval": {
      "minValue": 0.0,
      "maxValue": 20.0
    },
    "highNationalValueInterval": {
      "minValue": 0.0,
      "maxValue": 40.0
    },
    "regionalValueInterval": {
      "minValue": 0.0,
      "maxValue": 20.0
    },
    "setupName": "Regional Bidder Setup",
    "numberOfBidders": 6
  },
  "implementation": "org.spectrumauctions.sats.core.model.gsvm.GSVMBidder"
}