{
  "bidderPosition": 3,
  "values": {
    "16": 19.789693571378666803184387390501797199249267578125,
    "6": 10.66924263781020698615975561551749706268310546875,
    "7": 3.068431866140368668993687606416642665863037109375,
    "8": 19.322923888424924143691896460950374603271484375,
    "9": 12.9642218104050783722414053045213222503662109375,
    "15": 5.5054084724163576680666665197350084781646728515625
  },
  "setupType": "Regional Bidder Setup",
  "population": 0,
  "id": 3,
  "worldId": 691,
  "setup": {
    "lowNationalValueInterval": {
      "minValue": 0.0,
      "maxValue": 20.0
    },
    "highNationalValueInterval": {
      "minValue": 0.0,
      "maxValue": 40.0
    },
    "regionalValueInterval": {
      "minValue": 0.0,
      "maxValue": 20.0
    },
    "setupName": "Regional Bidder Setup",
    "numberOfBidders": 6
  },
  "implementation": "org.spectrumauctions.sats.core.model.gsvm.GSVMBidder"
}