{
  "bidderPosition": -1,
  "values": {
    "0": 7.48907124787492772810537644545547664165496826171875,
    "1": 1.8304537551714605836394866855698637664318084716796875,
    "2": 5.89635778006656874339341811719350516796112060546875,
    "3": 1.6428722661466899079840686681563965976238250732421875,
    "4": 17.131407697763247455213786452077329158782958984375,
    "5": 6.240388173313693442878502537496387958526611328125,
    "6": 18.399757186659780217041770811192691326141357421875,
    "7": 18.612839362045207280971226282417774200439453125,
    "8": 2.4086669909626703400817859801463782787322998046875,
    "9": 4.1807237178853551284873901749961078166961669921875,
    "10": 9.5123626669240994857545956620015203952789306640625,
    "11": 1.6056261831356699598671866624499671161174774169921875
  },
  "setupType": "National Bidder Setup",
  "population": 0,
  "id": 6,
  "worldId": 691,
  "setup": {
    "lowNationalValueInterval": {
      "minValue": 0.0,
      "maxValue": 10.0
    },
    "highNationalValueInterval": {
      "minValue": 0.0,
      "maxValue": 20.0
    },
    "regionalValueInterval": {
      "minValue": 0.0,
      "maxValue": 0.0
    },
    "setupName": "National Bidder Setup",
    "numberOfBidders": 1
  },
  "implementation": "org.spectrumauctions.sats.core.model.gsvm.GSVMBidder"
}