{
  "bidderPosition": 2,
  "values": {
    "4": 2.4510706599875220490503124892711639404296875,
    "5": 28.506764038597765420490759424865245819091796875,
    "6": 29.96257383846424460216439911164343357086181640625,
    "7": 7.83308278644496258635854246676899492740631103515625,
    "14": 14.0059333376641799162598545080982148647308349609375,
    "15": 18.079260123953577732436315272934734821319580078125
  },
  "setupType": "Regional Bidder Setup",
  "population": 0,
  "id": 2,
  "worldId": 691,
  "setup": {
    "lowNationalValueInterval": {
      "minValue": 0.0,
      "maxValue": 20.0
    },
    "highNationalValueInterval": {
      "minValue": 0.0,
      "maxValue": 40.0
    },
    "regionalValueInterval": {
      "minValue": 0.0,
      "maxValue": 20.0
    },
    "setupName": "Regional Bidder Setup",
    "numberOfBidders": 6
  },
  "implementation": "org.spectrumauctions.sats.core.model.gsvm.GSVMBidder"
}