{
  "bidderPosition": 0,
  "values": {
    "0": 0.648227503320299991429465080727823078632354736328125,
    "1": 13.41225996885579974104985012672841548919677734375,
    "2": 15.875268629837567146978472010232508182525634765625,
    "3": 9.711713416703670276319826371036469936370849609375,
    "12": 19.8053132973860641641294932924211025238037109375,
    "13": 3.42350162451641182315142941661179065704345703125
  },
  "setupType": "Regional Bidder Setup",
  "population": 0,
  "id": 0,
  "worldId": 632,
  "setup": {
    "lowNationalValueInterval": {
      "minValue": 0.0,
      "maxValue": 20.0
    },
    "highNationalValueInterval": {
      "minValue": 0.0,
      "maxValue": 40.0
    },
    "regionalValueInterval": {
      "minValue": 0.0,
      "maxValue": 20.0
    },
    "setupName": "Regional Bidder Setup",
    "numberOfBidders": 6
  },
  "implementation": "org.spectrumauctions.sats.core.model.gsvm.GSVMBidder"
}