{
  "bidderPosition": 2,
  "values": {
    "4": 2.75637930962961075209705086308531463146209716796875,
    "5": 14.497464546059891432605581940151751041412353515625,
    "6": 28.67807948563226005944670760072767734527587890625,
    "7": 8.287432514100373737164773046970367431640625,
    "14": 18.38150977257962637168020592071115970611572265625,
    "15": 8.7184325683649088745141852996312081813812255859375
  },
  "setupType": "Regional Bidder Setup",
  "population": 0,
  "id": 2,
  "worldId": 632,
  "setup": {
    "lowNationalValueInterval": {
      "minValue": 0.0,
      "maxValue": 20.0
    },
    "highNationalValueInterval": {
      "minValue": 0.0,
      "maxValue": 40.0
    },
    "regionalValueInterval": {
      "minValue": 0.0,
      "maxValue": 20.0
    },
    "setupName": "Regional Bidder Setup",
    "numberOfBidders": 6
  },
  "implementation": "org.spectrumauctions.sats.core.model.gsvm.GSVMBidder"
}