{
  "bidderPosition": 3,
  "values": {
    "16": 13.74947511634874075525658554397523403167724609375,
    "6": 16.869259400498410883528777048923075199127197265625,
    "7": 4.25320604560354365020202749292366206645965576171875,
    "8": 2.604814224925842136570963702979497611522674560546875,
    "9": 8.984240652672870197648080647923052310943603515625,
    "15": 5.0082474364975997360716064576990902423858642578125
  },
  "setupType": "Regional Bidder Setup",
  "population": 0,
  "id": 3,
  "worldId": 698,
  "setup": {
    "lowNationalValueInterval": {
      "minValue": 0.0,
      "maxValue": 20.0
    },
    "highNationalValueInterval": {
      "minValue": 0.0,
      "maxValue": 40.0
    },
    "regionalValueInterval": {
      "minValue": 0.0,
      "maxValue": 20.0
    },
    "setupName": "Regional Bidder Setup",
    "numberOfBidders": 6
  },
  "implementation": "org.spectrumauctions.sats.core.model.gsvm.GSVMBidder"
}