{
  "bidderPosition": 4,
  "values": {
    "16": 16.116564900646007885143262683413922786712646484375,
    "17": 18.408324593451933282040045014582574367523193359375,
    "8": 7.51233301512548479195174877531826496124267578125,
    "9": 4.2936701290537104824807101977057754993438720703125,
    "10": 9.4025513240140607962302965461276471614837646484375,
    "11": 9.6166246243246344960198257467709481716156005859375
  },
  "setupType": "Regional Bidder Setup",
  "population": 0,
  "id": 4,
  "worldId": 698,
  "setup": {
    "lowNationalValueInterval": {
      "minValue": 0.0,
      "maxValue": 20.0
    },
    "highNationalValueInterval": {
      "minValue": 0.0,
      "maxValue": 40.0
    },
    "regionalValueInterval": {
      "minValue": 0.0,
      "maxValue": 20.0
    },
    "setupName": "Regional Bidder Setup",
    "numberOfBidders": 6
  },
  "implementation": "org.spectrumauctions.sats.core.model.gsvm.GSVMBidder"
}