{
  "bidderPosition": 0,
  "values": {
    "0": 1.240978547957265476497923373244702816009521484375,
    "1": 4.1220040746580455248704311088658869266510009765625,
    "2": 10.251465902673061236782814376056194305419921875,
    "3": 16.338202703673271543038936215452849864959716796875,
    "12": 11.985643873481439669603787478990852832794189453125,
    "13": 12.3789729389023595018670675926841795444488525390625
  },
  "setupType": "Regional Bidder Setup",
  "population": 0,
  "id": 0,
  "worldId": 698,
  "setup": {
    "lowNationalValueInterval": {
      "minValue": 0.0,
      "maxValue": 20.0
    },
    "highNationalValueInterval": {
      "minValue": 0.0,
      "maxValue": 40.0
    },
    "regionalValueInterval": {
      "minValue": 0.0,
      "maxValue": 20.0
    },
    "setupName": "Regional Bidder Setup",
    "numberOfBidders": 6
  },
  "implementation": "org.spectrumauctions.sats.core.model.gsvm.GSVMBidder"
}