{
  "bidderPosition": 1,
  "values": {
    "2": 0.7532698413882332744151426595635712146759033203125,
    "3": 19.96495214023318709450904862023890018463134765625,
    "4": 20.105889445166429396749663283117115497589111328125,
    "5": 24.0181738901203374325632466934621334075927734375,
    "13": 12.4309792502364739874565202626399695873260498046875,
    "14": 11.63524281574429863894692971371114253997802734375
  },
  "setupType": "Regional Bidder Setup",
  "population": 0,
  "id": 1,
  "worldId": 1105,
  "setup": {
    "lowNationalValueInterval": {
      "minValue": 0.0,
      "maxValue": 20.0
    },
    "highNationalValueInterval": {
      "minValue": 0.0,
      "maxValue": 40.0
    },
    "regionalValueInterval": {
      "minValue": 0.0,
      "maxValue": 20.0
    },
    "setupName": "Regional Bidder Setup",
    "numberOfBidders": 6
  },
  "implementation": "org.spectrumauctions.sats.core.model.gsvm.GSVMBidder"
}