{
  "bidderPosition": 3,
  "values": {
    "16": 11.001428856274156231620509061031043529510498046875,
    "6": 22.08839550933996775938794598914682865142822265625,
    "7": 1.72881546570307964572066339314915239810943603515625,
    "8": 3.5092480359549060864310376928187906742095947265625,
    "9": 1.774476134375915226115694167674519121646881103515625,
    "15": 13.9139977527314311345207897829823195934295654296875
  },
  "setupType": "Regional Bidder Setup",
  "population": 0,
  "id": 3,
  "worldId": 563,
  "setup": {
    "lowNationalValueInterval": {
      "minValue": 0.0,
      "maxValue": 20.0
    },
    "highNationalValueInterval": {
      "minValue": 0.0,
      "maxValue": 40.0
    },
    "regionalValueInterval": {
      "minValue": 0.0,
      "maxValue": 20.0
    },
    "setupName": "Regional Bidder Setup",
    "numberOfBidders": 6
  },
  "implementation": "org.spectrumauctions.sats.core.model.gsvm.GSVMBidder"
}