{
  "regionsOfInterest": [
    3,
    7,
    8
  ],
  "alpha": 63.121115180486441431639832444489002227783203125,
  "beta": {
    "0": 0.0874937106993083357764362517627887427806854248046875,
    "1": 0.11628930995925686187053571529759210534393787384033203125,
    "2": 0.10305136068946596505924162556766532361507415771484375,
    "3": 0.05975550585155940674919605726245208643376827239990234375,
    "4": 0.116453546437328359086649243181454949080944061279296875,
    "5": 0.093945821949773800074723340003401972353458404541015625,
    "6": 0.07392212259774731675232573024914017878472805023193359375,
    "7": 0.08550194426979744466432720173543202690780162811279296875,
    "8": 0.07233835000588022257073106402458506636321544647216796875,
    "9": 0.11302560244127890509702183408080600202083587646484375,
    "10": 0.1064615093511926680047707804988021962344646453857421875,
    "11": 0.11762201472074242103449392971015186049044132232666015625,
    "12": 0.0727564987302203591834626195122837089002132415771484375,
    "13": 0.11788867578542154557208476717278244905173778533935546875
  },
  "zLow": {
    "0": 0.000003331559079,
    "1": 0.000001214966744,
    "2": 0.000001942187573,
    "3": 0.000001504813315,
    "4": 2.266980187E-7,
    "5": 6.802904481E-7,
    "6": 0.00001066696267,
    "7": 1.738904260E-7,
    "8": 0.000002682756686,
    "9": 0.000001098634144,
    "10": 6.843630177E-7,
    "11": 1.747972075E-7,
    "12": 4.686866512E-7,
    "13": 0.00001216410735
  },
  "zHigh": {
    "0": 0.0001290958189775703849509682615489096962958062692319352969572029643029165474922049259486197426697713149160371803790,
    "1": 0.00005057776670911643627492105086898778605114745932889091254113556334746577290553554019138712551063909243724789783204196,
    "2": 0.00007828013437841341327896703566714270535816184799116356773809456655595725288214525052271366700721310877543325855119,
    "3": 0.00005413648752284386775572322287350113452877742440325946180993693857968104319825819839352931378795416402837008674709359,
    "4": 0.000009440919383398311560015194069683435986992983288990337941044816628791573006100318187731461405661566607880397469253,
    "5": 0.000026799757973194930822958161910456541218556837102367755513991191415134984347940383152274315302585586458224336754329,
    "6": 0.00039886133226370787440811909540544929281701974337029201282722330883688716096565702357876852056332963744328593278467289,
    "7": 0.00000670350972837295720316327017180190492214747574766978451351629742786119837466323116180426922059856282281178466001408,
    "8": 0.00009988931975706285283189921792900029764668223946430837549721953015024251746376677959699349611460713578887840957663407,
    "9": 0.00004537640289053455902572535400739965676071557704362439292083440076185972880967561386097775469256727941609780155674,
    "10": 0.0000278167225116755110083709175247862688381393607896451919014224249810482352752738894027986943928606427769094443139073,
    "11": 0.00000729991619234227960402668773192674619143938233919334399016115826788806014907081916730197340022558122722484430779074,
    "12": 0.0000174705995078698725131745587448283886569474039969723006587164077490182260496924004546139654403150187762308605105474,
    "13": 0.00050832427122662606549755968697015701816931028529613577159400115395771341900163927544691377592567003110435394071201092
  },
  "setupType": "Multi Region Model Local Bidder",
  "population": 0,
  "id": 2,
  "worldId": 390,
  "setup": {
    "numberOfRegionsInterval": {
      "minValue": 3,
      "maxValue": 7
    },
    "alphaInterval": {
      "minValue": 60.0,
      "maxValue": 100.0
    },
    "betaInterval": {
      "minValue": 0.05,
      "maxValue": 0.12
    },
    "setupName": "Multi Region Model Local Bidder",
    "numberOfBidders": 3
  },
  "implementation": "org.spectrumauctions.sats.core.model.mrvm.MRVMLocalBidder"
}