{
  "homeId": 0,
  "distanceDiscounts": {
    "0": 1,
    "1": 0.42045,
    "2": 0.17678,
    "3": 0.07433,
    "4": 0.03125,
    "5": 0.01314,
    "6": 0.00552,
    "7": 0.00232
  },
  "alpha": 656.0434068205664743800298310816287994384765625,
  "beta": {
    "0": 0.08787298166092145923489198366951313801109790802001953125,
    "1": 0.08424027553127842737890063062877743504941463470458984375,
    "2": 0.086673051546623247620715346783981658518314361572265625,
    "3": 0.09608105027100109774007563601116999052464962005615234375,
    "4": 0.067790593601022963721192127195536158978939056396484375,
    "5": 0.05384691831607728296216208718760753981769084930419921875,
    "6": 0.07986934997908230748908664509144728071987628936767578125,
    "7": 0.04724059761758035713707926106508239172399044036865234375,
    "8": 0.0900413102162763989699811872924328781664371490478515625,
    "9": 0.0803222660969339086189933141213259659707546234130859375,
    "10": 0.09884849961844376087238828176850802265107631683349609375,
    "11": 0.053440525198783249416489837813060148619115352630615234375,
    "12": 0.098183777825166684838364972165436483919620513916015625,
    "13": 0.046436060564529813010636871695169247686862945556640625
  },
  "zLow": {
    "0": 0.000003317179647,
    "1": 0.000001677198268,
    "2": 0.000002309196094,
    "3": 9.358856984E-7,
    "4": 3.894314365E-7,
    "5": 0.000001186891420,
    "6": 0.000009872679850,
    "7": 3.147286499E-7,
    "8": 0.000002155301735,
    "9": 0.000001545944755,
    "10": 7.370705685E-7,
    "11": 3.847267524E-7,
    "12": 3.473078802E-7,
    "13": 0.00003088139886
  },
  "zHigh": {
    "0": 0.00012866443600016701057740388308765984300060287400292191620492347250696775191891905612979188570119336692888651599347922,
    "1": 0.00006444471244197961556218456496836671058604910184740750400868729713468235310889893800762404864279107061493430364897426,
    "2": 0.000089290390013967454961989549285778918144804312940274010389244559299785423075608005477544569103418109284809673678918,
    "3": 0.00003706865903308026414070938550207835398661813097228751901949856315822186838377727671869911131017167959583660427987328,
    "4": 0.000014322921916468269574169726272703102369738819402363640178481641571969645630968854082612385088456606962200461601764,
    "5": 0.00004199778711213605169508077068107197574339042027664938798976417578731318161771343460061776654219097879058528441475465,
    "6": 0.00037503284769217835385471743057158637498522701350867134321946990724551460104543797600069222037685866523348932912184906,
    "7": 0.00001092865644623509514780900654358251994819638023443511733890253934064870102831733962481728727658340035936522055064186,
    "8": 0.0000840656712333513242438760868189902913843496117947651848405831061417021762602048264592921379194850046186487733185988,
    "9": 0.0000587957212143705161353092505695330569660970645791348605510756283941379464127412663527870033112381097481305815711699,
    "10": 0.00002939794903546558957401160331030891244002837295523738740307579575680200908517102988266218606850782236930259548085543,
    "11": 0.000013597802540038385056444646801018687633776179529555539976536536460880422166631780571332908534130953736741016843994026,
    "12": 0.000013829236377279786253480794178183028459769803063629823097088477668762566382309520452162245873070540344893096420264,
    "13": 0.001069843016374957868476796027687780034881381534061132937874151100935041327260594243583192545482424812703292024995218
  },
  "setupType": "Multi Region Model Regional Bidder",
  "population": 0,
  "id": 5,
  "worldId": 390,
  "setup": {
    "exponentFactor": 1.25,
    "base": 2.0,
    "alphaInterval": {
      "minValue": 500.0,
      "maxValue": 840.0
    },
    "betaInterval": {
      "minValue": 0.04,
      "maxValue": 0.1
    },
    "setupName": "Multi Region Model Regional Bidder",
    "numberOfBidders": 4
  },
  "implementation": "org.spectrumauctions.sats.core.model.mrvm.MRVMRegionalBidder"
}