{
  "gammaValues": {
    "1": 0.97588,
    "2": 0.90353
  },
  "alpha": 972.828888610178410090156830847263336181640625,
  "beta": {
    "0": 0.21874380969102968919060003827325999736785888671875,
    "1": 0.120020039473760053994055851944722235202789306640625,
    "2": 0.10792892866043361788097598719105008058249950408935546875,
    "3": 0.21861525273923476664350573628325946629047393798828125,
    "4": 0.11214144782860731297535750172755797393620014190673828125,
    "5": 0.182620969677613709247765427790000103414058685302734375,
    "6": 0.1513245463693282666373107758772675879299640655517578125,
    "7": 0.2019732550742760757156446516091818921267986297607421875,
    "8": 0.116689296531786279587095123133622109889984130859375,
    "9": 0.143658295834434179827354682856821455061435699462890625,
    "10": 0.09960046297195011832936728524146019481122493743896484375,
    "11": 0.108799042390183620110377660239464603364467620849609375,
    "12": 0.09419572067289659622613129386081709526479244232177734375,
    "13": 0.1824249681131236699993536376496194861829280853271484375
  },
  "zLow": {
    "0": 0.000001332565556,
    "1": 0.000001177200448,
    "2": 0.000001854415443,
    "3": 4.113202520E-7,
    "4": 2.354150830E-7,
    "5": 3.499622493E-7,
    "6": 0.000005210817023,
    "7": 7.361355592E-8,
    "8": 0.000001663101912,
    "9": 8.643690585E-7,
    "10": 7.315058348E-7,
    "11": 1.889722488E-7,
    "12": 3.620121965E-7,
    "13": 0.000007860823671
  },
  "zHigh": {
    "0": 0.00006912601327486804498354571812877022010474158672616016013538348429247763318512647371105765075787930977131629890,
    "1": 0.000049444777841422001096061766302629235491390656052350642261877307583507720004159042010306946521779946992707351802,
    "2": 0.00007564697049515317577570931725376316664672231711999323778962817127572782857570304627726075628759494773650503904091369,
    "3": 0.00002133169564051682986074535096710133457479926339863422642650355768080949582708078396265353315520741100542829833826,
    "4": 0.00000970243131223005804825091070824035000292599184177863454462031777144781782617396066333702566776566215065121624422961,
    "5": 0.000016889912008492194566244866527050415108418968817918766755223862385621969294546703701220317524721053216976772250130,
    "6": 0.0002351769628819661848046632402234396135076561652052353026981611612133777671544318252375815737846129860582601082764845,
    "7": 0.0000036952036281954689078956382770620216191680591822213454123917795488732637485837388298732847485798264641839220006482,
    "8": 0.000069299676537997842378457575089429319274870649617468589581828627808185417604212517704970263283778837080914887161,
    "9": 0.000038348450344957669804852166533179019213918997580127769492133947704952650703336719899019384283566466646824719458968,
    "10": 0.00002923100702337642794982624772914020660656564238280599489315065411233631450788984882375287467815374575635988085630727,
    "11": 0.000007725167432748269937931711827154192084110012227856565854560778847103849003812543449697246138846341571094255247661,
    "12": 0.00001427036586769808032160472820225074580814293335136725500477835368486749829374726588279496364286266451201258702480520,
    "13": 0.0003792257608780355508323041869589304481931259125728438189385638689637405654504942887571174714758605469394982411028480
  },
  "setupType": "Multi Region Model National Bidder",
  "population": 0,
  "id": 9,
  "worldId": 390,
  "setup": {
    "bInterval": {
      "minValue": 0.1,
      "maxValue": 0.3
    },
    "kMax": 2.0,
    "alphaInterval": {
      "minValue": 700.0,
      "maxValue": 1200.0
    },
    "betaInterval": {
      "minValue": 0.08,
      "maxValue": 0.22
    },
    "setupName": "Multi Region Model National Bidder",
    "numberOfBidders": 3
  },
  "implementation": "org.spectrumauctions.sats.core.model.mrvm.MRVMNationalBidder"
}