{
  "regionsOfInterest": [
    3,
    4,
    7
  ],
  "alpha": 90.116195263043010754699935205280780792236328125,
  "beta": {
    "0": 0.08360119078636234213330880038483883254230022430419921875,
    "1": 0.0930140858632334255329254801836214028298854827880859375,
    "2": 0.088844521308093449274423392125754617154598236083984375,
    "3": 0.108516010713610111526605805920553393661975860595703125,
    "4": 0.10669898510091180288128498432342894375324249267578125,
    "5": 0.056596980893966301884301373092966969124972820281982421875,
    "6": 0.0777914843813982681552943176939152181148529052734375,
    "7": 0.109836013185983627504782589312526397407054901123046875,
    "8": 0.08447979021663820642373821101500652730464935302734375,
    "9": 0.076823142874850203210002064224681816995143890380859375,
    "10": 0.051200356096354544821469545468062278814613819122314453125,
    "11": 0.0971754257399898013769501403658068738877773284912109375,
    "12": 0.11910928031283918304694680045940913259983062744140625,
    "13": 0.051805033447740990448782127941740327514708042144775390625
  },
  "zLow": {
    "0": 0.000003486678401,
    "1": 0.000001518991913,
    "2": 0.000002252756491,
    "3": 8.286416008E-7,
    "4": 2.474230493E-7,
    "5": 0.000001129220045,
    "6": 0.00001013638612,
    "7": 1.353651601E-7,
    "8": 0.000002297190744,
    "9": 0.000001616359098,
    "10": 0.000001423004162,
    "11": 2.115761217E-7,
    "12": 2.862917117E-7,
    "13": 0.00002768091076
  },
  "zHigh": {
    "0": 0.00013374939864524371570318630539693828706460880469588182193476417249115935608825682757191103633927421817479296534017194,
    "1": 0.0000596985217920004293005876086193414583975466422086697484884255830085957095111934935769358088172021275435960542546416,
    "2": 0.000087597201930974888347546887333239195736408141727536720928735085589703795148936749645061508328581908550604651234551,
    "3": 0.000033851336106880796125069599585493001911402815087605660669643917898707558490980466836741039147685339439590854242483,
    "4": 0.00001006267030041057726424724540531229484277969321840870335351478717983280941048642628584140603958826703927840081854,
    "5": 0.000040267645879397657062198809616251965424314071716275858851050480644730886880230982723377849616713366760878299207037884,
    "6": 0.0003829440356502288710615363955987760217712369752468567000086531472079437887623155355782299254758599104996343618691,
    "7": 0.000005547751752760067699789925062338391672020356755499657552751214172509465615593776272880193090621282701651831496990,
    "8": 0.00008832234149832700696863151942906184061098950780879418849427890044393200706119845404135651242455729435432284670127,
    "9": 0.000060908151526409330136525073944433424243898026305592137761561072518448349842104220861848593731820223796206929080534,
    "10": 0.000049975956833204872140528880444439184341797777112482202501005515981557154093714477590635735436209673490698375765105883,
    "11": 0.0000084032836211589933831652709392890375072274354422279826492421913136487639058194779849522360676846787447293896919928,
    "12": 0.00001199875132432974725274830922118589726074559008874569216427187328273044720788743925381700960546672865854780461303,
    "13": 0.000973828373390072795196331072027138658628183838480761505909844434687267983352585893160365161905663333104250198683986263
  },
  "setupType": "Multi Region Model Local Bidder",
  "population": 0,
  "id": 1,
  "worldId": 390,
  "setup": {
    "numberOfRegionsInterval": {
      "minValue": 3,
      "maxValue": 7
    },
    "alphaInterval": {
      "minValue": 60.0,
      "maxValue": 100.0
    },
    "betaInterval": {
      "minValue": 0.05,
      "maxValue": 0.12
    },
    "setupName": "Multi Region Model Local Bidder",
    "numberOfBidders": 3
  },
  "implementation": "org.spectrumauctions.sats.core.model.mrvm.MRVMLocalBidder"
}