{
  "homeId": 2,
  "distanceDiscounts": {
    "0": 1,
    "1": 0.42045,
    "2": 0.17678,
    "3": 0.07433,
    "4": 0.03125,
    "5": 0.01314,
    "6": 0.00552,
    "7": 0.00232
  },
  "alpha": 550.04037705248583733919076621532440185546875,
  "beta": {
    "0": 0.07081271977438600984111616298832814209163188934326171875,
    "1": 0.040683624201516714602444579895745846442878246307373046875,
    "2": 0.07950568255846679477372163091786205768585205078125,
    "3": 0.071152535084367085627121696234098635613918304443359375,
    "4": 0.0406502893223146255508027024916373193264007568359375,
    "5": 0.040470742487469124615273585732211358845233917236328125,
    "6": 0.089768664683384680191835514051490463316440582275390625,
    "7": 0.08532520306751871508321727333168382756412029266357421875,
    "8": 0.048218704362434840204887365189279080368578433990478515625,
    "9": 0.05939475027775641124971883755279122851788997650146484375,
    "10": 0.0413240058172889279664019568372168578207492828369140625,
    "11": 0.051054963239198468405444231166256940923631191253662109375,
    "12": 0.09361760334216691348263594818490673787891864776611328125,
    "13": 0.0625161506595542093567274832821567542850971221923828125
  },
  "zLow": {
    "0": 0.000004116357445,
    "1": 0.000003472838199,
    "2": 0.000002517368138,
    "3": 0.000001263776206,
    "4": 6.494366629E-7,
    "5": 0.000001579176496,
    "6": 0.000008783961808,
    "7": 1.742506197E-7,
    "8": 0.000004024707728,
    "9": 0.000002090652547,
    "10": 0.000001763099157,
    "11": 4.027032516E-7,
    "12": 3.642477325E-7,
    "13": 0.00002293824064
  },
  "zHigh": {
    "0": 0.00015263976995113121455620933976531738899975688739917536558859298939939401670519356368564076258684387566394584330151168,
    "1": 0.000118313910367386540064035482608162660683310968319704604886318696461206446189706061357152641494163283528917169911385601,
    "2": 0.00009553555134195724159570057445314831516018904503858327204605158367509763397553044149283229996024779405783180274,
    "3": 0.000046905374260279017890057792407046364720179989940287955347957867508660561337288610478722889968517325478733787394175,
    "4": 0.0000221230787095225124722391434415768705975603432486052676770453190108261400355400566843896241472789050427188099708,
    "5": 0.000053766339408846297466838188182122060834206673022074831151886959492769670123376255692028853679694998190088406964688,
    "6": 0.000342371306446739477688024888624037353134683942275735996290211754052777128443910797912269777298448394309674743658553,
    "7": 0.00000671431554019797167206775573531986199731870730319710033549279403406451320253943235637371430864076138695161495541693,
    "8": 0.000140147851034112643243675868042421938800017192379713234837156331749764836897089932264779794863539138982718531373024700,
    "9": 0.00007513695498296680887250835388265995601047279745988215107813238272102926465467624631708443625051170597299849133782270,
    "10": 0.0000601788066818749501568300767757263904567821762317231023016621115004543230183499237781061615338862881419629787438658,
    "11": 0.000014137097515662188638906111963873623070047165777267129046430161424983113079230686830447804513638397751911607547422009,
    "12": 0.00001433743194840482380639327173568260623177053849292113834935234289379245856503547697614382375788906186202257042162045,
    "13": 0.0008315482698513891984977920334547226151435874438265123275547988445406581811958539521974610743309657877969753812573982
  },
  "setupType": "Multi Region Model Regional Bidder",
  "population": 0,
  "id": 3,
  "worldId": 390,
  "setup": {
    "exponentFactor": 1.25,
    "base": 2.0,
    "alphaInterval": {
      "minValue": 500.0,
      "maxValue": 840.0
    },
    "betaInterval": {
      "minValue": 0.04,
      "maxValue": 0.1
    },
    "setupName": "Multi Region Model Regional Bidder",
    "numberOfBidders": 4
  },
  "implementation": "org.spectrumauctions.sats.core.model.mrvm.MRVMRegionalBidder"
}