{
  "gammaValues": {
    "1": 0.91438,
    "2": 0.65750
  },
  "alpha": 768.4802184888957299335743300616741180419921875,
  "beta": {
    "0": 0.09655741483368764088712765669697546400129795074462890625,
    "1": 0.08299962720335664345672199715409078635275363922119140625,
    "2": 0.178090358723996422529722849503741599619388580322265625,
    "3": 0.175325354901278485098004011888406239449977874755859375,
    "4": 0.16122307077021691412710424629040062427520751953125,
    "5": 0.1040949165076846816280209395699785090982913970947265625,
    "6": 0.08734121327068640472379712491601821966469287872314453125,
    "7": 0.15718170599737513182247994336648844182491302490234375,
    "8": 0.198911326121530562804906594465137459337711334228515625,
    "9": 0.1165061254109683586133172639165422879159450531005859375,
    "10": 0.127288206638469347797837372127105481922626495361328125,
    "11": 0.105031078649600206897929410843062214553356170654296875,
    "12": 0.21258466572262424421069226809777319431304931640625,
    "13": 0.215660131821864109458175562394899316132068634033203125
  },
  "zLow": {
    "0": 0.000003018830473,
    "1": 0.000001702268419,
    "2": 0.000001123840019,
    "3": 5.128800731E-7,
    "4": 1.637469633E-7,
    "5": 6.139631738E-7,
    "6": 0.000009028092153,
    "7": 9.459096663E-8,
    "8": 9.756417387E-7,
    "9": 0.000001065813368,
    "10": 5.723886112E-7,
    "11": 1.957515811E-7,
    "12": 1.604066767E-7,
    "13": 0.000006649400126
  },
  "zHigh": {
    "0": 0.00011971396078060128512500807712681534948973675797876131240220329437460474446585030616887863602975876759383954261294847,
    "1": 0.00006519681698615530380919523703669970670044057942223806246394417675265914120292985184760294542721881684881406456606965,
    "2": 0.000053729707762139403757603962444931749638522501563684487651481664079454449250542207034360045690289361510171620842038,
    "3": 0.000024378490274567542860790978775721957061481648194838434532380061201911709641846155604356182630576189754736958307498,
    "4": 0.00000755238772102265614348795610611390255689844313406180362074115358728192326685735937605461226737565821679191694,
    "5": 0.0000248099397430629218801460364966978617009917537097018949956752664168206855833046520057852671711499414541989645088754,
    "6": 0.00034969521678678238318532167382070277423931690397119155599191765574417063717669456107393542444700560043514477086066562,
    "7": 0.00000432452594946475594600660500530727496809455717626816285998278431717538317646891303290073587341057761245842176528,
    "8": 0.000048675871366893742537519510245038068681836521311138499228446382909304958164155965706933538459416439987772203245829,
    "9": 0.0000443917796294985644139409271021182520580936428681342131036012007666466471188443305489223162526973575774846954739434,
    "10": 0.000024457490313996996368522560274973083083285433807654663997658368035021476538435742308957956778348315545491864063468,
    "11": 0.000007928547400969911099928224217446501024711130524228169945902902007897170781049688867322678801584513393159785151387,
    "12": 0.00000822220027372186509451847493662632094010009741908275447317178692451198245364243193953261090196407730489709753,
    "13": 0.000342883054502810150960916225182376460304029058629530337373605839410122125714415544142040795501394165667834609495607
  },
  "setupType": "Multi Region Model National Bidder",
  "population": 0,
  "id": 8,
  "worldId": 390,
  "setup": {
    "bInterval": {
      "minValue": 0.1,
      "maxValue": 0.3
    },
    "kMax": 2.0,
    "alphaInterval": {
      "minValue": 700.0,
      "maxValue": 1200.0
    },
    "betaInterval": {
      "minValue": 0.08,
      "maxValue": 0.22
    },
    "setupName": "Multi Region Model National Bidder",
    "numberOfBidders": 3
  },
  "implementation": "org.spectrumauctions.sats.core.model.mrvm.MRVMNationalBidder"
}