{
  "regionsOfInterest": [
    2,
    6,
    8,
    9,
    10
  ],
  "alpha": 80.51372766408627512646489776670932769775390625,
  "beta": {
    "0": 0.050358677145734664915011080665863119065761566162109375,
    "1": 0.0660099626641371395319168868809356354176998138427734375,
    "2": 0.0840040600626812128393083867194945923984050750732421875,
    "3": 0.06709568963829574961277302236339892260730266571044921875,
    "4": 0.063054897696862344247392684337683022022247314453125,
    "5": 0.11448633780829912953702631739361095242202281951904296875,
    "6": 0.09513110188519480203694911324419081211090087890625,
    "7": 0.07644896218260240072783773257469874806702136993408203125,
    "8": 0.11359981817895505040727499590502702631056308746337890625,
    "9": 0.07688986421327105580392213823870406486093997955322265625,
    "10": 0.07669464364647200771418766862552729435265064239501953125,
    "11": 0.06937825610368154871654411408599116839468479156494140625,
    "12": 0.0720987374580198403517528049633256159722805023193359375,
    "13": 0.1090937579883970165450790545946802012622356414794921875
  },
  "zLow": {
    "0": 0.000005788286801,
    "1": 0.000002140398790,
    "2": 0.000002382564271,
    "3": 0.000001340188637,
    "4": 4.186794239E-7,
    "5": 5.582364371E-7,
    "6": 0.000008288819393,
    "7": 1.944822936E-7,
    "8": 0.000001708331890,
    "9": 0.000001614956499,
    "10": 9.499792469E-7,
    "11": 2.963464472E-7,
    "12": 4.729625087E-7,
    "13": 0.00001314475305
  },
  "zHigh": {
    "0": 0.000202797650626771447765797315904120857151610237008309600345621197284967679867193427816989854091736504741364727728644,
    "1": 0.0000783407280989286666478377568630091807424254798687181963371255704624094007753542120552434544225278996061493624515890,
    "2": 0.0000914914353101206847953935238328938974628515499734042294199501943478463250388966723163319202850634056515014669745334,
    "3": 0.00004919774718621713371694194646169846944234568874179358494152786801263923441519887577212527203087740515558950341774784,
    "4": 0.000015200361540856276174198631241643186312503020737545088906023220458802759019437444371699367210025884532432530157,
    "5": 0.00002313813764243287920455434909571701593095994061027794002031991867910698523283098531964470822016711091278929553939272,
    "6": 0.00032751703398143356630694659149820867684513808176026512628258762317600502257212988297687634392976256853915988675,
    "7": 0.00000732126575778804011706738390855596207100284885409472182423458354430195778965287738684963483351670798805260494818577,
    "8": 0.00007065657589799749260477296105727447242159234277365313768385231912348848979824405428359462177619995285150971774918218,
    "9": 0.00006086607355807877045365735365091745655813011288767793445383988493052071669538828876750708079552519271359077860561642,
    "10": 0.00003578520938603786961634524079704637373524261997831033154874687353942933464712735273972565231352783761815848512196618,
    "11": 0.00001094639338325492379232103864056378198020423508702455389857969678551894773247096972773689444456233185877111055914224,
    "12": 0.0000175988752331251871307618924695752861250936523658767447655363659077409919854609567464268061700405854848634995126487,
    "13": 0.0005377436421007283491991685855349704086572729313841655090256553308316760806100477688211633613334863125357219888910069
  },
  "setupType": "Multi Region Model Local Bidder",
  "population": 0,
  "id": 0,
  "worldId": 390,
  "setup": {
    "numberOfRegionsInterval": {
      "minValue": 3,
      "maxValue": 7
    },
    "alphaInterval": {
      "minValue": 60.0,
      "maxValue": 100.0
    },
    "betaInterval": {
      "minValue": 0.05,
      "maxValue": 0.12
    },
    "setupName": "Multi Region Model Local Bidder",
    "numberOfBidders": 3
  },
  "implementation": "org.spectrumauctions.sats.core.model.mrvm.MRVMLocalBidder"
}