{
  "bidderPosition": 4,
  "values": {
    "16": 3.644601724953069332713084804709069430828094482421875,
    "17": 16.837340747250383543587304302491247653961181640625,
    "8": 9.1052838182685746915012714453041553497314453125,
    "9": 12.2253570143972378758689956157468259334564208984375,
    "10": 11.361594964631134274668511352501809597015380859375,
    "11": 10.2598872439135817558053531683981418609619140625
  },
  "setupType": "Regional Bidder Setup",
  "population": 0,
  "id": 4,
  "worldId": 945,
  "setup": {
    "lowNationalValueInterval": {
      "minValue": 0.0,
      "maxValue": 20.0
    },
    "highNationalValueInterval": {
      "minValue": 0.0,
      "maxValue": 40.0
    },
    "regionalValueInterval": {
      "minValue": 0.0,
      "maxValue": 20.0
    },
    "setupName": "Regional Bidder Setup",
    "numberOfBidders": 6
  },
  "implementation": "org.spectrumauctions.sats.core.model.gsvm.GSVMBidder"
}