{
  "bidderPosition": 3,
  "values": {
    "16": 18.99413822213667657479163608513772487640380859375,
    "6": 21.236408275554850888511282391846179962158203125,
    "7": 7.3077230971806717008121268008835613727569580078125,
    "8": 3.185368755868902557182309465133585035800933837890625,
    "9": 1.08486331325069240705261108814738690853118896484375,
    "15": 1.3324717445373845947642621467821300029754638671875
  },
  "setupType": "Regional Bidder Setup",
  "population": 0,
  "id": 3,
  "worldId": 945,
  "setup": {
    "lowNationalValueInterval": {
      "minValue": 0.0,
      "maxValue": 20.0
    },
    "highNationalValueInterval": {
      "minValue": 0.0,
      "maxValue": 40.0
    },
    "regionalValueInterval": {
      "minValue": 0.0,
      "maxValue": 20.0
    },
    "setupName": "Regional Bidder Setup",
    "numberOfBidders": 6
  },
  "implementation": "org.spectrumauctions.sats.core.model.gsvm.GSVMBidder"
}