{
  "bidderPosition": 3,
  "values": {
    "16": 16.8791734487116258378591737709939479827880859375,
    "6": 23.214868233581370304818847216665744781494140625,
    "7": 37.92575736908290906512775109149515628814697265625,
    "8": 7.114761151623174129099425044842064380645751953125,
    "9": 12.89066765654587953804366406984627246856689453125,
    "15": 2.345517839869823983889318697038106620311737060546875
  },
  "setupType": "Regional Bidder Setup",
  "population": 0,
  "id": 3,
  "worldId": 1003,
  "setup": {
    "lowNationalValueInterval": {
      "minValue": 0.0,
      "maxValue": 20.0
    },
    "highNationalValueInterval": {
      "minValue": 0.0,
      "maxValue": 40.0
    },
    "regionalValueInterval": {
      "minValue": 0.0,
      "maxValue": 20.0
    },
    "setupName": "Regional Bidder Setup",
    "numberOfBidders": 6
  },
  "implementation": "org.spectrumauctions.sats.core.model.gsvm.GSVMBidder"
}