{
  "bidderPosition": 2,
  "values": {
    "4": 26.18564226686509499586463789455592632293701171875,
    "5": 24.685777178619989769003950641490519046783447265625,
    "6": 4.78251943198524376299474170082248747348785400390625,
    "7": 15.64774647790476791442415560595691204071044921875,
    "14": 11.6820071415109776324925405788235366344451904296875,
    "15": 2.211882868318324479872671872726641595363616943359375
  },
  "setupType": "Regional Bidder Setup",
  "population": 0,
  "id": 2,
  "worldId": 656,
  "setup": {
    "lowNationalValueInterval": {
      "minValue": 0.0,
      "maxValue": 20.0
    },
    "highNationalValueInterval": {
      "minValue": 0.0,
      "maxValue": 40.0
    },
    "regionalValueInterval": {
      "minValue": 0.0,
      "maxValue": 20.0
    },
    "setupName": "Regional Bidder Setup",
    "numberOfBidders": 6
  },
  "implementation": "org.spectrumauctions.sats.core.model.gsvm.GSVMBidder"
}