{
  "bidderPosition": 0,
  "values": {
    "0": 11.7591103359423669871830497868359088897705078125,
    "1": 9.271701340236230493019320419989526271820068359375,
    "2": 0.132122430337415774914688881835900247097015380859375,
    "3": 14.1826638497348511691598105244338512420654296875,
    "12": 4.576810434939869054460359620861709117889404296875,
    "13": 1.415904094417348435541725848452188074588775634765625
  },
  "setupType": "Regional Bidder Setup",
  "population": 0,
  "id": 0,
  "worldId": 656,
  "setup": {
    "lowNationalValueInterval": {
      "minValue": 0.0,
      "maxValue": 20.0
    },
    "highNationalValueInterval": {
      "minValue": 0.0,
      "maxValue": 40.0
    },
    "regionalValueInterval": {
      "minValue": 0.0,
      "maxValue": 20.0
    },
    "setupName": "Regional Bidder Setup",
    "numberOfBidders": 6
  },
  "implementation": "org.spectrumauctions.sats.core.model.gsvm.GSVMBidder"
}