{
  "bidderPosition": 0,
  "values": {
    "0": 0.636599467641725258459928227239288389682769775390625,
    "1": 5.33070610265863109589190571568906307220458984375,
    "2": 19.436479228796198270856621093116700649261474609375,
    "3": 9.066519209990151040301498142071068286895751953125,
    "12": 10.1752397963508656175690703094005584716796875,
    "13": 6.6826834651869848613614522037096321582794189453125
  },
  "setupType": "Regional Bidder Setup",
  "population": 0,
  "id": 0,
  "worldId": 1056,
  "setup": {
    "lowNationalValueInterval": {
      "minValue": 0.0,
      "maxValue": 20.0
    },
    "highNationalValueInterval": {
      "minValue": 0.0,
      "maxValue": 40.0
    },
    "regionalValueInterval": {
      "minValue": 0.0,
      "maxValue": 20.0
    },
    "setupName": "Regional Bidder Setup",
    "numberOfBidders": 6
  },
  "implementation": "org.spectrumauctions.sats.core.model.gsvm.GSVMBidder"
}