{
  "bidderPosition": 4,
  "values": {
    "16": 9.9069480771690763276637881062924861907958984375,
    "17": 3.23462002946393933910940177156589925289154052734375,
    "8": 7.19144740928785441980153336771763861179351806640625,
    "9": 14.2891554537314817707738257013261318206787109375,
    "10": 7.69575325411640864814444285002537071704864501953125,
    "11": 0.656549993270696408131925636553205549716949462890625
  },
  "setupType": "Regional Bidder Setup",
  "population": 0,
  "id": 4,
  "worldId": 1056,
  "setup": {
    "lowNationalValueInterval": {
      "minValue": 0.0,
      "maxValue": 20.0
    },
    "highNationalValueInterval": {
      "minValue": 0.0,
      "maxValue": 40.0
    },
    "regionalValueInterval": {
      "minValue": 0.0,
      "maxValue": 20.0
    },
    "setupName": "Regional Bidder Setup",
    "numberOfBidders": 6
  },
  "implementation": "org.spectrumauctions.sats.core.model.gsvm.GSVMBidder"
}