{
  "bidderPosition": 1,
  "values": {
    "2": 15.4632998426724714846614006091840565204620361328125,
    "3": 9.92152654958243118699101614765822887420654296875,
    "4": 17.591706332988326977329052169807255268096923828125,
    "5": 19.49902189207801939119235612452030181884765625,
    "13": 0.81670174581955468084970561903901398181915283203125,
    "14": 4.92679493110472321859560906887054443359375
  },
  "setupType": "Regional Bidder Setup",
  "population": 0,
  "id": 1,
  "worldId": 866,
  "setup": {
    "lowNationalValueInterval": {
      "minValue": 0.0,
      "maxValue": 20.0
    },
    "highNationalValueInterval": {
      "minValue": 0.0,
      "maxValue": 40.0
    },
    "regionalValueInterval": {
      "minValue": 0.0,
      "maxValue": 20.0
    },
    "setupName": "Regional Bidder Setup",
    "numberOfBidders": 6
  },
  "implementation": "org.spectrumauctions.sats.core.model.gsvm.GSVMBidder"
}