{
  "bidderPosition": 4,
  "values": {
    "16": 0.724502546179970341455600646440871059894561767578125,
    "17": 16.702436418677478968675131909549236297607421875,
    "8": 4.1955105016052289812478193198330700397491455078125,
    "9": 17.685754525640096090910446946509182453155517578125,
    "10": 6.09913046718099138843172113411128520965576171875,
    "11": 15.6329488775616898266207499545998871326446533203125
  },
  "setupType": "Regional Bidder Setup",
  "population": 0,
  "id": 4,
  "worldId": 866,
  "setup": {
    "lowNationalValueInterval": {
      "minValue": 0.0,
      "maxValue": 20.0
    },
    "highNationalValueInterval": {
      "minValue": 0.0,
      "maxValue": 40.0
    },
    "regionalValueInterval": {
      "minValue": 0.0,
      "maxValue": 20.0
    },
    "setupName": "Regional Bidder Setup",
    "numberOfBidders": 6
  },
  "implementation": "org.spectrumauctions.sats.core.model.gsvm.GSVMBidder"
}