{
  "bidderPosition": 0,
  "values": {
    "0": 2.33795434233029286730243256897665560245513916015625,
    "1": 2.251699835438090158135082674561999738216400146484375,
    "2": 6.2952763754957796749067711061798036098480224609375,
    "3": 17.80535952727831272568437270820140838623046875,
    "12": 1.338851562302869613318989649997092783451080322265625,
    "13": 5.71768225829994758413477029534988105297088623046875
  },
  "setupType": "Regional Bidder Setup",
  "population": 0,
  "id": 0,
  "worldId": 866,
  "setup": {
    "lowNationalValueInterval": {
      "minValue": 0.0,
      "maxValue": 20.0
    },
    "highNationalValueInterval": {
      "minValue": 0.0,
      "maxValue": 40.0
    },
    "regionalValueInterval": {
      "minValue": 0.0,
      "maxValue": 20.0
    },
    "setupName": "Regional Bidder Setup",
    "numberOfBidders": 6
  },
  "implementation": "org.spectrumauctions.sats.core.model.gsvm.GSVMBidder"
}