{
  "bidderPosition": 5,
  "values": {
    "0": 6.9091912797517966993154914234764873981475830078125,
    "1": 7.857364675872464232497804914601147174835205078125,
    "17": 9.137327770190058373600550112314522266387939453125,
    "10": 1.883693149807343925061786649166606366634368896484375,
    "11": 12.937765575155768971171710290946066379547119140625,
    "12": 5.0002853031249916426759227761067450046539306640625
  },
  "setupType": "Regional Bidder Setup",
  "population": 0,
  "id": 5,
  "worldId": 488,
  "setup": {
    "lowNationalValueInterval": {
      "minValue": 0.0,
      "maxValue": 20.0
    },
    "highNationalValueInterval": {
      "minValue": 0.0,
      "maxValue": 40.0
    },
    "regionalValueInterval": {
      "minValue": 0.0,
      "maxValue": 20.0
    },
    "setupName": "Regional Bidder Setup",
    "numberOfBidders": 6
  },
  "implementation": "org.spectrumauctions.sats.core.model.gsvm.GSVMBidder"
}