{
  "bidderPosition": -1,
  "values": {
    "0": 1.5991916668217631691817359751439653337001800537109375,
    "1": 6.05237278279869173047700314782559871673583984375,
    "2": 6.99304871420452034413983710692264139652252197265625,
    "3": 0.9138485103227356187716168278711847960948944091796875,
    "4": 5.3363119414047872623996227048337459564208984375,
    "5": 1.04308404958492584313489714986644685268402099609375,
    "6": 7.79787050242695300994455465115606784820556640625,
    "7": 9.4936203849284179767664682003669440746307373046875,
    "8": 4.532078591940955192285400698892772197723388671875,
    "9": 0.2550398295225164702060283161699771881103515625,
    "10": 6.6572120984870934989885427057743072509765625,
    "11": 6.474790571732160771034614299423992633819580078125
  },
  "setupType": "National Bidder Setup",
  "population": 0,
  "id": 6,
  "worldId": 488,
  "setup": {
    "lowNationalValueInterval": {
      "minValue": 0.0,
      "maxValue": 10.0
    },
    "highNationalValueInterval": {
      "minValue": 0.0,
      "maxValue": 20.0
    },
    "regionalValueInterval": {
      "minValue": 0.0,
      "maxValue": 0.0
    },
    "setupName": "National Bidder Setup",
    "numberOfBidders": 1
  },
  "implementation": "org.spectrumauctions.sats.core.model.gsvm.GSVMBidder"
}