{
  "bidderPosition": 3,
  "values": {
    "16": 0.719330166299181339439883231534622609615325927734375,
    "6": 27.87946317220535519254553946666419506072998046875,
    "7": 34.56610843978399572051785071380436420440673828125,
    "8": 4.4230575959549316422680931282229721546173095703125,
    "9": 1.970038289730968728008519974537193775177001953125,
    "15": 11.413158986668594963020950672216713428497314453125
  },
  "setupType": "Regional Bidder Setup",
  "population": 0,
  "id": 3,
  "worldId": 488,
  "setup": {
    "lowNationalValueInterval": {
      "minValue": 0.0,
      "maxValue": 20.0
    },
    "highNationalValueInterval": {
      "minValue": 0.0,
      "maxValue": 40.0
    },
    "regionalValueInterval": {
      "minValue": 0.0,
      "maxValue": 20.0
    },
    "setupName": "Regional Bidder Setup",
    "numberOfBidders": 6
  },
  "implementation": "org.spectrumauctions.sats.core.model.gsvm.GSVMBidder"
}