{
  "bidderPosition": 2,
  "values": {
    "4": 19.17302590279970075926030403934419155120849609375,
    "5": 17.68543723947525592166130081750452518463134765625,
    "6": 36.6289279436786046062479726970195770263671875,
    "7": 3.9296632694584676670501721673645079135894775390625,
    "14": 2.68862324587246792617634127964265644550323486328125,
    "15": 4.20458829230617059380392674938775599002838134765625
  },
  "setupType": "Regional Bidder Setup",
  "population": 0,
  "id": 2,
  "worldId": 398,
  "setup": {
    "lowNationalValueInterval": {
      "minValue": 0.0,
      "maxValue": 20.0
    },
    "highNationalValueInterval": {
      "minValue": 0.0,
      "maxValue": 40.0
    },
    "regionalValueInterval": {
      "minValue": 0.0,
      "maxValue": 20.0
    },
    "setupName": "Regional Bidder Setup",
    "numberOfBidders": 6
  },
  "implementation": "org.spectrumauctions.sats.core.model.gsvm.GSVMBidder"
}