{
  "bidderPosition": 3,
  "values": {
    "16": 8.1085629555022915582185305538587272167205810546875,
    "6": 24.57959081914616916719751316122710704803466796875,
    "7": 28.439395583017809343573389924131333827972412109375,
    "8": 7.37305809289391600458429820719175040721893310546875,
    "9": 7.14674880414882096602013916708528995513916015625,
    "15": 16.225480308374397253601273405365645885467529296875
  },
  "setupType": "Regional Bidder Setup",
  "population": 0,
  "id": 3,
  "worldId": 398,
  "setup": {
    "lowNationalValueInterval": {
      "minValue": 0.0,
      "maxValue": 20.0
    },
    "highNationalValueInterval": {
      "minValue": 0.0,
      "maxValue": 40.0
    },
    "regionalValueInterval": {
      "minValue": 0.0,
      "maxValue": 20.0
    },
    "setupName": "Regional Bidder Setup",
    "numberOfBidders": 6
  },
  "implementation": "org.spectrumauctions.sats.core.model.gsvm.GSVMBidder"
}