{
  "bidderPosition": -1,
  "values": {
    "0": 2.3096075253909962299303515464998781681060791015625,
    "1": 4.7798070950934512524099773145280778408050537109375,
    "2": 4.70259448242506206128155099577270448207855224609375,
    "3": 2.1623085607264389551573913195170462131500244140625,
    "4": 18.057806752151552842633464024402201175689697265625,
    "5": 15.53411524432699053477335837669670581817626953125,
    "6": 4.204159616822284561976630357094109058380126953125,
    "7": 3.865865472594138818607234497903846204280853271484375,
    "8": 3.15074177166547375605887282290495932102203369140625,
    "9": 2.00339405136127357565101192449219524860382080078125,
    "10": 3.543951925312656126010324442177079617977142333984375,
    "11": 9.17675621761072335402786848135292530059814453125
  },
  "setupType": "National Bidder Setup",
  "population": 0,
  "id": 6,
  "worldId": 360,
  "setup": {
    "lowNationalValueInterval": {
      "minValue": 0.0,
      "maxValue": 10.0
    },
    "highNationalValueInterval": {
      "minValue": 0.0,
      "maxValue": 20.0
    },
    "regionalValueInterval": {
      "minValue": 0.0,
      "maxValue": 0.0
    },
    "setupName": "National Bidder Setup",
    "numberOfBidders": 1
  },
  "implementation": "org.spectrumauctions.sats.core.model.gsvm.GSVMBidder"
}