{
  "bidderPosition": -1,
  "values": {
    "0": 7.07593766284223857354618303361348807811737060546875,
    "1": 8.842812946680350449923935229890048503875732421875,
    "2": 2.02555898860374927750171991647221148014068603515625,
    "3": 3.531837874026738433030914166010916233062744140625,
    "4": 0.798194915617573830246556099154986441135406494140625,
    "5": 0.792720215517757065271098326775245368480682373046875,
    "6": 9.082087612164880141563116922043263912200927734375,
    "7": 3.10379947151931734339314061799086630344390869140625,
    "8": 8.820314247063048895824977080337703227996826171875,
    "9": 3.43908635453100597345610367483459413051605224609375,
    "10": 7.7761477876323414903936281916685402393341064453125,
    "11": 9.9201489716105566429860118660144507884979248046875
  },
  "setupType": "National Bidder Setup",
  "population": 0,
  "id": 6,
  "worldId": 693,
  "setup": {
    "lowNationalValueInterval": {
      "minValue": 0.0,
      "maxValue": 10.0
    },
    "highNationalValueInterval": {
      "minValue": 0.0,
      "maxValue": 20.0
    },
    "regionalValueInterval": {
      "minValue": 0.0,
      "maxValue": 0.0
    },
    "setupName": "National Bidder Setup",
    "numberOfBidders": 1
  },
  "implementation": "org.spectrumauctions.sats.core.model.gsvm.GSVMBidder"
}