{
  "bidderPosition": 5,
  "values": {
    "0": 14.06965950405611209816925111226737499237060546875,
    "1": 19.432546313275931737507562502287328243255615234375,
    "17": 2.31119863904613254135256283916532993316650390625,
    "10": 2.639582519949519312518759761587716639041900634765625,
    "11": 8.571752123933748634954099543392658233642578125,
    "12": 18.84873176354167156887342571280896663665771484375
  },
  "setupType": "Regional Bidder Setup",
  "population": 0,
  "id": 5,
  "worldId": 693,
  "setup": {
    "lowNationalValueInterval": {
      "minValue": 0.0,
      "maxValue": 20.0
    },
    "highNationalValueInterval": {
      "minValue": 0.0,
      "maxValue": 40.0
    },
    "regionalValueInterval": {
      "minValue": 0.0,
      "maxValue": 20.0
    },
    "setupName": "Regional Bidder Setup",
    "numberOfBidders": 6
  },
  "implementation": "org.spectrumauctions.sats.core.model.gsvm.GSVMBidder"
}