{
  "homeId": 0,
  "distanceDiscounts": {
    "0": 1,
    "1": 0.42045,
    "2": 0.17678,
    "3": 0.07433,
    "4": 0.03125,
    "5": 0.01314,
    "6": 0.00552,
    "7": 0.00232
  },
  "alpha": 617.6555237196424741341616027057170867919921875,
  "beta": {
    "0": 0.05283980279348633735114759701900766231119632720947265625,
    "1": 0.08435217106948000864719006131053902208805084228515625,
    "2": 0.0511779065341405325906265488811186514794826507568359375,
    "3": 0.0944983775430664196814944943980663083493709564208984375,
    "4": 0.09362600497861628401352618311648257076740264892578125,
    "5": 0.074795650219833920147038952563889324665069580078125,
    "6": 0.075899829811651053912413544821902178227901458740234375,
    "7": 0.072849382153950870133485295809805393218994140625,
    "8": 0.073249030916966162418901831188122741878032684326171875,
    "9": 0.05451354376522399292070986120961606502532958984375,
    "10": 0.096803434749625105748549458439811132848262786865234375,
    "11": 0.04170448611097178626128112455262453295290470123291015625,
    "12": 0.0664564628359717024519426331607974134385585784912109375,
    "13": 0.05236949929588503860333759121203911490738391876220703125
  },
  "zLow": {
    "0": 0.000006164979034,
    "1": 0.000001871872897,
    "2": 0.000004370496954,
    "3": 0.000001063419544,
    "4": 3.151174027E-7,
    "5": 9.549132926E-7,
    "6": 0.00001161028389,
    "7": 2.280836878E-7,
    "8": 0.000002960850219,
    "9": 0.000002545622170,
    "10": 8.411177964E-7,
    "11": 5.509456611E-7,
    "12": 5.734368405E-7,
    "13": 0.00003060147423
  },
  "zHigh": {
    "0": 0.00021752499864817164556932396970018736306409507980106460373956406185492113976744472247636206083651507207260526079464,
    "1": 0.00007194584116544639427409206767202192655558356755900467426432225106514808847929139167604642570385515091529209881,
    "2": 0.0001534821970619951850774212943964584205575930563274547795549085238758266568698930057714178543873878537263612093387,
    "3": 0.0000419517284590896074753468176036369837757137656120469394377568934127337277164360951725995113649060926538757862903,
    "4": 0.00001240384042876212283675989127985928940210125842513581295788949121379803625443439068122613681875234141705877848,
    "5": 0.000035789734838930635515444850147415161994402576291894818140281533822321911761543220175242608244246591548271311,
    "6": 0.000436430373786052782714278387390208581137300703913112888543175558299781134632508024819177787483272282851712341613,
    "7": 0.000008504086203919051171836900712910894022242593281081070972191722727041296249947424582890053353292885251417,
    "8": 0.000110513447473717925275704923954709345919535897627986501168928668522913745251255540702905093187898468559101178081,
    "9": 0.00009024575363473979946212638592859690218589926951657793152875683433989237653912340519730942125425535246819791,
    "10": 0.000033375843061266776407061084032818962562874898575967277003912821475215999599572504772798154240047723319301535145,
    "11": 0.00001882606039794019650168665924611604758035323787250182721233261496291477111773767498914784568096839088226271678586,
    "12": 0.0000210139636216442722945742610145408783208359272784621503014935466182379709000877561905058679853995282439318014855,
    "13": 0.00107830261516092346613206675201141871920436791297170213618050835497464561948711543438476616492666355630492366241437
  },
  "setupType": "Multi Region Model Regional Bidder",
  "population": 0,
  "id": 4,
  "worldId": 304,
  "setup": {
    "exponentFactor": 1.25,
    "base": 2.0,
    "alphaInterval": {
      "minValue": 500.0,
      "maxValue": 840.0
    },
    "betaInterval": {
      "minValue": 0.04,
      "maxValue": 0.1
    },
    "setupName": "Multi Region Model Regional Bidder",
    "numberOfBidders": 4
  },
  "implementation": "org.spectrumauctions.sats.core.model.mrvm.MRVMRegionalBidder"
}