{
  "homeId": 3,
  "distanceDiscounts": {
    "0": 1,
    "1": 0.42045,
    "2": 0.17678,
    "3": 0.07433,
    "4": 0.03125,
    "5": 0.01314,
    "6": 0.00552,
    "7": 0.00232
  },
  "alpha": 638.81645657987110098474659025669097900390625,
  "beta": {
    "0": 0.0428981559073090268352501652771024964749813079833984375,
    "1": 0.048280294044048356616460893064868287183344364166259765625,
    "2": 0.09426982140682259314612423395374207757413387298583984375,
    "3": 0.05882519934387804572128999325286713428795337677001953125,
    "4": 0.071548969617817592681063842974253930151462554931640625,
    "5": 0.096053601888883566317645090748555958271026611328125,
    "6": 0.073584770915205266472725043058744631707668304443359375,
    "7": 0.04669387107460658270507991574049810878932476043701171875,
    "8": 0.0676209300070849395059013886566390283405780792236328125,
    "9": 0.040960426435045792226130600965916528366506099700927734375,
    "10": 0.08703226171855238391117381979711353778839111328125,
    "11": 0.07008566804591265242407871483010239899158477783203125,
    "12": 0.09881575261808726862167162607875070534646511077880859375,
    "13": 0.042700599799414477864001327134246821515262126922607421875
  },
  "zLow": {
    "0": 0.000007593712818,
    "1": 0.000003270413860,
    "2": 0.000002372688113,
    "3": 0.000001708305669,
    "4": 4.123495232E-7,
    "5": 7.435781607E-7,
    "6": 0.00001197555636,
    "7": 3.558444684E-7,
    "8": 0.000003207282260,
    "9": 0.000003387925801,
    "10": 9.355506810E-7,
    "11": 3.278402891E-7,
    "12": 3.856529255E-7,
    "13": 0.00003753071130
  },
  "zHigh": {
    "0": 0.0002603870121666346355802871043125846116427426869353254416889609023781551387685029919196562100110485315725635862938,
    "1": 0.000113902070052872657055002036845718960098544494415781804767571158843675548939594833388634467595206972612959573608943,
    "2": 0.00009354793182481897814124130385155171972989806179138317554181581860194415283926006565628205144649751413717557666524,
    "3": 0.00006129831222005076956729594387812830093667340685252817185871086081350790760490543711819770249904341721695729183498,
    "4": 0.000015320804045706776575672609323481314531276099991807742740411276425527469876977722707491854840182864378343797846,
    "5": 0.000029449680882943504701701193490518637555609040173702708928773499393584595234152285086707433467426513059511407,
    "6": 0.000447388547878070021181694255325905552028681201289402320363135535612923307587513456460234271313401626374346555890,
    "7": 0.00001233690962383830117923221707282704832079090892181550861509460131354161752046167939417150787289247421338216153462,
    "8": 0.0001179064087093405785773136756163877506235976131091977443379024346424017434506915273539123456840404554563277875615,
    "9": 0.000115514862583856983958612449868817657090511010368267187508162909413072196289367855119192213247477767593477840397309,
    "10": 0.00003620882959930373000717685637148228065390178979019763283583573854477362443908348896393950518777564551421520,
    "11": 0.00001213289923756382470720299803848859770356392935641061921457285211481693752502395106198693422366501620441033069,
    "12": 0.00001538044617102663116293701626924222772979832206532829762819175907763889003077256105117633716844389007734353993665,
    "13": 0.001286179727062641156998136012694028101547422104904384452532616286088151856553615948546807150073253165540889791944080
  },
  "setupType": "Multi Region Model Regional Bidder",
  "population": 0,
  "id": 5,
  "worldId": 304,
  "setup": {
    "exponentFactor": 1.25,
    "base": 2.0,
    "alphaInterval": {
      "minValue": 500.0,
      "maxValue": 840.0
    },
    "betaInterval": {
      "minValue": 0.04,
      "maxValue": 0.1
    },
    "setupName": "Multi Region Model Regional Bidder",
    "numberOfBidders": 4
  },
  "implementation": "org.spectrumauctions.sats.core.model.mrvm.MRVMRegionalBidder"
}