{
  "bidderPosition": 5,
  "values": {
    "0": 16.740119957657299210040946491062641143798828125,
    "1": 18.39333295580454574746909202076494693756103515625,
    "17": 16.75363776636933010877328342758119106292724609375,
    "10": 6.89238680894434452284258441068232059478759765625,
    "11": 14.6724340633037453329734489670954644680023193359375,
    "12": 10.3879626921054608601480140350759029388427734375
  },
  "setupType": "Regional Bidder Setup",
  "population": 0,
  "id": 5,
  "worldId": 670,
  "setup": {
    "lowNationalValueInterval": {
      "minValue": 0.0,
      "maxValue": 20.0
    },
    "highNationalValueInterval": {
      "minValue": 0.0,
      "maxValue": 40.0
    },
    "regionalValueInterval": {
      "minValue": 0.0,
      "maxValue": 20.0
    },
    "setupName": "Regional Bidder Setup",
    "numberOfBidders": 6
  },
  "implementation": "org.spectrumauctions.sats.core.model.gsvm.GSVMBidder"
}