{
  "bidderPosition": -1,
  "values": {
    "0": 8.635024230043871540374311734922230243682861328125,
    "1": 1.955732920415529374480456681340001523494720458984375,
    "2": 1.0854114464252884175721192150376737117767333984375,
    "3": 3.4873338559182922580248487065546214580535888671875,
    "4": 17.37644229966401354658955824561417102813720703125,
    "5": 4.5472026704580077449691088986583054065704345703125,
    "6": 18.57709699902563471596295130439102649688720703125,
    "7": 7.147387568234837118552604806609451770782470703125,
    "8": 5.16407947216403240275894859223626554012298583984375,
    "9": 1.6197833438616970891388291420298628509044647216796875,
    "10": 3.328308470313945388596721386420540511608123779296875,
    "11": 9.6228510018379296298007830046117305755615234375
  },
  "setupType": "National Bidder Setup",
  "population": 0,
  "id": 6,
  "worldId": 670,
  "setup": {
    "lowNationalValueInterval": {
      "minValue": 0.0,
      "maxValue": 10.0
    },
    "highNationalValueInterval": {
      "minValue": 0.0,
      "maxValue": 20.0
    },
    "regionalValueInterval": {
      "minValue": 0.0,
      "maxValue": 0.0
    },
    "setupName": "National Bidder Setup",
    "numberOfBidders": 1
  },
  "implementation": "org.spectrumauctions.sats.core.model.gsvm.GSVMBidder"
}