{
  "bidderPosition": 0,
  "values": {
    "0": 18.344714881704145881258227746002376079559326171875,
    "1": 17.63779442409954612003275542519986629486083984375,
    "2": 16.694346820015116605873117805458605289459228515625,
    "3": 3.71874056486629189777204373967833817005157470703125,
    "12": 13.563049122998091178260438027791678905487060546875,
    "13": 16.9041222491047875564618152566254138946533203125
  },
  "setupType": "Regional Bidder Setup",
  "population": 0,
  "id": 0,
  "worldId": 670,
  "setup": {
    "lowNationalValueInterval": {
      "minValue": 0.0,
      "maxValue": 20.0
    },
    "highNationalValueInterval": {
      "minValue": 0.0,
      "maxValue": 40.0
    },
    "regionalValueInterval": {
      "minValue": 0.0,
      "maxValue": 20.0
    },
    "setupName": "Regional Bidder Setup",
    "numberOfBidders": 6
  },
  "implementation": "org.spectrumauctions.sats.core.model.gsvm.GSVMBidder"
}