{
  "bidderPosition": 4,
  "values": {
    "16": 5.6509746697696616735129282460547983646392822265625,
    "17": 1.58215667954632266400949447415769100189208984375,
    "8": 16.562227770561559481166113982908427715301513671875,
    "9": 10.05834144449914191454809042625129222869873046875,
    "10": 14.3667927243512831836369514348916709423065185546875,
    "11": 15.7515829183696869364439407945610582828521728515625
  },
  "setupType": "Regional Bidder Setup",
  "population": 0,
  "id": 4,
  "worldId": 670,
  "setup": {
    "lowNationalValueInterval": {
      "minValue": 0.0,
      "maxValue": 20.0
    },
    "highNationalValueInterval": {
      "minValue": 0.0,
      "maxValue": 40.0
    },
    "regionalValueInterval": {
      "minValue": 0.0,
      "maxValue": 20.0
    },
    "setupName": "Regional Bidder Setup",
    "numberOfBidders": 6
  },
  "implementation": "org.spectrumauctions.sats.core.model.gsvm.GSVMBidder"
}