{
  "bidderPosition": -1,
  "values": {
    "0": 4.587215059975651598733747960068285465240478515625,
    "1": 6.55208430596997981609774797107093036174774169921875,
    "2": 8.22886562787272168861818499863147735595703125,
    "3": 9.2180085088151901828723566723056137561798095703125,
    "4": 5.11006954910784116918875952251255512237548828125,
    "5": 9.765446730244658368746968335472047328948974609375,
    "6": 6.6106820644031500933124334551393985748291015625,
    "7": 12.0959943814526926786356852971948683261871337890625,
    "8": 6.744573199265335716745539684779942035675048828125,
    "9": 9.64440444904283111782206105999648571014404296875,
    "10": 0.256431872088531687126078395522199571132659912109375,
    "11": 5.9692677549249548718535152147524058818817138671875
  },
  "setupType": "National Bidder Setup",
  "population": 0,
  "id": 6,
  "worldId": 910,
  "setup": {
    "lowNationalValueInterval": {
      "minValue": 0.0,
      "maxValue": 10.0
    },
    "highNationalValueInterval": {
      "minValue": 0.0,
      "maxValue": 20.0
    },
    "regionalValueInterval": {
      "minValue": 0.0,
      "maxValue": 0.0
    },
    "setupName": "National Bidder Setup",
    "numberOfBidders": 1
  },
  "implementation": "org.spectrumauctions.sats.core.model.gsvm.GSVMBidder"
}