{
  "bidderPosition": 4,
  "values": {
    "16": 15.2987056446950564492226476431824266910552978515625,
    "17": 12.8066275894111498701022355817258358001708984375,
    "8": 2.434634810074942645741202795761637389659881591796875,
    "9": 10.745690653959744764733841293491423130035400390625,
    "10": 17.114951613128841501065835473127663135528564453125,
    "11": 5.77973997173794717951977872871793806552886962890625
  },
  "setupType": "Regional Bidder Setup",
  "population": 0,
  "id": 4,
  "worldId": 910,
  "setup": {
    "lowNationalValueInterval": {
      "minValue": 0.0,
      "maxValue": 20.0
    },
    "highNationalValueInterval": {
      "minValue": 0.0,
      "maxValue": 40.0
    },
    "regionalValueInterval": {
      "minValue": 0.0,
      "maxValue": 20.0
    },
    "setupName": "Regional Bidder Setup",
    "numberOfBidders": 6
  },
  "implementation": "org.spectrumauctions.sats.core.model.gsvm.GSVMBidder"
}