{
  "bidderPosition": -1,
  "values": {
    "0": 8.2179846165963628124018214293755590915679931640625,
    "1": 6.5473612847996918162607471458613872528076171875,
    "2": 8.9912713320732269295376681839115917682647705078125,
    "3": 4.49181148603360202997691885684616863727569580078125,
    "4": 4.1058158330796050705657762591727077960968017578125,
    "5": 1.972325611219833962906022861716337502002716064453125,
    "6": 2.59942330787982012196835057693533599376678466796875,
    "7": 5.84653953221398570150313389603979885578155517578125,
    "8": 0.4209452355084264407736327484599314630031585693359375,
    "9": 9.9243160982031355388244264759123325347900390625,
    "10": 9.096474495794414139027139754034578800201416015625,
    "11": 5.30369217056918085262395834433846175670623779296875
  },
  "setupType": "National Bidder Setup",
  "population": 0,
  "id": 6,
  "worldId": 675,
  "setup": {
    "lowNationalValueInterval": {
      "minValue": 0.0,
      "maxValue": 10.0
    },
    "highNationalValueInterval": {
      "minValue": 0.0,
      "maxValue": 20.0
    },
    "regionalValueInterval": {
      "minValue": 0.0,
      "maxValue": 0.0
    },
    "setupName": "National Bidder Setup",
    "numberOfBidders": 1
  },
  "implementation": "org.spectrumauctions.sats.core.model.gsvm.GSVMBidder"
}