{
  "bidderPosition": 1,
  "values": {
    "2": 5.96290588434340573797953766188584268093109130859375,
    "3": 17.890929406478765173460487858392298221588134765625,
    "4": 0.3921334097861173262344891554675996303558349609375,
    "5": 27.4102521919573547393156331963837146759033203125,
    "13": 12.3223021691891094775428427965380251407623291015625,
    "14": 5.49505553493425935585037223063409328460693359375
  },
  "setupType": "Regional Bidder Setup",
  "population": 0,
  "id": 1,
  "worldId": 1067,
  "setup": {
    "lowNationalValueInterval": {
      "minValue": 0.0,
      "maxValue": 20.0
    },
    "highNationalValueInterval": {
      "minValue": 0.0,
      "maxValue": 40.0
    },
    "regionalValueInterval": {
      "minValue": 0.0,
      "maxValue": 20.0
    },
    "setupName": "Regional Bidder Setup",
    "numberOfBidders": 6
  },
  "implementation": "org.spectrumauctions.sats.core.model.gsvm.GSVMBidder"
}