{
  "bidderPosition": 5,
  "values": {
    "0": 8.3660861492856763987902013468556106090545654296875,
    "1": 1.321355002220891972086747045977972447872161865234375,
    "17": 0.528468519482701015732573068817146122455596923828125,
    "10": 1.33478583680652462817306513898074626922607421875,
    "11": 8.19069959186007423568298690952360630035400390625,
    "12": 14.8222619742822043775731799541972577571868896484375
  },
  "setupType": "Regional Bidder Setup",
  "population": 0,
  "id": 5,
  "worldId": 955,
  "setup": {
    "lowNationalValueInterval": {
      "minValue": 0.0,
      "maxValue": 20.0
    },
    "highNationalValueInterval": {
      "minValue": 0.0,
      "maxValue": 40.0
    },
    "regionalValueInterval": {
      "minValue": 0.0,
      "maxValue": 20.0
    },
    "setupName": "Regional Bidder Setup",
    "numberOfBidders": 6
  },
  "implementation": "org.spectrumauctions.sats.core.model.gsvm.GSVMBidder"
}