{
  "bidderPosition": 1,
  "values": {
    "2": 16.42159320286123858068094705231487751007080078125,
    "3": 2.311150018659213767335813827230595052242279052734375,
    "4": 32.1110780036532332815113477408885955810546875,
    "5": 18.60806001041951418528697104193270206451416015625,
    "13": 17.074977963468160879756396752782166004180908203125,
    "14": 16.872230107671899901333745219744741916656494140625
  },
  "setupType": "Regional Bidder Setup",
  "population": 0,
  "id": 1,
  "worldId": 955,
  "setup": {
    "lowNationalValueInterval": {
      "minValue": 0.0,
      "maxValue": 20.0
    },
    "highNationalValueInterval": {
      "minValue": 0.0,
      "maxValue": 40.0
    },
    "regionalValueInterval": {
      "minValue": 0.0,
      "maxValue": 20.0
    },
    "setupName": "Regional Bidder Setup",
    "numberOfBidders": 6
  },
  "implementation": "org.spectrumauctions.sats.core.model.gsvm.GSVMBidder"
}