{
  "bidderPosition": 4,
  "values": {
    "16": 18.0255200465016827138242661021649837493896484375,
    "17": 13.36894268801541585389713873155415058135986328125,
    "8": 10.4679699545156861262285019620321691036224365234375,
    "9": 16.570133584280416272349611972458660602569580078125,
    "10": 2.164333896611714269653248265967704355716705322265625,
    "11": 15.160832956195722687198212952353060245513916015625
  },
  "setupType": "Regional Bidder Setup",
  "population": 0,
  "id": 4,
  "worldId": 955,
  "setup": {
    "lowNationalValueInterval": {
      "minValue": 0.0,
      "maxValue": 20.0
    },
    "highNationalValueInterval": {
      "minValue": 0.0,
      "maxValue": 40.0
    },
    "regionalValueInterval": {
      "minValue": 0.0,
      "maxValue": 20.0
    },
    "setupName": "Regional Bidder Setup",
    "numberOfBidders": 6
  },
  "implementation": "org.spectrumauctions.sats.core.model.gsvm.GSVMBidder"
}