{
  "bidderPosition": 0,
  "values": {
    "0": 15.302212845498548432487950776703655719757080078125,
    "1": 15.2321170143032968979923680308274924755096435546875,
    "2": 19.77606641347777127748486236669123172760009765625,
    "3": 4.32875283309103853213173351832665503025054931640625,
    "12": 11.423916684758825823564620804972946643829345703125,
    "13": 2.478944946109538083334200564422644674777984619140625
  },
  "setupType": "Regional Bidder Setup",
  "population": 0,
  "id": 0,
  "worldId": 985,
  "setup": {
    "lowNationalValueInterval": {
      "minValue": 0.0,
      "maxValue": 20.0
    },
    "highNationalValueInterval": {
      "minValue": 0.0,
      "maxValue": 40.0
    },
    "regionalValueInterval": {
      "minValue": 0.0,
      "maxValue": 20.0
    },
    "setupName": "Regional Bidder Setup",
    "numberOfBidders": 6
  },
  "implementation": "org.spectrumauctions.sats.core.model.gsvm.GSVMBidder"
}