{
  "bidderPosition": 3,
  "values": {
    "16": 14.384094361252277138873978401534259319305419921875,
    "6": 22.193492154041134511999189271591603755950927734375,
    "7": 24.161924464240001952930469997227191925048828125,
    "8": 15.959312758660363584795049973763525485992431640625,
    "9": 3.288194597152360731939779725507833063602447509765625,
    "15": 13.9557265334247038168768995092250406742095947265625
  },
  "setupType": "Regional Bidder Setup",
  "population": 0,
  "id": 3,
  "worldId": 486,
  "setup": {
    "lowNationalValueInterval": {
      "minValue": 0.0,
      "maxValue": 20.0
    },
    "highNationalValueInterval": {
      "minValue": 0.0,
      "maxValue": 40.0
    },
    "regionalValueInterval": {
      "minValue": 0.0,
      "maxValue": 20.0
    },
    "setupName": "Regional Bidder Setup",
    "numberOfBidders": 6
  },
  "implementation": "org.spectrumauctions.sats.core.model.gsvm.GSVMBidder"
}