{
  "bidderPosition": -1,
  "values": {
    "0": 9.517245236095281057941974722780287265777587890625,
    "1": 5.41923613941427628759583967621438205242156982421875,
    "2": 2.047358403285299832674581921310164034366607666015625,
    "3": 2.949053267955829227275899029336869716644287109375,
    "4": 17.914592269909832111807190813124179840087890625,
    "5": 17.793126952012375596723359194584190845489501953125,
    "6": 3.745465904580285165792474799673072993755340576171875,
    "7": 7.05209134743259635769163651275448501110076904296875,
    "8": 4.0956592877226256632638978771865367889404296875,
    "9": 8.02286420876091455056666745804250240325927734375,
    "10": 4.57157976659460363322295961552299559116363525390625,
    "11": 7.7601133248557356836272447253577411174774169921875
  },
  "setupType": "National Bidder Setup",
  "population": 0,
  "id": 6,
  "worldId": 486,
  "setup": {
    "lowNationalValueInterval": {
      "minValue": 0.0,
      "maxValue": 10.0
    },
    "highNationalValueInterval": {
      "minValue": 0.0,
      "maxValue": 20.0
    },
    "regionalValueInterval": {
      "minValue": 0.0,
      "maxValue": 0.0
    },
    "setupName": "National Bidder Setup",
    "numberOfBidders": 1
  },
  "implementation": "org.spectrumauctions.sats.core.model.gsvm.GSVMBidder"
}