{
  "bidderPosition": 1,
  "values": {
    "2": 18.723782724883964334594566025771200656890869140625,
    "3": 14.4451676677338962662133781122975051403045654296875,
    "4": 21.753604727414771247140379273332655429840087890625,
    "5": 31.220299850290995635759827564470469951629638671875,
    "13": 17.894248519879766945450683124363422393798828125,
    "14": 18.276647076805591751735846628434956073760986328125
  },
  "setupType": "Regional Bidder Setup",
  "population": 0,
  "id": 1,
  "worldId": 486,
  "setup": {
    "lowNationalValueInterval": {
      "minValue": 0.0,
      "maxValue": 20.0
    },
    "highNationalValueInterval": {
      "minValue": 0.0,
      "maxValue": 40.0
    },
    "regionalValueInterval": {
      "minValue": 0.0,
      "maxValue": 20.0
    },
    "setupName": "Regional Bidder Setup",
    "numberOfBidders": 6
  },
  "implementation": "org.spectrumauctions.sats.core.model.gsvm.GSVMBidder"
}