{
  "regionsOfInterest": [
    2,
    6,
    8,
    11,
    12
  ],
  "alpha": 86.807484814017328744739643298089504241943359375,
  "beta": {
    "0": 0.06957205726094951858673454125892021693289279937744140625,
    "1": 0.066910022934530688498711015199660323560237884521484375,
    "2": 0.058683047765036688847573032035143114626407623291015625,
    "3": 0.09917493443490553450825331083251512609422206878662109375,
    "4": 0.11354979448550490961356018715378013439476490020751953125,
    "5": 0.1003606828768404957141768818473792634904384613037109375,
    "6": 0.10677103448032843058257412849343381822109222412109375,
    "7": 0.050107103968754722334022488894333946518599987030029296875,
    "8": 0.0558752347426052231593729402447934262454509735107421875,
    "9": 0.08699293318794075469124749133698060177266597747802734375,
    "10": 0.050953704282339307152227547703660093247890472412109375,
    "11": 0.059866152104495619357127367266002693213522434234619140625,
    "12": 0.05364847141408589370481507785370922647416591644287109375,
    "13": 0.05992959047314357079461188959612627513706684112548828125
  },
  "zLow": {
    "0": 0.000004373331516,
    "1": 0.000002204123352,
    "2": 0.000003560042076,
    "3": 9.464147956E-7,
    "4": 2.426816738E-7,
    "5": 6.647083382E-7,
    "6": 0.000007708762118,
    "7": 3.097242785E-7,
    "8": 0.000003625378997,
    "9": 0.000001489940203,
    "10": 0.000001492541036,
    "11": 3.584797682E-7,
    "12": 6.634678978E-7,
    "13": 0.00002497663426
  },
  "zHigh": {
    "0": 0.00016162611253794915506380327098519398328552107606376154256658234065321321340150059823388646310334954962076512264086815,
    "1": 0.000080871494956861040975042160174218312443778898033278204890647538476811433670653533588825242965217602843334787187479,
    "2": 0.000127692674187237503643375256498533520827001966198615820941018751439410385867976186468687471922098438155658675946495,
    "3": 0.00003777850639755874449402054609257608709014634608781508887421472473455509824640071307057730043990735303918155800912382,
    "4": 0.00001003609562938612765929244963289032673926447547907616960266590734463798041693132429281846083773482419808382468451285,
    "5": 0.0000266123084181069852304861464995134304969104746668120234417864053301767578691862184023270053206660840135181320582297,
    "6": 0.00031357011410140795138016606841582831787659566736175705940989811856312837146189273179922825925287966951646636114867,
    "7": 0.000010843667014422618649934472862280003568317841134843626775123493591419478244995054458961459206531986564325989154212407,
    "8": 0.0001290182601314310274096095386217414323826465998810528640482234569215040362090904467790966333987536195732998709859662,
    "9": 0.00005765963292771754801935762909532555001329929942325774255985171773053741658616889188308872208329811856545187547630480,
    "10": 0.000052381280503681299670941261925494641789901374491309047078620860702370500244381963670791599545752023056173151198086,
    "11": 0.000012900473476391162570760588383524964274147656163601683453717351656072831375868628312451130728497065769042171667897378,
    "12": 0.00002346344078543810104122043598786929063728560333406152099674070496817530177105759341724574160949998449903905572302992,
    "13": 0.00089898297395428901421580045660112228809662457457297344497028590216744675985430207090630313743282313248840753868446661
  },
  "setupType": "Multi Region Model Local Bidder",
  "population": 0,
  "id": 1,
  "worldId": 292,
  "setup": {
    "numberOfRegionsInterval": {
      "minValue": 3,
      "maxValue": 7
    },
    "alphaInterval": {
      "minValue": 60.0,
      "maxValue": 100.0
    },
    "betaInterval": {
      "minValue": 0.05,
      "maxValue": 0.12
    },
    "setupName": "Multi Region Model Local Bidder",
    "numberOfBidders": 3
  },
  "implementation": "org.spectrumauctions.sats.core.model.mrvm.MRVMLocalBidder"
}