{
  "homeId": 11,
  "distanceDiscounts": {
    "0": 1,
    "1": 0.42045,
    "2": 0.17678,
    "3": 0.07433,
    "4": 0.03125,
    "5": 0.01314,
    "6": 0.00552,
    "7": 0.00232
  },
  "alpha": 617.3967870513482694150297902524471282958984375,
  "beta": {
    "0": 0.07985174674649363202316720844464725814759731292724609375,
    "1": 0.082540371024905467844945405886392109096050262451171875,
    "2": 0.053019699706024069063570181015165871940553188323974609375,
    "3": 0.07863544519723413006584422646483290009200572967529296875,
    "4": 0.096916031341841624158206514039193280041217803955078125,
    "5": 0.06445436171400538427622706194597412832081317901611328125,
    "6": 0.0521032671174833372784718221737421117722988128662109375,
    "7": 0.08892129379684669820971265608022804372012615203857421875,
    "8": 0.0588667102718842816244659843505360186100006103515625,
    "9": 0.05568073152308920803488234696487779729068279266357421875,
    "10": 0.092788055734097818483263608868583105504512786865234375,
    "11": 0.062438482258739540220471297971016610972583293914794921875,
    "12": 0.0732307974020695306993644635440432466566562652587890625,
    "13": 0.090874261927103183733578362080152146518230438232421875
  },
  "zLow": {
    "0": 0.000003810332060,
    "1": 0.000001786737111,
    "2": 0.000003940311250,
    "3": 0.000001193617269,
    "4": 2.843332914E-7,
    "5": 0.000001035004940,
    "6": 0.00001579694617,
    "7": 1.745294739E-7,
    "8": 0.000003441145285,
    "9": 0.000002327811884,
    "10": 8.196151318E-7,
    "11": 3.437111786E-7,
    "12": 4.860528604E-7,
    "13": 0.00001647154465
  },
  "zHigh": {
    "0": 0.00014473612885010689049126068251189708960124490303013848078978511051335540776451075251585730875922773221021218835045080,
    "1": 0.000068349907715842343716925193240529210025188341789112061659735126834467790567843819833681081044936498548722820011431,
    "2": 0.000139100749388169096483962108616123675211562224596529714351919118334189487047141268495406982405447538075269807359376928,
    "3": 0.00004519458058376826327944247495262142179568876136215491615883248382401295072457501509598016581479255775736411467083221,
    "4": 0.000011285644158397995847793248832111096436093625700470012904428885440765978194898670471099007860957138383308386497805,
    "5": 0.00003772120645154775255185906638202684691920626190453353955285109784064929516659406214530430795825517371862436285917782,
    "6": 0.0005562156356193572727676907342415961671677881683325357080329403370117756546555381715614307891957640394769248418677998,
    "7": 0.00000678782287740993659321235496457878292517668496725162323696108863377113107208486079703626557707810376573860645787113,
    "8": 0.0001234912487688997367623392934253992275036917149576504538287973581991385547863440122690986684906485502650524935056,
    "9": 0.00008279578334246364193205487631332681213076980785307117998486422810646841972388765968011991151780597839268360373470166,
    "10": 0.000032193503406215528106895664938865968337413509756567876746754652008120867700167204385930388894581594026037272038574,
    "11": 0.000012457415789583451867033363939700631497415168830105421769248729845272519746627127194224318722679598207543233615618178,
    "12": 0.0000181409896653106735985732941461623444500378230762163844918059176139669544530402173018991106693361401226984620185526,
    "13": 0.000643830285595538096614789200054246283637042173124815927927842718752653015793793565748908722610199067907362006023700
  },
  "setupType": "Multi Region Model Regional Bidder",
  "population": 0,
  "id": 3,
  "worldId": 292,
  "setup": {
    "exponentFactor": 1.25,
    "base": 2.0,
    "alphaInterval": {
      "minValue": 500.0,
      "maxValue": 840.0
    },
    "betaInterval": {
      "minValue": 0.04,
      "maxValue": 0.1
    },
    "setupName": "Multi Region Model Regional Bidder",
    "numberOfBidders": 4
  },
  "implementation": "org.spectrumauctions.sats.core.model.mrvm.MRVMRegionalBidder"
}