{
  "gammaValues": {
    "1": 0.98494,
    "2": 0.93976
  },
  "alpha": 810.25596222864942319574765861034393310546875,
  "beta": {
    "0": 0.1173278392239144596320699065472581423819065093994140625,
    "1": 0.142349880696571673421857440189342014491558074951171875,
    "2": 0.1465417381416120601311803284261259250342845916748046875,
    "3": 0.210499096249076311782033599229180254042148590087890625,
    "4": 0.19219050881131616304031695108278654515743255615234375,
    "5": 0.1422927460952575218211535457157879136502742767333984375,
    "6": 0.19807134056009856326596718645305372774600982666015625,
    "7": 0.11777402840679862539019495670800097286701202392578125,
    "8": 0.1894910312087183523743760815705172717571258544921875,
    "9": 0.10004609502700755052639891573562636040151119232177734375,
    "10": 0.16291352517690693701979398611001670360565185546875,
    "11": 0.217104889462085781648426063838996924459934234619140625,
    "12": 0.19939121096658041221161283829133026301860809326171875,
    "13": 0.1954786235378974390552997419945313595235347747802734375
  },
  "zLow": {
    "0": 0.000002593260668,
    "1": 0.000001036024360,
    "2": 0.000001425628779,
    "3": 4.458956213E-7,
    "4": 1.433809315E-7,
    "5": 4.688263075E-7,
    "6": 0.000004155434621,
    "7": 1.317725719E-7,
    "8": 0.000001069015780,
    "9": 0.000001295545503,
    "10": 4.668151061E-7,
    "11": 9.884993553E-8,
    "12": 1.785135783E-7,
    "13": 0.000007657305108
  },
  "zHigh": {
    "0": 0.0001082239870828289979753632057224804878682301291585544273300724687047517650966854100130380720286928433340522692654127,
    "1": 0.000045828525197139609319862493735418791825146001701748292137640429517122102444928355106887393132935223118607270593038,
    "2": 0.0000636602752774936118163933561778471589637537494442111256763036455862349121114340423431265824596192823193755929359172,
    "3": 0.000022762931168349518819858227930898055560146502253944636708239708264116144004289977137115988285520839431412418351665,
    "4": 0.00000705707336234638032515326219138807220448433838257866740612670452706563842142214722120158814533829065980458288064,
    "5": 0.0000207358474973889977275255798689702762267853084843655689859401799298378692823346824840574491305105327493152172095819,
    "6": 0.00020697028918759918441560814636242274945351549940205376648468144322715272962031713534247320505754343756016795250677,
    "7": 0.00000550511581746710929881144525848406615263349488510184892019126424139259161595539671661595371505342702034170637277,
    "8": 0.0000523273636310186940647590436328591117999326059045999703183941395060119202229824721196284878246101956722798306383,
    "9": 0.00005182779193789244072288548374293735228069449868434956039481792498700726183015854750158545565112972534021640839154932,
    "10": 0.00002160950263351776481628810702088715249836183697915117548955911574437379616725701333834136098472250436193456332,
    "11": 0.000005111578498229480571332080741791415620659710928720925897083308289000916634645753501856051875018529605073739055279,
    "12": 0.00000891481120231245358066356649127620705515541955102248880745642614511027075829454483146949559142951697068674125917,
    "13": 0.0003794030994672751148488369592593319037471183524652838140954742175614134739084126988842039894069898587317232054434573
  },
  "setupType": "Multi Region Model National Bidder",
  "population": 0,
  "id": 7,
  "worldId": 292,
  "setup": {
    "bInterval": {
      "minValue": 0.1,
      "maxValue": 0.3
    },
    "kMax": 2.0,
    "alphaInterval": {
      "minValue": 700.0,
      "maxValue": 1200.0
    },
    "betaInterval": {
      "minValue": 0.08,
      "maxValue": 0.22
    },
    "setupName": "Multi Region Model National Bidder",
    "numberOfBidders": 3
  },
  "implementation": "org.spectrumauctions.sats.core.model.mrvm.MRVMNationalBidder"
}