{
  "regionsOfInterest": [
    0,
    5,
    7,
    9,
    10,
    11
  ],
  "alpha": 77.987590051687931236301665194332599639892578125,
  "beta": {
    "0": 0.063750889589748005459313162646139971911907196044921875,
    "1": 0.08481489494446081689460470443009398877620697021484375,
    "2": 0.062149141410127319018474878475899458862841129302978515625,
    "3": 0.06705290629835687632454011009031091816723346710205078125,
    "4": 0.10030555275578745266784608247689902782440185546875,
    "5": 0.104731099457998855228879619971849024295806884765625,
    "6": 0.09437971710802715852306477017918950878083705902099609375,
    "7": 0.0737452278807559091777790172272943891584873199462890625,
    "8": 0.10145349416704678435774411582315224222838878631591796875,
    "9": 0.05397230057010961312702335135327302850782871246337890625,
    "10": 0.07487221363194863921197708123145275749266147613525390625,
    "11": 0.11790939754683026075010587874203338287770748138427734375,
    "12": 0.11994399574070287173288562598827411420643329620361328125,
    "13": 0.0977300041989717371837542714274604804813861846923828125
  },
  "zLow": {
    "0": 0.000004772665490,
    "1": 0.000001738821279,
    "2": 0.000003361496466,
    "3": 0.000001399799509,
    "4": 2.747251117E-7,
    "5": 6.369701367E-7,
    "6": 0.000008720862184,
    "7": 2.104459783E-7,
    "8": 0.000001996667578,
    "9": 0.000002401496085,
    "10": 0.000001015737226,
    "11": 1.820109743E-7,
    "12": 2.967554843E-7,
    "13": 0.00001531606875
  },
  "zHigh": {
    "0": 0.000173606131734104925927900387173507986001761108795647362051362292140859112512122550141111157461091791572580189943870,
    "1": 0.00006691243274224687136830170581303272499054753375487587016221016106133595244878382735553297132522933686078049804733,
    "2": 0.000121736305876387049521178322343110468668103018076230242036937049574622912229399271874257542170150061562234092175470916,
    "3": 0.00005138004779413940068607950947560051554309625049163819871252168321021942522599965551326420610929160541989097992107151,
    "4": 0.00001099739876621107634361564960498981342048407328194077405753694524754655237781567465441935747243601294305439322,
    "5": 0.000025780162372344610482894431759800475614681180519195513491100752831651012687985020181701716135956200192390554000,
    "6": 0.00034393311609058034356822686313441913618968797501301140334174118229319446680997961374121610254283883882775975784859628,
    "7": 0.0000078653180084898825849194895430676898614019696157475545402994566956474003398218851380756446629068316971736801519989,
    "8": 0.00008015691757480275751170377647587934611894549227655024461372520914048463052677120618668640396395747825831825371326747,
    "9": 0.00008500630938921652290161487578547769437639467718700229933185890188212090896708927726531022087485423171962346710130266,
    "10": 0.00003807716621242864079222280245368791410072866732172681443131464852145088229945172714592532233622377770245646540241091,
    "11": 0.00000760640966115675228769734228320992880203674766137162887921676341537274854027783476130428913811508696247420748314529,
    "12": 0.00001246206838316964342034473700131855987509257324055642211352252684953209893274521960119885265829781434225046149255200,
    "13": 0.0006091660084888307579604392391615888690979883133607358149286308272985045502406601604135010182782480576581217152136337
  },
  "setupType": "Multi Region Model Local Bidder",
  "population": 0,
  "id": 2,
  "worldId": 292,
  "setup": {
    "numberOfRegionsInterval": {
      "minValue": 3,
      "maxValue": 7
    },
    "alphaInterval": {
      "minValue": 60.0,
      "maxValue": 100.0
    },
    "betaInterval": {
      "minValue": 0.05,
      "maxValue": 0.12
    },
    "setupName": "Multi Region Model Local Bidder",
    "numberOfBidders": 3
  },
  "implementation": "org.spectrumauctions.sats.core.model.mrvm.MRVMLocalBidder"
}