{
  "regionsOfInterest": [
    0,
    2,
    3,
    11
  ],
  "alpha": 76.550523526801015350429224781692028045654296875,
  "beta": {
    "0": 0.07671318482952650674722150370143936015665531158447265625,
    "1": 0.0826294556403977253911108391548623330891132354736328125,
    "2": 0.110229725410420031916913785607903264462947845458984375,
    "3": 0.0823502610058881867605151683164876885712146759033203125,
    "4": 0.0844538403755147049078999543780810199677944183349609375,
    "5": 0.086288608766225516344405832569464109838008880615234375,
    "6": 0.11726038067928749863977344602972152642905712127685546875,
    "7": 0.11404967448039400601533799317621742375195026397705078125,
    "8": 0.08070759006566319282427457437734119594097137451171875,
    "9": 0.088691593730409523654856229768483899533748626708984375,
    "10": 0.1155143144749743167043476432809256948530673980712890625,
    "11": 0.07502150842988834777980144963294151239097118377685546875,
    "12": 0.072948711360173057460798418105696327984333038330078125,
    "13": 0.08853508657042531704295384997749351896345615386962890625
  },
  "zLow": {
    "0": 0.000003966223946,
    "1": 0.000001784810791,
    "2": 0.000001895261178,
    "3": 0.000001139773259,
    "4": 3.262901256E-7,
    "5": 7.731099584E-7,
    "6": 0.000007019186712,
    "7": 1.360756766E-7,
    "8": 0.000002509911426,
    "9": 0.000001461404211,
    "10": 6.583642458E-7,
    "11": 2.860620211E-7,
    "12": 4.879323827E-7,
    "13": 0.00001690673744
  },
  "zHigh": {
    "0": 0.00014941288544142238893023730110323078689799990789560287120355866199258067800876767491344978131005278071176219535779699,
    "1": 0.0000682921181102214717747827766414993115315750116472482476622928950586129261134176130158869043814672089230451655326370,
    "2": 0.000077749247240866621034499604990799275228598816662875110373705623765582750278840853673590986904638643709160569888275,
    "3": 0.0000435792602760282461884537128842537076966933777782756638059036045626940066011552199690915238952597226144164829778867,
    "4": 0.0000125443491832586592993814016329056301899424867836668666301693964315518163185919641140782166960314179087486438938406,
    "5": 0.000029864357024634668163341707036753679598115631319674358071646276730897782235000468012629261006665527045438001860865,
    "6": 0.00029288285192164492132349491559494859684193832583722253350635652127143043125298365543388549444774829341621329990484526,
    "7": 0.00000563420895979977408710758948445840634556687641219337710443024597476229433831877933576477077418821949207512048847013,
    "8": 0.00009555423301506211212711831070761178220582763204270725755607943023448798351568933596517201893640262553082924592932,
    "9": 0.000056803553159724966985958121894601768438404292263478786639632878498577431890127124125265665747980528184749003907790,
    "10": 0.0000273559768267349167529421892572093003031864136404443978133429699737585020475892835390345906342170380814195473695860,
    "11": 0.00001072794106462933348616965920991366721045225477899437786021922901104652112178342272943555290638857156054642299644138,
    "12": 0.000018197375333395544938217597685743090685357954350347519218801673366271904192885692706293137456101789495533443912938,
    "13": 0.00065688606928970236632960340291579625782767354340265260591219459476598878495714436066739770154794836984638749264535343
  },
  "setupType": "Multi Region Model Local Bidder",
  "population": 0,
  "id": 0,
  "worldId": 292,
  "setup": {
    "numberOfRegionsInterval": {
      "minValue": 3,
      "maxValue": 7
    },
    "alphaInterval": {
      "minValue": 60.0,
      "maxValue": 100.0
    },
    "betaInterval": {
      "minValue": 0.05,
      "maxValue": 0.12
    },
    "setupName": "Multi Region Model Local Bidder",
    "numberOfBidders": 3
  },
  "implementation": "org.spectrumauctions.sats.core.model.mrvm.MRVMLocalBidder"
}