{
  "gammaValues": {
    "1": 0.95479,
    "2": 0.81914
  },
  "alpha": 752.489480290392521055764518678188323974609375,
  "beta": {
    "0": 0.20394072805521024083219572275993414223194122314453125,
    "1": 0.0826095281713800921874479854523087851703166961669921875,
    "2": 0.1285364255045167436453112941308063454926013946533203125,
    "3": 0.112109544768356161892342015562462620437145233154296875,
    "4": 0.11353130925909281356833702147923759184777736663818359375,
    "5": 0.1310380079708004519289943345938809216022491455078125,
    "6": 0.11000727394106164791498514432532829232513904571533203125,
    "7": 0.1378852745548036773381994635201408527791500091552734375,
    "8": 0.209661808057751475331542678759433329105377197265625,
    "9": 0.2037196058489167127536489942940534092485904693603515625,
    "10": 0.088060641449743626285595610170275904238224029541015625,
    "11": 0.17475135038495392958424190510413609445095062255859375,
    "12": 0.0952891324133064987478292096056975424289703369140625,
    "13": 0.11066042557562116854796840925700962543487548828125
  },
  "zLow": {
    "0": 0.000001405074957,
    "1": 0.000001681330711,
    "2": 0.000001530727156,
    "3": 7.884915926E-7,
    "4": 2.285935124E-7,
    "5": 4.794614174E-7,
    "6": 0.000007046491053,
    "7": 1.060017115E-7,
    "8": 9.099335146E-7,
    "9": 5.992060627E-7,
    "10": 8.133480143E-7,
    "11": 1.156595950E-7,
    "12": 3.517953596E-7,
    "13": 0.00001273911040
  },
  "zHigh": {
    "0": 0.000070807449639789709799980352057394835766396856525982569164655713491186102226641236347079954495425314348111062370,
    "1": 0.00006432931498703213969386936323234893661874824837673779911051654417193999301567700546717576123209119673261339322625,
    "2": 0.00006559723435118612928321329268384973392884228975663339696761323333929036034493284340418895678165432522526673574072,
    "3": 0.0000324944911273861734040572536872564203635962971848948705803083023102727409147503528761778642893409468549114502187,
    "4": 0.000009453057446080277589052123587970621893176385303564759505919698515308056536502680123522066989467063141634114487285,
    "5": 0.00002066660942167786077438326778142169749960293051412700763213891487349913386424384561715705741847850037975236496,
    "6": 0.000288911258731345814306999037115356080294336335727257059370125597701786371099815347978851640052747172824397672362978,
    "7": 0.00000464165885089406944297859448026217542370397479074779793410154365927988768606916299234481256460199080837651247134,
    "8": 0.0000463758360232278259843286357970877970766584387695817905400995363831153197647941415137355771773617972009227463,
    "9": 0.00003018318416928256570304696580465455053235572828440338457809910360485823423528429454734265107924428389683846291542,
    "10": 0.0000315628352143922427603180990682172661569274410288985695164690569906591036090977666981852334816594937562774260726,
    "11": 0.000005490954891114133883374277417350554848489894535068877244625314175763293348886518571717674515509984063762928882,
    "12": 0.00001390608824557348161749967148870607945758550762252094910956143947133408837936003351744805610338363615970371506,
    "13": 0.000523144849566451968673621690128482407971579404661116720639536336575340218708612212459081376675360592906996825
  },
  "setupType": "Multi Region Model National Bidder",
  "population": 0,
  "id": 7,
  "worldId": 740,
  "setup": {
    "bInterval": {
      "minValue": 0.1,
      "maxValue": 0.3
    },
    "kMax": 2.0,
    "alphaInterval": {
      "minValue": 700.0,
      "maxValue": 1200.0
    },
    "betaInterval": {
      "minValue": 0.08,
      "maxValue": 0.22
    },
    "setupName": "Multi Region Model National Bidder",
    "numberOfBidders": 3
  },
  "implementation": "org.spectrumauctions.sats.core.model.mrvm.MRVMNationalBidder"
}