{
  "regionsOfInterest": [
    0,
    10,
    11,
    12
  ],
  "alpha": 97.748141851297901894213282503187656402587890625,
  "beta": {
    "0": 0.051321234771862116186280644569706055335700511932373046875,
    "1": 0.1121541271055468691475454079409246332943439483642578125,
    "2": 0.07586054286244835187513757546184933744370937347412109375,
    "3": 0.11266749141621755503361868022693670354783535003662109375,
    "4": 0.08928024738429239659520675331805250607430934906005859375,
    "5": 0.05479023749103210938482533265414531342685222625732421875,
    "6": 0.1013014960876142678269928865120164118707180023193359375,
    "7": 0.109965721973690200297113506167079322040081024169921875,
    "8": 0.10702568480601380718209014730746275745332241058349609375,
    "9": 0.11291087227972353146387973765740753151476383209228515625,
    "10": 0.11265296070288748075949314397803391329944133758544921875,
    "11": 0.1110631030983262601541383673975360579788684844970703125,
    "12": 0.11255182557768660112085257196667953394353389739990234375,
    "13": 0.053768207811268252382941312816910794936120510101318359375
  },
  "zLow": {
    "0": 0.000005583497958,
    "1": 0.000001238420202,
    "2": 0.000002593630227,
    "3": 7.845868617E-7,
    "4": 2.906860309E-7,
    "5": 0.000001146694592,
    "6": 0.000007652061436,
    "7": 1.329148286E-7,
    "8": 0.000001782546930,
    "9": 0.000001081118412,
    "10": 6.357928582E-7,
    "11": 1.819836638E-7,
    "12": 2.978385684E-7,
    "13": 0.00002621838137
  },
  "zHigh": {
    "0": 0.0001961601396869697743049560742301550581653791306944583521021225965005578957031207322403652513215629449524835192125178,
    "1": 0.00005104199971792850053749772255869357996550645652291254693987261968995907127229534479877436979156642361714880218253,
    "2": 0.000097484326484384982016321254721187831714481216427588918860382425695439390254705758507009428447950489795666314853379,
    "3": 0.000032377349198844128632946175432982566390533439134655346238981910808314143590694487659286491256535048540963094313795,
    "4": 0.000011315833001216054479078014207393390656761958713549566149626652390984621504079220059385243518635856902302196335691,
    "5": 0.000040683604661231572821574620516286860178505131734397061881727357540274562223422057295077305115299906278481400375697,
    "6": 0.00030707837021119139645871847939685882997271099417737660608639567458734739657204799004184093837709062626101634198209,
    "7": 0.0000054490523647800467460283391036784304073590258272633043660335176672342176096338471767076600790022112085917247539,
    "8": 0.000072554238483828946952859917124068463111697221592575119499255232506031294887272869149353207305017017370184128565957,
    "9": 0.000044640554641119601622307066479878063528892117678312404867816325115039194132139360434498076568998047055600948662704,
    "10": 0.000026236180529157709278303360704279857348043398208415205427311337547359678268401376206636509655329734929215213314462,
    "11": 0.00000748067695413762082232528410753220106751492963566146464663328417538764229312881667798988241680491025632196454690,
    "12": 0.000012287384510546575734602829679605661715092980676469729312682607318849120516353342131439684558320822150414311565510,
    "13": 0.0009275229786518643414267246169599923989695384035672402084889158145098734910440083664476055675264580713673722879382676
  },
  "setupType": "Multi Region Model Local Bidder",
  "population": 0,
  "id": 0,
  "worldId": 740,
  "setup": {
    "numberOfRegionsInterval": {
      "minValue": 3,
      "maxValue": 7
    },
    "alphaInterval": {
      "minValue": 60.0,
      "maxValue": 100.0
    },
    "betaInterval": {
      "minValue": 0.05,
      "maxValue": 0.12
    },
    "setupName": "Multi Region Model Local Bidder",
    "numberOfBidders": 3
  },
  "implementation": "org.spectrumauctions.sats.core.model.mrvm.MRVMLocalBidder"
}