{
  "bidderPosition": 0,
  "values": {
    "0": 1.57894727028502046550784143619239330291748046875,
    "1": 0.327737300589741042955438388162292540073394775390625,
    "2": 12.2861994199056301368955246289260685443878173828125,
    "3": 9.86585787479659614973570569418370723724365234375,
    "12": 10.3529887122270576327309754560701549053192138671875,
    "13": 13.665475072922550481280268286354839801788330078125
  },
  "setupType": "Regional Bidder Setup",
  "population": 0,
  "id": 0,
  "worldId": 933,
  "setup": {
    "lowNationalValueInterval": {
      "minValue": 0.0,
      "maxValue": 20.0
    },
    "highNationalValueInterval": {
      "minValue": 0.0,
      "maxValue": 40.0
    },
    "regionalValueInterval": {
      "minValue": 0.0,
      "maxValue": 20.0
    },
    "setupName": "Regional Bidder Setup",
    "numberOfBidders": 6
  },
  "implementation": "org.spectrumauctions.sats.core.model.gsvm.GSVMBidder"
}