{
  "bidderPosition": 4,
  "values": {
    "16": 11.4960731779787277417881341534666717052459716796875,
    "17": 11.0731029268525844599935226142406463623046875,
    "8": 12.504009759128365431024576537311077117919921875,
    "9": 5.46718480087303948522503560525365173816680908203125,
    "10": 4.764585943367915632506992551498115062713623046875,
    "11": 17.767670083165423733362331404350697994232177734375
  },
  "setupType": "Regional Bidder Setup",
  "population": 0,
  "id": 4,
  "worldId": 933,
  "setup": {
    "lowNationalValueInterval": {
      "minValue": 0.0,
      "maxValue": 20.0
    },
    "highNationalValueInterval": {
      "minValue": 0.0,
      "maxValue": 40.0
    },
    "regionalValueInterval": {
      "minValue": 0.0,
      "maxValue": 20.0
    },
    "setupName": "Regional Bidder Setup",
    "numberOfBidders": 6
  },
  "implementation": "org.spectrumauctions.sats.core.model.gsvm.GSVMBidder"
}