{
  "bidderPosition": -1,
  "values": {
    "0": 6.0707849343821127519049696275033056735992431640625,
    "1": 1.2520572819407382869627554100588895380496978759765625,
    "2": 9.93456569463275940279345377348363399505615234375,
    "3": 6.1247988685843068878966732881963253021240234375,
    "4": 10.608441847961220361185041838325560092926025390625,
    "5": 14.2536527439836664399308574502356350421905517578125,
    "6": 16.42211420132878885169702698476612567901611328125,
    "7": 8.7371933854143062347930026589892804622650146484375,
    "8": 5.81361651913321342277640724205411970615386962890625,
    "9": 1.9182178892526102753635086628491990268230438232421875,
    "10": 0.8271040623138870007124978656065650284290313720703125,
    "11": 2.98191281592131840483261839835904538631439208984375
  },
  "setupType": "National Bidder Setup",
  "population": 0,
  "id": 6,
  "worldId": 933,
  "setup": {
    "lowNationalValueInterval": {
      "minValue": 0.0,
      "maxValue": 10.0
    },
    "highNationalValueInterval": {
      "minValue": 0.0,
      "maxValue": 20.0
    },
    "regionalValueInterval": {
      "minValue": 0.0,
      "maxValue": 0.0
    },
    "setupName": "National Bidder Setup",
    "numberOfBidders": 1
  },
  "implementation": "org.spectrumauctions.sats.core.model.gsvm.GSVMBidder"
}