{
  "bidderPosition": -1,
  "values": {
    "0": 7.18698741174028743472490532440133392810821533203125,
    "1": 2.124375343261790671789412954240106046199798583984375,
    "2": 0.5286023013530261049908176573808304965496063232421875,
    "3": 1.83470050164864506569983859662897884845733642578125,
    "4": 5.204620082664899172186778741888701915740966796875,
    "5": 3.171426492945814690216366216191090643405914306640625,
    "6": 1.844846511831110813517398128169588744640350341796875,
    "7": 3.83094352773905910680696251802146434783935546875,
    "8": 8.5040976659916172053499394678510725498199462890625,
    "9": 3.58348428902427240672068364801816642284393310546875,
    "10": 7.505106764469022806451903306879103183746337890625,
    "11": 9.518501630056587003991808160208165645599365234375
  },
  "setupType": "National Bidder Setup",
  "population": 0,
  "id": 6,
  "worldId": 476,
  "setup": {
    "lowNationalValueInterval": {
      "minValue": 0.0,
      "maxValue": 10.0
    },
    "highNationalValueInterval": {
      "minValue": 0.0,
      "maxValue": 20.0
    },
    "regionalValueInterval": {
      "minValue": 0.0,
      "maxValue": 0.0
    },
    "setupName": "National Bidder Setup",
    "numberOfBidders": 1
  },
  "implementation": "org.spectrumauctions.sats.core.model.gsvm.GSVMBidder"
}