{
  "bidderPosition": 0,
  "values": {
    "0": 11.817375747716397427211632020771503448486328125,
    "1": 10.8783790779919105062845119391568005084991455078125,
    "2": 17.448696376926367435089559876359999179840087890625,
    "3": 5.793848396547065959794053924269974231719970703125,
    "12": 2.5352997450607972496072761714458465576171875,
    "13": 19.807748418141745361253924784250557422637939453125
  },
  "setupType": "Regional Bidder Setup",
  "population": 0,
  "id": 0,
  "worldId": 476,
  "setup": {
    "lowNationalValueInterval": {
      "minValue": 0.0,
      "maxValue": 20.0
    },
    "highNationalValueInterval": {
      "minValue": 0.0,
      "maxValue": 40.0
    },
    "regionalValueInterval": {
      "minValue": 0.0,
      "maxValue": 20.0
    },
    "setupName": "Regional Bidder Setup",
    "numberOfBidders": 6
  },
  "implementation": "org.spectrumauctions.sats.core.model.gsvm.GSVMBidder"
}