{
  "bidderPosition": 4,
  "values": {
    "16": 14.8420998507354635620458793709985911846160888671875,
    "17": 6.801288608070709784669816144742071628570556640625,
    "8": 14.0857265443060786225260017090477049350738525390625,
    "9": 5.0574344914270881190532236360013484954833984375,
    "10": 8.185999142875811429576060618273913860321044921875,
    "11": 14.1136362664655212739717171643860638141632080078125
  },
  "setupType": "Regional Bidder Setup",
  "population": 0,
  "id": 4,
  "worldId": 476,
  "setup": {
    "lowNationalValueInterval": {
      "minValue": 0.0,
      "maxValue": 20.0
    },
    "highNationalValueInterval": {
      "minValue": 0.0,
      "maxValue": 40.0
    },
    "regionalValueInterval": {
      "minValue": 0.0,
      "maxValue": 20.0
    },
    "setupName": "Regional Bidder Setup",
    "numberOfBidders": 6
  },
  "implementation": "org.spectrumauctions.sats.core.model.gsvm.GSVMBidder"
}