{
  "bidderPosition": 2,
  "values": {
    "4": 17.40480809023770092380800633691251277923583984375,
    "5": 1.7146244697985313365506954141892492771148681640625,
    "6": 14.22136515218843300090156844817101955413818359375,
    "7": 1.74770385140387229938596647116355597972869873046875,
    "14": 14.675935414730435724095514160580933094024658203125,
    "15": 0.970544080788544594184941161074675619602203369140625
  },
  "setupType": "Regional Bidder Setup",
  "population": 0,
  "id": 2,
  "worldId": 236,
  "setup": {
    "lowNationalValueInterval": {
      "minValue": 0.0,
      "maxValue": 20.0
    },
    "highNationalValueInterval": {
      "minValue": 0.0,
      "maxValue": 40.0
    },
    "regionalValueInterval": {
      "minValue": 0.0,
      "maxValue": 20.0
    },
    "setupName": "Regional Bidder Setup",
    "numberOfBidders": 6
  },
  "implementation": "org.spectrumauctions.sats.core.model.gsvm.GSVMBidder"
}