{
  "bidderPosition": 1,
  "values": {
    "2": 14.7747756595687889102919143624603748321533203125,
    "3": 0.0076813797088792767908671521581709384918212890625,
    "4": 21.550874772173983728862367570400238037109375,
    "5": 36.68484055623876116669634939171373844146728515625,
    "13": 1.280105746620698869975285560940392315387725830078125,
    "14": 5.4545317296888544689181799185462296009063720703125
  },
  "setupType": "Regional Bidder Setup",
  "population": 0,
  "id": 1,
  "worldId": 236,
  "setup": {
    "lowNationalValueInterval": {
      "minValue": 0.0,
      "maxValue": 20.0
    },
    "highNationalValueInterval": {
      "minValue": 0.0,
      "maxValue": 40.0
    },
    "regionalValueInterval": {
      "minValue": 0.0,
      "maxValue": 20.0
    },
    "setupName": "Regional Bidder Setup",
    "numberOfBidders": 6
  },
  "implementation": "org.spectrumauctions.sats.core.model.gsvm.GSVMBidder"
}