{
  "bidderPosition": 0,
  "values": {
    "0": 14.4555366022840470208166152588091790676116943359375,
    "1": 16.933290349903710847456750343553721904754638671875,
    "2": 14.7610600183428886111869360320270061492919921875,
    "3": 17.00097102136192717125595663674175739288330078125,
    "12": 10.968749020871332078286286559887230396270751953125,
    "13": 0.394245693522510265438540955074131488800048828125
  },
  "setupType": "Regional Bidder Setup",
  "population": 0,
  "id": 0,
  "worldId": 236,
  "setup": {
    "lowNationalValueInterval": {
      "minValue": 0.0,
      "maxValue": 20.0
    },
    "highNationalValueInterval": {
      "minValue": 0.0,
      "maxValue": 40.0
    },
    "regionalValueInterval": {
      "minValue": 0.0,
      "maxValue": 20.0
    },
    "setupName": "Regional Bidder Setup",
    "numberOfBidders": 6
  },
  "implementation": "org.spectrumauctions.sats.core.model.gsvm.GSVMBidder"
}