{
  "bidderPosition": 5,
  "values": {
    "0": 17.11440656848702701608999632298946380615234375,
    "1": 17.097035349056710629156441427767276763916015625,
    "17": 7.3188810333034322042067287839017808437347412109375,
    "10": 14.42713474668020268154577934183180332183837890625,
    "11": 3.365887571321002358359919526265002787113189697265625,
    "12": 13.345487343133630275815448840148746967315673828125
  },
  "setupType": "Regional Bidder Setup",
  "population": 0,
  "id": 5,
  "worldId": 236,
  "setup": {
    "lowNationalValueInterval": {
      "minValue": 0.0,
      "maxValue": 20.0
    },
    "highNationalValueInterval": {
      "minValue": 0.0,
      "maxValue": 40.0
    },
    "regionalValueInterval": {
      "minValue": 0.0,
      "maxValue": 20.0
    },
    "setupName": "Regional Bidder Setup",
    "numberOfBidders": 6
  },
  "implementation": "org.spectrumauctions.sats.core.model.gsvm.GSVMBidder"
}