{
  "regionsOfInterest": [
    1,
    2,
    3,
    7,
    8,
    9
  ],
  "alpha": 85.09234677213117947758291848003864288330078125,
  "beta": {
    "0": 0.1035255437150119084410704317633644677698612213134765625,
    "1": 0.1051003090564560926711834554225788451731204986572265625,
    "2": 0.055660426911891262846676653452959726564586162567138671875,
    "3": 0.0757330092719713243720747186671360395848751068115234375,
    "4": 0.05258480234913225082049592629118706099689006805419921875,
    "5": 0.10206702700597077015931546384308603592216968536376953125,
    "6": 0.09245098639744876722890154496781178750097751617431640625,
    "7": 0.06459465130683521294496785003502736799418926239013671875,
    "8": 0.0715080964238060390325557591495453380048274993896484375,
    "9": 0.11996775268515695589410796628726529888808727264404296875,
    "10": 0.11587582849776027760224650364762055687606334686279296875,
    "11": 0.0790966299194351407653158503308077342808246612548828125,
    "12": 0.07545006354913412482954271354174125008285045623779296875,
    "13": 0.1068652856554048458104233532139915041625499725341796875
  },
  "zLow": {
    "0": 0.000003123887347,
    "1": 0.000001491484416,
    "2": 0.000003989485562,
    "3": 0.000001317327833,
    "4": 5.570045293E-7,
    "5": 6.947121716E-7,
    "6": 0.000009462854967,
    "7": 2.553722088E-7,
    "8": 0.000003011016923,
    "9": 0.000001148375526,
    "10": 6.975973604E-7,
    "11": 2.883922952E-7,
    "12": 5.014334421E-7,
    "13": 0.00001488792636
  },
  "zHigh": {
    "0": 0.000126056833987903635207295484276256915987896803785040577160123389103961283154475033280723151548297656199055568902594,
    "1": 0.000060420079778370081712784617928523495436962275569123749192856980624571574754177100117042234154752429625239740267143,
    "2": 0.00014189021378583959197229800901888324930382874228113616395259882854827199487966834803605644623630847406672741142849679,
    "3": 0.000049496355064939128079529356231456094761261047411614911620699883078712040258877856070274465597128841763713922033915,
    "4": 0.0000196391331856596454623634919322340340351775010809562194431100091461005668992959244485265610355670559996836081996720,
    "5": 0.0000279320857445019536111550410589683067269561219894600916362615435302887333623606430220649160244909557315424369031655,
    "6": 0.0003713706765920809523387675532602637886455847920478492117756662333474272566781541699747446698367034475190486335075099,
    "7": 0.0000093107341392509721219347281091093083567041999810123244989305805029356788357123338934301048592332684039244418282816,
    "8": 0.000111861716531808020729920343421925170588153568478545524029587986734089601132000868765078233235538244974134165594323,
    "9": 0.0000482280688779139789031750273653917237458760509710022354162578976475745133814222205491670450295970925747278254686701,
    "10": 0.0000290113880200515997669619658404121395101163939655392079091431044958432625233584398089009812505141362558825725413082,
    "11": 0.000010932854719598305054935328836190665718522605882465415082732949537512399483041742474614612141696507009380551656144,
    "12": 0.0000188263217686961022730359444883174152091325966977346889980890395870783597955963726854830389001360523433750008242184,
    "13": 0.000605738040863332331109286546065213982823334053367874529693956482279038713578623846467765368089912662907040348889884
  },
  "setupType": "Multi Region Model Local Bidder",
  "population": 0,
  "id": 2,
  "worldId": 406,
  "setup": {
    "numberOfRegionsInterval": {
      "minValue": 3,
      "maxValue": 7
    },
    "alphaInterval": {
      "minValue": 60.0,
      "maxValue": 100.0
    },
    "betaInterval": {
      "minValue": 0.05,
      "maxValue": 0.12
    },
    "setupName": "Multi Region Model Local Bidder",
    "numberOfBidders": 3
  },
  "implementation": "org.spectrumauctions.sats.core.model.mrvm.MRVMLocalBidder"
}