{
  "regionsOfInterest": [
    0,
    4,
    8,
    12
  ],
  "alpha": 99.68697594086899016474490053951740264892578125,
  "beta": {
    "0": 0.08426169745107929542893288044069777242839336395263671875,
    "1": 0.05888408729610265790466172575179371051490306854248046875,
    "2": 0.101807022170576022546129024703986942768096923828125,
    "3": 0.1030234884393436411986755274483584798872470855712890625,
    "4": 0.105366308426286414690054016318754293024539947509765625,
    "5": 0.1189399737069591067584184429506422020494937896728515625,
    "6": 0.07043002604352800732900874436381855048239231109619140625,
    "7": 0.061271175321915775924264124796536634676158428192138671875,
    "8": 0.11577557542326054329517859287079772911965847015380859375,
    "9": 0.0699635400950736896508175277631380595266819000244140625,
    "10": 0.0710815474166823502155665437385323457419872283935546875,
    "11": 0.06847618623198691023556960999485454522073268890380859375,
    "12": 0.06031186223085195641235856101047829724848270416259765625,
    "13": 0.07275116385859407841518731174801359884440898895263671875
  },
  "zLow": {
    "0": 0.000003838068136,
    "1": 0.000002662102450,
    "2": 0.000002181150817,
    "3": 9.683733531E-7,
    "4": 2.779823410E-7,
    "5": 5.961595902E-7,
    "6": 0.00001242155264,
    "7": 2.692241285E-7,
    "8": 0.000001859736717,
    "9": 0.000001969140368,
    "10": 0.000001137210360,
    "11": 3.331210440E-7,
    "12": 6.272926034E-7,
    "13": 0.00002186910035
  },
  "zHigh": {
    "0": 0.0001474822576632133961169299594908923709557999375997881609158480198899784155052840156311486303322493537363854898275544,
    "1": 0.0000955386208020187612813649371905070294637293752963222146055257253158572544857443943453839066219208769310319963957785,
    "2": 0.00008764017143364791344568676000509195189154404687882527433343331745287071702439587721770051555988247651445463960,
    "3": 0.000039027720685493524355127900062320197618589989495954570267933870212521681414801715250871242933344058776010077368516,
    "4": 0.00001126846753781927453510724332771630842116206209320555733404754165881611418844872170094083250178841993177578662631,
    "5": 0.000024975508301787150294877295558780402983256560832240053041065624371604096000617254166085092847746868203849420728969,
    "6": 0.0004601316067386714433909712016330149203506239828878217543172930991840386095984601374787962458556273252821180390534519,
    "7": 0.00000972629173143592273809987885204261168635083226350881088137208057572766623147105604827747070045889197772503700726179,
    "8": 0.0000773233103317464770059004598360528939014269874821175737454710305566890757671240424748112058939305177982184486285297,
    "9": 0.000072851014133591368467044216181196978231373676275729398299081421758687960613260385786808439365763471950949979697384,
    "10": 0.000042199777993551750551938618859929493537101531644036776535598993875171056297721922603951800616779762564957135672704,
    "11": 0.0000122747171827479140066982795093681974778753442226508404774518212849214782136115901874845916128465713871951247335692,
    "12": 0.0000226020966061054503948353066357675760866924462870684872714592312534247252243344126604466384575681881006536863071183,
    "13": 0.0008151732605853508381628809987007947212405135525763847095505342725280760913917337564986818153692735661508395975929099
  },
  "setupType": "Multi Region Model Local Bidder",
  "population": 0,
  "id": 0,
  "worldId": 406,
  "setup": {
    "numberOfRegionsInterval": {
      "minValue": 3,
      "maxValue": 7
    },
    "alphaInterval": {
      "minValue": 60.0,
      "maxValue": 100.0
    },
    "betaInterval": {
      "minValue": 0.05,
      "maxValue": 0.12
    },
    "setupName": "Multi Region Model Local Bidder",
    "numberOfBidders": 3
  },
  "implementation": "org.spectrumauctions.sats.core.model.mrvm.MRVMLocalBidder"
}