{
  "bidderPosition": -1,
  "values": {
    "0": 2.588746562852893617900917888619005680084228515625,
    "1": 7.42875927490415843834625775343738496303558349609375,
    "2": 0.105524486334740430493184248916804790496826171875,
    "3": 9.310553246744735389484048937447369098663330078125,
    "4": 15.462888135630965535938230459578335285186767578125,
    "5": 3.03338675463966200851473331567831337451934814453125,
    "6": 10.66237731363039387133540003560483455657958984375,
    "7": 12.1648585604827648154468988650478422641754150390625,
    "8": 9.8556930208388724423684834619052708148956298828125,
    "9": 8.558419645567795441820635460317134857177734375,
    "10": 5.0757566786588217411235746112652122974395751953125,
    "11": 0.650734034923996507160381952417083084583282470703125
  },
  "setupType": "National Bidder Setup",
  "population": 0,
  "id": 6,
  "worldId": 616,
  "setup": {
    "lowNationalValueInterval": {
      "minValue": 0.0,
      "maxValue": 10.0
    },
    "highNationalValueInterval": {
      "minValue": 0.0,
      "maxValue": 20.0
    },
    "regionalValueInterval": {
      "minValue": 0.0,
      "maxValue": 0.0
    },
    "setupName": "National Bidder Setup",
    "numberOfBidders": 1
  },
  "implementation": "org.spectrumauctions.sats.core.model.gsvm.GSVMBidder"
}