{
  "bidderPosition": 3,
  "values": {
    "16": 19.133072144395413261008798144757747650146484375,
    "6": 4.502050752386281828876235522329807281494140625,
    "7": 2.3563383528968273594728088937699794769287109375,
    "8": 19.1696885358537230104047921486198902130126953125,
    "9": 3.641449681092574497398572930251248180866241455078125,
    "15": 6.69059482919657710908722947351634502410888671875
  },
  "setupType": "Regional Bidder Setup",
  "population": 0,
  "id": 3,
  "worldId": 380,
  "setup": {
    "lowNationalValueInterval": {
      "minValue": 0.0,
      "maxValue": 20.0
    },
    "highNationalValueInterval": {
      "minValue": 0.0,
      "maxValue": 40.0
    },
    "regionalValueInterval": {
      "minValue": 0.0,
      "maxValue": 20.0
    },
    "setupName": "Regional Bidder Setup",
    "numberOfBidders": 6
  },
  "implementation": "org.spectrumauctions.sats.core.model.gsvm.GSVMBidder"
}