{
  "bidderPosition": 4,
  "values": {
    "16": 10.3485949231536960013499992783181369304656982421875,
    "17": 4.51304923761364218393055125488899648189544677734375,
    "8": 19.123886417627776523886495851911604404449462890625,
    "9": 0.945126244746805621588237045216374099254608154296875,
    "10": 0.43736616699273866970543167553842067718505859375,
    "11": 4.16139904676485539170016636489890515804290771484375
  },
  "setupType": "Regional Bidder Setup",
  "population": 0,
  "id": 4,
  "worldId": 380,
  "setup": {
    "lowNationalValueInterval": {
      "minValue": 0.0,
      "maxValue": 20.0
    },
    "highNationalValueInterval": {
      "minValue": 0.0,
      "maxValue": 40.0
    },
    "regionalValueInterval": {
      "minValue": 0.0,
      "maxValue": 20.0
    },
    "setupName": "Regional Bidder Setup",
    "numberOfBidders": 6
  },
  "implementation": "org.spectrumauctions.sats.core.model.gsvm.GSVMBidder"
}