{
  "regionsOfInterest": [
    0,
    1,
    4,
    7,
    8,
    11,
    13
  ],
  "alpha": 89.449193818711137282662093639373779296875,
  "beta": {
    "0": 0.05275553120809252372058750779615365900099277496337890625,
    "1": 0.10998301201568683183040775475092232227325439453125,
    "2": 0.06822512151172011041211362680769525468349456787109375,
    "3": 0.06545371372394637177194454125128686428070068359375,
    "4": 0.0745503975246824823752689326283871196210384368896484375,
    "5": 0.1017176536795483254849159493460319936275482177734375,
    "6": 0.08785591615578336455172347996267490088939666748046875,
    "7": 0.10749074440224389015430261906658415682613849639892578125,
    "8": 0.0662390447951859140385266755401971749961376190185546875,
    "9": 0.0794736621128049047779740021724137477576732635498046875,
    "10": 0.07160349335571421225399291188296047039330005645751953125,
    "11": 0.07295459581607298404914985212599276565015316009521484375,
    "12": 0.110978177723949522626156749538495205342769622802734375,
    "13": 0.083618965160777936063141169142909348011016845703125
  },
  "zLow": {
    "0": 0.000006393059205,
    "1": 0.000001486383743,
    "2": 0.000003394321348,
    "3": 0.000001589566245,
    "4": 4.097348002E-7,
    "5": 7.269890706E-7,
    "6": 0.00001038476239,
    "7": 1.600416290E-7,
    "8": 0.000003389910212,
    "9": 0.000001807836160,
    "10": 0.000001177327566,
    "11": 3.260789924E-7,
    "12": 3.555241922E-7,
    "13": 0.00001984266119
  },
  "zHigh": {
    "0": 0.0002255186995714440683094238944276369963651685277707594353095072686392256800561460549759817389398292345985982489102662,
    "1": 0.0000609392083751022731865095668157204637010677429330648445100242612838060608170206531476757393469555264792131356,
    "2": 0.0001249874390694771531409314872621503826919018896895670209565254316048616150149633249550475851267496166025552929944,
    "3": 0.0000580912887294506613933807548878829135199801893835103351305468866769814444836752780800031296343825856270620387,
    "4": 0.000015346633229229846034928298585528898373439766084421230623641463791663513466943987246505912137288832136926215025484,
    "5": 0.000029204434366003916720742536428391904359777195635728576809853260108539144655900983220618909392046816892957089895,
    "6": 0.0004027791529535263561253443967058968328878357357191592261657886765672900708331322102830953893235034985945792151823,
    "7": 0.0000065215482519856894997490969262450341005445191875835150021525234012596052238377563192713669091589407795658829170839,
    "8": 0.000124151747767530577525080252507253612005870364474049496737225066173952203203498235204179209209521782371222624304725,
    "9": 0.000068602620807822363374078318360188612863152915396769519883572937429981160182637550765929823141208717945497010115670,
    "10": 0.0000437499036297364384886308629744381622958455906086202047032673789286422564994948430301605968532946128570844939775851,
    "11": 0.0000121612658788442607579393353262043198921929587228722900423033352100398448460629590381347952369727167865272428299396,
    "12": 0.00001461126846133322016589484031411003967579268199593806991083664501795115569381494514595348716820175757815514391032,
    "13": 0.00076120211515204635098735929887891819330350337307999689641275698307142620169233728265482179180825460494839201400
  },
  "setupType": "Multi Region Model Local Bidder",
  "population": 0,
  "id": 1,
  "worldId": 926,
  "setup": {
    "numberOfRegionsInterval": {
      "minValue": 3,
      "maxValue": 7
    },
    "alphaInterval": {
      "minValue": 60.0,
      "maxValue": 100.0
    },
    "betaInterval": {
      "minValue": 0.05,
      "maxValue": 0.12
    },
    "setupName": "Multi Region Model Local Bidder",
    "numberOfBidders": 3
  },
  "implementation": "org.spectrumauctions.sats.core.model.mrvm.MRVMLocalBidder"
}