{
  "homeId": 1,
  "distanceDiscounts": {
    "0": 1,
    "1": 0.42045,
    "2": 0.17678,
    "3": 0.07433,
    "4": 0.03125,
    "5": 0.01314,
    "6": 0.00552,
    "7": 0.00232
  },
  "alpha": 812.244585319318275651312433183193206787109375,
  "beta": {
    "0": 0.08323912479180746448736982756599900312721729278564453125,
    "1": 0.04776605883812760910966943583844113163650035858154296875,
    "2": 0.05871463629870672662480757253433694131672382354736328125,
    "3": 0.06333695100398882560366331517798244021832942962646484375,
    "4": 0.07224231822908888656087356139323674142360687255859375,
    "5": 0.08483154580221059781752757089634542353451251983642578125,
    "6": 0.0789070517380976166332828825034084729850292205810546875,
    "7": 0.0468232718030627548255750980388256721198558807373046875,
    "8": 0.046054370000200593737726961762746213935315608978271484375,
    "9": 0.073654455964251852595481295793433673679828643798828125,
    "10": 0.04896887630229333765452537363671581260859966278076171875,
    "11": 0.07368206140071804910451902514978428371250629425048828125,
    "12": 0.061093332244238983397277564790783799253404140472412109375,
    "13": 0.07508695433358773818621756390712107531726360321044921875
  },
  "zLow": {
    "0": 0.000004051811396,
    "1": 0.000003422450271,
    "2": 0.000003944127070,
    "3": 0.000001642690598,
    "4": 4.228254711E-7,
    "5": 8.716995760E-7,
    "6": 0.00001156250036,
    "7": 3.674026434E-7,
    "8": 0.000004875637520,
    "9": 0.000001950667591,
    "10": 0.000001721517276,
    "11": 3.228596030E-7,
    "12": 6.458221467E-7,
    "13": 0.00002209735113
  },
  "zHigh": {
    "0": 0.0001552812653001748602032380683654969670721151791894871713792888336861046933278329886927575044376308163180194612410497,
    "1": 0.0001190212042267030793430433250504948061421531996863577322240103465581196760355149838083929217331646209980252784320327,
    "2": 0.0001414816107208072433080064549989014458236153102321984181682901665322532469334726508137345782092231428748366395510563,
    "3": 0.0000596850193309912446507329480394071323759424824005806456607090111531778570248462551721465856320796177466541755653544,
    "4": 0.0000157393533545776994939319292218301830594830095800069323141849506504485258246804858251278165223155866555539548073,
    "5": 0.0000335457495292586259774032998285430001945379736529739847381073421718633049167522123836138928047269081935686864126259,
    "6": 0.000438111291930086711117083554615645204387077703597479780059289921065653156837288270025938582752257242263258863609102,
    "7": 0.000012742378684619586154173832967870975281299455814922577735428314885580137235823434504137974488448412781981839002825,
    "8": 0.00016872356702990929718963999632914223086993623171619639793043945989480127569095021640269697411131431168336783649270263,
    "9": 0.00007288756371830215504807471642258986871276159105211424286745260797448081337661023093355123514191616546238069934975,
    "10": 0.0000600755949332252099055501954352755731789190091475245548450643884733397672649168025784628546619639995485671025356109,
    "11": 0.0000120646841979224098804084160141904571297928689952461242706575656010928808496007836678062566505477674698738077989134,
    "12": 0.00002332020709829811900491378628884306279523699769878141167039672141308297848599807702172607400101555122442057174111709,
    "13": 0.0008288428131711366611030703577319779075557010930124277985453963880865027518473120603311079243600358423099817320623617
  },
  "setupType": "Multi Region Model Regional Bidder",
  "population": 0,
  "id": 6,
  "worldId": 926,
  "setup": {
    "exponentFactor": 1.25,
    "base": 2.0,
    "alphaInterval": {
      "minValue": 500.0,
      "maxValue": 840.0
    },
    "betaInterval": {
      "minValue": 0.04,
      "maxValue": 0.1
    },
    "setupName": "Multi Region Model Regional Bidder",
    "numberOfBidders": 4
  },
  "implementation": "org.spectrumauctions.sats.core.model.mrvm.MRVMRegionalBidder"
}