{
  "regionsOfInterest": [
    2,
    3,
    10
  ],
  "alpha": 60.80057147659184835220003151334822177886962890625,
  "beta": {
    "0": 0.092869101900273420824305503629148006439208984375,
    "1": 0.09890277413989634336388689916930161416530609130859375,
    "2": 0.096024386432260744328459622920490801334381103515625,
    "3": 0.058776612483368621819845856180108967237174510955810546875,
    "4": 0.09560213347452688192884551199313136748969554901123046875,
    "5": 0.098542094970080651439303665029001422226428985595703125,
    "6": 0.11503690473861703791325084011987200938165187835693359375,
    "7": 0.08070671562893404205052405586684471927583217620849609375,
    "8": 0.0935168310239145317286357794728246517479419708251953125,
    "9": 0.1130077177923279052595972871131380088627338409423828125,
    "10": 0.118862221480559637765139768816879950463771820068359375,
    "11": 0.09967373556362356390447843068614020012319087982177734375,
    "12": 0.11723884152461773455744520333610125817358493804931640625,
    "13": 0.0986766761391027202865444678536732681095600128173828125
  },
  "zLow": {
    "0": 0.000003631662496,
    "1": 0.000001652905720,
    "2": 0.000002411658070,
    "3": 0.000001770143082,
    "4": 3.195105708E-7,
    "5": 7.504165862E-7,
    "6": 0.000007931044526,
    "7": 2.131544284E-7,
    "8": 0.000002401112312,
    "9": 0.000001271376531,
    "10": 7.092309524E-7,
    "11": 2.386683007E-7,
    "12": 3.365388678E-7,
    "13": 0.00001681474144
  },
  "zHigh": {
    "0": 0.00014267679830717951093325242724576879565473430659150900684056825976650906404009039702745658247158036694631483,
    "1": 0.0000659348676732027001035740006881436597348987067598083975382471602009950866153940230374577584598860898844881715463,
    "2": 0.00009550754072016783904997814688329890222969069106293726287568531369008829587291935883803328230617663191839563435,
    "3": 0.00006350859382510323641013253153213878326779640220617768180233293709970241270554092534496985382036875134574133142966115,
    "4": 0.0000126399063467880763980495625947958666725697697239485570045251027413097841991768117032783525123251207525421943831845,
    "5": 0.00002990725983625977349880158678216179904478255665302139924442705063288281188412021049440422012415904993859965958231,
    "6": 0.0003291676171142046363080758621197778688776077105604865494580806413710511249785712182518780874206010975112096277467516,
    "7": 0.0000081149322330687502956085428495388948157292663993174313856180332272591735639641377860572127199426632833262516787768,
    "8": 0.000094487810785686942697369689019272543699253330190680955613752482518005994932793685361962907670534890111390271528518,
    "9": 0.000052508831915826834462265064609557591799543224540025017422592373218854000048010685540624922596766029764308580228070,
    "10": 0.00002970700522455912368455268051744710806730268357783561016716623316305787026468124895494594440215895918641638904751,
    "11": 0.0000095389451293916083036667971704889643438570697496095355319796979622830060978457225308953532418104323583766276970835,
    "12": 0.0000140417087290189003999081312439300944813168471305071171608480673890792326764953478079743591481882131512308497506901,
    "13": 0.000670364522443749214096967478446559048906140193260559907685614663896947153619035593685902054681414584048128307605515
  },
  "setupType": "Multi Region Model Local Bidder",
  "population": 0,
  "id": 0,
  "worldId": 926,
  "setup": {
    "numberOfRegionsInterval": {
      "minValue": 3,
      "maxValue": 7
    },
    "alphaInterval": {
      "minValue": 60.0,
      "maxValue": 100.0
    },
    "betaInterval": {
      "minValue": 0.05,
      "maxValue": 0.12
    },
    "setupName": "Multi Region Model Local Bidder",
    "numberOfBidders": 3
  },
  "implementation": "org.spectrumauctions.sats.core.model.mrvm.MRVMLocalBidder"
}