{
  "homeId": 11,
  "distanceDiscounts": {
    "0": 1,
    "1": 0.42045,
    "2": 0.17678,
    "3": 0.07433,
    "4": 0.03125,
    "5": 0.01314,
    "6": 0.00552,
    "7": 0.00232
  },
  "alpha": 660.397689140080046854563988745212554931640625,
  "beta": {
    "0": 0.05156221967742606604456767627198132686316967010498046875,
    "1": 0.09413139897618531815037812293667229823768138885498046875,
    "2": 0.08516278718535573444281538968425593338906764984130859375,
    "3": 0.096235080653108651116411920156679116189479827880859375,
    "4": 0.072185775579331090678891769130132161080837249755859375,
    "5": 0.044669897358904468720464109310341882519423961639404296875,
    "6": 0.045460856991838050067400445186649449169635772705078125,
    "7": 0.08966711992100541428474258509595529176294803619384765625,
    "8": 0.047043767152135103348786770993683603592216968536376953125,
    "9": 0.094779967424290845201539923436939716339111328125,
    "10": 0.083713494510944119753048653365112841129302978515625,
    "11": 0.05006129973958882428686223420299938879907131195068359375,
    "12": 0.06777516703406727405223364257835783064365386962890625,
    "13": 0.045540959193659691361943941956269554793834686279296875
  },
  "zLow": {
    "0": 0.000006541014652,
    "1": 0.000001736688956,
    "2": 0.000002719239166,
    "3": 0.000001081133961,
    "4": 4.231566675E-7,
    "5": 0.000001655424053,
    "6": 0.00002006919522,
    "7": 1.918539801E-7,
    "8": 0.000004773095948,
    "9": 0.000001515883198,
    "10": 0.000001007015262,
    "11": 4.751966332E-7,
    "12": 5.821516745E-7,
    "13": 0.00003643363742
  },
  "zHigh": {
    "0": 0.0002299573629839057103423080989635737129235916224104183708429889087140429099379401195295922054154786552008742657164832,
    "1": 0.0000684483647788692057780503717479566953734593760929059394502926444039223604056312996718863782662132157062754672445302,
    "2": 0.0001047349736174424089856619919121215900300006161374848772684652174624416528318022421106312917865579144199256611130016,
    "3": 0.00004283832021710211272148220015928068648446034462266404804530573117076093979737395666251069548686013774955833025736,
    "4": 0.00001574928924803832147282528663476688253577270980433847413185700583850952425144695474720309531976485894864882496712,
    "5": 0.00005705748382093326938473475521032274904443713640985636218451371242474346409030422735055783304470270112859987632600190,
    "6": 0.00069331213775715298787056935302991413261352618690388534912557676222447346739718711037471770525424612394587584971883,
    "7": 0.0000074759187832721392631864916096937576403815432084489302284294061997695871952905351608256270288686032180818719233862,
    "8": 0.00016564731984473633455885226527284398646505806436300958837657344950362541469330243010739730042778444238768522815051737,
    "9": 0.00005984403195161337500871235896464912887937081537293403224487341639084373250386635622519959303701301076020085,
    "10": 0.00003864053448945578916627034413785232769254917311504331247364191522666747891276278757465238443584649617197163432,
    "11": 0.0000166347951047479577154259600615920817990734977391242747886916052415036325541442378482170140113540324390821337026005,
    "12": 0.0000214100929326271026037988930692838342683463327468802716206924947643721344930162831579468587087071878347572997591,
    "13": 0.00125893140185492022221184856475080434457416060735460096893699422476536705389064379722322509319777141906886700702922
  },
  "setupType": "Multi Region Model Regional Bidder",
  "population": 0,
  "id": 4,
  "worldId": 926,
  "setup": {
    "exponentFactor": 1.25,
    "base": 2.0,
    "alphaInterval": {
      "minValue": 500.0,
      "maxValue": 840.0
    },
    "betaInterval": {
      "minValue": 0.04,
      "maxValue": 0.1
    },
    "setupName": "Multi Region Model Regional Bidder",
    "numberOfBidders": 4
  },
  "implementation": "org.spectrumauctions.sats.core.model.mrvm.MRVMRegionalBidder"
}