{
  "homeId": 4,
  "distanceDiscounts": {
    "0": 1,
    "1": 0.42045,
    "2": 0.17678,
    "3": 0.07433,
    "4": 0.03125,
    "5": 0.01314,
    "6": 0.00552,
    "7": 0.00232
  },
  "alpha": 703.903774408829349340521730482578277587890625,
  "beta": {
    "0": 0.0892563374248989405135290553516824729740619659423828125,
    "1": 0.053185457749394225712702422015354386530816555023193359375,
    "2": 0.05071003185857790585000515193314640782773494720458984375,
    "3": 0.09489943964372103690774196138590923510491847991943359375,
    "4": 0.07049046143717563328578989967354573309421539306640625,
    "5": 0.0831767113981214389895058047841303050518035888671875,
    "6": 0.04385479442786412163091114280177862383425235748291015625,
    "7": 0.08939555005577448643094840008416213095188140869140625,
    "8": 0.040714049364872051395281005170545540750026702880859375,
    "9": 0.0665198585408395270945902666426263749599456787109375,
    "10": 0.0868002034716039150286093217800953425467014312744140625,
    "11": 0.07918649070830453828850892250557080842554569244384765625,
    "12": 0.05766416129243968902162720269188866950571537017822265625,
    "13": 0.09363172288391118092132359151946729980409145355224609375
  },
  "zLow": {
    "0": 0.000003778658683,
    "1": 0.000003073715409,
    "2": 0.000004566709543,
    "3": 0.000001096350140,
    "4": 4.333336967E-7,
    "5": 8.890423926E-7,
    "6": 0.00002080417491,
    "7": 1.924368028E-7,
    "8": 0.000005515157982,
    "9": 0.000002159886736,
    "10": 9.712047112E-7,
    "11": 3.004169130E-7,
    "12": 6.842278826E-7,
    "13": 0.00001772073336
  },
  "zHigh": {
    "0": 0.000147086683911733390761268157019909254862044231004873453772447284323764157731753622092102446354250650658256775863926,
    "1": 0.00010855915836493766094903189659263581248342643957028549197515595672034474895554778770786666797460728399771722887440558,
    "2": 0.0001601590849176455209301535472074764338962320595509333253127662160193056589168535310352950581934989556007371243744570,
    "3": 0.0000432948055852444421120827522519386677065579455940569296577664222333619696858762367427513363141610920553096305193603,
    "4": 0.0000160546001233451404365341518964547651048234303788380324441229273924648570660076641751445585811865653007891247553,
    "5": 0.000034066034026235415903824424597421496649319330740760650858809947821619130112146990731876173558350215842367268734,
    "6": 0.0007153615283940714153319091260886821794469667226649195985581944257024490442284921545891427009198069819581716205259534,
    "7": 0.0000074934034654942271648594500414765685571718966265855035254603837926514680508189882933152054317178213593345581302,
    "8": 0.00018790918088858442005531231748918916127037777116743472109520949035365598322620470406972379455690478196911123007290,
    "9": 0.000079164138083426001442752751841206715492093989420806752570207733510502795601761113617132057866893392608118868772,
    "10": 0.000037566217988147227000199604131024539391292442867665735208660540668384645632003977477256588775281678089501355945452,
    "11": 0.0000113914034988144025146621791399660125805023936028097221857998864429774219171552091966052697102521898833899292646937,
    "12": 0.0000244723791731871426930077305015539807969948796928195468173420251931569491439054371750948341122319860941801687921733,
    "13": 0.0006975442800874731648590063188938882709568503498079621720159439595750107853382995588848257576313496501383472720352520
  },
  "setupType": "Multi Region Model Regional Bidder",
  "population": 0,
  "id": 3,
  "worldId": 926,
  "setup": {
    "exponentFactor": 1.25,
    "base": 2.0,
    "alphaInterval": {
      "minValue": 500.0,
      "maxValue": 840.0
    },
    "betaInterval": {
      "minValue": 0.04,
      "maxValue": 0.1
    },
    "setupName": "Multi Region Model Regional Bidder",
    "numberOfBidders": 4
  },
  "implementation": "org.spectrumauctions.sats.core.model.mrvm.MRVMRegionalBidder"
}