{
  "regionsOfInterest": [
    0,
    1,
    3,
    9,
    11,
    12
  ],
  "alpha": 83.4845510105376007459199172444641590118408203125,
  "beta": {
    "0": 0.11983882115573345206183120126297581009566783905029296875,
    "1": 0.098419367204478358512886870812508277595043182373046875,
    "2": 0.104518356562765146744453659266582690179347991943359375,
    "3": 0.0910297086125707866077760854750522412359714508056640625,
    "4": 0.05418461293985736559886134955377201549708843231201171875,
    "5": 0.05487258613658617389940985731300315819680690765380859375,
    "6": 0.09020080758787317465330346522023319266736507415771484375,
    "7": 0.08427784136403548842508826055563986301422119140625,
    "8": 0.09175930098876013130126949590703588910400867462158203125,
    "9": 0.056595068921082992974280756470761843957006931304931640625,
    "10": 0.09368309531602669881777956106816418468952178955078125,
    "11": 0.057832217542762354156593573861755430698394775390625,
    "12": 0.1193110912554729285961485629741218872368335723876953125,
    "13": 0.0855290904054999689964944309394923038780689239501953125
  },
  "zLow": {
    "0": 0.000002814357077,
    "1": 0.000001661024305,
    "2": 0.000002215668080,
    "3": 0.000001142956685,
    "4": 5.637373893E-7,
    "5": 0.000001347624155,
    "6": 0.00001011479651,
    "7": 2.041223833E-7,
    "8": 0.000002447102495,
    "9": 0.000002538655096,
    "10": 8.998503546E-7,
    "11": 4.113444392E-7,
    "12": 3.306937064E-7,
    "13": 0.00001939951410
  },
  "zHigh": {
    "0": 0.0001181576357368863569954104148038353992876654494757819820229689925502566700190799946449798440604422503135326317688758,
    "1": 0.00006617842525060545394498489519021989435510097861543165872550164531112481632558140190244237383351053616112135453260,
    "2": 0.00008962784103493300512325601990210092279253206755444301109330684516805666186432988719413272396154999816304644436373,
    "3": 0.000044693001917488914431223120978027282494193447278636368350916964134882065118175634146639829182722813226674667125520,
    "4": 0.0000199667108997575610295503182377408350939044654458347683098033313436658555824866007646991987361098484527115118636759,
    "5": 0.0000478234868889208562602155188566636444120145304452993920065084626599455865595069329319229854397329490770697314869011,
    "6": 0.0003946801765709610058546825957172044638765738041253530369222428432504039388164396227119233417945756786640243781051777,
    "7": 0.0000078439708799178376001074569479383154219042097374745218762809786310943132129661796933482207948513165334521523,
    "8": 0.0000958675162630259691054140409870550133876729636878692593057695302308673523776703407464108405990373147614424900296837,
    "9": 0.00009052718889139510847085925574742446363971645000875328962940670730292835752803566001997797449478574226334266229621689,
    "10": 0.0000354255872917490535069021825890287444377474809028879169868719646529023729962017732213460393470936405421429579881,
    "11": 0.00001471922928324448662963651269665329011350076593910690836547562683283810570589156271642525371633109456531166645,
    "12": 0.000013866353888821665029909257628870526485606008652718541137535452220124347632766996633869423707203989897032211878479,
    "13": 0.000747907702263749291481660591855863184899127221182100498998065574425887140968054615948779371789528615984432908078798
  },
  "setupType": "Multi Region Model Local Bidder",
  "population": 0,
  "id": 2,
  "worldId": 926,
  "setup": {
    "numberOfRegionsInterval": {
      "minValue": 3,
      "maxValue": 7
    },
    "alphaInterval": {
      "minValue": 60.0,
      "maxValue": 100.0
    },
    "betaInterval": {
      "minValue": 0.05,
      "maxValue": 0.12
    },
    "setupName": "Multi Region Model Local Bidder",
    "numberOfBidders": 3
  },
  "implementation": "org.spectrumauctions.sats.core.model.mrvm.MRVMLocalBidder"
}