{
  "gammaValues": {
    "1": 0.98599,
    "2": 0.94397
  },
  "alpha": 886.3598448759838674959610216319561004638671875,
  "beta": {
    "0": 0.16863141223310662564216499959002248942852020263671875,
    "1": 0.080316506413882382542368532085674814879894256591796875,
    "2": 0.10182066317248965325870102560656960122287273406982421875,
    "3": 0.1849045718057238385512164313695393502712249755859375,
    "4": 0.148331816973437558004889069707132875919342041015625,
    "5": 0.09844293355766996211908548275459907017648220062255859375,
    "6": 0.2147260351969280112172100416501052677631378173828125,
    "7": 0.21459693405828927925682592103839851915836334228515625,
    "8": 0.1902565430253994882558998824606533162295818328857421875,
    "9": 0.0862820257859838457559220614712103269994258880615234375,
    "10": 0.1890399521469379451321657370499451644718647003173828125,
    "11": 0.1904613706176248033585807206691242754459381103515625,
    "12": 0.10286531641691280813954989525882410816848278045654296875,
    "13": 0.08300468099728054716113234690055833198130130767822265625
  },
  "zLow": {
    "0": 0.000002000038012,
    "1": 0.000002035409262,
    "2": 0.000002274371225,
    "3": 5.626849186E-7,
    "4": 2.059294686E-7,
    "5": 7.511724797E-7,
    "6": 0.000004248962231,
    "7": 8.016421068E-8,
    "8": 0.000001180219144,
    "9": 0.000001665182972,
    "10": 4.459415356E-7,
    "11": 1.249017637E-7,
    "12": 3.835639490E-7,
    "13": 0.00001998950873
  },
  "zHigh": {
    "0": 0.0000937280637785189404211912226049732381881318506801290540961814828598980920992982370047656438038386539476961526506,
    "1": 0.00007740997394675141473471765196321258169059764558100047165801164201826880557835441339435081994539194787418527002386,
    "2": 0.0000913889353789942663016757777105821559120876762782674424987184379638353726805599528932492335889667351051137769705654,
    "3": 0.000027284848947112874273402839988361968883681451539802860526368796401071483591012364744966894561972802472913957196,
    "4": 0.00000923247327905536688137903604931085404127670099186897321993886348338800404590342075947907715642640642341907109,
    "5": 0.0000299299366397318931245297894756892094931816599964324133629190610684584851431253727077262309158016617461064730741789,
    "6": 0.000218705148280505803094384353900216424807355512296755062810562662379095537613296838075234439960510047290501459663,
    "7": 0.0000041252257034784375609325002327361064759148484764014677684401756987286234800278618068372541489536158503610452582,
    "8": 0.000057861015749469148777873700655077099684199933326750894078612671025874657559093838622034558921315350966653841985747,
    "9": 0.000064323025170495058713531335115076790908239020390055738113554035874263080923917122198601070790382231293515344785074,
    "10": 0.000021808322720263797155246120726448233703225736962224553100242684249774567409680079243708481504125074172109163303170,
    "11": 0.000006125949017222428331098687979097568095448047586889893598432821585076720483907871463450536324473637143714093289,
    "12": 0.0000154524611672179073375626000776956974377864726342194594147362540996777035310399513025047791787654195528926228733455,
    "13": 0.0007656075411053259318734315610624203888552447035526327041463246783881407107574090864632163724918050976226109473308402
  },
  "setupType": "Multi Region Model National Bidder",
  "population": 0,
  "id": 8,
  "worldId": 926,
  "setup": {
    "bInterval": {
      "minValue": 0.1,
      "maxValue": 0.3
    },
    "kMax": 2.0,
    "alphaInterval": {
      "minValue": 700.0,
      "maxValue": 1200.0
    },
    "betaInterval": {
      "minValue": 0.08,
      "maxValue": 0.22
    },
    "setupName": "Multi Region Model National Bidder",
    "numberOfBidders": 3
  },
  "implementation": "org.spectrumauctions.sats.core.model.mrvm.MRVMNationalBidder"
}