{
  "bidderPosition": 4,
  "values": {
    "16": 8.69117579748756696744749206118285655975341796875,
    "17": 4.3214923546236132523290507378987967967987060546875,
    "8": 13.22999293306572354822492343373596668243408203125,
    "9": 2.674299791719330077199856532388366758823394775390625,
    "10": 5.7446939945535664406861542374826967716217041015625,
    "11": 1.018303911467313138672352579305879771709442138671875
  },
  "setupType": "Regional Bidder Setup",
  "population": 0,
  "id": 4,
  "worldId": 712,
  "setup": {
    "lowNationalValueInterval": {
      "minValue": 0.0,
      "maxValue": 20.0
    },
    "highNationalValueInterval": {
      "minValue": 0.0,
      "maxValue": 40.0
    },
    "regionalValueInterval": {
      "minValue": 0.0,
      "maxValue": 20.0
    },
    "setupName": "Regional Bidder Setup",
    "numberOfBidders": 6
  },
  "implementation": "org.spectrumauctions.sats.core.model.gsvm.GSVMBidder"
}