{
  "bidderPosition": 4,
  "values": {
    "16": 8.127965233417594248521709232591092586517333984375,
    "17": 10.576139821181339328859394299797713756561279296875,
    "8": 9.6607600462268283791900103096850216388702392578125,
    "9": 7.3010891277652572028955546556971967220306396484375,
    "10": 3.779032629112084595845999501761980354785919189453125,
    "11": 18.705026473387082575072781764902174472808837890625
  },
  "setupType": "Regional Bidder Setup",
  "population": 0,
  "id": 4,
  "worldId": 1054,
  "setup": {
    "lowNationalValueInterval": {
      "minValue": 0.0,
      "maxValue": 20.0
    },
    "highNationalValueInterval": {
      "minValue": 0.0,
      "maxValue": 40.0
    },
    "regionalValueInterval": {
      "minValue": 0.0,
      "maxValue": 20.0
    },
    "setupName": "Regional Bidder Setup",
    "numberOfBidders": 6
  },
  "implementation": "org.spectrumauctions.sats.core.model.gsvm.GSVMBidder"
}