{
  "bidderPosition": 1,
  "values": {
    "2": 9.753249006744962201764792553149163722991943359375,
    "3": 1.9894109543839544329557611490599811077117919921875,
    "4": 10.1216283223355762999062790186144411563873291015625,
    "5": 7.52315578044374877464406381477601826190948486328125,
    "13": 11.012810332383963896063505671918392181396484375,
    "14": 1.094588515252572502589600844657979905605316162109375
  },
  "setupType": "Regional Bidder Setup",
  "population": 0,
  "id": 1,
  "worldId": 1054,
  "setup": {
    "lowNationalValueInterval": {
      "minValue": 0.0,
      "maxValue": 20.0
    },
    "highNationalValueInterval": {
      "minValue": 0.0,
      "maxValue": 40.0
    },
    "regionalValueInterval": {
      "minValue": 0.0,
      "maxValue": 20.0
    },
    "setupName": "Regional Bidder Setup",
    "numberOfBidders": 6
  },
  "implementation": "org.spectrumauctions.sats.core.model.gsvm.GSVMBidder"
}