{
  "bidderPosition": -1,
  "values": {
    "0": 7.5848588585400182893181408871896564960479736328125,
    "1": 5.10689850306499248944192004273645579814910888671875,
    "2": 3.61958403367054959431925453827716410160064697265625,
    "3": 9.506221769377400931944066542200744152069091796875,
    "4": 1.821390055725899959071512057562358677387237548828125,
    "5": 17.1950167538580132031711400486528873443603515625,
    "6": 6.3328500391495818888643043464981019496917724609375,
    "7": 17.91302149837820678612843039445579051971435546875,
    "8": 0.6234421743703089102695003020926378667354583740234375,
    "9": 9.015457075587931967675103805959224700927734375,
    "10": 6.0779788355436554780908409156836569309234619140625,
    "11": 3.330619375940997439755619780044071376323699951171875
  },
  "setupType": "National Bidder Setup",
  "population": 0,
  "id": 6,
  "worldId": 1054,
  "setup": {
    "lowNationalValueInterval": {
      "minValue": 0.0,
      "maxValue": 10.0
    },
    "highNationalValueInterval": {
      "minValue": 0.0,
      "maxValue": 20.0
    },
    "regionalValueInterval": {
      "minValue": 0.0,
      "maxValue": 0.0
    },
    "setupName": "National Bidder Setup",
    "numberOfBidders": 1
  },
  "implementation": "org.spectrumauctions.sats.core.model.gsvm.GSVMBidder"
}