{
  "bidderPosition": 4,
  "values": {
    "16": 18.66668635391891228891836362890899181365966796875,
    "17": 1.19340265741115114650483519653789699077606201171875,
    "8": 15.6208298690372515693525201641023159027099609375,
    "9": 12.544256932277573213241339544765651226043701171875,
    "10": 11.9886765630680702798827041988261044025421142578125,
    "11": 17.0745543740364809082166175357997417449951171875
  },
  "setupType": "Regional Bidder Setup",
  "population": 0,
  "id": 4,
  "worldId": 873,
  "setup": {
    "lowNationalValueInterval": {
      "minValue": 0.0,
      "maxValue": 20.0
    },
    "highNationalValueInterval": {
      "minValue": 0.0,
      "maxValue": 40.0
    },
    "regionalValueInterval": {
      "minValue": 0.0,
      "maxValue": 20.0
    },
    "setupName": "Regional Bidder Setup",
    "numberOfBidders": 6
  },
  "implementation": "org.spectrumauctions.sats.core.model.gsvm.GSVMBidder"
}