{
  "bidderPosition": 1,
  "values": {
    "2": 18.475420985154219266632935614325106143951416015625,
    "3": 7.9180397581929700123737347894348204135894775390625,
    "4": 15.5168984247193151304600178264081478118896484375,
    "5": 38.2589118429932426579398452304303646087646484375,
    "13": 4.36727981433043144221528564230538904666900634765625,
    "14": 10.4800086609623459565909797674976289272308349609375
  },
  "setupType": "Regional Bidder Setup",
  "population": 0,
  "id": 1,
  "worldId": 873,
  "setup": {
    "lowNationalValueInterval": {
      "minValue": 0.0,
      "maxValue": 20.0
    },
    "highNationalValueInterval": {
      "minValue": 0.0,
      "maxValue": 40.0
    },
    "regionalValueInterval": {
      "minValue": 0.0,
      "maxValue": 20.0
    },
    "setupName": "Regional Bidder Setup",
    "numberOfBidders": 6
  },
  "implementation": "org.spectrumauctions.sats.core.model.gsvm.GSVMBidder"
}