{
  "bidderPosition": -1,
  "values": {
    "0": 8.305560020232437778986422927118837833404541015625,
    "1": 6.19316478250559132590069566504098474979400634765625,
    "2": 4.313058594922136279592450591735541820526123046875,
    "3": 0.8700394593644900087525684284628368914127349853515625,
    "4": 1.581249962152282417804372016689740121364593505859375,
    "5": 1.903206690391094912939706773613579571247100830078125,
    "6": 14.167543332926999966048242640681564807891845703125,
    "7": 17.87045774203945569524876191280782222747802734375,
    "8": 2.23672918402582876495898744906298816204071044921875,
    "9": 0.4024940561059231480811604342306964099407196044921875,
    "10": 4.051685735945767419252661056816577911376953125,
    "11": 6.949022049256512900683446787297725677490234375
  },
  "setupType": "National Bidder Setup",
  "population": 0,
  "id": 6,
  "worldId": 873,
  "setup": {
    "lowNationalValueInterval": {
      "minValue": 0.0,
      "maxValue": 10.0
    },
    "highNationalValueInterval": {
      "minValue": 0.0,
      "maxValue": 20.0
    },
    "regionalValueInterval": {
      "minValue": 0.0,
      "maxValue": 0.0
    },
    "setupName": "National Bidder Setup",
    "numberOfBidders": 1
  },
  "implementation": "org.spectrumauctions.sats.core.model.gsvm.GSVMBidder"
}