{
  "bidderPosition": 0,
  "values": {
    "0": 6.00699980732091631807634257711470127105712890625,
    "1": 11.5109097878421362537437744322232902050018310546875,
    "2": 6.49051490579168888217509447713382542133331298828125,
    "3": 15.0513817273060457324618255370296537876129150390625,
    "12": 13.9666376995039893671446407097391784191131591796875,
    "13": 14.5945155849758041455288548604585230350494384765625
  },
  "setupType": "Regional Bidder Setup",
  "population": 0,
  "id": 0,
  "worldId": 382,
  "setup": {
    "lowNationalValueInterval": {
      "minValue": 0.0,
      "maxValue": 20.0
    },
    "highNationalValueInterval": {
      "minValue": 0.0,
      "maxValue": 40.0
    },
    "regionalValueInterval": {
      "minValue": 0.0,
      "maxValue": 20.0
    },
    "setupName": "Regional Bidder Setup",
    "numberOfBidders": 6
  },
  "implementation": "org.spectrumauctions.sats.core.model.gsvm.GSVMBidder"
}