{
  "bidderPosition": 4,
  "values": {
    "16": 9.881981955591708555175500805489718914031982421875,
    "17": 6.899422566207267237814448890276253223419189453125,
    "8": 0.89235132217449830704936175607144832611083984375,
    "9": 4.49369084518516093140760858659632503986358642578125,
    "10": 13.1950684792166921255329725681804120540618896484375,
    "11": 9.04816479026402475938084535300731658935546875
  },
  "setupType": "Regional Bidder Setup",
  "population": 0,
  "id": 4,
  "worldId": 382,
  "setup": {
    "lowNationalValueInterval": {
      "minValue": 0.0,
      "maxValue": 20.0
    },
    "highNationalValueInterval": {
      "minValue": 0.0,
      "maxValue": 40.0
    },
    "regionalValueInterval": {
      "minValue": 0.0,
      "maxValue": 20.0
    },
    "setupName": "Regional Bidder Setup",
    "numberOfBidders": 6
  },
  "implementation": "org.spectrumauctions.sats.core.model.gsvm.GSVMBidder"
}