{
  "bidderPosition": 1,
  "values": {
    "2": 19.829585938036931480610292055644094944000244140625,
    "3": 13.5715548222515547394095847266726195812225341796875,
    "4": 0.161924188504034560764921479858458042144775390625,
    "5": 6.9122084627023117064936741371639072895050048828125,
    "13": 7.24731509992393885255523855448700487613677978515625,
    "14": 7.8617496042055972083062442834489047527313232421875
  },
  "setupType": "Regional Bidder Setup",
  "population": 0,
  "id": 1,
  "worldId": 382,
  "setup": {
    "lowNationalValueInterval": {
      "minValue": 0.0,
      "maxValue": 20.0
    },
    "highNationalValueInterval": {
      "minValue": 0.0,
      "maxValue": 40.0
    },
    "regionalValueInterval": {
      "minValue": 0.0,
      "maxValue": 20.0
    },
    "setupName": "Regional Bidder Setup",
    "numberOfBidders": 6
  },
  "implementation": "org.spectrumauctions.sats.core.model.gsvm.GSVMBidder"
}