{
  "bidderPosition": 3,
  "values": {
    "16": 9.879690024840698470143252052366733551025390625,
    "6": 11.617677382356067283808442880399525165557861328125,
    "7": 6.1322509434980787546010105870664119720458984375,
    "8": 12.0998070387441121198435212136246263980865478515625,
    "9": 2.28988316928954827034203844959847629070281982421875,
    "15": 12.5085362409400442373907935689203441143035888671875
  },
  "setupType": "Regional Bidder Setup",
  "population": 0,
  "id": 3,
  "worldId": 382,
  "setup": {
    "lowNationalValueInterval": {
      "minValue": 0.0,
      "maxValue": 20.0
    },
    "highNationalValueInterval": {
      "minValue": 0.0,
      "maxValue": 40.0
    },
    "regionalValueInterval": {
      "minValue": 0.0,
      "maxValue": 20.0
    },
    "setupName": "Regional Bidder Setup",
    "numberOfBidders": 6
  },
  "implementation": "org.spectrumauctions.sats.core.model.gsvm.GSVMBidder"
}