{
  "bidderPosition": 3,
  "values": {
    "16": 15.0437154525798373327916124253533780574798583984375,
    "6": 24.857183358432020980899324058555066585540771484375,
    "7": 7.85312675921726377481490999343805015087127685546875,
    "8": 15.480256509467846370853294502012431621551513671875,
    "9": 8.0468391466574047399262781254947185516357421875,
    "15": 18.300267958881871521725770435295999050140380859375
  },
  "setupType": "Regional Bidder Setup",
  "population": 0,
  "id": 3,
  "worldId": 551,
  "setup": {
    "lowNationalValueInterval": {
      "minValue": 0.0,
      "maxValue": 20.0
    },
    "highNationalValueInterval": {
      "minValue": 0.0,
      "maxValue": 40.0
    },
    "regionalValueInterval": {
      "minValue": 0.0,
      "maxValue": 20.0
    },
    "setupName": "Regional Bidder Setup",
    "numberOfBidders": 6
  },
  "implementation": "org.spectrumauctions.sats.core.model.gsvm.GSVMBidder"
}