{
  "bidderPosition": 5,
  "values": {
    "0": 16.162698635206094621707961778156459331512451171875,
    "1": 12.3280876544002087058515826356597244739532470703125,
    "17": 5.4359581296589798427021378302015364170074462890625,
    "10": 19.09974346912468234904736164025962352752685546875,
    "11": 6.19000144839784827155426683020778000354766845703125,
    "12": 2.14829571680450026605058155837468802928924560546875
  },
  "setupType": "Regional Bidder Setup",
  "population": 0,
  "id": 5,
  "worldId": 371,
  "setup": {
    "lowNationalValueInterval": {
      "minValue": 0.0,
      "maxValue": 20.0
    },
    "highNationalValueInterval": {
      "minValue": 0.0,
      "maxValue": 40.0
    },
    "regionalValueInterval": {
      "minValue": 0.0,
      "maxValue": 20.0
    },
    "setupName": "Regional Bidder Setup",
    "numberOfBidders": 6
  },
  "implementation": "org.spectrumauctions.sats.core.model.gsvm.GSVMBidder"
}