{
  "bidderPosition": 1,
  "values": {
    "2": 14.961319314546681624733537319116294384002685546875,
    "3": 13.15756832931895559113399940542876720428466796875,
    "4": 2.7831395918384149723578957491554319858551025390625,
    "5": 20.126655671405519143490892020054161548614501953125,
    "13": 0.17749999492256751665308911469765007495880126953125,
    "14": 0.068984132737572867455355662968941032886505126953125
  },
  "setupType": "Regional Bidder Setup",
  "population": 0,
  "id": 1,
  "worldId": 371,
  "setup": {
    "lowNationalValueInterval": {
      "minValue": 0.0,
      "maxValue": 20.0
    },
    "highNationalValueInterval": {
      "minValue": 0.0,
      "maxValue": 40.0
    },
    "regionalValueInterval": {
      "minValue": 0.0,
      "maxValue": 20.0
    },
    "setupName": "Regional Bidder Setup",
    "numberOfBidders": 6
  },
  "implementation": "org.spectrumauctions.sats.core.model.gsvm.GSVMBidder"
}