{
  "bidderPosition": 0,
  "values": {
    "0": 3.27304926338931156948319767252542078495025634765625,
    "1": 19.4442700039666220845901989378035068511962890625,
    "2": 1.969973255374817266982745422865264117717742919921875,
    "3": 7.19640585728111847885202223551459610462188720703125,
    "12": 9.149023978920336475084695848636329174041748046875,
    "13": 18.43644531135488051631909911520779132843017578125
  },
  "setupType": "Regional Bidder Setup",
  "population": 0,
  "id": 0,
  "worldId": 371,
  "setup": {
    "lowNationalValueInterval": {
      "minValue": 0.0,
      "maxValue": 20.0
    },
    "highNationalValueInterval": {
      "minValue": 0.0,
      "maxValue": 40.0
    },
    "regionalValueInterval": {
      "minValue": 0.0,
      "maxValue": 20.0
    },
    "setupName": "Regional Bidder Setup",
    "numberOfBidders": 6
  },
  "implementation": "org.spectrumauctions.sats.core.model.gsvm.GSVMBidder"
}