{
  "bidderPosition": 3,
  "values": {
    "16": 8.265153370613262495680828578770160675048828125,
    "6": 10.164037868514892437588059692643582820892333984375,
    "7": 13.99512125626377923026666394434869289398193359375,
    "8": 17.053323065853167150862645939923822879791259765625,
    "9": 1.8432821061389415007170100579969584941864013671875,
    "15": 9.205100433743513832496319082565605640411376953125
  },
  "setupType": "Regional Bidder Setup",
  "population": 0,
  "id": 3,
  "worldId": 870,
  "setup": {
    "lowNationalValueInterval": {
      "minValue": 0.0,
      "maxValue": 20.0
    },
    "highNationalValueInterval": {
      "minValue": 0.0,
      "maxValue": 40.0
    },
    "regionalValueInterval": {
      "minValue": 0.0,
      "maxValue": 20.0
    },
    "setupName": "Regional Bidder Setup",
    "numberOfBidders": 6
  },
  "implementation": "org.spectrumauctions.sats.core.model.gsvm.GSVMBidder"
}