{
  "bidderPosition": -1,
  "values": {
    "0": 9.00057066609888778430104139260947704315185546875,
    "1": 8.6267946759880231866191024892032146453857421875,
    "2": 6.68903029389678938088081849855370819568634033203125,
    "3": 7.22529519733428315930723329074680805206298828125,
    "4": 9.487064760702498489308709395118057727813720703125,
    "5": 12.34899170426564296576543711125850677490234375,
    "6": 13.949383628358386744139352231286466121673583984375,
    "7": 9.3181957116464619872431285330094397068023681640625,
    "8": 1.285168402362570905239635976613499224185943603515625,
    "9": 0.4422944361874237007015153722022660076618194580078125,
    "10": 8.537550461173662341707313316874206066131591796875,
    "11": 5.56967127738069667231002313201315701007843017578125
  },
  "setupType": "National Bidder Setup",
  "population": 0,
  "id": 6,
  "worldId": 870,
  "setup": {
    "lowNationalValueInterval": {
      "minValue": 0.0,
      "maxValue": 10.0
    },
    "highNationalValueInterval": {
      "minValue": 0.0,
      "maxValue": 20.0
    },
    "regionalValueInterval": {
      "minValue": 0.0,
      "maxValue": 0.0
    },
    "setupName": "National Bidder Setup",
    "numberOfBidders": 1
  },
  "implementation": "org.spectrumauctions.sats.core.model.gsvm.GSVMBidder"
}