{
  "bidderPosition": 0,
  "values": {
    "0": 17.14796883474961219917531707324087619781494140625,
    "1": 18.3152644790927894291598931886255741119384765625,
    "2": 12.951066776407625269484924501739442348480224609375,
    "3": 2.76872014527761667324057270889170467853546142578125,
    "12": 13.970058978889756673424926702864468097686767578125,
    "13": 1.594029420370712823995518192532472312450408935546875
  },
  "setupType": "Regional Bidder Setup",
  "population": 0,
  "id": 0,
  "worldId": 870,
  "setup": {
    "lowNationalValueInterval": {
      "minValue": 0.0,
      "maxValue": 20.0
    },
    "highNationalValueInterval": {
      "minValue": 0.0,
      "maxValue": 40.0
    },
    "regionalValueInterval": {
      "minValue": 0.0,
      "maxValue": 20.0
    },
    "setupName": "Regional Bidder Setup",
    "numberOfBidders": 6
  },
  "implementation": "org.spectrumauctions.sats.core.model.gsvm.GSVMBidder"
}