{
  "bidderPosition": -1,
  "values": {
    "0": 1.3711358774224258194607273253495804965496063232421875,
    "1": 8.6864496021713417661658240831457078456878662109375,
    "2": 1.0372933452777755025664419008535332977771759033203125,
    "3": 4.3915712785959772901378528331406414508819580078125,
    "4": 1.590551063861591618575630491250194609165191650390625,
    "5": 14.88270572528614366092369891703128814697265625,
    "6": 12.652351497786053613481271895579993724822998046875,
    "7": 6.10528346656364906408498427481390535831451416015625,
    "8": 2.657990746601353038158777053467929363250732421875,
    "9": 6.6086011453589197373048591543920338153839111328125,
    "10": 7.53699171373711873656020543421618640422821044921875,
    "11": 8.10822916024844886351274908520281314849853515625
  },
  "setupType": "National Bidder Setup",
  "population": 0,
  "id": 6,
  "worldId": 983,
  "setup": {
    "lowNationalValueInterval": {
      "minValue": 0.0,
      "maxValue": 10.0
    },
    "highNationalValueInterval": {
      "minValue": 0.0,
      "maxValue": 20.0
    },
    "regionalValueInterval": {
      "minValue": 0.0,
      "maxValue": 0.0
    },
    "setupName": "National Bidder Setup",
    "numberOfBidders": 1
  },
  "implementation": "org.spectrumauctions.sats.core.model.gsvm.GSVMBidder"
}