{
  "bidderPosition": -1,
  "values": {
    "0": 5.2515829418729804700660679372958838939666748046875,
    "1": 2.628379902774572229873228934593498706817626953125,
    "2": 8.8645392487847072260365166584961116313934326171875,
    "3": 7.2829148275427311176599687314592301845550537109375,
    "4": 5.4798779331349027899022985366173088550567626953125,
    "5": 10.8036762382931641468530870042741298675537109375,
    "6": 15.19756081965740435180123313330113887786865234375,
    "7": 4.8530927228213034396731018205173313617706298828125,
    "8": 8.040687061781756739264892530627548694610595703125,
    "9": 7.67014116363285669564220370375551283359527587890625,
    "10": 8.57328715054131151873662020079791545867919921875,
    "11": 2.74572081292268421748303808271884918212890625
  },
  "setupType": "National Bidder Setup",
  "population": 0,
  "id": 6,
  "worldId": 878,
  "setup": {
    "lowNationalValueInterval": {
      "minValue": 0.0,
      "maxValue": 10.0
    },
    "highNationalValueInterval": {
      "minValue": 0.0,
      "maxValue": 20.0
    },
    "regionalValueInterval": {
      "minValue": 0.0,
      "maxValue": 0.0
    },
    "setupName": "National Bidder Setup",
    "numberOfBidders": 1
  },
  "implementation": "org.spectrumauctions.sats.core.model.gsvm.GSVMBidder"
}