{
  "bidderPosition": 1,
  "values": {
    "2": 2.465093136247720195797228370793163776397705078125,
    "3": 8.34373501065777389840150135569274425506591796875,
    "4": 18.238449717828160601129638962447643280029296875,
    "5": 18.11989622772880892398461583070456981658935546875,
    "13": 16.26533792476784157088331994600594043731689453125,
    "14": 12.409148398858118156340424320660531520843505859375
  },
  "setupType": "Regional Bidder Setup",
  "population": 0,
  "id": 1,
  "worldId": 878,
  "setup": {
    "lowNationalValueInterval": {
      "minValue": 0.0,
      "maxValue": 20.0
    },
    "highNationalValueInterval": {
      "minValue": 0.0,
      "maxValue": 40.0
    },
    "regionalValueInterval": {
      "minValue": 0.0,
      "maxValue": 20.0
    },
    "setupName": "Regional Bidder Setup",
    "numberOfBidders": 6
  },
  "implementation": "org.spectrumauctions.sats.core.model.gsvm.GSVMBidder"
}