{
  "bidderPosition": 4,
  "values": {
    "16": 10.438514242733408110552772996015846729278564453125,
    "17": 18.86788323672170264444503118284046649932861328125,
    "8": 14.044649268259743024600538774393498897552490234375,
    "9": 6.232680961175116607364543597213923931121826171875,
    "10": 13.5180645216922812323900870978832244873046875,
    "11": 15.7603404160613163043080930947326123714447021484375
  },
  "setupType": "Regional Bidder Setup",
  "population": 0,
  "id": 4,
  "worldId": 878,
  "setup": {
    "lowNationalValueInterval": {
      "minValue": 0.0,
      "maxValue": 20.0
    },
    "highNationalValueInterval": {
      "minValue": 0.0,
      "maxValue": 40.0
    },
    "regionalValueInterval": {
      "minValue": 0.0,
      "maxValue": 20.0
    },
    "setupName": "Regional Bidder Setup",
    "numberOfBidders": 6
  },
  "implementation": "org.spectrumauctions.sats.core.model.gsvm.GSVMBidder"
}