{
  "bidderPosition": 2,
  "values": {
    "4": 27.19133522140059966432090732268989086151123046875,
    "5": 26.26131818086283686852766550146043300628662109375,
    "6": 37.70187663310957049134231056086719036102294921875,
    "7": 7.1642811433758879502420313656330108642578125,
    "14": 16.463603517508662577029099338687956333160400390625,
    "15": 1.41578078337420532051282862084917724132537841796875
  },
  "setupType": "Regional Bidder Setup",
  "population": 0,
  "id": 2,
  "worldId": 878,
  "setup": {
    "lowNationalValueInterval": {
      "minValue": 0.0,
      "maxValue": 20.0
    },
    "highNationalValueInterval": {
      "minValue": 0.0,
      "maxValue": 40.0
    },
    "regionalValueInterval": {
      "minValue": 0.0,
      "maxValue": 20.0
    },
    "setupName": "Regional Bidder Setup",
    "numberOfBidders": 6
  },
  "implementation": "org.spectrumauctions.sats.core.model.gsvm.GSVMBidder"
}