{
  "bidderPosition": 1,
  "values": {
    "2": 2.9608959272999157974481931887567043304443359375,
    "3": 7.5682286798463334065445451415143907070159912109375,
    "4": 34.23658578736829127819873974658548831939697265625,
    "5": 5.45169178053808156647619398427195847034454345703125,
    "13": 9.8980493785240337700770396622829139232635498046875,
    "14": 2.551520339745281251708775016595609486103057861328125
  },
  "setupType": "Regional Bidder Setup",
  "population": 0,
  "id": 1,
  "worldId": 899,
  "setup": {
    "lowNationalValueInterval": {
      "minValue": 0.0,
      "maxValue": 20.0
    },
    "highNationalValueInterval": {
      "minValue": 0.0,
      "maxValue": 40.0
    },
    "regionalValueInterval": {
      "minValue": 0.0,
      "maxValue": 20.0
    },
    "setupName": "Regional Bidder Setup",
    "numberOfBidders": 6
  },
  "implementation": "org.spectrumauctions.sats.core.model.gsvm.GSVMBidder"
}