{
  "bidderPosition": -1,
  "values": {
    "0": 2.7200444937668901701499635237269103527069091796875,
    "1": 6.7062105630672039779938131687231361865997314453125,
    "2": 0.0163709804848422013634490213007666170597076416015625,
    "3": 4.07794709965035639953612189856357872486114501953125,
    "4": 4.63807444450584416273386523243971168994903564453125,
    "5": 10.2584956711483687996633307193405926227569580078125,
    "6": 9.307231888355136817381207947619259357452392578125,
    "7": 2.658692515444005532998517082887701690196990966796875,
    "8": 1.0757079210087561182973558970843441784381866455078125,
    "9": 5.8806594605482214177527566789649426937103271484375,
    "10": 0.767635009978826499121851156814955174922943115234375,
    "11": 1.54182645083448033318518355372361838817596435546875
  },
  "setupType": "National Bidder Setup",
  "population": 0,
  "id": 6,
  "worldId": 899,
  "setup": {
    "lowNationalValueInterval": {
      "minValue": 0.0,
      "maxValue": 10.0
    },
    "highNationalValueInterval": {
      "minValue": 0.0,
      "maxValue": 20.0
    },
    "regionalValueInterval": {
      "minValue": 0.0,
      "maxValue": 0.0
    },
    "setupName": "National Bidder Setup",
    "numberOfBidders": 1
  },
  "implementation": "org.spectrumauctions.sats.core.model.gsvm.GSVMBidder"
}