{
  "bidderPosition": 4,
  "values": {
    "16": 7.531324484957455211997512378729879856109619140625,
    "17": 13.5126304458845165612501659779809415340423583984375,
    "8": 11.555128914216485469523831852711737155914306640625,
    "9": 1.075791313753395872510054687154479324817657470703125,
    "10": 8.8902937507746582213030706043355166912078857421875,
    "11": 18.483720301657864837352462927810847759246826171875
  },
  "setupType": "Regional Bidder Setup",
  "population": 0,
  "id": 4,
  "worldId": 899,
  "setup": {
    "lowNationalValueInterval": {
      "minValue": 0.0,
      "maxValue": 20.0
    },
    "highNationalValueInterval": {
      "minValue": 0.0,
      "maxValue": 40.0
    },
    "regionalValueInterval": {
      "minValue": 0.0,
      "maxValue": 20.0
    },
    "setupName": "Regional Bidder Setup",
    "numberOfBidders": 6
  },
  "implementation": "org.spectrumauctions.sats.core.model.gsvm.GSVMBidder"
}