{
  "bidderPosition": 4,
  "values": {
    "16": 10.543617327212469803043859428726136684417724609375,
    "17": 16.81117837262746661508572287857532501220703125,
    "8": 16.558564984903750172406944329850375652313232421875,
    "9": 8.5434492825317409625540676643140614032745361328125,
    "10": 2.661988309038239020054561478900723159313201904296875,
    "11": 19.3784708551420550293187261559069156646728515625
  },
  "setupType": "Regional Bidder Setup",
  "population": 0,
  "id": 4,
  "worldId": 883,
  "setup": {
    "lowNationalValueInterval": {
      "minValue": 0.0,
      "maxValue": 20.0
    },
    "highNationalValueInterval": {
      "minValue": 0.0,
      "maxValue": 40.0
    },
    "regionalValueInterval": {
      "minValue": 0.0,
      "maxValue": 20.0
    },
    "setupName": "Regional Bidder Setup",
    "numberOfBidders": 6
  },
  "implementation": "org.spectrumauctions.sats.core.model.gsvm.GSVMBidder"
}