{
  "bidderPosition": -1,
  "values": {
    "0": 3.932783563482653566012459123157896101474761962890625,
    "1": 7.7159166314401748110185508267022669315338134765625,
    "2": 9.0361665616314272853060174384154379367828369140625,
    "3": 8.8036332098073994956166643532924354076385498046875,
    "4": 5.6785796685780542958354999427683651447296142578125,
    "5": 11.7901213958151966920695485896430909633636474609375,
    "6": 7.936382800518952507218273240141570568084716796875,
    "7": 10.744640258266738186421207501552999019622802734375,
    "8": 5.03580148979940300790758556104265153408050537109375,
    "9": 1.62715213310547834879571382771246135234832763671875,
    "10": 7.6912036326571797673068431322462856769561767578125,
    "11": 6.996837262148570601993924356065690517425537109375
  },
  "setupType": "National Bidder Setup",
  "population": 0,
  "id": 6,
  "worldId": 883,
  "setup": {
    "lowNationalValueInterval": {
      "minValue": 0.0,
      "maxValue": 10.0
    },
    "highNationalValueInterval": {
      "minValue": 0.0,
      "maxValue": 20.0
    },
    "regionalValueInterval": {
      "minValue": 0.0,
      "maxValue": 0.0
    },
    "setupName": "National Bidder Setup",
    "numberOfBidders": 1
  },
  "implementation": "org.spectrumauctions.sats.core.model.gsvm.GSVMBidder"
}