{
  "bidderPosition": 1,
  "values": {
    "2": 9.05935009985407901922371820546686649322509765625,
    "3": 17.9666587293878450282136327587068080902099609375,
    "4": 38.1317866287541988867815234698355197906494140625,
    "5": 3.75615909872510034261949840583838522434234619140625,
    "13": 15.86384478227353866941484739072620868682861328125,
    "14": 4.2107669736249437875130752217955887317657470703125
  },
  "setupType": "Regional Bidder Setup",
  "population": 0,
  "id": 1,
  "worldId": 883,
  "setup": {
    "lowNationalValueInterval": {
      "minValue": 0.0,
      "maxValue": 20.0
    },
    "highNationalValueInterval": {
      "minValue": 0.0,
      "maxValue": 40.0
    },
    "regionalValueInterval": {
      "minValue": 0.0,
      "maxValue": 20.0
    },
    "setupName": "Regional Bidder Setup",
    "numberOfBidders": 6
  },
  "implementation": "org.spectrumauctions.sats.core.model.gsvm.GSVMBidder"
}