{
  "bidderPosition": 0,
  "values": {
    "0": 6.9431075608042203128889013896696269512176513671875,
    "1": 17.488007796360335532881435938179492950439453125,
    "2": 7.52812878530350104711033054627478122711181640625,
    "3": 16.526653674395387128015499911271035671234130859375,
    "12": 12.79862692859870776374009437859058380126953125,
    "13": 13.020281015801089097294607199728488922119140625
  },
  "setupType": "Regional Bidder Setup",
  "population": 0,
  "id": 0,
  "worldId": 883,
  "setup": {
    "lowNationalValueInterval": {
      "minValue": 0.0,
      "maxValue": 20.0
    },
    "highNationalValueInterval": {
      "minValue": 0.0,
      "maxValue": 40.0
    },
    "regionalValueInterval": {
      "minValue": 0.0,
      "maxValue": 20.0
    },
    "setupName": "Regional Bidder Setup",
    "numberOfBidders": 6
  },
  "implementation": "org.spectrumauctions.sats.core.model.gsvm.GSVMBidder"
}