{
  "bidderPosition": 0,
  "values": {
    "0": 8.0304395128653549562613989110104739665985107421875,
    "1": 12.890737069047123242171437595970928668975830078125,
    "2": 5.970300181958716478902715607546269893646240234375,
    "3": 2.977161680905613394543252070434391498565673828125,
    "12": 4.5380939631604189088420753250829875469207763671875,
    "13": 9.3894168712127328291217054356820881366729736328125
  },
  "setupType": "Regional Bidder Setup",
  "population": 0,
  "id": 0,
  "worldId": 673,
  "setup": {
    "lowNationalValueInterval": {
      "minValue": 0.0,
      "maxValue": 20.0
    },
    "highNationalValueInterval": {
      "minValue": 0.0,
      "maxValue": 40.0
    },
    "regionalValueInterval": {
      "minValue": 0.0,
      "maxValue": 20.0
    },
    "setupName": "Regional Bidder Setup",
    "numberOfBidders": 6
  },
  "implementation": "org.spectrumauctions.sats.core.model.gsvm.GSVMBidder"
}