{
  "bidderPosition": -1,
  "values": {
    "0": 4.87902264945608177271196836954914033412933349609375,
    "1": 1.9792619685717749433706558193080127239227294921875,
    "2": 6.90229372844384148066865236614830791950225830078125,
    "3": 5.74312925990368938755636918358504772186279296875,
    "4": 13.0658805720243815784442631411366164684295654296875,
    "5": 9.1104885511441722201197990216314792633056640625,
    "6": 3.304907139645336666688990590046159923076629638671875,
    "7": 19.82065040164868463534730835817754268646240234375,
    "8": 5.57957722638463682329756920807994902133941650390625,
    "9": 2.2183311135887162635071945260278880596160888671875,
    "10": 6.953101601075790227923789643682539463043212890625,
    "11": 5.6946644510403370276208079303614795207977294921875
  },
  "setupType": "National Bidder Setup",
  "population": 0,
  "id": 6,
  "worldId": 673,
  "setup": {
    "lowNationalValueInterval": {
      "minValue": 0.0,
      "maxValue": 10.0
    },
    "highNationalValueInterval": {
      "minValue": 0.0,
      "maxValue": 20.0
    },
    "regionalValueInterval": {
      "minValue": 0.0,
      "maxValue": 0.0
    },
    "setupName": "National Bidder Setup",
    "numberOfBidders": 1
  },
  "implementation": "org.spectrumauctions.sats.core.model.gsvm.GSVMBidder"
}