{
  "bidderPosition": -1,
  "values": {
    "0": 1.164238567800472967661562506691552698612213134765625,
    "1": 3.59777732578317444023241478134877979755401611328125,
    "2": 5.54357424617185046145095839165151119232177734375,
    "3": 8.0045104629484082892076912685297429561614990234375,
    "4": 0.51107101141166122459935650113038718700408935546875,
    "5": 6.0213742987100289383306517265737056732177734375,
    "6": 1.673417990834717983261725748889148235321044921875,
    "7": 15.646398152491880040315663791261613368988037109375,
    "8": 1.687617595817882953923572131316177546977996826171875,
    "9": 1.2079789484185210479694205787382088601589202880859375,
    "10": 4.449329892616329829024834907613694667816162109375,
    "11": 3.96739529521556111291147317388094961643218994140625
  },
  "setupType": "National Bidder Setup",
  "population": 0,
  "id": 6,
  "worldId": 562,
  "setup": {
    "lowNationalValueInterval": {
      "minValue": 0.0,
      "maxValue": 10.0
    },
    "highNationalValueInterval": {
      "minValue": 0.0,
      "maxValue": 20.0
    },
    "regionalValueInterval": {
      "minValue": 0.0,
      "maxValue": 0.0
    },
    "setupName": "National Bidder Setup",
    "numberOfBidders": 1
  },
  "implementation": "org.spectrumauctions.sats.core.model.gsvm.GSVMBidder"
}