{
  "bidderPosition": 3,
  "values": {
    "16": 1.63721576233524235277627667528577148914337158203125,
    "6": 6.068421370326451125265521113760769367218017578125,
    "7": 20.639222091744638731825034483335912227630615234375,
    "8": 15.516741101042725858860649168491363525390625,
    "9": 6.838660389809458450827150954864919185638427734375,
    "15": 13.6553823487409342618548180325888097286224365234375
  },
  "setupType": "Regional Bidder Setup",
  "population": 0,
  "id": 3,
  "worldId": 831,
  "setup": {
    "lowNationalValueInterval": {
      "minValue": 0.0,
      "maxValue": 20.0
    },
    "highNationalValueInterval": {
      "minValue": 0.0,
      "maxValue": 40.0
    },
    "regionalValueInterval": {
      "minValue": 0.0,
      "maxValue": 20.0
    },
    "setupName": "Regional Bidder Setup",
    "numberOfBidders": 6
  },
  "implementation": "org.spectrumauctions.sats.core.model.gsvm.GSVMBidder"
}