{
  "bidderPosition": -1,
  "values": {
    "0": 3.44403188111041291818992249318398535251617431640625,
    "1": 7.3110158879902424899910329259000718593597412109375,
    "2": 8.639988302471767411816472304053604602813720703125,
    "3": 6.7174714605479355356010273681022226810455322265625,
    "4": 13.425317185505296180281220586039125919342041015625,
    "5": 18.270404873661266975659600575454533100128173828125,
    "6": 9.6910139130852694933082602801732718944549560546875,
    "7": 10.758967366458538350570961483754217624664306640625,
    "8": 1.8154572788864775656492156485910527408123016357421875,
    "9": 3.7834308042434603436277029686607420444488525390625,
    "10": 2.65686813469960814160231166169978678226470947265625,
    "11": 2.637980309018848057434070142335258424282073974609375
  },
  "setupType": "National Bidder Setup",
  "population": 0,
  "id": 6,
  "worldId": 831,
  "setup": {
    "lowNationalValueInterval": {
      "minValue": 0.0,
      "maxValue": 10.0
    },
    "highNationalValueInterval": {
      "minValue": 0.0,
      "maxValue": 20.0
    },
    "regionalValueInterval": {
      "minValue": 0.0,
      "maxValue": 0.0
    },
    "setupName": "National Bidder Setup",
    "numberOfBidders": 1
  },
  "implementation": "org.spectrumauctions.sats.core.model.gsvm.GSVMBidder"
}