{
  "bidderPosition": 4,
  "values": {
    "16": 15.539684260158079354141591466031968593597412109375,
    "17": 6.8002219319061101288070858572609722614288330078125,
    "8": 19.743720120629522085664575570262968540191650390625,
    "9": 0.32727561161369767006590336677618324756622314453125,
    "10": 1.593979491406043447199181173346005380153656005859375,
    "11": 16.604150403852809603222340228967368602752685546875
  },
  "setupType": "Regional Bidder Setup",
  "population": 0,
  "id": 4,
  "worldId": 920,
  "setup": {
    "lowNationalValueInterval": {
      "minValue": 0.0,
      "maxValue": 20.0
    },
    "highNationalValueInterval": {
      "minValue": 0.0,
      "maxValue": 40.0
    },
    "regionalValueInterval": {
      "minValue": 0.0,
      "maxValue": 20.0
    },
    "setupName": "Regional Bidder Setup",
    "numberOfBidders": 6
  },
  "implementation": "org.spectrumauctions.sats.core.model.gsvm.GSVMBidder"
}