{
  "bidderPosition": -1,
  "values": {
    "0": 1.5033610206206027282149761958862654864788055419921875,
    "1": 3.322052916375655140512890284298919141292572021484375,
    "2": 5.5103541946847141019816262996755540370941162109375,
    "3": 5.8725376419226282820318374433554708957672119140625,
    "4": 12.164499230398487128468332230113446712493896484375,
    "5": 12.121402470243776150482517550699412822723388671875,
    "6": 4.4272623347920703196223257691599428653717041015625,
    "7": 7.48781525004468928585765752359293401241302490234375,
    "8": 5.1077990822059717856973293237388134002685546875,
    "9": 8.2196812836463468698866563499905169010162353515625,
    "10": 3.09835867549198784587360933073796331882476806640625,
    "11": 3.46085411745389404103434571879915893077850341796875
  },
  "setupType": "National Bidder Setup",
  "population": 0,
  "id": 6,
  "worldId": 920,
  "setup": {
    "lowNationalValueInterval": {
      "minValue": 0.0,
      "maxValue": 10.0
    },
    "highNationalValueInterval": {
      "minValue": 0.0,
      "maxValue": 20.0
    },
    "regionalValueInterval": {
      "minValue": 0.0,
      "maxValue": 0.0
    },
    "setupName": "National Bidder Setup",
    "numberOfBidders": 1
  },
  "implementation": "org.spectrumauctions.sats.core.model.gsvm.GSVMBidder"
}