{
  "bidderPosition": 5,
  "values": {
    "0": 14.594085197477969728652169578708708286285400390625,
    "1": 15.2469943241470229366996136377565562725067138671875,
    "17": 13.1773357181714079189305266481824219226837158203125,
    "10": 7.27194723363739914390180274494923651218414306640625,
    "11": 12.2707667750150761776239960454404354095458984375,
    "12": 1.092743350949465508392677293159067630767822265625
  },
  "setupType": "Regional Bidder Setup",
  "population": 0,
  "id": 5,
  "worldId": 920,
  "setup": {
    "lowNationalValueInterval": {
      "minValue": 0.0,
      "maxValue": 20.0
    },
    "highNationalValueInterval": {
      "minValue": 0.0,
      "maxValue": 40.0
    },
    "regionalValueInterval": {
      "minValue": 0.0,
      "maxValue": 20.0
    },
    "setupName": "Regional Bidder Setup",
    "numberOfBidders": 6
  },
  "implementation": "org.spectrumauctions.sats.core.model.gsvm.GSVMBidder"
}