{
  "bidderPosition": 1,
  "values": {
    "2": 4.142356680211467079288922832347452640533447265625,
    "3": 16.028191097002565612683611107058823108673095703125,
    "4": 3.84703949493818253557719799573533236980438232421875,
    "5": 7.90144392941499074112243761192075908184051513671875,
    "13": 14.3701615540565601492062342003919184207916259765625,
    "14": 2.92232248703110375487312921904958784580230712890625
  },
  "setupType": "Regional Bidder Setup",
  "population": 0,
  "id": 1,
  "worldId": 920,
  "setup": {
    "lowNationalValueInterval": {
      "minValue": 0.0,
      "maxValue": 20.0
    },
    "highNationalValueInterval": {
      "minValue": 0.0,
      "maxValue": 40.0
    },
    "regionalValueInterval": {
      "minValue": 0.0,
      "maxValue": 20.0
    },
    "setupName": "Regional Bidder Setup",
    "numberOfBidders": 6
  },
  "implementation": "org.spectrumauctions.sats.core.model.gsvm.GSVMBidder"
}