{
  "gammaValues": {
    "1": 0.95681,
    "2": 0.82724
  },
  "alpha": 909.589253059476277485373429954051971435546875,
  "beta": {
    "0": 0.08269190903547907200987765463651157915592193603515625,
    "1": 0.2155447212810008839056763463304378092288970947265625,
    "2": 0.142314132736271414803042034691316075623035430908203125,
    "3": 0.0992142224755878932018759996935841627418994903564453125,
    "4": 0.08367039804100721844815069516698713414371013641357421875,
    "5": 0.15772366544933114074211744082276709377765655517578125,
    "6": 0.113733961177407028042551928592729382216930389404296875,
    "7": 0.175656737084464109610593141042045317590236663818359375,
    "8": 0.167285101510697920002002092587645165622234344482421875,
    "9": 0.156806292595314145099649749681702814996242523193359375,
    "10": 0.159103733073474862269591767471865750849246978759765625,
    "11": 0.1601666730007178518491173235815949738025665283203125,
    "12": 0.12651917832521941686962918538483791053295135498046875,
    "13": 0.1309149261112873274814916157993138767778873443603515625
  },
  "zLow": {
    "0": 0.000004210465519,
    "1": 7.829527807E-7,
    "2": 0.000001679831224,
    "3": 0.000001082568529,
    "4": 3.768750497E-7,
    "5": 4.839982158E-7,
    "6": 0.000008281210367,
    "7": 1.011010414E-7,
    "8": 0.000001385675054,
    "9": 9.458781953E-7,
    "10": 5.469751052E-7,
    "11": 1.533273848E-7,
    "12": 3.219339598E-7,
    "13": 0.00001308374126
  },
  "zHigh": {
    "0": 0.00016113110871165085435634707776681742615346015514364079988398928547835681761516288783681881648027638178984135650431,
    "1": 0.0000403647173053210918494543240056786589042473602666870808651471080269855942644655590871196500008765564844534968655,
    "2": 0.000074301309070316067459337710684283134739502184111246518224440801606941062619574476076622502268213457802175185625199,
    "3": 0.0000432176753493658001629371037936644069673703532196101720073084003242068051513911019384499482535672695146743305186188,
    "4": 0.00001445958003124103346095198018192257188009485243634061950848310686428348415686235102590372796231105561211783810919593,
    "5": 0.00002215374373893710584256366516577177500054239060256514759569926240317611172073883817126906898486586882148890705546,
    "6": 0.000342621796826425755197847576997404741334908288298163278449618409880872109262273807190896305902519853770557403127710,
    "7": 0.000004808939144515828989025986325704586685602480516671345707309577708104647614413970210575414902494840581601669104870,
    "8": 0.000064750530822574786171775380428523784312913164480362923701173748053690637598712252309756489929890471546803833659003,
    "9": 0.000043208311161553858718564124701976429096898704854255626001542169507613399780479602017065000373792437812465985651831,
    "10": 0.000025111831268994716184140683571016815067121656327491134611848977875862345356981117167785826711669688047025377422113,
    "11": 0.0000070556152500191316175361756394747153433808814538751039915692934992345820975688149128563313377119624941649388946,
    "12": 0.00001373110079741685081653457135063791546976011267607975346497922733960331906156265500227936017075089751299966730776,
    "13": 0.0005637979398239833163909775302687555046324504111166919787881270872414464426349205673551522215109212058307815234956465
  },
  "setupType": "Multi Region Model National Bidder",
  "population": 0,
  "id": 7,
  "worldId": 283,
  "setup": {
    "bInterval": {
      "minValue": 0.1,
      "maxValue": 0.3
    },
    "kMax": 2.0,
    "alphaInterval": {
      "minValue": 700.0,
      "maxValue": 1200.0
    },
    "betaInterval": {
      "minValue": 0.08,
      "maxValue": 0.22
    },
    "setupName": "Multi Region Model National Bidder",
    "numberOfBidders": 3
  },
  "implementation": "org.spectrumauctions.sats.core.model.mrvm.MRVMNationalBidder"
}