{
  "regionsOfInterest": [
    7,
    9,
    10,
    13
  ],
  "alpha": 72.47121834722798894290463067591190338134765625,
  "beta": {
    "0": 0.09238248797490300479040570280631072819232940673828125,
    "1": 0.0766796747804689704519631732182460837066173553466796875,
    "2": 0.101068577968409456513398936294834129512310028076171875,
    "3": 0.08356052113295571459605781683421810157597064971923828125,
    "4": 0.079345911979100736122205717038013972342014312744140625,
    "5": 0.0771645035367708176377021800362854264676570892333984375,
    "6": 0.0781099578830613816560202167238458059728145599365234375,
    "7": 0.088816339748182204782978033108520321547985076904296875,
    "8": 0.083497180509698176731347984969033859670162200927734375,
    "9": 0.06981484527384462790422503530862741172313690185546875,
    "10": 0.10393252556766874317162319130147807300090789794921875,
    "11": 0.1099650982479459526697240789872012101113796234130859375,
    "12": 0.05049905870502939542188158839053357951343059539794921875,
    "13": 0.0661757704855234774043992729275487363338470458984375
  },
  "zLow": {
    "0": 0.000003768803366,
    "1": 0.000002200861433,
    "2": 0.000002365361506,
    "3": 0.000001285370094,
    "4": 3.974153757E-7,
    "5": 9.892887165E-7,
    "6": 0.00001205806384,
    "7": 1.999528363E-7,
    "8": 0.000002776175084,
    "9": 0.000002124471558,
    "10": 8.373296104E-7,
    "11": 2.233248320E-7,
    "12": 8.065659263E-7,
    "13": 0.00002588344659
  },
  "zHigh": {
    "0": 0.00014788124414176219012515313933356838106795036695705653311945691776167094504490166033070278652310766371871661078165,
    "1": 0.0000829019768585396622436007659078299455684321189253164479554898816513903625683989303952987215593862864411101294097304,
    "2": 0.000094867217520751727703564891007487023159382060557587315449433792277728419911961922587411892359814320598740003364150,
    "3": 0.00004930172229020502898627168073320023622927552854327351196267807923129963053106258955534433822114137804485912500475586,
    "4": 0.000015075789811426403486727667607808605269556587795835892630601632646189309292050027440182484621502623220107746797082,
    "5": 0.0000373124587601600323067424833179200299804213170928017746463151550858815534692377963400400397847938320343352023709489,
    "6": 0.0004559274008896342490714179029176680169674625298303185053776404235771922080236236952510121656173146624515133686853325,
    "7": 0.000007774492992033125748426806168538692637981434266235818324512293635112425036780448173079545219224037406601095767059,
    "8": 0.000106465531703230529883152740865262669539217962698723657509254553566040413368475661498705940093994739934692401572690,
    "9": 0.00007856611201517987537613485317839751527086185432087616767326555306081636532364658493372222068198330113129621180882,
    "10": 0.00003382246642310003184733536849220208684099879675004585896634298407573850714663240012654316683438539563494476424987,
    "11": 0.0000091555386677995318167435815558310651815128692409714557442829605039843547994530446765305509382955669367650159907063,
    "12": 0.00002827005979300694536819069395320271863959781739618711296678668422861511787721830508897264023672654756154785426061435,
    "13": 0.0009477890994461318062607856187091727014937259193475126064285986117463352628995100531055890064161567840000696558509
  },
  "setupType": "Multi Region Model Local Bidder",
  "population": 0,
  "id": 0,
  "worldId": 283,
  "setup": {
    "numberOfRegionsInterval": {
      "minValue": 3,
      "maxValue": 7
    },
    "alphaInterval": {
      "minValue": 60.0,
      "maxValue": 100.0
    },
    "betaInterval": {
      "minValue": 0.05,
      "maxValue": 0.12
    },
    "setupName": "Multi Region Model Local Bidder",
    "numberOfBidders": 3
  },
  "implementation": "org.spectrumauctions.sats.core.model.mrvm.MRVMLocalBidder"
}