{
  "gammaValues": {
    "1": 0.97399,
    "2": 0.89598
  },
  "alpha": 1013.6290953332294293431914411485195159912109375,
  "beta": {
    "0": 0.201699953589642044793350805775844492018222808837890625,
    "1": 0.1735850288422356169082405585868400521576404571533203125,
    "2": 0.1170096141327162386769344948334037326276302337646484375,
    "3": 0.12362156288894531053212944016195251606404781341552734375,
    "4": 0.207120021035677670528940552685526199638843536376953125,
    "5": 0.185175816334998966095071182280662469565868377685546875,
    "6": 0.0965374359917631486016631470192805863916873931884765625,
    "7": 0.17884637113110535278082124932552687823772430419921875,
    "8": 0.127815355394094609664534800685942173004150390625,
    "9": 0.1947127592206795154705645245485357008874416351318359375,
    "10": 0.1720641370758685118058650687089539133012294769287109375,
    "11": 0.082032429002949047713855179608799517154693603515625,
    "12": 0.219476265115371049763126620746334083378314971923828125,
    "13": 0.17636071367422634370569767270353622734546661376953125
  },
  "zLow": {
    "0": 0.000001726184987,
    "1": 9.722113710E-7,
    "2": 0.000002043111803,
    "3": 8.688305855E-7,
    "4": 1.522464379E-7,
    "5": 4.122459087E-7,
    "6": 0.000009756369109,
    "7": 9.929795572E-8,
    "8": 0.000001813575461,
    "9": 7.617356646E-7,
    "10": 5.057752453E-7,
    "11": 2.993686447E-7,
    "12": 1.855818899E-7,
    "13": 0.000009712236839
  },
  "zHigh": {
    "0": 0.000086602692753953009235619609075911412438752314763033150540233846987739991234432169791636025990086847299592466742215,
    "1": 0.0000460424750164636602964497886988700893236134319157739788879596249345456117524258582954353931705046319834943338422509,
    "2": 0.0000851997264586761818439340627710797506854796341394894848181640651347128576629032436567056733789316419764242238941694,
    "3": 0.00003680553704956036059754568871833728856510092136628811707516569383632663549256415986613572086524586197045978332844047,
    "4": 0.000007720721678018513860883117936816957748293042035725240385734929486218882073276472250084340937778949077840359863159,
    "5": 0.000020001174524912966543434957663796799174905700931063426604233153965026468054044919529972909625101924627724412885061,
    "6": 0.0003868765590867838473371580546920948774335308650478291763958898617387901995132957938808280420560803521649907851743526,
    "7": 0.00000475484657530015521983976999106664527122008285967267195219547890802835268590217152338044286083820747654464803877,
    "8": 0.000077587543028780625455568707787983215024945133282445088865501863263167846354390489043199099572104835132976617,
    "9": 0.0000376840352409929052212611670212880233168617318949219686858715541954319140248797059055430389563603252362885793029547,
    "10": 0.0000238758354717951387973885512857006452511302985769532930202317637094581221492503774079370774829909468067046648169869,
    "11": 0.000011436853048457277775493165920093460245524779065324133155973886510391810784780664307179015468961204461133924163,
    "12": 0.000009640538701529692366450270888729154491133579471468098626345444483622214868919517017042115242660139654693422737998,
    "13": 0.00046265280719748254356191377992590016179498407426469636207753646277356838044886518194807413701358785679710275643607
  },
  "setupType": "Multi Region Model National Bidder",
  "population": 0,
  "id": 8,
  "worldId": 283,
  "setup": {
    "bInterval": {
      "minValue": 0.1,
      "maxValue": 0.3
    },
    "kMax": 2.0,
    "alphaInterval": {
      "minValue": 700.0,
      "maxValue": 1200.0
    },
    "betaInterval": {
      "minValue": 0.08,
      "maxValue": 0.22
    },
    "setupName": "Multi Region Model National Bidder",
    "numberOfBidders": 3
  },
  "implementation": "org.spectrumauctions.sats.core.model.mrvm.MRVMNationalBidder"
}