{
  "homeId": 11,
  "distanceDiscounts": {
    "0": 1,
    "1": 0.42045,
    "2": 0.17678,
    "3": 0.07433,
    "4": 0.03125,
    "5": 0.01314,
    "6": 0.00552,
    "7": 0.00232
  },
  "alpha": 688.500033500641848149825818836688995361328125,
  "beta": {
    "0": 0.0906955342027061794940578920432017184793949127197265625,
    "1": 0.060340855661534735510098670374645735137164592742919921875,
    "2": 0.09090567633050572471375971872475929558277130126953125,
    "3": 0.09421839818848480596624739291655714623630046844482421875,
    "4": 0.07910921249575808555931644150405190885066986083984375,
    "5": 0.0845386838444665833502966734158690087497234344482421875,
    "6": 0.05819401260598820735392422420773073099553585052490234375,
    "7": 0.046274257026035832407462322635183227248489856719970703125,
    "8": 0.043245481557413333051353987457332550548017024993896484375,
    "9": 0.095149723276247544223593877177336253225803375244140625,
    "10": 0.085380390177401122020484081076574511826038360595703125,
    "11": 0.0436162698225202316582027606273186393082141876220703125,
    "12": 0.05667492515247028739278079001451260410249233245849609375,
    "13": 0.043510887482247302682214495916923624463379383087158203125
  },
  "zLow": {
    "0": 0.000003838903809,
    "1": 0.000002796800560,
    "2": 0.000002629799737,
    "3": 0.000001139970504,
    "4": 3.986044662E-7,
    "5": 9.029945723E-7,
    "6": 0.00001618473820,
    "7": 3.837788045E-7,
    "8": 0.000005360162119,
    "9": 0.000001558802779,
    "10": 0.000001019271299,
    "11": 5.630453313E-7,
    "12": 7.186744394E-7,
    "13": 0.00003936617062
  },
  "zHigh": {
    "0": 0.0001499842574083158442107267271960348889970802325701080697127293620520134183497975625060326983209609530343975161219724,
    "1": 0.000100780150670583490385254062426840043422278190669541899616877008405851910487403325448201743198709979032884831685114837,
    "2": 0.00010280036447619753413855534833833862326325280596942590404595698343666879414096622486676166238077929207956733105526,
    "3": 0.00004493973460292553465651218671528292593759734888891613574443992160033227532002271050891336677286593473780896872178650,
    "4": 0.00001511146252682457313676668336322395792918307508853228284219378489621645063252952735324277430300270590550031715863,
    "5": 0.0000347236344350615701979522552183050936492257714931851368114966285007206396330732879554714434769899095256609893979364,
    "6": 0.00057972763156775431897430945787837475317648588286724906997438683917537036286584786151384520904455186320190088486826156,
    "7": 0.000013289272038377732925404481599237787686501025934683266168022570483772757523365544161215048357964890105167494476962823,
    "8": 0.000183985142769611965072191769691479312088599573824184324057530006078160290574761408516825098195798369923850687202990951,
    "9": 0.000061596048667543047002713886260726854946250346613911870960296430179063581883895534033843601708434627288358754714117,
    "10": 0.000039280717058197276445046307911380403985892669905082004821996613886532875812270690153155012762982478673311178571488,
    "11": 0.0000193471536450899534880646131398791937905591283092160230541677433831288640661808991693308451011093271793025206868543,
    "12": 0.00002563331518605601796441625586009532129507661792915942873970425776471324307930429258369322575083686896851320301474358,
    "13": 0.001352270820516198844935707186504169059690750951595710277369340519646802684125241210509659851482678586004215626493101690
  },
  "setupType": "Multi Region Model Regional Bidder",
  "population": 0,
  "id": 6,
  "worldId": 283,
  "setup": {
    "exponentFactor": 1.25,
    "base": 2.0,
    "alphaInterval": {
      "minValue": 500.0,
      "maxValue": 840.0
    },
    "betaInterval": {
      "minValue": 0.04,
      "maxValue": 0.1
    },
    "setupName": "Multi Region Model Regional Bidder",
    "numberOfBidders": 4
  },
  "implementation": "org.spectrumauctions.sats.core.model.mrvm.MRVMRegionalBidder"
}