{
  "homeId": 8,
  "distanceDiscounts": {
    "0": 1,
    "1": 0.42045,
    "2": 0.17678,
    "3": 0.07433,
    "4": 0.03125,
    "5": 0.01314,
    "6": 0.00552,
    "7": 0.00232
  },
  "alpha": 513.0789998938554390406352467834949493408203125,
  "beta": {
    "0": 0.0814902080020338537291735292455996386706829071044921875,
    "1": 0.0415828807222187457615092398555134423077106475830078125,
    "2": 0.09556853722765525083193693944849655963480472564697265625,
    "3": 0.04627245213696173919970533461309969425201416015625,
    "4": 0.053564855900351919515411935890369932167232036590576171875,
    "5": 0.0513183971463255506062495214791852049529552459716796875,
    "6": 0.0408172289107311681011225346082937903702259063720703125,
    "7": 0.0937901211323268479969073041502269916236400604248046875,
    "8": 0.045251972232074201551998982040458940900862216949462890625,
    "9": 0.0963090655355020308636682102587656117975711822509765625,
    "10": 0.08791936679314249492023236598470248281955718994140625,
    "11": 0.07742940425472542853579938082475564442574977874755859375,
    "12": 0.080563569384394073669142244398244656622409820556640625,
    "13": 0.06125850816533394416207869426216348074376583099365234375
  },
  "zLow": {
    "0": 0.000004272555442,
    "1": 0.000004058433085,
    "2": 0.000002501489828,
    "3": 0.000002321169290,
    "4": 5.886935546E-7,
    "5": 0.000001487536185,
    "6": 0.00002307493389,
    "7": 1.893491429E-7,
    "8": 0.000005122490372,
    "9": 0.000001540038337,
    "10": 9.898363047E-7,
    "11": 3.171655178E-7,
    "12": 5.055736777E-7,
    "13": 0.00002796112853
  },
  "zHigh": {
    "0": 0.0001629938064106687238333809095038991999243916015910362196483659386751007121167496736693838052580436256629448334994391,
    "1": 0.0001386291264220461526317113483061812042070118722647218516524461737036938546840344902686495642888400484237003378461623,
    "2": 0.00009895106719190660515428269271440124608822240151867355523659804936873035152720032185593326914842010954750328828071154,
    "3": 0.00008037569817699679806956625891213222959613106473016882711898126805517707294094746637896280145577025280992534047,
    "4": 0.000020814135176627212408030160842494071508574338142210642459586836775671716308447923074698862334987806378624842694534770,
    "5": 0.0000522598827865698623956276163592541285976884331956434059241147633894364990946461886938206679489717328790705877027090,
    "6": 0.0007864335022634215449704412831385550834705926240296960064962762231686378521906978772162071598841993685269955781325553,
    "7": 0.0000074563821880163908007311427901397111506114426396969071513511564990133826650058656583189551576570858915956375456923,
    "8": 0.000176854990352673154149528771123525895628145620180392523183737490709035493728068004064464688105833876243842546666520204,
    "9": 0.0000610331153885533182023808469353070576795570673788039220816760002785544660680811374775217147078120351551887637083962,
    "10": 0.00003839766725283992699958180572258391828877293286627481247785933144682022081209158876931005914311772382805744125053,
    "11": 0.00001197075924085889787080995228759053953527273190983348916990211458660299308269721588390179498613493439325880035928849,
    "12": 0.000019240292335471773497175403506512243315744768447288289675879295466344596117733168366196439245056678583401399310486,
    "13": 0.00101011955789139803015788824262235811497292111010924053040906845435172641078874385735543147464585183409739656015288235
  },
  "setupType": "Multi Region Model Regional Bidder",
  "population": 0,
  "id": 4,
  "worldId": 283,
  "setup": {
    "exponentFactor": 1.25,
    "base": 2.0,
    "alphaInterval": {
      "minValue": 500.0,
      "maxValue": 840.0
    },
    "betaInterval": {
      "minValue": 0.04,
      "maxValue": 0.1
    },
    "setupName": "Multi Region Model Regional Bidder",
    "numberOfBidders": 4
  },
  "implementation": "org.spectrumauctions.sats.core.model.mrvm.MRVMRegionalBidder"
}