{
  "regionsOfInterest": [
    4,
    5,
    6,
    8,
    9,
    12
  ],
  "alpha": 97.7641802438112108575296588242053985595703125,
  "beta": {
    "0": 0.08907449550177361230485217902241856791079044342041015625,
    "1": 0.09867768301355417381870438475743867456912994384765625,
    "2": 0.1050937609803725691914877415911178104579448699951171875,
    "3": 0.06708838605229328067025562631897628307342529296875,
    "4": 0.111105788932785165545880090576247312128543853759765625,
    "5": 0.09611897482374397172488755813901661895215511322021484375,
    "6": 0.0893408464473373076231155209825374186038970947265625,
    "7": 0.1123503939997093359348667718222714029252529144287109375,
    "8": 0.057949600106856978543046210461398004554212093353271484375,
    "9": 0.0755750831992243743417958512509358115494251251220703125,
    "10": 0.11285145754852025923309355448509450070559978485107421875,
    "11": 0.06230458129057243887860551012636278755962848663330078125,
    "12": 0.06146488460047529189811399419340887106955051422119140625,
    "13": 0.0925381430584437669750741406460292637348175048828125
  },
  "zLow": {
    "0": 0.000003908766810,
    "1": 0.000001710228025,
    "2": 0.000002274766090,
    "3": 0.000001600965550,
    "4": 2.838131633E-7,
    "5": 7.942029428E-7,
    "6": 0.00001054226478,
    "7": 1.580686851E-7,
    "8": 0.000004000075784,
    "9": 0.000001962547004,
    "10": 7.711533642E-7,
    "11": 3.941594114E-7,
    "12": 6.626681287E-7,
    "13": 0.00001850974057
  },
  "zHigh": {
    "0": 0.00015208014746319676905470915243443077020465115635621215720307337731903512934714677087973679545885511027403215012625502,
    "1": 0.00006818297461888350512350009510789325065258113549812639825801387990325205658948654432894694617051187680601535946542,
    "2": 0.0000921493550543920726988112465123633226771781824383238132195950002972634727062458902301601333479629383380664953432257,
    "3": 0.00005876958597909885433475373214802536369273233765058488813328925887976253184578500489971294089199087370312234224,
    "4": 0.000011667723440168287123379763029148710820405360705707194572732938729816072984882810571956326507841363367151232581551,
    "5": 0.00003145988554912903378702015774609861045181190606263387751441056410561159942038783290214730936829997713748305767328526,
    "6": 0.0004104534290325154228294104385584274812172132476495494999536556209489763647850002728254450948283006615356601042886,
    "7": 0.0000065179684542080294276023720264585538830759282371314643541933829140825066827207713779006854791323465679443542593008,
    "8": 0.000143182552711773169052539555186730620970333235330992206299711223747077284345100315789415389750386380444580143334727321,
    "9": 0.0000737083753977011478425116497222665630189815746003653694393623167302233402968127919482649247162404041467551857275005,
    "10": 0.00003183717903676025946796107639940550940076712014150168827366703350857822060406289025727888552222334297218567974039220,
    "11": 0.00001428057605048925163082732791519173788948094736656903416482735254360792379998902135481318959960368609851994244876982,
    "12": 0.00002395312586667543351261232333650727528669721411671384633576140156970564558648993861708420848493671622577916629404643,
    "13": 0.0007265779189503224171731041414707274666859522859404683970647243807818729511386526752701391332649879322934786155363
  },
  "setupType": "Multi Region Model Local Bidder",
  "population": 0,
  "id": 2,
  "worldId": 283,
  "setup": {
    "numberOfRegionsInterval": {
      "minValue": 3,
      "maxValue": 7
    },
    "alphaInterval": {
      "minValue": 60.0,
      "maxValue": 100.0
    },
    "betaInterval": {
      "minValue": 0.05,
      "maxValue": 0.12
    },
    "setupName": "Multi Region Model Local Bidder",
    "numberOfBidders": 3
  },
  "implementation": "org.spectrumauctions.sats.core.model.mrvm.MRVMLocalBidder"
}