{
  "gammaValues": {
    "1": 0.98977,
    "2": 0.95906
  },
  "alpha": 1118.857144557086257918854244053363800048828125,
  "beta": {
    "0": 0.1255375538782248501235017101862467825412750244140625,
    "1": 0.213411924156918952899530950162443332374095916748046875,
    "2": 0.1924095580169395969249990230309776961803436279296875,
    "3": 0.12396968556196730215646084616309963166713714599609375,
    "4": 0.1121459086171804619969094574116752482950687408447265625,
    "5": 0.08604954232012319847999748390066088177263736724853515625,
    "6": 0.0951503843872687493643525158404372632503509521484375,
    "7": 0.1459786370208776828949481796371401287615299224853515625,
    "8": 0.213339232808899936788549211996723897755146026611328125,
    "9": 0.1224103811183102907822473071064450778067111968994140625,
    "10": 0.182812898367487874917713952527265064418315887451171875,
    "11": 0.18155131918271083524274445153423584997653961181640625,
    "12": 0.08252706767450805613872688581977854482829570770263671875,
    "13": 0.10111301260525547285329395208464120514690876007080078125
  },
  "zLow": {
    "0": 0.000002773444447,
    "1": 7.907774580E-7,
    "2": 0.000001242473224,
    "3": 8.663907985E-7,
    "4": 2.811808813E-7,
    "5": 8.871397872E-7,
    "6": 0.000009898592259,
    "7": 1.216553285E-7,
    "8": 0.000001086545541,
    "9": 0.000001211659107,
    "10": 4.760374236E-7,
    "11": 1.352671917E-7,
    "12": 4.935449812E-7,
    "13": 0.00001694002559
  },
  "zHigh": {
    "0": 0.0001180204765592333617572049625094129935588370751780455190055272323089672679793109539286321095201917696621200056514,
    "1": 0.000040599457624358543211661336365132722122043127195793484088939803698821394048689078999642497998458142810193224816355,
    "2": 0.0000611805690611605098862560092466413349121429182359335308710837750757474576042911807947440973448840344609585556225,
    "3": 0.00003673234343990321374461263127183564533830920154783864423840808083157413590856552533649739926275521387559696054749,
    "4": 0.0000115887549798482647553014279041616377013273264275820995799959738080114261111410877085271138494117336723469639907220,
    "5": 0.00003424799088150682136941141352411298856221054515445080573056649211308790215459728539178710354804285718496866807366400,
    "6": 0.0003911432535977229612412561248108246259444428239111121403069378935836924366886409543073887889837178644380897724316,
    "7": 0.0000054255677587432728237828576645013273197160332286510344989782003073659951340573240871264302231053308059720266152954,
    "8": 0.000055776645424790891731307681262472977796932007009230118414642534514902207043094592268388134089966581757151411609353,
    "9": 0.0000511817385067761997044251196535509699144585458778057618164071948282735242213575227651903143082022530481969784285592,
    "10": 0.000022983700820364527090327776742780934046384501768833268029740672625805929661041834068446954456588424696800503498805,
    "11": 0.00000651380945867904434220813206699986387152333572245726031603442237248072384545240280340569738069935360678748536977,
    "12": 0.00001887943143992351070953648390650719710011369410233472931187597691742323609758404636442215325590030043275486539706120,
    "13": 0.00067948646951394597012258998670769530299922849936901282920256012766618124580406711407521975994241730352079012208218332
  },
  "setupType": "Multi Region Model National Bidder",
  "population": 0,
  "id": 9,
  "worldId": 283,
  "setup": {
    "bInterval": {
      "minValue": 0.1,
      "maxValue": 0.3
    },
    "kMax": 2.0,
    "alphaInterval": {
      "minValue": 700.0,
      "maxValue": 1200.0
    },
    "betaInterval": {
      "minValue": 0.08,
      "maxValue": 0.22
    },
    "setupName": "Multi Region Model National Bidder",
    "numberOfBidders": 3
  },
  "implementation": "org.spectrumauctions.sats.core.model.mrvm.MRVMNationalBidder"
}