{
  "homeId": 3,
  "distanceDiscounts": {
    "0": 1,
    "1": 0.42045,
    "2": 0.17678,
    "3": 0.07433,
    "4": 0.03125,
    "5": 0.01314,
    "6": 0.00552,
    "7": 0.00232
  },
  "alpha": 532.6933677623737821704708039760589599609375,
  "beta": {
    "0": 0.0655818034727481402601512172623188234865665435791015625,
    "1": 0.0654561763158310327970212938453187234699726104736328125,
    "2": 0.0908708622616881400713140237712650559842586517333984375,
    "3": 0.04665487168222881564361159689724445343017578125,
    "4": 0.08275015837671538532216430894550285302102565765380859375,
    "5": 0.048886391092253879409046390946969040669500827789306640625,
    "6": 0.080558929296501491368331926423707045614719390869140625,
    "7": 0.07666519598693045944859392193393432535231113433837890625,
    "8": 0.0751337178072956912711077848143759183585643768310546875,
    "9": 0.0427689302079904132281029660589410923421382904052734375,
    "10": 0.06987559337154547467463316934299655258655548095703125,
    "11": 0.04398771854339629527874677705767680890858173370361328125,
    "12": 0.0907781345414841178698139856351190246641635894775390625,
    "13": 0.07294433723829241156266789403161965310573577880859375
  },
  "zLow": {
    "0": 0.000005308963969,
    "1": 0.000002578233994,
    "2": 0.000002630807255,
    "3": 0.000002302143185,
    "4": 3.810661640E-7,
    "5": 0.000001561538313,
    "6": 0.00001169150170,
    "7": 2.316446050E-7,
    "8": 0.000003085203273,
    "9": 0.000003467929928,
    "10": 0.000001245438886,
    "11": 5.582907662E-7,
    "12": 4.486853610E-7,
    "13": 0.00002348169968
  },
  "zHigh": {
    "0": 0.0001940860622221245184188681265896167165836677352004072103640342817689801698139680725366386457347936291200431582990850,
    "1": 0.0000942231536966124489001323524583803631265351537841396517637908089762021825828310847754342139694377095800392776695708,
    "2": 0.0001028305900160695432872433660534006061233026670019414502882142241953666669392469350334999029832748620855010660261603,
    "3": 0.00007980491501615036787929083914344193605138113613130373795494431414525173854619546709448771839362759972254447,
    "4": 0.00001458531345918006664485060645192761559270602508384872838718472011917128169561715613381474272492557981963885502070339,
    "5": 0.000054479946647502559679843018419376590227232123325966309591946644247161829447353384182193856130529906038938528983742420,
    "6": 0.000444930536646838040627321311889070555356717819782414997042693369988840901464107429462187968356701271139876200219986,
    "7": 0.00000872524605319558068449144720150312573279224947374227804222289233602109140482217780709467805073506559611195629573388,
    "8": 0.0001157363773801686962210591593379039390526922485430376506209265305185690896935397431454170667517263694992553736837854,
    "9": 0.0001188698631343928894881238332052882058271670851296001059745281407173185523031048182602659238406167247567148920977012,
    "10": 0.00004606574467892797976437314664946463562139279713218795250906223343867891789105896615831504048286678161491683024528,
    "11": 0.00001920451669436947473115718251284035064929514552052873716410133672651999449514070963855335902400131916099784597802683,
    "12": 0.0000175336428328613567898791887955411129666418202285057090707674157734309423717556746490449538260252105832683161647523,
    "13": 0.00087573669238950065893701722030166854653733196319894846146396682930290614117619938666343557687939428492338921732587
  },
  "setupType": "Multi Region Model Regional Bidder",
  "population": 0,
  "id": 3,
  "worldId": 283,
  "setup": {
    "exponentFactor": 1.25,
    "base": 2.0,
    "alphaInterval": {
      "minValue": 500.0,
      "maxValue": 840.0
    },
    "betaInterval": {
      "minValue": 0.04,
      "maxValue": 0.1
    },
    "setupName": "Multi Region Model Regional Bidder",
    "numberOfBidders": 4
  },
  "implementation": "org.spectrumauctions.sats.core.model.mrvm.MRVMRegionalBidder"
}