{
  "bidderPosition": -1,
  "values": {
    "0": 9.9605680359296826509307720698416233062744140625,
    "1": 3.38815779879630962767578239436261355876922607421875,
    "2": 4.9885077972438960358658732729963958263397216796875,
    "3": 2.9110156719204240971521358005702495574951171875,
    "4": 15.6318957459284195721238575060851871967315673828125,
    "5": 8.9726711861758889909879144397564232349395751953125,
    "6": 8.7775518216736276855272080865688621997833251953125,
    "7": 2.83923018645520830460782235604710876941680908203125,
    "8": 1.0052971154292844602196055348031222820281982421875,
    "9": 8.2636337549547533853910863399505615234375,
    "10": 3.0640486127642674318849458359181880950927734375,
    "11": 0.6771768053375171181329505998292006552219390869140625
  },
  "setupType": "National Bidder Setup",
  "population": 0,
  "id": 6,
  "worldId": 564,
  "setup": {
    "lowNationalValueInterval": {
      "minValue": 0.0,
      "maxValue": 10.0
    },
    "highNationalValueInterval": {
      "minValue": 0.0,
      "maxValue": 20.0
    },
    "regionalValueInterval": {
      "minValue": 0.0,
      "maxValue": 0.0
    },
    "setupName": "National Bidder Setup",
    "numberOfBidders": 1
  },
  "implementation": "org.spectrumauctions.sats.core.model.gsvm.GSVMBidder"
}