{
  "bidderPosition": 5,
  "values": {
    "0": 0.420277843940837225744644456426613032817840576171875,
    "1": 18.69896054286578390701833995990455150604248046875,
    "17": 16.998452737700166181866734405048191547393798828125,
    "10": 6.5771394808084071570419837371446192264556884765625,
    "11": 0.655544435010551040932114119641482830047607421875,
    "12": 5.972844390316140561481006443500518798828125
  },
  "setupType": "Regional Bidder Setup",
  "population": 0,
  "id": 5,
  "worldId": 564,
  "setup": {
    "lowNationalValueInterval": {
      "minValue": 0.0,
      "maxValue": 20.0
    },
    "highNationalValueInterval": {
      "minValue": 0.0,
      "maxValue": 40.0
    },
    "regionalValueInterval": {
      "minValue": 0.0,
      "maxValue": 20.0
    },
    "setupName": "Regional Bidder Setup",
    "numberOfBidders": 6
  },
  "implementation": "org.spectrumauctions.sats.core.model.gsvm.GSVMBidder"
}