{
  "bidderPosition": 2,
  "values": {
    "4": 39.600327145145485019384068436920642852783203125,
    "5": 10.419562240618649440193621558137238025665283203125,
    "6": 17.541315144792303470921979169361293315887451171875,
    "7": 25.00644844241566033815615810453891754150390625,
    "14": 12.067327881642878395496154553256928920745849609375,
    "15": 17.850679530727756372243675286881625652313232421875
  },
  "setupType": "Regional Bidder Setup",
  "population": 0,
  "id": 2,
  "worldId": 564,
  "setup": {
    "lowNationalValueInterval": {
      "minValue": 0.0,
      "maxValue": 20.0
    },
    "highNationalValueInterval": {
      "minValue": 0.0,
      "maxValue": 40.0
    },
    "regionalValueInterval": {
      "minValue": 0.0,
      "maxValue": 20.0
    },
    "setupName": "Regional Bidder Setup",
    "numberOfBidders": 6
  },
  "implementation": "org.spectrumauctions.sats.core.model.gsvm.GSVMBidder"
}