{
  "bidderPosition": 4,
  "values": {
    "16": 5.5407365372116164081717215594835579395294189453125,
    "17": 6.351874620995364040254571591503918170928955078125,
    "8": 7.166518085466197618416117620654404163360595703125,
    "9": 17.958780855163180234512765309773385524749755859375,
    "10": 17.9135203479856812691650702618062496185302734375,
    "11": 4.07870223968673339953738832264207303524017333984375
  },
  "setupType": "Regional Bidder Setup",
  "population": 0,
  "id": 4,
  "worldId": 468,
  "setup": {
    "lowNationalValueInterval": {
      "minValue": 0.0,
      "maxValue": 20.0
    },
    "highNationalValueInterval": {
      "minValue": 0.0,
      "maxValue": 40.0
    },
    "regionalValueInterval": {
      "minValue": 0.0,
      "maxValue": 20.0
    },
    "setupName": "Regional Bidder Setup",
    "numberOfBidders": 6
  },
  "implementation": "org.spectrumauctions.sats.core.model.gsvm.GSVMBidder"
}