{
  "bidderPosition": -1,
  "values": {
    "0": 1.581438103564816177737384350621141493320465087890625,
    "1": 4.7999055548881077726264265947975218296051025390625,
    "2": 0.446416512440712676124121571774594485759735107421875,
    "3": 2.389032084150890522522558967466466128826141357421875,
    "4": 6.2752414685344692912849495769478380680084228515625,
    "5": 0.283299701118597813120913997408933937549591064453125,
    "6": 18.62914551437913956988268182612955570220947265625,
    "7": 10.325155049259929995741913444362580776214599609375,
    "8": 0.636762584239745077496763769886456429958343505859375,
    "9": 2.566183065936510132587500265799462795257568359375,
    "10": 6.00890948665112745175065356306731700897216796875,
    "11": 1.4224005799842753816619733697734773159027099609375
  },
  "setupType": "National Bidder Setup",
  "population": 0,
  "id": 6,
  "worldId": 468,
  "setup": {
    "lowNationalValueInterval": {
      "minValue": 0.0,
      "maxValue": 10.0
    },
    "highNationalValueInterval": {
      "minValue": 0.0,
      "maxValue": 20.0
    },
    "regionalValueInterval": {
      "minValue": 0.0,
      "maxValue": 0.0
    },
    "setupName": "National Bidder Setup",
    "numberOfBidders": 1
  },
  "implementation": "org.spectrumauctions.sats.core.model.gsvm.GSVMBidder"
}