{
  "bidderPosition": 2,
  "values": {
    "4": 10.542802978342816544454763061366975307464599609375,
    "5": 39.41771642186214563707835623063147068023681640625,
    "6": 0.11573678539082532523707413929514586925506591796875,
    "7": 17.629419327898911973306894651614129543304443359375,
    "14": 10.127034729344952523888423456810414791107177734375,
    "15": 12.6487117078690669558227455127052962779998779296875
  },
  "setupType": "Regional Bidder Setup",
  "population": 0,
  "id": 2,
  "worldId": 468,
  "setup": {
    "lowNationalValueInterval": {
      "minValue": 0.0,
      "maxValue": 20.0
    },
    "highNationalValueInterval": {
      "minValue": 0.0,
      "maxValue": 40.0
    },
    "regionalValueInterval": {
      "minValue": 0.0,
      "maxValue": 20.0
    },
    "setupName": "Regional Bidder Setup",
    "numberOfBidders": 6
  },
  "implementation": "org.spectrumauctions.sats.core.model.gsvm.GSVMBidder"
}