{
  "bidderPosition": 1,
  "values": {
    "2": 15.9524773248541524850452333339489996433258056640625,
    "3": 7.1825540870732833553802265669219195842742919921875,
    "4": 26.978101029452972170474822632968425750732421875,
    "5": 10.5229877541069782864724402315914630889892578125,
    "13": 12.9474333020483367562292187358252704143524169921875,
    "14": 17.22949920434519555101360310800373554229736328125
  },
  "setupType": "Regional Bidder Setup",
  "population": 0,
  "id": 1,
  "worldId": 143,
  "setup": {
    "lowNationalValueInterval": {
      "minValue": 0.0,
      "maxValue": 20.0
    },
    "highNationalValueInterval": {
      "minValue": 0.0,
      "maxValue": 40.0
    },
    "regionalValueInterval": {
      "minValue": 0.0,
      "maxValue": 20.0
    },
    "setupName": "Regional Bidder Setup",
    "numberOfBidders": 6
  },
  "implementation": "org.spectrumauctions.sats.core.model.gsvm.GSVMBidder"
}