{
  "bidderPosition": 0,
  "values": {
    "0": 14.1696223952857831562823776039294898509979248046875,
    "1": 3.26335786544877937132014267263002693653106689453125,
    "2": 7.46632026572693785482215389492921531200408935546875,
    "3": 0.453695932012436742297722958028316497802734375,
    "12": 8.2940216832115591927276909700594842433929443359375,
    "13": 10.176909292334958223591456771828234195709228515625
  },
  "setupType": "Regional Bidder Setup",
  "population": 0,
  "id": 0,
  "worldId": 143,
  "setup": {
    "lowNationalValueInterval": {
      "minValue": 0.0,
      "maxValue": 20.0
    },
    "highNationalValueInterval": {
      "minValue": 0.0,
      "maxValue": 40.0
    },
    "regionalValueInterval": {
      "minValue": 0.0,
      "maxValue": 20.0
    },
    "setupName": "Regional Bidder Setup",
    "numberOfBidders": 6
  },
  "implementation": "org.spectrumauctions.sats.core.model.gsvm.GSVMBidder"
}