{
  "bidderPosition": 0,
  "values": {
    "0": 0.876774101026607244335764335119165480136871337890625,
    "1": 14.90283539005141477673532790504395961761474609375,
    "2": 5.25874541521547111955214859335683286190032958984375,
    "3": 10.48361725131098154406572575680911540985107421875,
    "12": 10.667784262156512653518802835606038570404052734375,
    "13": 17.237141711029803303745211451314389705657958984375
  },
  "setupType": "Regional Bidder Setup",
  "population": 0,
  "id": 0,
  "worldId": 703,
  "setup": {
    "lowNationalValueInterval": {
      "minValue": 0.0,
      "maxValue": 20.0
    },
    "highNationalValueInterval": {
      "minValue": 0.0,
      "maxValue": 40.0
    },
    "regionalValueInterval": {
      "minValue": 0.0,
      "maxValue": 20.0
    },
    "setupName": "Regional Bidder Setup",
    "numberOfBidders": 6
  },
  "implementation": "org.spectrumauctions.sats.core.model.gsvm.GSVMBidder"
}