{
  "homeId": 2,
  "distanceDiscounts": {
    "0": 1,
    "1": 0.42045,
    "2": 0.17678,
    "3": 0.07433,
    "4": 0.03125,
    "5": 0.01314,
    "6": 0.00552,
    "7": 0.00232
  },
  "alpha": 651.77881956847750188899226486682891845703125,
  "beta": {
    "0": 0.06094007355938481362844783006949000991880893707275390625,
    "1": 0.05822960830305745627555324972490780055522918701171875,
    "2": 0.04751503690769957877204632268330897204577922821044921875,
    "3": 0.046938275852136446264495361901936121284961700439453125,
    "4": 0.053368313927539025309787490414237254299223423004150390625,
    "5": 0.0571984763702853282740790064053726382553577423095703125,
    "6": 0.0928411122781175601748060444151633419096469879150390625,
    "7": 0.04639488379340446499998762419636477716267108917236328125,
    "8": 0.0834690172651706696616003000599448569118976593017578125,
    "9": 0.09270932645880336497867801881511695683002471923828125,
    "10": 0.0899209915258707137564186950839939527213573455810546875,
    "11": 0.08633207918681189141363319095034967176616191864013671875,
    "12": 0.0699478328589098474754592871249769814312458038330078125,
    "13": 0.06652661862072388465616512576161767356097698211669921875
  },
  "zLow": {
    "0": 0.000004633985558,
    "1": 0.000002350680531,
    "2": 0.000004080817057,
    "3": 0.000001855951892,
    "4": 4.792369067E-7,
    "5": 0.000001082481988,
    "6": 0.000008228262994,
    "7": 3.104665858E-7,
    "8": 0.000002252464107,
    "9": 0.000001297596878,
    "10": 7.849669287E-7,
    "11": 2.307194453E-7,
    "12": 4.722950646E-7,
    "13": 0.00002088286971
  },
  "zHigh": {
    "0": 0.000167259108811391081464441928795558894118470296654440209496167478252091354790786739152804373317754227945513860888406,
    "1": 0.000084208336566977008193030518357151602409368292835806021982172954402096413346041981098030394519020182563532333246,
    "2": 0.000141814528994179871210293509376222451388195001792415535319336794380358334295726154845163929497435396684190315166873,
    "3": 0.0000643900749471426045337544074227786985290844633008452949868348135365583757626886059535961951974124403629394239858,
    "4": 0.0000169347137674675641639215906766041340604938908301179725965989282688913239342296249060796383309944208865220446725062,
    "5": 0.00003866609166456678286239416936054014662343132729570279468744801836240566461163877238984599656674542004439239517123,
    "6": 0.00032323999865063327788511644702530074984306742449140813203647626203972414873678273147021886359119061618343758292430,
    "7": 0.000010754403688763199835013087026797650094504283097184314778904727384955855878022697882327892234688650719318737353210,
    "8": 0.00008637501975104079778088485021449722322346950657979724624823560063579010093442096038971326160650482473398662284408,
    "9": 0.000050957839575459907431820835577878707777573366002418344412233972637793136206438759066405588736920463663535672273,
    "10": 0.00003060750831151762528324831763217076755462184536093465925154078823927866520611318960264359707121680224412025470674,
    "11": 0.000008913432300281732355121839747610377335097915616473748714730315721865321634073792670813432324473703793269526139319,
    "12": 0.00001747245356080354963376901281834491572618699480846807810905673772103270277865161708052571340677753334657451371435,
    "13": 0.000765412762186776113274386332639642567161096781910378362908018971760315555843316382817216810560426385282804857063745
  },
  "setupType": "Multi Region Model Regional Bidder",
  "population": 0,
  "id": 4,
  "worldId": 686,
  "setup": {
    "exponentFactor": 1.25,
    "base": 2.0,
    "alphaInterval": {
      "minValue": 500.0,
      "maxValue": 840.0
    },
    "betaInterval": {
      "minValue": 0.04,
      "maxValue": 0.1
    },
    "setupName": "Multi Region Model Regional Bidder",
    "numberOfBidders": 4
  },
  "implementation": "org.spectrumauctions.sats.core.model.mrvm.MRVMRegionalBidder"
}