{
  "homeId": 12,
  "distanceDiscounts": {
    "0": 1,
    "1": 0.42045,
    "2": 0.17678,
    "3": 0.07433,
    "4": 0.03125,
    "5": 0.01314,
    "6": 0.00552,
    "7": 0.00232
  },
  "alpha": 559.5568082311934858807944692671298980712890625,
  "beta": {
    "0": 0.051449458486961079095589610687966342084109783172607421875,
    "1": 0.06066619586979037082041799067155807279050350189208984375,
    "2": 0.058332715671983371985565014483654522337019443511962890625,
    "3": 0.0769635586944582283930316179976216517388820648193359375,
    "4": 0.0745576622830382562678863678229390643537044525146484375,
    "5": 0.0600473168697664150261772419980843551456928253173828125,
    "6": 0.08395989250915804336106162963915267027914524078369140625,
    "7": 0.052039031545107083953638493767357431352138519287109375,
    "8": 0.040336196078574589052312404646727372892200946807861328125,
    "9": 0.05237220518139984459793367932434193789958953857421875,
    "10": 0.056201924181106845124222815002212882973253726959228515625,
    "11": 0.08214685449717036569428074699317221529781818389892578125,
    "12": 0.095243529562420992107263373327441513538360595703125,
    "13": 0.06174819532421201018212997269074548967182636260986328125
  },
  "zLow": {
    "0": 0.000005488792868,
    "1": 0.000002256268167,
    "2": 0.000003324038163,
    "3": 0.000001131901687,
    "4": 3.430373874E-7,
    "5": 0.000001031125513,
    "6": 0.000009098643003,
    "7": 2.767934134E-7,
    "8": 0.000004661098064,
    "9": 0.000002297007203,
    "10": 0.000001255917935,
    "11": 2.424741586E-7,
    "12": 3.468583787E-7,
    "13": 0.00002249890385
  },
  "zHigh": {
    "0": 0.0001929033280940596766668601987399065922486384945598646281032328426620203512387185309397922131249918411984673904820277,
    "1": 0.000081375965653450751900124996104652435831048113956629717082563697014564520581896026097448931836791402939940575378765,
    "2": 0.0001191111621943108851389316425853340293586259881455196668881243409789522925068155080451619823805241932988253910021868,
    "3": 0.00004266856877824466669953191444319579836894853708923796965008745494365298399866024622236612036025851211539471406347,
    "4": 0.00001284872818978247466326961113960402650235272519227923960550959042582861093526326249355384771834460943159874212947,
    "5": 0.00003712539741536197796151789418669808208946672315937130005044762494799927004337986214470031485019647702835668312261,
    "6": 0.000349351398908065977360822758802524813208121925169761138020308163358744095684991172019141362079549970974981419063049,
    "7": 0.0000097442085161226206726672938437538320170536238990345907411037152901344506342245190537217931307926148689225803112,
    "8": 0.0001586340384480048887521102704235200313769881352743474219422674487633594657747066991424945527112586062722857215361710,
    "9": 0.000080940149333008086816880932653231846680805279626184013679735387101760282500901291006177053302147435288683304281,
    "10": 0.0000447360384897489146715020687613956242815498838361521836674096714879431906629974284815283797843991692748756032365701,
    "11": 0.000009266073697690926276825347294611068494349823244026760223165607400810427314097152731241671111404899196818206764328,
    "12": 0.0000137093529818421990124577109069439197031913945250303239161258900040801785935505338752146577365906371542802405,
    "13": 0.000813893786091628745733779258403342928477340609945014270435984406228832024164811333701658409037787434640586328028706
  },
  "setupType": "Multi Region Model Regional Bidder",
  "population": 0,
  "id": 5,
  "worldId": 686,
  "setup": {
    "exponentFactor": 1.25,
    "base": 2.0,
    "alphaInterval": {
      "minValue": 500.0,
      "maxValue": 840.0
    },
    "betaInterval": {
      "minValue": 0.04,
      "maxValue": 0.1
    },
    "setupName": "Multi Region Model Regional Bidder",
    "numberOfBidders": 4
  },
  "implementation": "org.spectrumauctions.sats.core.model.mrvm.MRVMRegionalBidder"
}