{
  "gammaValues": {
    "1": 0.98354,
    "2": 0.93417
  },
  "alpha": 965.613806843366774046444334089756011962890625,
  "beta": {
    "0": 0.194889899861130810876375107909552752971649169921875,
    "1": 0.10626653801852238567793307311148964799940586090087890625,
    "2": 0.215101992639129713236201268955483101308345794677734375,
    "3": 0.1565617185228196650559340241670724935829639434814453125,
    "4": 0.11009594776707463947840182072468451224267482757568359375,
    "5": 0.130886814566766374046125065433443523943424224853515625,
    "6": 0.170889807956532469024324427664396353065967559814453125,
    "7": 0.143090634879391942479998078852077014744281768798828125,
    "8": 0.14609775401647306924957092633121646940708160400390625,
    "9": 0.1747348723942987736013066069062915630638599395751953125,
    "10": 0.10005896612153804270395340836330433376133441925048828125,
    "11": 0.08931871854378410635622032032188144512474536895751953125,
    "12": 0.1875537323936191935747075376639259047806262969970703125,
    "13": 0.214662241537213749342782875828561373054981231689453125
  },
  "zLow": {
    "0": 0.000001470327656,
    "1": 0.000001307033609,
    "2": 9.147018796E-7,
    "3": 5.646171640E-7,
    "4": 2.357263939E-7,
    "5": 4.800152654E-7,
    "6": 0.000004536053267,
    "7": 1.021455744E-7,
    "8": 0.000001305826412,
    "9": 6.986013796E-7,
    "10": 7.158173889E-7,
    "11": 2.262870622E-7,
    "12": 1.787342442E-7,
    "13": 0.000006567132476
  },
  "zHigh": {
    "0": 0.0000727650306181884999763575554418696868539792726877681769534809263165372561617246253742552730502386879044167436,
    "1": 0.000053100401939370523151015702887023090458562438625464346560565788974076875081906015339118613503193617489335402567272,
    "2": 0.0000471164760803183295336537168296878019290399233036181968973066595758776358325768238887341978416955807461000937012,
    "3": 0.00002577825826888993082022507432252905135050614425349295748756051528742032932752205200836034055162278304915852467926,
    "4": 0.000009667043891267605767112211178512001477887375196627565254487169365059690148651013854343661312898854033913576605225,
    "5": 0.0000206832248624370232668874104350803383801601456699404126378049315963917455906479474168935531311182218182619912073,
    "6": 0.0002135981251405818448828926353245304443146946733316813397089084605139580270484552735484169141959600739903539054146,
    "7": 0.0000045259747384917465662176999093787492285698133094410818348128642817931862179281985517811054544578472295025679367,
    "8": 0.000058252622935147954993154282604626688003433402193779960390748789466002296974885444840676932325163420758421521297,
    "9": 0.00003316504367538233570227083750555261922923764879643999500727936277762782733800144167859253880356353888252309933426,
    "10": 0.000028636916451253897728318699701956189119662885227440917067913833838887048729719518398373573676741422840114702503124,
    "11": 0.000008809778904584957656582195686009284023959477861948025255878529485462066958844325218083795815095882117023199287902,
    "12": 0.00000871425478413095410746934618682502234724041910742038707028037396960505023094680711121031862424004233436708495336,
    "13": 0.0003379855120170983285662875356273652416930069894523455205136198359186289134142618273822385210112837051005076692809
  },
  "setupType": "Multi Region Model National Bidder",
  "population": 0,
  "id": 9,
  "worldId": 297,
  "setup": {
    "bInterval": {
      "minValue": 0.1,
      "maxValue": 0.3
    },
    "kMax": 2.0,
    "alphaInterval": {
      "minValue": 700.0,
      "maxValue": 1200.0
    },
    "betaInterval": {
      "minValue": 0.08,
      "maxValue": 0.22
    },
    "setupName": "Multi Region Model National Bidder",
    "numberOfBidders": 3
  },
  "implementation": "org.spectrumauctions.sats.core.model.mrvm.MRVMNationalBidder"
}