{
  "bidderPosition": -1,
  "values": {
    "0": 9.662564515139241194674468715675175189971923828125,
    "1": 3.87458371948090185554747222340665757656097412109375,
    "2": 6.12683240939605777697352095856331288814544677734375,
    "3": 0.412332945773192793836869896040298044681549072265625,
    "4": 13.6516398966927621216882471344433724880218505859375,
    "5": 12.27544983405837086820611148141324520111083984375,
    "6": 15.155191550048275672679665149189531803131103515625,
    "7": 14.2414303650826763458780988003127276897430419921875,
    "8": 6.930823929298380647878730087541043758392333984375,
    "9": 7.1646254137021099239746035891585052013397216796875,
    "10": 0.4166063930326568964801481342874467372894287109375,
    "11": 1.6810723667107885237470554784522391855716705322265625
  },
  "setupType": "National Bidder Setup",
  "population": 0,
  "id": 6,
  "worldId": 487,
  "setup": {
    "lowNationalValueInterval": {
      "minValue": 0.0,
      "maxValue": 10.0
    },
    "highNationalValueInterval": {
      "minValue": 0.0,
      "maxValue": 20.0
    },
    "regionalValueInterval": {
      "minValue": 0.0,
      "maxValue": 0.0
    },
    "setupName": "National Bidder Setup",
    "numberOfBidders": 1
  },
  "implementation": "org.spectrumauctions.sats.core.model.gsvm.GSVMBidder"
}