{
  "bidderPosition": 5,
  "values": {
    "0": 2.484066587723308128232702074456028640270233154296875,
    "1": 11.57887648458665097450648318044841289520263671875,
    "17": 4.609712812955795158131877542473375797271728515625,
    "10": 6.700133246143405330030873301438987255096435546875,
    "11": 5.44233479363958050356586682028137147426605224609375,
    "12": 6.998121861237638796637838822789490222930908203125
  },
  "setupType": "Regional Bidder Setup",
  "population": 0,
  "id": 5,
  "worldId": 487,
  "setup": {
    "lowNationalValueInterval": {
      "minValue": 0.0,
      "maxValue": 20.0
    },
    "highNationalValueInterval": {
      "minValue": 0.0,
      "maxValue": 40.0
    },
    "regionalValueInterval": {
      "minValue": 0.0,
      "maxValue": 20.0
    },
    "setupName": "Regional Bidder Setup",
    "numberOfBidders": 6
  },
  "implementation": "org.spectrumauctions.sats.core.model.gsvm.GSVMBidder"
}