{
  "bidderPosition": -1,
  "values": {
    "0": 7.98163743421628080199070609523914754390716552734375,
    "1": 3.628651763690122766803369813715107738971710205078125,
    "2": 2.271166172610694644617979065515100955963134765625,
    "3": 2.7488328869458822367732864222489297389984130859375,
    "4": 19.87737127881283782926402636803686618804931640625,
    "5": 3.49792128275415503679823814309202134609222412109375,
    "6": 15.427457348516877999600183102302253246307373046875,
    "7": 2.450737756621925722555488391662947833538055419921875,
    "8": 9.0546283031124090712182805873453617095947265625,
    "9": 5.61423259688899634056724607944488525390625,
    "10": 6.46877689113508846929789797286503016948699951171875,
    "11": 6.112813266709753889927014824934303760528564453125
  },
  "setupType": "National Bidder Setup",
  "population": 0,
  "id": 6,
  "worldId": 678,
  "setup": {
    "lowNationalValueInterval": {
      "minValue": 0.0,
      "maxValue": 10.0
    },
    "highNationalValueInterval": {
      "minValue": 0.0,
      "maxValue": 20.0
    },
    "regionalValueInterval": {
      "minValue": 0.0,
      "maxValue": 0.0
    },
    "setupName": "National Bidder Setup",
    "numberOfBidders": 1
  },
  "implementation": "org.spectrumauctions.sats.core.model.gsvm.GSVMBidder"
}