{
  "bidderPosition": 4,
  "values": {
    "16": 11.007227967738028695521279587410390377044677734375,
    "17": 15.551491445402721325308448285795748233795166015625,
    "8": 9.1134423297074125258632193435914814472198486328125,
    "9": 6.7589955978072975284476342494599521160125732421875,
    "10": 4.25754758578189562712168481084518134593963623046875,
    "11": 14.9959596536088834994870921946130692958831787109375
  },
  "setupType": "Regional Bidder Setup",
  "population": 0,
  "id": 4,
  "worldId": 678,
  "setup": {
    "lowNationalValueInterval": {
      "minValue": 0.0,
      "maxValue": 20.0
    },
    "highNationalValueInterval": {
      "minValue": 0.0,
      "maxValue": 40.0
    },
    "regionalValueInterval": {
      "minValue": 0.0,
      "maxValue": 20.0
    },
    "setupName": "Regional Bidder Setup",
    "numberOfBidders": 6
  },
  "implementation": "org.spectrumauctions.sats.core.model.gsvm.GSVMBidder"
}