{
  "bidderPosition": 1,
  "values": {
    "2": 6.207009826042106936938580474816262722015380859375,
    "3": 17.7500858494345976623662863858044147491455078125,
    "4": 33.70535003496826931268515181727707386016845703125,
    "5": 24.407181236933407575406818068586289882659912109375,
    "13": 11.7713431624480673320931600756011903285980224609375,
    "14": 0.342637460987471609286103557678870856761932373046875
  },
  "setupType": "Regional Bidder Setup",
  "population": 0,
  "id": 1,
  "worldId": 678,
  "setup": {
    "lowNationalValueInterval": {
      "minValue": 0.0,
      "maxValue": 20.0
    },
    "highNationalValueInterval": {
      "minValue": 0.0,
      "maxValue": 40.0
    },
    "regionalValueInterval": {
      "minValue": 0.0,
      "maxValue": 20.0
    },
    "setupName": "Regional Bidder Setup",
    "numberOfBidders": 6
  },
  "implementation": "org.spectrumauctions.sats.core.model.gsvm.GSVMBidder"
}