{
  "bidderPosition": 2,
  "values": {
    "4": 29.685518549886925399050596752204000949859619140625,
    "5": 20.85230851379500194298088899813592433929443359375,
    "6": 1.553912767962248864250796032138168811798095703125,
    "7": 34.497587764389407993803615681827068328857421875,
    "14": 13.0375092817355753282981822849251329898834228515625,
    "15": 4.7247365712219373534708211082033812999725341796875
  },
  "setupType": "Regional Bidder Setup",
  "population": 0,
  "id": 2,
  "worldId": 678,
  "setup": {
    "lowNationalValueInterval": {
      "minValue": 0.0,
      "maxValue": 20.0
    },
    "highNationalValueInterval": {
      "minValue": 0.0,
      "maxValue": 40.0
    },
    "regionalValueInterval": {
      "minValue": 0.0,
      "maxValue": 20.0
    },
    "setupName": "Regional Bidder Setup",
    "numberOfBidders": 6
  },
  "implementation": "org.spectrumauctions.sats.core.model.gsvm.GSVMBidder"
}