{
  "bidderPosition": 0,
  "values": {
    "0": 18.337407219550033943278322112746536731719970703125,
    "1": 8.919806972462996697004200541414320468902587890625,
    "2": 17.117236795914489988490458927117288112640380859375,
    "3": 18.963117668797597303864677087403833866119384765625,
    "12": 5.3899556515749669216575057362206280231475830078125,
    "13": 0.69721489247053458626623978489078581333160400390625
  },
  "setupType": "Regional Bidder Setup",
  "population": 0,
  "id": 0,
  "worldId": 490,
  "setup": {
    "lowNationalValueInterval": {
      "minValue": 0.0,
      "maxValue": 20.0
    },
    "highNationalValueInterval": {
      "minValue": 0.0,
      "maxValue": 40.0
    },
    "regionalValueInterval": {
      "minValue": 0.0,
      "maxValue": 20.0
    },
    "setupName": "Regional Bidder Setup",
    "numberOfBidders": 6
  },
  "implementation": "org.spectrumauctions.sats.core.model.gsvm.GSVMBidder"
}