{
  "bidderPosition": 1,
  "values": {
    "2": 7.0473323797964848580477337236516177654266357421875,
    "3": 19.603121186035973977368485066108405590057373046875,
    "4": 11.051077373879127918598896940238773822784423828125,
    "5": 38.4700916567559119130237377248704433441162109375,
    "13": 16.40381694147243507586608757264912128448486328125,
    "14": 14.640922301742751443498491425998508930206298828125
  },
  "setupType": "Regional Bidder Setup",
  "population": 0,
  "id": 1,
  "worldId": 490,
  "setup": {
    "lowNationalValueInterval": {
      "minValue": 0.0,
      "maxValue": 20.0
    },
    "highNationalValueInterval": {
      "minValue": 0.0,
      "maxValue": 40.0
    },
    "regionalValueInterval": {
      "minValue": 0.0,
      "maxValue": 20.0
    },
    "setupName": "Regional Bidder Setup",
    "numberOfBidders": 6
  },
  "implementation": "org.spectrumauctions.sats.core.model.gsvm.GSVMBidder"
}