{
  "bidderPosition": 3,
  "values": {
    "16": 4.65343342673670168352373366360552608966827392578125,
    "6": 9.863085275058178780227535753510892391204833984375,
    "7": 4.3172540863347297346308550913818180561065673828125,
    "8": 19.5863430039888299916128744371235370635986328125,
    "9": 5.26203872175327713733850032440386712551116943359375,
    "15": 8.963763513662879489629631279967725276947021484375
  },
  "setupType": "Regional Bidder Setup",
  "population": 0,
  "id": 3,
  "worldId": 490,
  "setup": {
    "lowNationalValueInterval": {
      "minValue": 0.0,
      "maxValue": 20.0
    },
    "highNationalValueInterval": {
      "minValue": 0.0,
      "maxValue": 40.0
    },
    "regionalValueInterval": {
      "minValue": 0.0,
      "maxValue": 20.0
    },
    "setupName": "Regional Bidder Setup",
    "numberOfBidders": 6
  },
  "implementation": "org.spectrumauctions.sats.core.model.gsvm.GSVMBidder"
}