{
  "bidderPosition": 4,
  "values": {
    "16": 13.682649773648204671872008475475013256072998046875,
    "17": 12.852138464215183688565957709215581417083740234375,
    "8": 12.88983651499011529040217283181846141815185546875,
    "9": 6.27790391499159827759513063938356935977935791015625,
    "10": 5.1386347520949922085264915949665009975433349609375,
    "11": 2.21963502338005991276759232277981936931610107421875
  },
  "setupType": "Regional Bidder Setup",
  "population": 0,
  "id": 4,
  "worldId": 490,
  "setup": {
    "lowNationalValueInterval": {
      "minValue": 0.0,
      "maxValue": 20.0
    },
    "highNationalValueInterval": {
      "minValue": 0.0,
      "maxValue": 40.0
    },
    "regionalValueInterval": {
      "minValue": 0.0,
      "maxValue": 20.0
    },
    "setupName": "Regional Bidder Setup",
    "numberOfBidders": 6
  },
  "implementation": "org.spectrumauctions.sats.core.model.gsvm.GSVMBidder"
}