{
  "bidderPosition": 2,
  "values": {
    "4": 36.79218847600484565418810234405100345611572265625,
    "5": 12.617131719903088793444112525321543216705322265625,
    "6": 22.117016818359633845147982356138527393341064453125,
    "7": 28.852414784964576455195128801278769969940185546875,
    "14": 11.628450593640874188849920756183564662933349609375,
    "15": 12.7631183454777641372857033275067806243896484375
  },
  "setupType": "Regional Bidder Setup",
  "population": 0,
  "id": 2,
  "worldId": 947,
  "setup": {
    "lowNationalValueInterval": {
      "minValue": 0.0,
      "maxValue": 20.0
    },
    "highNationalValueInterval": {
      "minValue": 0.0,
      "maxValue": 40.0
    },
    "regionalValueInterval": {
      "minValue": 0.0,
      "maxValue": 20.0
    },
    "setupName": "Regional Bidder Setup",
    "numberOfBidders": 6
  },
  "implementation": "org.spectrumauctions.sats.core.model.gsvm.GSVMBidder"
}