{
  "bidderPosition": 1,
  "values": {
    "2": 5.12929039856931723306843196041882038116455078125,
    "3": 3.80198503574006974048415941069833934307098388671875,
    "4": 23.991182816683345180308606359176337718963623046875,
    "5": 15.6649889954113863410611884319223463535308837890625,
    "13": 11.39880313075493489805012359283864498138427734375,
    "14": 3.2768333880780087241646469919942319393157958984375
  },
  "setupType": "Regional Bidder Setup",
  "population": 0,
  "id": 1,
  "worldId": 947,
  "setup": {
    "lowNationalValueInterval": {
      "minValue": 0.0,
      "maxValue": 20.0
    },
    "highNationalValueInterval": {
      "minValue": 0.0,
      "maxValue": 40.0
    },
    "regionalValueInterval": {
      "minValue": 0.0,
      "maxValue": 20.0
    },
    "setupName": "Regional Bidder Setup",
    "numberOfBidders": 6
  },
  "implementation": "org.spectrumauctions.sats.core.model.gsvm.GSVMBidder"
}