{
  "bidderPosition": 3,
  "values": {
    "16": 6.6782836740758622084968010312877595424652099609375,
    "6": 18.6019666764552624727002694271504878997802734375,
    "7": 13.53485761801263009829199290834367275238037109375,
    "8": 19.945215340990106511753765516914427280426025390625,
    "9": 10.3338697144559947815878331311978399753570556640625,
    "15": 19.358300831859832413783806259743869304656982421875
  },
  "setupType": "Regional Bidder Setup",
  "population": 0,
  "id": 3,
  "worldId": 947,
  "setup": {
    "lowNationalValueInterval": {
      "minValue": 0.0,
      "maxValue": 20.0
    },
    "highNationalValueInterval": {
      "minValue": 0.0,
      "maxValue": 40.0
    },
    "regionalValueInterval": {
      "minValue": 0.0,
      "maxValue": 20.0
    },
    "setupName": "Regional Bidder Setup",
    "numberOfBidders": 6
  },
  "implementation": "org.spectrumauctions.sats.core.model.gsvm.GSVMBidder"
}