{
  "bidderPosition": 4,
  "values": {
    "16": 8.0058764476567123580252882675267755985260009765625,
    "17": 14.8468599417198365841841223300434648990631103515625,
    "8": 7.7176281872673708761567468172870576381683349609375,
    "9": 14.2705680309828881746625484083779156208038330078125,
    "10": 10.5377825470655732686964256572537124156951904296875,
    "11": 13.1264418850255442094976388034410774707794189453125
  },
  "setupType": "Regional Bidder Setup",
  "population": 0,
  "id": 4,
  "worldId": 947,
  "setup": {
    "lowNationalValueInterval": {
      "minValue": 0.0,
      "maxValue": 20.0
    },
    "highNationalValueInterval": {
      "minValue": 0.0,
      "maxValue": 40.0
    },
    "regionalValueInterval": {
      "minValue": 0.0,
      "maxValue": 20.0
    },
    "setupName": "Regional Bidder Setup",
    "numberOfBidders": 6
  },
  "implementation": "org.spectrumauctions.sats.core.model.gsvm.GSVMBidder"
}