{
  "bidderPosition": -1,
  "values": {
    "0": 4.219283966156478271614105324260890483856201171875,
    "1": 7.6834322798448138058802214800380170345306396484375,
    "2": 4.352401349951268372251433902420103549957275390625,
    "3": 1.972397812194122135309726218110881745815277099609375,
    "4": 5.63398621993672410468434463837184011936187744140625,
    "5": 7.79959546634557199240589397959411144256591796875,
    "6": 18.887286822302638000792285311035811901092529296875,
    "7": 17.8721915070293420058078481815755367279052734375,
    "8": 8.9178549416677572736489310045726597309112548828125,
    "9": 7.95737504650934379668569818022660911083221435546875,
    "10": 8.980268355012238856716066948138177394866943359375,
    "11": 8.9388691544503924291120711131952702999114990234375
  },
  "setupType": "National Bidder Setup",
  "population": 0,
  "id": 6,
  "worldId": 687,
  "setup": {
    "lowNationalValueInterval": {
      "minValue": 0.0,
      "maxValue": 10.0
    },
    "highNationalValueInterval": {
      "minValue": 0.0,
      "maxValue": 20.0
    },
    "regionalValueInterval": {
      "minValue": 0.0,
      "maxValue": 0.0
    },
    "setupName": "National Bidder Setup",
    "numberOfBidders": 1
  },
  "implementation": "org.spectrumauctions.sats.core.model.gsvm.GSVMBidder"
}