{
  "bidderPosition": 0,
  "values": {
    "0": 18.010167299438609944672862184233963489532470703125,
    "1": 3.4257960175925550316833323449827730655670166015625,
    "2": 17.90871618369175166662898845970630645751953125,
    "3": 14.1110630365504459149406102369539439678192138671875,
    "12": 12.10229639243866728293141932226717472076416015625,
    "13": 13.7291858099838890439059468917548656463623046875
  },
  "setupType": "Regional Bidder Setup",
  "population": 0,
  "id": 0,
  "worldId": 871,
  "setup": {
    "lowNationalValueInterval": {
      "minValue": 0.0,
      "maxValue": 20.0
    },
    "highNationalValueInterval": {
      "minValue": 0.0,
      "maxValue": 40.0
    },
    "regionalValueInterval": {
      "minValue": 0.0,
      "maxValue": 20.0
    },
    "setupName": "Regional Bidder Setup",
    "numberOfBidders": 6
  },
  "implementation": "org.spectrumauctions.sats.core.model.gsvm.GSVMBidder"
}