{
  "bidderPosition": 1,
  "values": {
    "2": 11.6424010054916351464271428994834423065185546875,
    "3": 3.420576777456216799322419319651089608669281005859375,
    "4": 36.3937420822122845720514305867254734039306640625,
    "5": 36.6563859937654115128680132329463958740234375,
    "13": 16.0508692747075798479272634722292423248291015625,
    "14": 8.631747419729283166134337079711258411407470703125
  },
  "setupType": "Regional Bidder Setup",
  "population": 0,
  "id": 1,
  "worldId": 871,
  "setup": {
    "lowNationalValueInterval": {
      "minValue": 0.0,
      "maxValue": 20.0
    },
    "highNationalValueInterval": {
      "minValue": 0.0,
      "maxValue": 40.0
    },
    "regionalValueInterval": {
      "minValue": 0.0,
      "maxValue": 20.0
    },
    "setupName": "Regional Bidder Setup",
    "numberOfBidders": 6
  },
  "implementation": "org.spectrumauctions.sats.core.model.gsvm.GSVMBidder"
}