{
  "bidderPosition": 5,
  "values": {
    "0": 2.776024580071581038254180384683422744274139404296875,
    "1": 8.64018227729528831559946411289274692535400390625,
    "17": 8.421306611102576056282487115822732448577880859375,
    "10": 16.833095094367450883510173298418521881103515625,
    "11": 18.674262929718988601734963594935834407806396484375,
    "12": 6.1716262207643186599170803674496710300445556640625
  },
  "setupType": "Regional Bidder Setup",
  "population": 0,
  "id": 5,
  "worldId": 871,
  "setup": {
    "lowNationalValueInterval": {
      "minValue": 0.0,
      "maxValue": 20.0
    },
    "highNationalValueInterval": {
      "minValue": 0.0,
      "maxValue": 40.0
    },
    "regionalValueInterval": {
      "minValue": 0.0,
      "maxValue": 20.0
    },
    "setupName": "Regional Bidder Setup",
    "numberOfBidders": 6
  },
  "implementation": "org.spectrumauctions.sats.core.model.gsvm.GSVMBidder"
}