{
  "bidderPosition": -1,
  "values": {
    "0": 2.053715551378043624453084703418426215648651123046875,
    "1": 4.8937886559742462821986919152550399303436279296875,
    "2": 7.1218705379616142892018615384586155414581298828125,
    "3": 7.54171060272605853214145099627785384654998779296875,
    "4": 0.793691966133984738718254448031075298786163330078125,
    "5": 15.0124492113898639900071430020034313201904296875,
    "6": 13.7140528925579108232568614766933023929595947265625,
    "7": 7.933711217100547941072363755665719509124755859375,
    "8": 5.8745888998484776521991079789586365222930908203125,
    "9": 5.38371055552013455525184326688759028911590576171875,
    "10": 7.860261568424018463474567397497594356536865234375,
    "11": 0.2577054421070068546129050446324981749057769775390625
  },
  "setupType": "National Bidder Setup",
  "population": 0,
  "id": 6,
  "worldId": 871,
  "setup": {
    "lowNationalValueInterval": {
      "minValue": 0.0,
      "maxValue": 10.0
    },
    "highNationalValueInterval": {
      "minValue": 0.0,
      "maxValue": 20.0
    },
    "regionalValueInterval": {
      "minValue": 0.0,
      "maxValue": 0.0
    },
    "setupName": "National Bidder Setup",
    "numberOfBidders": 1
  },
  "implementation": "org.spectrumauctions.sats.core.model.gsvm.GSVMBidder"
}