{
  "bidderPosition": 1,
  "values": {
    "2": 8.380162363995424357199226506054401397705078125,
    "3": 12.441276389580263384004865656606853008270263671875,
    "4": 18.636288239806408029153317329473793506622314453125,
    "5": 30.74525288995156557803056784905493259429931640625,
    "13": 0.16951466431950112934146090992726385593414306640625,
    "14": 3.937728246906158080520299336058087646961212158203125
  },
  "setupType": "Regional Bidder Setup",
  "population": 0,
  "id": 1,
  "worldId": 565,
  "setup": {
    "lowNationalValueInterval": {
      "minValue": 0.0,
      "maxValue": 20.0
    },
    "highNationalValueInterval": {
      "minValue": 0.0,
      "maxValue": 40.0
    },
    "regionalValueInterval": {
      "minValue": 0.0,
      "maxValue": 20.0
    },
    "setupName": "Regional Bidder Setup",
    "numberOfBidders": 6
  },
  "implementation": "org.spectrumauctions.sats.core.model.gsvm.GSVMBidder"
}