{
  "bidderPosition": 0,
  "values": {
    "0": 17.444433896353647384103169315494596958160400390625,
    "1": 0.86587283960517513747845441685058176517486572265625,
    "2": 1.6165386668897152588897370151244103908538818359375,
    "3": 14.0718322710020178334389129304327070713043212890625,
    "12": 9.4247293270027032718871851102448999881744384765625,
    "13": 14.5576643350194583348411470069549977779388427734375
  },
  "setupType": "Regional Bidder Setup",
  "population": 0,
  "id": 0,
  "worldId": 942,
  "setup": {
    "lowNationalValueInterval": {
      "minValue": 0.0,
      "maxValue": 20.0
    },
    "highNationalValueInterval": {
      "minValue": 0.0,
      "maxValue": 40.0
    },
    "regionalValueInterval": {
      "minValue": 0.0,
      "maxValue": 20.0
    },
    "setupName": "Regional Bidder Setup",
    "numberOfBidders": 6
  },
  "implementation": "org.spectrumauctions.sats.core.model.gsvm.GSVMBidder"
}