{
  "bidderPosition": 3,
  "values": {
    "16": 9.0052514977660447215157546452246606349945068359375,
    "6": 35.2481047540430409981127013452351093292236328125,
    "7": 32.37115290345676754668602370657026767730712890625,
    "8": 18.969641741230528708683777949772775173187255859375,
    "9": 16.6200581858555693770540528930723667144775390625,
    "15": 17.12909299037631427609085221774876117706298828125
  },
  "setupType": "Regional Bidder Setup",
  "population": 0,
  "id": 3,
  "worldId": 337,
  "setup": {
    "lowNationalValueInterval": {
      "minValue": 0.0,
      "maxValue": 20.0
    },
    "highNationalValueInterval": {
      "minValue": 0.0,
      "maxValue": 40.0
    },
    "regionalValueInterval": {
      "minValue": 0.0,
      "maxValue": 20.0
    },
    "setupName": "Regional Bidder Setup",
    "numberOfBidders": 6
  },
  "implementation": "org.spectrumauctions.sats.core.model.gsvm.GSVMBidder"
}