{
  "bidderPosition": -1,
  "values": {
    "0": 9.13340996715368902414411422796547412872314453125,
    "1": 2.27514817491843412966545656672678887844085693359375,
    "2": 0.0482919770277978610550917437649331986904144287109375,
    "3": 2.24608331671739680501787006505765020847320556640625,
    "4": 11.308460135586283712427757564000785350799560546875,
    "5": 0.903742846172630454049112813663668930530548095703125,
    "6": 14.2710791775376382162221489124931395053863525390625,
    "7": 10.932081681628261549121816642582416534423828125,
    "8": 6.91204869830852697276668550330214202404022216796875,
    "9": 7.1154345769236027052784265833906829357147216796875,
    "10": 8.62766563000703712305039516650140285491943359375,
    "11": 9.1178757491892010733636197983287274837493896484375
  },
  "setupType": "National Bidder Setup",
  "population": 0,
  "id": 6,
  "worldId": 337,
  "setup": {
    "lowNationalValueInterval": {
      "minValue": 0.0,
      "maxValue": 10.0
    },
    "highNationalValueInterval": {
      "minValue": 0.0,
      "maxValue": 20.0
    },
    "regionalValueInterval": {
      "minValue": 0.0,
      "maxValue": 0.0
    },
    "setupName": "National Bidder Setup",
    "numberOfBidders": 1
  },
  "implementation": "org.spectrumauctions.sats.core.model.gsvm.GSVMBidder"
}