{
  "bidderPosition": 1,
  "values": {
    "2": 12.0658138512446004853018166613765060901641845703125,
    "3": 16.667648666984756999909222940914332866668701171875,
    "4": 38.965048718330535848508588969707489013671875,
    "5": 11.654802217463583247081260196864604949951171875,
    "13": 1.28185902951313490660822935751639306545257568359375,
    "14": 10.4224449605734843515847387607209384441375732421875
  },
  "setupType": "Regional Bidder Setup",
  "population": 0,
  "id": 1,
  "worldId": 337,
  "setup": {
    "lowNationalValueInterval": {
      "minValue": 0.0,
      "maxValue": 20.0
    },
    "highNationalValueInterval": {
      "minValue": 0.0,
      "maxValue": 40.0
    },
    "regionalValueInterval": {
      "minValue": 0.0,
      "maxValue": 20.0
    },
    "setupName": "Regional Bidder Setup",
    "numberOfBidders": 6
  },
  "implementation": "org.spectrumauctions.sats.core.model.gsvm.GSVMBidder"
}