{
  "bidderPosition": 5,
  "values": {
    "0": 3.084553649932477714656897660461254417896270751953125,
    "1": 4.98037517726237499715580270276404917240142822265625,
    "17": 11.194000707203688449453693465329706668853759765625,
    "10": 2.1523245390260559162243225728161633014678955078125,
    "11": 4.53200942662178807296413651783950626850128173828125,
    "12": 15.488023264708498771824451978318393230438232421875
  },
  "setupType": "Regional Bidder Setup",
  "population": 0,
  "id": 5,
  "worldId": 337,
  "setup": {
    "lowNationalValueInterval": {
      "minValue": 0.0,
      "maxValue": 20.0
    },
    "highNationalValueInterval": {
      "minValue": 0.0,
      "maxValue": 40.0
    },
    "regionalValueInterval": {
      "minValue": 0.0,
      "maxValue": 20.0
    },
    "setupName": "Regional Bidder Setup",
    "numberOfBidders": 6
  },
  "implementation": "org.spectrumauctions.sats.core.model.gsvm.GSVMBidder"
}