{
  "bidderPosition": 1,
  "values": {
    "2": 11.817506174424739384676286135800182819366455078125,
    "3": 19.63329085415453079122016788460314273834228515625,
    "4": 20.17729980756551100284923450089991092681884765625,
    "5": 30.79978494059307791985702351666986942291259765625,
    "13": 18.5653825143247814821734209544956684112548828125,
    "14": 1.36367452091553875703766607330180704593658447265625
  },
  "setupType": "Regional Bidder Setup",
  "population": 0,
  "id": 1,
  "worldId": 826,
  "setup": {
    "lowNationalValueInterval": {
      "minValue": 0.0,
      "maxValue": 20.0
    },
    "highNationalValueInterval": {
      "minValue": 0.0,
      "maxValue": 40.0
    },
    "regionalValueInterval": {
      "minValue": 0.0,
      "maxValue": 20.0
    },
    "setupName": "Regional Bidder Setup",
    "numberOfBidders": 6
  },
  "implementation": "org.spectrumauctions.sats.core.model.gsvm.GSVMBidder"
}