{
  "bidderPosition": 0,
  "values": {
    "0": 14.036068756641125077067044912837445735931396484375,
    "1": 11.2803645268656271838381144334562122821807861328125,
    "2": 15.016015813709454818081212579272687435150146484375,
    "3": 0.65939645244642353105746224173344671726226806640625,
    "12": 11.5787584496724544891321784234605729579925537109375,
    "13": 4.88015215079278252829908524290658533573150634765625
  },
  "setupType": "Regional Bidder Setup",
  "population": 0,
  "id": 0,
  "worldId": 636,
  "setup": {
    "lowNationalValueInterval": {
      "minValue": 0.0,
      "maxValue": 20.0
    },
    "highNationalValueInterval": {
      "minValue": 0.0,
      "maxValue": 40.0
    },
    "regionalValueInterval": {
      "minValue": 0.0,
      "maxValue": 20.0
    },
    "setupName": "Regional Bidder Setup",
    "numberOfBidders": 6
  },
  "implementation": "org.spectrumauctions.sats.core.model.gsvm.GSVMBidder"
}