{
  "bidderPosition": 4,
  "values": {
    "16": 6.156296362085083018200748483650386333465576171875,
    "17": 6.0986474914152939419409449328668415546417236328125,
    "8": 14.96814856460809295413127983920276165008544921875,
    "9": 5.6053253090319543616715236566960811614990234375,
    "10": 10.43476064685768278650357387959957122802734375,
    "11": 17.378756783042103251091248239390552043914794921875
  },
  "setupType": "Regional Bidder Setup",
  "population": 0,
  "id": 4,
  "worldId": 403,
  "setup": {
    "lowNationalValueInterval": {
      "minValue": 0.0,
      "maxValue": 20.0
    },
    "highNationalValueInterval": {
      "minValue": 0.0,
      "maxValue": 40.0
    },
    "regionalValueInterval": {
      "minValue": 0.0,
      "maxValue": 20.0
    },
    "setupName": "Regional Bidder Setup",
    "numberOfBidders": 6
  },
  "implementation": "org.spectrumauctions.sats.core.model.gsvm.GSVMBidder"
}