{
  "bidderPosition": 1,
  "values": {
    "2": 1.21682981283046220966070904978550970554351806640625,
    "3": 3.22275220320660249484490122995339334011077880859375,
    "4": 30.2797633403280741504204343073070049285888671875,
    "5": 30.152587011323053189926213235594332218170166015625,
    "13": 19.82406369891788955328593146987259387969970703125,
    "14": 5.89529093043817287167485119425691664218902587890625
  },
  "setupType": "Regional Bidder Setup",
  "population": 0,
  "id": 1,
  "worldId": 471,
  "setup": {
    "lowNationalValueInterval": {
      "minValue": 0.0,
      "maxValue": 20.0
    },
    "highNationalValueInterval": {
      "minValue": 0.0,
      "maxValue": 40.0
    },
    "regionalValueInterval": {
      "minValue": 0.0,
      "maxValue": 20.0
    },
    "setupName": "Regional Bidder Setup",
    "numberOfBidders": 6
  },
  "implementation": "org.spectrumauctions.sats.core.model.gsvm.GSVMBidder"
}