{
  "bidderPosition": 2,
  "values": {
    "4": 25.222989236826766301646784995682537555694580078125,
    "5": 5.982100223773016978157102130353450775146484375,
    "6": 22.192813366522710083472702535800635814666748046875,
    "7": 10.266905809706742047637817449867725372314453125,
    "14": 10.5078158209375800424822955392301082611083984375,
    "15": 16.639083624456421972581665613688528537750244140625
  },
  "setupType": "Regional Bidder Setup",
  "population": 0,
  "id": 2,
  "worldId": 471,
  "setup": {
    "lowNationalValueInterval": {
      "minValue": 0.0,
      "maxValue": 20.0
    },
    "highNationalValueInterval": {
      "minValue": 0.0,
      "maxValue": 40.0
    },
    "regionalValueInterval": {
      "minValue": 0.0,
      "maxValue": 20.0
    },
    "setupName": "Regional Bidder Setup",
    "numberOfBidders": 6
  },
  "implementation": "org.spectrumauctions.sats.core.model.gsvm.GSVMBidder"
}