{
  "bidderPosition": 0,
  "values": {
    "0": 5.1313550676535530925548300729133188724517822265625,
    "1": 13.64066694089739684159212629310786724090576171875,
    "2": 1.766969903353630133580054462072439491748809814453125,
    "3": 16.881247434593692702264888794161379337310791015625,
    "12": 0.683939659128451893366218428127467632293701171875,
    "13": 11.939559626331746500227382057346403598785400390625
  },
  "setupType": "Regional Bidder Setup",
  "population": 0,
  "id": 0,
  "worldId": 471,
  "setup": {
    "lowNationalValueInterval": {
      "minValue": 0.0,
      "maxValue": 20.0
    },
    "highNationalValueInterval": {
      "minValue": 0.0,
      "maxValue": 40.0
    },
    "regionalValueInterval": {
      "minValue": 0.0,
      "maxValue": 20.0
    },
    "setupName": "Regional Bidder Setup",
    "numberOfBidders": 6
  },
  "implementation": "org.spectrumauctions.sats.core.model.gsvm.GSVMBidder"
}