{
  "bidderPosition": 1,
  "values": {
    "2": 3.1391937273870329505598419927991926670074462890625,
    "3": 7.2403751875195059284351373207755386829376220703125,
    "4": 23.42256770949271782455980428494513034820556640625,
    "5": 13.194030512704625124342783237807452678680419921875,
    "13": 12.314300609548414655591841437853872776031494140625,
    "14": 0.110662609797724797999762813560664653778076171875
  },
  "setupType": "Regional Bidder Setup",
  "population": 0,
  "id": 1,
  "worldId": 897,
  "setup": {
    "lowNationalValueInterval": {
      "minValue": 0.0,
      "maxValue": 20.0
    },
    "highNationalValueInterval": {
      "minValue": 0.0,
      "maxValue": 40.0
    },
    "regionalValueInterval": {
      "minValue": 0.0,
      "maxValue": 20.0
    },
    "setupName": "Regional Bidder Setup",
    "numberOfBidders": 6
  },
  "implementation": "org.spectrumauctions.sats.core.model.gsvm.GSVMBidder"
}