{
  "bidderPosition": 3,
  "values": {
    "16": 1.24845396450102175123220149544067680835723876953125,
    "6": 13.7967995798614584401775573496706783771514892578125,
    "7": 8.344741382847331578886951319873332977294921875,
    "8": 13.87868638307396196296394919045269489288330078125,
    "9": 0.094578099072595289698028864222578704357147216796875,
    "15": 16.612419911293610397251541144214570522308349609375
  },
  "setupType": "Regional Bidder Setup",
  "population": 0,
  "id": 3,
  "worldId": 897,
  "setup": {
    "lowNationalValueInterval": {
      "minValue": 0.0,
      "maxValue": 20.0
    },
    "highNationalValueInterval": {
      "minValue": 0.0,
      "maxValue": 40.0
    },
    "regionalValueInterval": {
      "minValue": 0.0,
      "maxValue": 20.0
    },
    "setupName": "Regional Bidder Setup",
    "numberOfBidders": 6
  },
  "implementation": "org.spectrumauctions.sats.core.model.gsvm.GSVMBidder"
}