{
  "bidderPosition": 2,
  "values": {
    "4": 10.77392873102861159395615686662495136260986328125,
    "5": 27.68619316167396249284138320945203304290771484375,
    "6": 37.3923664765598005033098161220550537109375,
    "7": 9.92971133127976912646772689186036586761474609375,
    "14": 6.245724851011775768938605324365198612213134765625,
    "15": 14.30806344588858536326370085589587688446044921875
  },
  "setupType": "Regional Bidder Setup",
  "population": 0,
  "id": 2,
  "worldId": 897,
  "setup": {
    "lowNationalValueInterval": {
      "minValue": 0.0,
      "maxValue": 20.0
    },
    "highNationalValueInterval": {
      "minValue": 0.0,
      "maxValue": 40.0
    },
    "regionalValueInterval": {
      "minValue": 0.0,
      "maxValue": 20.0
    },
    "setupName": "Regional Bidder Setup",
    "numberOfBidders": 6
  },
  "implementation": "org.spectrumauctions.sats.core.model.gsvm.GSVMBidder"
}