{
  "bidderPosition": 4,
  "values": {
    "16": 16.445086077624608833502861671149730682373046875,
    "17": 18.010623029853643828346321242861449718475341796875,
    "8": 11.47290525105541547645771061070263385772705078125,
    "9": 2.013743514604817708146811128244735300540924072265625,
    "10": 8.09776895512774075314155197702348232269287109375,
    "11": 16.159368764810633223305558203719556331634521484375
  },
  "setupType": "Regional Bidder Setup",
  "population": 0,
  "id": 4,
  "worldId": 1052,
  "setup": {
    "lowNationalValueInterval": {
      "minValue": 0.0,
      "maxValue": 20.0
    },
    "highNationalValueInterval": {
      "minValue": 0.0,
      "maxValue": 40.0
    },
    "regionalValueInterval": {
      "minValue": 0.0,
      "maxValue": 20.0
    },
    "setupName": "Regional Bidder Setup",
    "numberOfBidders": 6
  },
  "implementation": "org.spectrumauctions.sats.core.model.gsvm.GSVMBidder"
}