{
  "bidderPosition": -1,
  "values": {
    "0": 1.934997181619724226919743159669451415538787841796875,
    "1": 2.67947647140088207606822834350168704986572265625,
    "2": 7.92230959950657709356391933397389948368072509765625,
    "3": 7.76513756891820694505668143392540514469146728515625,
    "4": 14.9469056230196368773022186360321938991546630859375,
    "5": 8.3463436834213222681455590645782649517059326171875,
    "6": 16.412808146452778856883014668710529804229736328125,
    "7": 14.1846017042940513164239746402017772197723388671875,
    "8": 4.2582152046044452475825892179273068904876708984375,
    "9": 1.4181468374760874961992840326274745166301727294921875,
    "10": 9.985118600899294705186548526398837566375732421875,
    "11": 2.36422301426279179992206991300918161869049072265625
  },
  "setupType": "National Bidder Setup",
  "population": 0,
  "id": 6,
  "worldId": 836,
  "setup": {
    "lowNationalValueInterval": {
      "minValue": 0.0,
      "maxValue": 10.0
    },
    "highNationalValueInterval": {
      "minValue": 0.0,
      "maxValue": 20.0
    },
    "regionalValueInterval": {
      "minValue": 0.0,
      "maxValue": 0.0
    },
    "setupName": "National Bidder Setup",
    "numberOfBidders": 1
  },
  "implementation": "org.spectrumauctions.sats.core.model.gsvm.GSVMBidder"
}