{
  "bidderPosition": 2,
  "values": {
    "4": 31.07136616512070759199559688568115234375,
    "5": 26.5523377824441553229917190037667751312255859375,
    "6": 6.277673022379222089739414514042437076568603515625,
    "7": 16.765908818835981719530536793172359466552734375,
    "14": 17.940153481465696216901051229797303676605224609375,
    "15": 0.02621694315380285189576170523650944232940673828125
  },
  "setupType": "Regional Bidder Setup",
  "population": 0,
  "id": 2,
  "worldId": 836,
  "setup": {
    "lowNationalValueInterval": {
      "minValue": 0.0,
      "maxValue": 20.0
    },
    "highNationalValueInterval": {
      "minValue": 0.0,
      "maxValue": 40.0
    },
    "regionalValueInterval": {
      "minValue": 0.0,
      "maxValue": 20.0
    },
    "setupName": "Regional Bidder Setup",
    "numberOfBidders": 6
  },
  "implementation": "org.spectrumauctions.sats.core.model.gsvm.GSVMBidder"
}