{
  "bidderPosition": 1,
  "values": {
    "2": 4.78234885749870830551344624836929142475128173828125,
    "3": 12.1795321698969853940752727794460952281951904296875,
    "4": 1.6908339466223498703811856103129684925079345703125,
    "5": 24.13194055964371642630794667638838291168212890625,
    "13": 1.779491028050903533852533655590377748012542724609375,
    "14": 14.4145574622159582389713250449858605861663818359375
  },
  "setupType": "Regional Bidder Setup",
  "population": 0,
  "id": 1,
  "worldId": 836,
  "setup": {
    "lowNationalValueInterval": {
      "minValue": 0.0,
      "maxValue": 20.0
    },
    "highNationalValueInterval": {
      "minValue": 0.0,
      "maxValue": 40.0
    },
    "regionalValueInterval": {
      "minValue": 0.0,
      "maxValue": 20.0
    },
    "setupName": "Regional Bidder Setup",
    "numberOfBidders": 6
  },
  "implementation": "org.spectrumauctions.sats.core.model.gsvm.GSVMBidder"
}