{
  "bidderPosition": 5,
  "values": {
    "0": 14.6123400054342145182317835860885679721832275390625,
    "1": 14.6928212829271505057704416685737669467926025390625,
    "17": 18.507817392385565113954726257361471652984619140625,
    "10": 6.70939237132543109254356750170700252056121826171875,
    "11": 16.288165091677541340686730109155178070068359375,
    "12": 2.844499135020688296293656094348989427089691162109375
  },
  "setupType": "Regional Bidder Setup",
  "population": 0,
  "id": 5,
  "worldId": 351,
  "setup": {
    "lowNationalValueInterval": {
      "minValue": 0.0,
      "maxValue": 20.0
    },
    "highNationalValueInterval": {
      "minValue": 0.0,
      "maxValue": 40.0
    },
    "regionalValueInterval": {
      "minValue": 0.0,
      "maxValue": 20.0
    },
    "setupName": "Regional Bidder Setup",
    "numberOfBidders": 6
  },
  "implementation": "org.spectrumauctions.sats.core.model.gsvm.GSVMBidder"
}