{
  "bidderPosition": -1,
  "values": {
    "0": 9.160609135983126094515682780183851718902587890625,
    "1": 9.843657197092607447075351956300437450408935546875,
    "2": 9.9637411203329602216172133921645581722259521484375,
    "3": 6.38245586067295089804929375532083213329315185546875,
    "4": 12.31033071623286190288126817904412746429443359375,
    "5": 2.162222092303032194848810831899754703044891357421875,
    "6": 0.3055125319438634079460825887508690357208251953125,
    "7": 9.18467181257741316358078620396554470062255859375,
    "8": 3.7294920691366382214937402750365436077117919921875,
    "9": 2.78771587108699225865393600543029606342315673828125,
    "10": 9.7551294576584570705790611100383102893829345703125,
    "11": 0.4852802571224235084201836798456497490406036376953125
  },
  "setupType": "National Bidder Setup",
  "population": 0,
  "id": 6,
  "worldId": 351,
  "setup": {
    "lowNationalValueInterval": {
      "minValue": 0.0,
      "maxValue": 10.0
    },
    "highNationalValueInterval": {
      "minValue": 0.0,
      "maxValue": 20.0
    },
    "regionalValueInterval": {
      "minValue": 0.0,
      "maxValue": 0.0
    },
    "setupName": "National Bidder Setup",
    "numberOfBidders": 1
  },
  "implementation": "org.spectrumauctions.sats.core.model.gsvm.GSVMBidder"
}