{
  "bidderPosition": 3,
  "values": {
    "16": 1.67880651821403770185270332149229943752288818359375,
    "6": 8.270320138830168588128799456171691417694091796875,
    "7": 39.955969629352324545834562741219997406005859375,
    "8": 1.284060597250495927568181286915205419063568115234375,
    "9": 8.3160648045983958098759103449992835521697998046875,
    "15": 3.5639870474655754861714740400202572345733642578125
  },
  "setupType": "Regional Bidder Setup",
  "population": 0,
  "id": 3,
  "worldId": 416,
  "setup": {
    "lowNationalValueInterval": {
      "minValue": 0.0,
      "maxValue": 20.0
    },
    "highNationalValueInterval": {
      "minValue": 0.0,
      "maxValue": 40.0
    },
    "regionalValueInterval": {
      "minValue": 0.0,
      "maxValue": 20.0
    },
    "setupName": "Regional Bidder Setup",
    "numberOfBidders": 6
  },
  "implementation": "org.spectrumauctions.sats.core.model.gsvm.GSVMBidder"
}