{
  "bidderPosition": 3,
  "values": {
    "16": 5.760015277262571231631227419711649417877197265625,
    "6": 17.216718941263767561622444191016256809234619140625,
    "7": 4.95156263649029870776985262637026607990264892578125,
    "8": 17.39080935874975608612658106721937656402587890625,
    "9": 1.736489921009949366492719491361640393733978271484375,
    "15": 17.567875426129763383187309955246746540069580078125
  },
  "setupType": "Regional Bidder Setup",
  "population": 0,
  "id": 3,
  "worldId": 679,
  "setup": {
    "lowNationalValueInterval": {
      "minValue": 0.0,
      "maxValue": 20.0
    },
    "highNationalValueInterval": {
      "minValue": 0.0,
      "maxValue": 40.0
    },
    "regionalValueInterval": {
      "minValue": 0.0,
      "maxValue": 20.0
    },
    "setupName": "Regional Bidder Setup",
    "numberOfBidders": 6
  },
  "implementation": "org.spectrumauctions.sats.core.model.gsvm.GSVMBidder"
}