{
  "bidderPosition": 1,
  "values": {
    "2": 19.99913977830089351073183934204280376434326171875,
    "3": 6.067529161048188512950218864716589450836181640625,
    "4": 29.49852015042888098150797304697334766387939453125,
    "5": 0.8063005417763946525155915878713130950927734375,
    "13": 12.452945009476618309918194427154958248138427734375,
    "14": 6.22786064267910433045472018420696258544921875
  },
  "setupType": "Regional Bidder Setup",
  "population": 0,
  "id": 1,
  "worldId": 679,
  "setup": {
    "lowNationalValueInterval": {
      "minValue": 0.0,
      "maxValue": 20.0
    },
    "highNationalValueInterval": {
      "minValue": 0.0,
      "maxValue": 40.0
    },
    "regionalValueInterval": {
      "minValue": 0.0,
      "maxValue": 20.0
    },
    "setupName": "Regional Bidder Setup",
    "numberOfBidders": 6
  },
  "implementation": "org.spectrumauctions.sats.core.model.gsvm.GSVMBidder"
}