{
  "bidderPosition": 0,
  "values": {
    "0": 2.693579795442258006943347936612553894519805908203125,
    "1": 19.363303584218865438515422283671796321868896484375,
    "2": 8.057753876306957607766889850609004497528076171875,
    "3": 13.109069131029269072996612521819770336151123046875,
    "12": 10.238791418060475990614577312953770160675048828125,
    "13": 15.6890903190720703008764758124016225337982177734375
  },
  "setupType": "Regional Bidder Setup",
  "population": 0,
  "id": 0,
  "worldId": 679,
  "setup": {
    "lowNationalValueInterval": {
      "minValue": 0.0,
      "maxValue": 20.0
    },
    "highNationalValueInterval": {
      "minValue": 0.0,
      "maxValue": 40.0
    },
    "regionalValueInterval": {
      "minValue": 0.0,
      "maxValue": 20.0
    },
    "setupName": "Regional Bidder Setup",
    "numberOfBidders": 6
  },
  "implementation": "org.spectrumauctions.sats.core.model.gsvm.GSVMBidder"
}