{
  "bidderPosition": -1,
  "values": {
    "0": 8.8860315466456416544360763509757816791534423828125,
    "1": 0.77261502850862751046179255354218184947967529296875,
    "2": 8.593153733993158738257989170961081981658935546875,
    "3": 0.9857761046759494494295950062223710119724273681640625,
    "4": 0.749034491322706497129502167808823287487030029296875,
    "5": 6.96018789492642842020586613216437399387359619140625,
    "6": 2.086924291997462876935287567903287708759307861328125,
    "7": 15.1837406807486896553882615990005433559417724609375,
    "8": 0.2202676680371917772305323524051345884799957275390625,
    "9": 5.2544132019885001483316955273039638996124267578125,
    "10": 3.766871837384548893368219069088809192180633544921875,
    "11": 9.738436255309050437745099770836532115936279296875
  },
  "setupType": "National Bidder Setup",
  "population": 0,
  "id": 6,
  "worldId": 699,
  "setup": {
    "lowNationalValueInterval": {
      "minValue": 0.0,
      "maxValue": 10.0
    },
    "highNationalValueInterval": {
      "minValue": 0.0,
      "maxValue": 20.0
    },
    "regionalValueInterval": {
      "minValue": 0.0,
      "maxValue": 0.0
    },
    "setupName": "National Bidder Setup",
    "numberOfBidders": 1
  },
  "implementation": "org.spectrumauctions.sats.core.model.gsvm.GSVMBidder"
}