{
  "bidderPosition": 3,
  "values": {
    "16": 15.6865617580933598418369001592509448528289794921875,
    "6": 3.24989401279697887048314441926777362823486328125,
    "7": 25.87280327534633528330232365988194942474365234375,
    "8": 14.048143884208553089365523192100226879119873046875,
    "9": 9.67444255728694457729943678714334964752197265625,
    "15": 0.734610063279832470328756244271062314510345458984375
  },
  "setupType": "Regional Bidder Setup",
  "population": 0,
  "id": 3,
  "worldId": 699,
  "setup": {
    "lowNationalValueInterval": {
      "minValue": 0.0,
      "maxValue": 20.0
    },
    "highNationalValueInterval": {
      "minValue": 0.0,
      "maxValue": 40.0
    },
    "regionalValueInterval": {
      "minValue": 0.0,
      "maxValue": 20.0
    },
    "setupName": "Regional Bidder Setup",
    "numberOfBidders": 6
  },
  "implementation": "org.spectrumauctions.sats.core.model.gsvm.GSVMBidder"
}