{
  "bidderPosition": 2,
  "values": {
    "4": 25.291538106173160116441067657433450222015380859375,
    "5": 15.125880652875135723434141254983842372894287109375,
    "6": 3.6107958931848660455443678074516355991363525390625,
    "7": 34.47336543579232426282032974995672702789306640625,
    "14": 3.44364469444955911825445582508109509944915771484375,
    "15": 11.924204510782896448972678626887500286102294921875
  },
  "setupType": "Regional Bidder Setup",
  "population": 0,
  "id": 2,
  "worldId": 689,
  "setup": {
    "lowNationalValueInterval": {
      "minValue": 0.0,
      "maxValue": 20.0
    },
    "highNationalValueInterval": {
      "minValue": 0.0,
      "maxValue": 40.0
    },
    "regionalValueInterval": {
      "minValue": 0.0,
      "maxValue": 20.0
    },
    "setupName": "Regional Bidder Setup",
    "numberOfBidders": 6
  },
  "implementation": "org.spectrumauctions.sats.core.model.gsvm.GSVMBidder"
}