{
  "bidderPosition": -1,
  "values": {
    "0": 4.67332890892088048673258526832796633243560791015625,
    "1": 0.1404489456205870734351037754095159471035003662109375,
    "2": 0.6158710786244991908233714639209210872650146484375,
    "3": 8.9261101194482677101404988206923007965087890625,
    "4": 1.770962957952775251868615669081918895244598388671875,
    "5": 2.829158516027945324822212569415569305419921875,
    "6": 7.6012605367198400330153162940405309200286865234375,
    "7": 19.08825244476651050717919133603572845458984375,
    "8": 5.133520921896501221226571942679584026336669921875,
    "9": 0.77056782929506351109694151091389358043670654296875,
    "10": 5.094078213559644296992701129056513309478759765625,
    "11": 4.2799124641145542824460790143348276615142822265625
  },
  "setupType": "National Bidder Setup",
  "population": 0,
  "id": 6,
  "worldId": 689,
  "setup": {
    "lowNationalValueInterval": {
      "minValue": 0.0,
      "maxValue": 10.0
    },
    "highNationalValueInterval": {
      "minValue": 0.0,
      "maxValue": 20.0
    },
    "regionalValueInterval": {
      "minValue": 0.0,
      "maxValue": 0.0
    },
    "setupName": "National Bidder Setup",
    "numberOfBidders": 1
  },
  "implementation": "org.spectrumauctions.sats.core.model.gsvm.GSVMBidder"
}