{
  "bidderPosition": 2,
  "values": {
    "4": 13.25377972338953469488842529244720935821533203125,
    "5": 6.4883417627771411417825220269151031970977783203125,
    "6": 34.3158324811437438484063022769987583160400390625,
    "7": 32.34724417130686191512722871266305446624755859375,
    "14": 13.826616229856512063633999787271022796630859375,
    "15": 1.528057771335220582642477893386967480182647705078125
  },
  "setupType": "Regional Bidder Setup",
  "population": 0,
  "id": 2,
  "worldId": 676,
  "setup": {
    "lowNationalValueInterval": {
      "minValue": 0.0,
      "maxValue": 20.0
    },
    "highNationalValueInterval": {
      "minValue": 0.0,
      "maxValue": 40.0
    },
    "regionalValueInterval": {
      "minValue": 0.0,
      "maxValue": 20.0
    },
    "setupName": "Regional Bidder Setup",
    "numberOfBidders": 6
  },
  "implementation": "org.spectrumauctions.sats.core.model.gsvm.GSVMBidder"
}