{
  "bidderPosition": 4,
  "values": {
    "16": 12.5262497209831931144208283512853085994720458984375,
    "17": 10.0880318303035352300867089070379734039306640625,
    "8": 8.974449179620389571709893061779439449310302734375,
    "9": 18.123551714122175582133422722108662128448486328125,
    "10": 17.883846801368047607638800400309264659881591796875,
    "11": 2.979219863841831017481354137999005615711212158203125
  },
  "setupType": "Regional Bidder Setup",
  "population": 0,
  "id": 4,
  "worldId": 676,
  "setup": {
    "lowNationalValueInterval": {
      "minValue": 0.0,
      "maxValue": 20.0
    },
    "highNationalValueInterval": {
      "minValue": 0.0,
      "maxValue": 40.0
    },
    "regionalValueInterval": {
      "minValue": 0.0,
      "maxValue": 20.0
    },
    "setupName": "Regional Bidder Setup",
    "numberOfBidders": 6
  },
  "implementation": "org.spectrumauctions.sats.core.model.gsvm.GSVMBidder"
}