{
  "bidderPosition": 3,
  "values": {
    "16": 18.16543876019053271875236532650887966156005859375,
    "6": 20.6230839046090608235317631624639034271240234375,
    "7": 18.4888832238136870955713675357401371002197265625,
    "8": 3.248833398861574739413526913267560303211212158203125,
    "9": 15.8196557419731025362352738738991320133209228515625,
    "15": 6.45179911097458091973066984792239964008331298828125
  },
  "setupType": "Regional Bidder Setup",
  "population": 0,
  "id": 3,
  "worldId": 676,
  "setup": {
    "lowNationalValueInterval": {
      "minValue": 0.0,
      "maxValue": 20.0
    },
    "highNationalValueInterval": {
      "minValue": 0.0,
      "maxValue": 40.0
    },
    "regionalValueInterval": {
      "minValue": 0.0,
      "maxValue": 20.0
    },
    "setupName": "Regional Bidder Setup",
    "numberOfBidders": 6
  },
  "implementation": "org.spectrumauctions.sats.core.model.gsvm.GSVMBidder"
}