{
  "bidderPosition": 5,
  "values": {
    "0": 9.49524857794151699863505200482904911041259765625,
    "1": 10.053878985271001766932386090047657489776611328125,
    "17": 14.432817090481240285271269385702908039093017578125,
    "10": 12.85118937161638541510910727083683013916015625,
    "11": 8.5796712659281411106348969042301177978515625,
    "12": 2.06871266719367508102322972263209521770477294921875
  },
  "setupType": "Regional Bidder Setup",
  "population": 0,
  "id": 5,
  "worldId": 676,
  "setup": {
    "lowNationalValueInterval": {
      "minValue": 0.0,
      "maxValue": 20.0
    },
    "highNationalValueInterval": {
      "minValue": 0.0,
      "maxValue": 40.0
    },
    "regionalValueInterval": {
      "minValue": 0.0,
      "maxValue": 20.0
    },
    "setupName": "Regional Bidder Setup",
    "numberOfBidders": 6
  },
  "implementation": "org.spectrumauctions.sats.core.model.gsvm.GSVMBidder"
}