{
  "bidderPosition": -1,
  "values": {
    "0": 3.34220098500257822848880095989443361759185791015625,
    "1": 8.808016789941092383742216043174266815185546875,
    "2": 2.99957310959743406186817082925699651241302490234375,
    "3": 2.00875804460349893787451946991495788097381591796875,
    "4": 18.728840704319022592017063288949429988861083984375,
    "5": 5.745797168347113625941346981562674045562744140625,
    "6": 6.7674264517670241758651172858662903308868408203125,
    "7": 10.988567589997870754814357496798038482666015625,
    "8": 8.3501416149223910423415873083285987377166748046875,
    "9": 0.6832275744737492662039812785224057734012603759765625,
    "10": 0.670894779577875244314100200426764786243438720703125,
    "11": 4.82651369186133383237802263465709984302520751953125
  },
  "setupType": "National Bidder Setup",
  "population": 0,
  "id": 6,
  "worldId": 1141,
  "setup": {
    "lowNationalValueInterval": {
      "minValue": 0.0,
      "maxValue": 10.0
    },
    "highNationalValueInterval": {
      "minValue": 0.0,
      "maxValue": 20.0
    },
    "regionalValueInterval": {
      "minValue": 0.0,
      "maxValue": 0.0
    },
    "setupName": "National Bidder Setup",
    "numberOfBidders": 1
  },
  "implementation": "org.spectrumauctions.sats.core.model.gsvm.GSVMBidder"
}