{
  "bidderPosition": 3,
  "values": {
    "16": 15.037363953925460435812055948190391063690185546875,
    "6": 39.42996773004357891068138997070491313934326171875,
    "7": 24.1690093758520418987245648168027400970458984375,
    "8": 2.104638284533459913205888369702734053134918212890625,
    "9": 1.43920307642663392044823922333307564258575439453125,
    "15": 8.9012033584164900190671687596477568149566650390625
  },
  "setupType": "Regional Bidder Setup",
  "population": 0,
  "id": 3,
  "worldId": 586,
  "setup": {
    "lowNationalValueInterval": {
      "minValue": 0.0,
      "maxValue": 20.0
    },
    "highNationalValueInterval": {
      "minValue": 0.0,
      "maxValue": 40.0
    },
    "regionalValueInterval": {
      "minValue": 0.0,
      "maxValue": 20.0
    },
    "setupName": "Regional Bidder Setup",
    "numberOfBidders": 6
  },
  "implementation": "org.spectrumauctions.sats.core.model.gsvm.GSVMBidder"
}