{
  "bidderPosition": 2,
  "values": {
    "4": 27.033864492632773135483148507773876190185546875,
    "5": 17.3023514581114596921906922943890094757080078125,
    "6": 8.60165028476036042093255673535168170928955078125,
    "7": 31.76994899685616502438278985209763050079345703125,
    "14": 11.52806680093330982117549865506589412689208984375,
    "15": 6.5037655387306987364581800648011267185211181640625
  },
  "setupType": "Regional Bidder Setup",
  "population": 0,
  "id": 2,
  "worldId": 827,
  "setup": {
    "lowNationalValueInterval": {
      "minValue": 0.0,
      "maxValue": 20.0
    },
    "highNationalValueInterval": {
      "minValue": 0.0,
      "maxValue": 40.0
    },
    "regionalValueInterval": {
      "minValue": 0.0,
      "maxValue": 20.0
    },
    "setupName": "Regional Bidder Setup",
    "numberOfBidders": 6
  },
  "implementation": "org.spectrumauctions.sats.core.model.gsvm.GSVMBidder"
}