{
  "bidderPosition": 1,
  "values": {
    "2": 8.679332152663778998658017371781170368194580078125,
    "3": 9.36644339217341581615983159281313419342041015625,
    "4": 7.90381562542298521378825171268545091152191162109375,
    "5": 35.4343000723363985571268131025135517120361328125,
    "13": 10.1171695864313022639180417172610759735107421875,
    "14": 16.7905897762188232036351109854876995086669921875
  },
  "setupType": "Regional Bidder Setup",
  "population": 0,
  "id": 1,
  "worldId": 827,
  "setup": {
    "lowNationalValueInterval": {
      "minValue": 0.0,
      "maxValue": 20.0
    },
    "highNationalValueInterval": {
      "minValue": 0.0,
      "maxValue": 40.0
    },
    "regionalValueInterval": {
      "minValue": 0.0,
      "maxValue": 20.0
    },
    "setupName": "Regional Bidder Setup",
    "numberOfBidders": 6
  },
  "implementation": "org.spectrumauctions.sats.core.model.gsvm.GSVMBidder"
}