{
  "bidderPosition": 5,
  "values": {
    "0": 3.734641495152415391345357420505024492740631103515625,
    "1": 6.98245402306596485431100518326275050640106201171875,
    "17": 8.6639933263162820509251105249859392642974853515625,
    "10": 7.5675736334607375255245642620138823986053466796875,
    "11": 9.06836218903645630007304134778678417205810546875,
    "12": 17.103128907736010688722672057338058948516845703125
  },
  "setupType": "Regional Bidder Setup",
  "population": 0,
  "id": 5,
  "worldId": 827,
  "setup": {
    "lowNationalValueInterval": {
      "minValue": 0.0,
      "maxValue": 20.0
    },
    "highNationalValueInterval": {
      "minValue": 0.0,
      "maxValue": 40.0
    },
    "regionalValueInterval": {
      "minValue": 0.0,
      "maxValue": 20.0
    },
    "setupName": "Regional Bidder Setup",
    "numberOfBidders": 6
  },
  "implementation": "org.spectrumauctions.sats.core.model.gsvm.GSVMBidder"
}