{
  "bidderPosition": 4,
  "values": {
    "16": 4.201524382300998894379517878405749797821044921875,
    "17": 0.721832778460569368661481348681263625621795654296875,
    "8": 18.0730718509014565142933861352503299713134765625,
    "9": 4.0670208385837174347443578881211578845977783203125,
    "10": 7.893344918967219570049564936198294162750244140625,
    "11": 3.1267397262428797688471604487858712673187255859375
  },
  "setupType": "Regional Bidder Setup",
  "population": 0,
  "id": 4,
  "worldId": 827,
  "setup": {
    "lowNationalValueInterval": {
      "minValue": 0.0,
      "maxValue": 20.0
    },
    "highNationalValueInterval": {
      "minValue": 0.0,
      "maxValue": 40.0
    },
    "regionalValueInterval": {
      "minValue": 0.0,
      "maxValue": 20.0
    },
    "setupName": "Regional Bidder Setup",
    "numberOfBidders": 6
  },
  "implementation": "org.spectrumauctions.sats.core.model.gsvm.GSVMBidder"
}