{
  "bidderPosition": -1,
  "values": {
    "0": 7.17838533949537893619208261952735483646392822265625,
    "1": 0.0603155277401279388271859716041944921016693115234375,
    "2": 4.02099833844016529837972484529018402099609375,
    "3": 3.75300002900363782742942930781282484531402587890625,
    "4": 6.692943713533026084405719302594661712646484375,
    "5": 5.99754433105305739815094057121314108371734619140625,
    "6": 15.96207636008290364770800806581974029541015625,
    "7": 4.5585289878782457861916554975323379039764404296875,
    "8": 6.52340656742017444003067794255912303924560546875,
    "9": 8.0123209308786069726693312986753880977630615234375,
    "10": 6.8641688795982798154682313906960189342498779296875,
    "11": 9.388172823123245080978449550457298755645751953125
  },
  "setupType": "National Bidder Setup",
  "population": 0,
  "id": 6,
  "worldId": 827,
  "setup": {
    "lowNationalValueInterval": {
      "minValue": 0.0,
      "maxValue": 10.0
    },
    "highNationalValueInterval": {
      "minValue": 0.0,
      "maxValue": 20.0
    },
    "regionalValueInterval": {
      "minValue": 0.0,
      "maxValue": 0.0
    },
    "setupName": "National Bidder Setup",
    "numberOfBidders": 1
  },
  "implementation": "org.spectrumauctions.sats.core.model.gsvm.GSVMBidder"
}