{
  "bidderPosition": 4,
  "values": {
    "16": 12.40301918152255922223048401065170764923095703125,
    "17": 2.320388376404125541085932127316482365131378173828125,
    "8": 10.979732361282518837697352864779531955718994140625,
    "9": 1.26594667342774247487113825627602636814117431640625,
    "10": 18.36489443819140632285780156962573528289794921875,
    "11": 10.76441413096474519761613919399678707122802734375
  },
  "setupType": "Regional Bidder Setup",
  "population": 0,
  "id": 4,
  "worldId": 1070,
  "setup": {
    "lowNationalValueInterval": {
      "minValue": 0.0,
      "maxValue": 20.0
    },
    "highNationalValueInterval": {
      "minValue": 0.0,
      "maxValue": 40.0
    },
    "regionalValueInterval": {
      "minValue": 0.0,
      "maxValue": 20.0
    },
    "setupName": "Regional Bidder Setup",
    "numberOfBidders": 6
  },
  "implementation": "org.spectrumauctions.sats.core.model.gsvm.GSVMBidder"
}