{
  "bidderPosition": 3,
  "values": {
    "16": 5.04164131148304051066588726826012134552001953125,
    "6": 3.5467587678519141292099448037333786487579345703125,
    "7": 36.8508803891619436399196274578571319580078125,
    "8": 9.8196157325615711641830785083584487438201904296875,
    "9": 6.745386054667921627014948171563446521759033203125,
    "15": 19.80980475827278297629163716919720172882080078125
  },
  "setupType": "Regional Bidder Setup",
  "population": 0,
  "id": 3,
  "worldId": 638,
  "setup": {
    "lowNationalValueInterval": {
      "minValue": 0.0,
      "maxValue": 20.0
    },
    "highNationalValueInterval": {
      "minValue": 0.0,
      "maxValue": 40.0
    },
    "regionalValueInterval": {
      "minValue": 0.0,
      "maxValue": 20.0
    },
    "setupName": "Regional Bidder Setup",
    "numberOfBidders": 6
  },
  "implementation": "org.spectrumauctions.sats.core.model.gsvm.GSVMBidder"
}