{
  "bidderPosition": 5,
  "values": {
    "0": 8.1908033014745900146635904093272984027862548828125,
    "1": 5.7983103137996661047282032086513936519622802734375,
    "17": 4.31657341360294655174811850883997976779937744140625,
    "10": 7.3610545920957886067981235100887715816497802734375,
    "11": 3.565330034772051792657521218643523752689361572265625,
    "12": 15.458314481500604387065322953276336193084716796875
  },
  "setupType": "Regional Bidder Setup",
  "population": 0,
  "id": 5,
  "worldId": 306,
  "setup": {
    "lowNationalValueInterval": {
      "minValue": 0.0,
      "maxValue": 20.0
    },
    "highNationalValueInterval": {
      "minValue": 0.0,
      "maxValue": 40.0
    },
    "regionalValueInterval": {
      "minValue": 0.0,
      "maxValue": 20.0
    },
    "setupName": "Regional Bidder Setup",
    "numberOfBidders": 6
  },
  "implementation": "org.spectrumauctions.sats.core.model.gsvm.GSVMBidder"
}