{
  "bidderPosition": 4,
  "values": {
    "16": 19.86650501832827586667917785234749317169189453125,
    "17": 4.7396051578884712540684631676413118839263916015625,
    "8": 10.6871920767488486347929210751317441463470458984375,
    "9": 0.21568213525233748129039668128825724124908447265625,
    "10": 9.8893942683972824170268722809851169586181640625,
    "11": 2.18922947402850898157566916779614984989166259765625
  },
  "setupType": "Regional Bidder Setup",
  "population": 0,
  "id": 4,
  "worldId": 306,
  "setup": {
    "lowNationalValueInterval": {
      "minValue": 0.0,
      "maxValue": 20.0
    },
    "highNationalValueInterval": {
      "minValue": 0.0,
      "maxValue": 40.0
    },
    "regionalValueInterval": {
      "minValue": 0.0,
      "maxValue": 20.0
    },
    "setupName": "Regional Bidder Setup",
    "numberOfBidders": 6
  },
  "implementation": "org.spectrumauctions.sats.core.model.gsvm.GSVMBidder"
}