{
  "bidderPosition": 1,
  "values": {
    "2": 6.9398698033563395171086085611023008823394775390625,
    "3": 13.130056832455739623810586635954678058624267578125,
    "4": 5.4615803765901471678034795331768691539764404296875,
    "5": 21.31606027337830511214633588679134845733642578125,
    "13": 16.6940822811874483022620552219450473785400390625,
    "14": 15.722690553370956223488974501378834247589111328125
  },
  "setupType": "Regional Bidder Setup",
  "population": 0,
  "id": 1,
  "worldId": 829,
  "setup": {
    "lowNationalValueInterval": {
      "minValue": 0.0,
      "maxValue": 20.0
    },
    "highNationalValueInterval": {
      "minValue": 0.0,
      "maxValue": 40.0
    },
    "regionalValueInterval": {
      "minValue": 0.0,
      "maxValue": 20.0
    },
    "setupName": "Regional Bidder Setup",
    "numberOfBidders": 6
  },
  "implementation": "org.spectrumauctions.sats.core.model.gsvm.GSVMBidder"
}