{
  "bidderPosition": 2,
  "values": {
    "4": 27.52666503903418515619705431163311004638671875,
    "5": 10.963071603202717341218885849229991436004638671875,
    "6": 21.545925953420006493388427770696580410003662109375,
    "7": 12.306504379236233859273852431215345859527587890625,
    "14": 13.39851157766366185342121752910315990447998046875,
    "15": 16.1816276865249477623365237377583980560302734375
  },
  "setupType": "Regional Bidder Setup",
  "population": 0,
  "id": 2,
  "worldId": 829,
  "setup": {
    "lowNationalValueInterval": {
      "minValue": 0.0,
      "maxValue": 20.0
    },
    "highNationalValueInterval": {
      "minValue": 0.0,
      "maxValue": 40.0
    },
    "regionalValueInterval": {
      "minValue": 0.0,
      "maxValue": 20.0
    },
    "setupName": "Regional Bidder Setup",
    "numberOfBidders": 6
  },
  "implementation": "org.spectrumauctions.sats.core.model.gsvm.GSVMBidder"
}