{
  "bidderPosition": -1,
  "values": {
    "0": 8.753744097723814121536634047515690326690673828125,
    "1": 1.4493167393206951576445362661615945398807525634765625,
    "2": 3.0386305561956152843094969284720718860626220703125,
    "3": 1.90313656875539916057959999307058751583099365234375,
    "4": 14.17176410730625235601110034622251987457275390625,
    "5": 1.4022679565017970304552363813854753971099853515625,
    "6": 6.72823054214684024287862484925426542758941650390625,
    "7": 8.3134291321222235637833364307880401611328125,
    "8": 9.3890000210993633800171664915978908538818359375,
    "9": 4.27996046173816324653671472333371639251708984375,
    "10": 2.85362743329686008308954114909283816814422607421875,
    "11": 8.8482360907998458543488595751114189624786376953125
  },
  "setupType": "National Bidder Setup",
  "population": 0,
  "id": 6,
  "worldId": 929,
  "setup": {
    "lowNationalValueInterval": {
      "minValue": 0.0,
      "maxValue": 10.0
    },
    "highNationalValueInterval": {
      "minValue": 0.0,
      "maxValue": 20.0
    },
    "regionalValueInterval": {
      "minValue": 0.0,
      "maxValue": 0.0
    },
    "setupName": "National Bidder Setup",
    "numberOfBidders": 1
  },
  "implementation": "org.spectrumauctions.sats.core.model.gsvm.GSVMBidder"
}