{
  "bidderPosition": 3,
  "values": {
    "16": 18.50901561554436369760878733359277248382568359375,
    "6": 6.9409888552658838278830444323830306529998779296875,
    "7": 1.689775940917375152139356941916048526763916015625,
    "8": 4.7856459106145781134955541347153484821319580078125,
    "9": 16.459914562853729336211472400464117527008056640625,
    "15": 14.113968090688491230366707895882427692413330078125
  },
  "setupType": "Regional Bidder Setup",
  "population": 0,
  "id": 3,
  "worldId": 929,
  "setup": {
    "lowNationalValueInterval": {
      "minValue": 0.0,
      "maxValue": 20.0
    },
    "highNationalValueInterval": {
      "minValue": 0.0,
      "maxValue": 40.0
    },
    "regionalValueInterval": {
      "minValue": 0.0,
      "maxValue": 20.0
    },
    "setupName": "Regional Bidder Setup",
    "numberOfBidders": 6
  },
  "implementation": "org.spectrumauctions.sats.core.model.gsvm.GSVMBidder"
}