{
  "bidderPosition": 1,
  "values": {
    "2": 17.568870802780910622686860733665525913238525390625,
    "3": 7.64046760906251787304199751815758645534515380859375,
    "4": 6.49365090394514954397209294256754219532012939453125,
    "5": 18.3770249222148862600079155527055263519287109375,
    "13": 8.7569115780652833080921482178382575511932373046875,
    "14": 10.7492709475503716021194122731685638427734375
  },
  "setupType": "Regional Bidder Setup",
  "population": 0,
  "id": 1,
  "worldId": 929,
  "setup": {
    "lowNationalValueInterval": {
      "minValue": 0.0,
      "maxValue": 20.0
    },
    "highNationalValueInterval": {
      "minValue": 0.0,
      "maxValue": 40.0
    },
    "regionalValueInterval": {
      "minValue": 0.0,
      "maxValue": 20.0
    },
    "setupName": "Regional Bidder Setup",
    "numberOfBidders": 6
  },
  "implementation": "org.spectrumauctions.sats.core.model.gsvm.GSVMBidder"
}