{
  "bidderPosition": 5,
  "values": {
    "0": 9.525909816630100834800032316707074642181396484375,
    "1": 1.6626493113398854717388530843891203403472900390625,
    "17": 0.912807750316673160995151192764751613140106201171875,
    "10": 19.62926339037387180042060208506882190704345703125,
    "11": 19.773439423386463431597803719341754913330078125,
    "12": 10.56457296903868581239294144324958324432373046875
  },
  "setupType": "Regional Bidder Setup",
  "population": 0,
  "id": 5,
  "worldId": 929,
  "setup": {
    "lowNationalValueInterval": {
      "minValue": 0.0,
      "maxValue": 20.0
    },
    "highNationalValueInterval": {
      "minValue": 0.0,
      "maxValue": 40.0
    },
    "regionalValueInterval": {
      "minValue": 0.0,
      "maxValue": 20.0
    },
    "setupName": "Regional Bidder Setup",
    "numberOfBidders": 6
  },
  "implementation": "org.spectrumauctions.sats.core.model.gsvm.GSVMBidder"
}