{
  "bidderPosition": 4,
  "values": {
    "16": 7.87917281264001445606481865979731082916259765625,
    "17": 1.597724969787017723632516208454035222530364990234375,
    "8": 5.0747271584370228225679966271854937076568603515625,
    "9": 9.6814269555867209504640413797460496425628662109375,
    "10": 1.913826072382851517517110551125369966030120849609375,
    "11": 17.7816778359707541312673129141330718994140625
  },
  "setupType": "Regional Bidder Setup",
  "population": 0,
  "id": 4,
  "worldId": 133,
  "setup": {
    "lowNationalValueInterval": {
      "minValue": 0.0,
      "maxValue": 20.0
    },
    "highNationalValueInterval": {
      "minValue": 0.0,
      "maxValue": 40.0
    },
    "regionalValueInterval": {
      "minValue": 0.0,
      "maxValue": 20.0
    },
    "setupName": "Regional Bidder Setup",
    "numberOfBidders": 6
  },
  "implementation": "org.spectrumauctions.sats.core.model.gsvm.GSVMBidder"
}