{
  "bidderPosition": -1,
  "values": {
    "0": 1.3938997907692363131815227461629547178745269775390625,
    "1": 0.9718502507421711289481436324422247707843780517578125,
    "2": 5.9550527656334519832626028801314532756805419921875,
    "3": 4.0106404362953771425281956908293068408966064453125,
    "4": 8.673657709319154918148342403583228588104248046875,
    "5": 16.127785640443409675981456530280411243438720703125,
    "6": 8.5508589359152953335296842851676046848297119140625,
    "7": 2.661285365137959768588871156680397689342498779296875,
    "8": 3.237035792292750624454811259056441485881805419921875,
    "9": 4.7137040386324766672032637870870530605316162109375,
    "10": 6.00975495273506599147594897658564150333404541015625,
    "11": 0.353402869736771929609631115454249083995819091796875
  },
  "setupType": "National Bidder Setup",
  "population": 0,
  "id": 6,
  "worldId": 133,
  "setup": {
    "lowNationalValueInterval": {
      "minValue": 0.0,
      "maxValue": 10.0
    },
    "highNationalValueInterval": {
      "minValue": 0.0,
      "maxValue": 20.0
    },
    "regionalValueInterval": {
      "minValue": 0.0,
      "maxValue": 0.0
    },
    "setupName": "National Bidder Setup",
    "numberOfBidders": 1
  },
  "implementation": "org.spectrumauctions.sats.core.model.gsvm.GSVMBidder"
}