{
  "bidderPosition": 0,
  "values": {
    "0": 10.0348966086255568797014348092488944530487060546875,
    "1": 8.98347418589414559164652018807828426361083984375,
    "2": 17.636006546250428073108196258544921875,
    "3": 14.130802167852237971601425670087337493896484375,
    "12": 5.49331871990295095287137883133254945278167724609375,
    "13": 9.271942376688031117737409658730030059814453125
  },
  "setupType": "Regional Bidder Setup",
  "population": 0,
  "id": 0,
  "worldId": 133,
  "setup": {
    "lowNationalValueInterval": {
      "minValue": 0.0,
      "maxValue": 20.0
    },
    "highNationalValueInterval": {
      "minValue": 0.0,
      "maxValue": 40.0
    },
    "regionalValueInterval": {
      "minValue": 0.0,
      "maxValue": 20.0
    },
    "setupName": "Regional Bidder Setup",
    "numberOfBidders": 6
  },
  "implementation": "org.spectrumauctions.sats.core.model.gsvm.GSVMBidder"
}