{
  "bidderPosition": 4,
  "values": {
    "16": 15.308795436919876209458379889838397502899169921875,
    "17": 14.3615912324625956131285420269705355167388916015625,
    "8": 6.892696955943275582967544323764741420745849609375,
    "9": 2.090829016858661848488054602057673037052154541015625,
    "10": 11.6702055804684956541450446820817887783050537109375,
    "11": 1.724347903095260203798488873871974647045135498046875
  },
  "setupType": "Regional Bidder Setup",
  "population": 0,
  "id": 4,
  "worldId": 347,
  "setup": {
    "lowNationalValueInterval": {
      "minValue": 0.0,
      "maxValue": 20.0
    },
    "highNationalValueInterval": {
      "minValue": 0.0,
      "maxValue": 40.0
    },
    "regionalValueInterval": {
      "minValue": 0.0,
      "maxValue": 20.0
    },
    "setupName": "Regional Bidder Setup",
    "numberOfBidders": 6
  },
  "implementation": "org.spectrumauctions.sats.core.model.gsvm.GSVMBidder"
}