{
  "bidderPosition": 3,
  "values": {
    "16": 3.170669473005585103919656830839812755584716796875,
    "6": 7.40030695079383793455463091959245502948760986328125,
    "7": 34.2767837952759890640663797967135906219482421875,
    "8": 19.95776306289703683205516426824033260345458984375,
    "9": 13.8758592478650921719918187591247260570526123046875,
    "15": 14.151360606505960504364338703453540802001953125
  },
  "setupType": "Regional Bidder Setup",
  "population": 0,
  "id": 3,
  "worldId": 347,
  "setup": {
    "lowNationalValueInterval": {
      "minValue": 0.0,
      "maxValue": 20.0
    },
    "highNationalValueInterval": {
      "minValue": 0.0,
      "maxValue": 40.0
    },
    "regionalValueInterval": {
      "minValue": 0.0,
      "maxValue": 20.0
    },
    "setupName": "Regional Bidder Setup",
    "numberOfBidders": 6
  },
  "implementation": "org.spectrumauctions.sats.core.model.gsvm.GSVMBidder"
}