{
  "bidderPosition": 3,
  "values": {
    "16": 8.906091626382139025963624590076506137847900390625,
    "6": 31.7447101962879258962857420556247234344482421875,
    "7": 6.73817376185940730692891520448029041290283203125,
    "8": 19.02406459825873952240726794116199016571044921875,
    "9": 8.1518536079453500775571228587068617343902587890625,
    "15": 11.8695016786910851891434504068456590175628662109375
  },
  "setupType": "Regional Bidder Setup",
  "population": 0,
  "id": 3,
  "worldId": 1060,
  "setup": {
    "lowNationalValueInterval": {
      "minValue": 0.0,
      "maxValue": 20.0
    },
    "highNationalValueInterval": {
      "minValue": 0.0,
      "maxValue": 40.0
    },
    "regionalValueInterval": {
      "minValue": 0.0,
      "maxValue": 20.0
    },
    "setupName": "Regional Bidder Setup",
    "numberOfBidders": 6
  },
  "implementation": "org.spectrumauctions.sats.core.model.gsvm.GSVMBidder"
}