{
  "bidderPosition": 1,
  "values": {
    "2": 3.88877762835928564300047582946717739105224609375,
    "3": 7.526618238851359166119436849839985370635986328125,
    "4": 15.775784978914831668816987075842916965484619140625,
    "5": 34.04555957382363118313151062466204166412353515625,
    "13": 4.7057153039864463295316454605199396610260009765625,
    "14": 7.4039289086791288951872047618962824344635009765625
  },
  "setupType": "Regional Bidder Setup",
  "population": 0,
  "id": 1,
  "worldId": 912,
  "setup": {
    "lowNationalValueInterval": {
      "minValue": 0.0,
      "maxValue": 20.0
    },
    "highNationalValueInterval": {
      "minValue": 0.0,
      "maxValue": 40.0
    },
    "regionalValueInterval": {
      "minValue": 0.0,
      "maxValue": 20.0
    },
    "setupName": "Regional Bidder Setup",
    "numberOfBidders": 6
  },
  "implementation": "org.spectrumauctions.sats.core.model.gsvm.GSVMBidder"
}