{
  "bidderPosition": 5,
  "values": {
    "0": 16.52851026810194667859832406975328922271728515625,
    "1": 10.042382196152249917986409855075180530548095703125,
    "17": 2.362126012551331033506585299619473516941070556640625,
    "10": 13.4465173642976321133346573333255946636199951171875,
    "11": 11.16903113814058912112159305252134799957275390625,
    "12": 16.103608707405438593696089810691773891448974609375
  },
  "setupType": "Regional Bidder Setup",
  "population": 0,
  "id": 5,
  "worldId": 912,
  "setup": {
    "lowNationalValueInterval": {
      "minValue": 0.0,
      "maxValue": 20.0
    },
    "highNationalValueInterval": {
      "minValue": 0.0,
      "maxValue": 40.0
    },
    "regionalValueInterval": {
      "minValue": 0.0,
      "maxValue": 20.0
    },
    "setupName": "Regional Bidder Setup",
    "numberOfBidders": 6
  },
  "implementation": "org.spectrumauctions.sats.core.model.gsvm.GSVMBidder"
}