{
  "bidderPosition": -1,
  "values": {
    "0": 9.267131002702772235579686821438372135162353515625,
    "1": 4.71494420346730436222060234285891056060791015625,
    "2": 3.94084005611098664445535177947022020816802978515625,
    "3": 1.9635277475820400727712922162027098238468170166015625,
    "4": 12.379307625324191377558236126787960529327392578125,
    "5": 5.7023494719267215913305335561744868755340576171875,
    "6": 13.581349884643511671811211272142827510833740234375,
    "7": 5.2016235473653420484652087907306849956512451171875,
    "8": 5.11147985279449468265511313802562654018402099609375,
    "9": 2.111006764000988855656260057003237307071685791015625,
    "10": 7.22117038202449545991612467332743108272552490234375,
    "11": 8.501380407093847679789178073406219482421875
  },
  "setupType": "National Bidder Setup",
  "population": 0,
  "id": 6,
  "worldId": 912,
  "setup": {
    "lowNationalValueInterval": {
      "minValue": 0.0,
      "maxValue": 10.0
    },
    "highNationalValueInterval": {
      "minValue": 0.0,
      "maxValue": 20.0
    },
    "regionalValueInterval": {
      "minValue": 0.0,
      "maxValue": 0.0
    },
    "setupName": "National Bidder Setup",
    "numberOfBidders": 1
  },
  "implementation": "org.spectrumauctions.sats.core.model.gsvm.GSVMBidder"
}