{
  "bidderPosition": 4,
  "values": {
    "16": 11.12605331611303682848301832564175128936767578125,
    "17": 9.942316242878209919808796257711946964263916015625,
    "8": 3.15598234941727895375152002088725566864013671875,
    "9": 8.6062095770825148832727791159413754940032958984375,
    "10": 11.342958991970125026682580937631428241729736328125,
    "11": 4.015688182853356380519471713341772556304931640625
  },
  "setupType": "Regional Bidder Setup",
  "population": 0,
  "id": 4,
  "worldId": 912,
  "setup": {
    "lowNationalValueInterval": {
      "minValue": 0.0,
      "maxValue": 20.0
    },
    "highNationalValueInterval": {
      "minValue": 0.0,
      "maxValue": 40.0
    },
    "regionalValueInterval": {
      "minValue": 0.0,
      "maxValue": 20.0
    },
    "setupName": "Regional Bidder Setup",
    "numberOfBidders": 6
  },
  "implementation": "org.spectrumauctions.sats.core.model.gsvm.GSVMBidder"
}