{
  "bidderPosition": 0,
  "values": {
    "0": 0.73885090214954818321757556986995041370391845703125,
    "1": 3.162149806406062690911085155676119029521942138671875,
    "2": 12.1588164886765053296358018997125327587127685546875,
    "3": 17.90370193050160452230556984432041645050048828125,
    "12": 0.459764539717488762704533655778504908084869384765625,
    "13": 16.34223489926488781520674820058047771453857421875
  },
  "setupType": "Regional Bidder Setup",
  "population": 0,
  "id": 0,
  "worldId": 921,
  "setup": {
    "lowNationalValueInterval": {
      "minValue": 0.0,
      "maxValue": 20.0
    },
    "highNationalValueInterval": {
      "minValue": 0.0,
      "maxValue": 40.0
    },
    "regionalValueInterval": {
      "minValue": 0.0,
      "maxValue": 20.0
    },
    "setupName": "Regional Bidder Setup",
    "numberOfBidders": 6
  },
  "implementation": "org.spectrumauctions.sats.core.model.gsvm.GSVMBidder"
}