{
  "bidderPosition": 4,
  "values": {
    "16": 16.311952062661266182885810849256813526153564453125,
    "17": 14.27978931658991967879046569578349590301513671875,
    "8": 16.90322030734278513364188256673514842987060546875,
    "9": 6.6085736453944310397901062970049679279327392578125,
    "10": 10.075326526042061914267833344638347625732421875,
    "11": 12.8086376389806702036366914398968219757080078125
  },
  "setupType": "Regional Bidder Setup",
  "population": 0,
  "id": 4,
  "worldId": 921,
  "setup": {
    "lowNationalValueInterval": {
      "minValue": 0.0,
      "maxValue": 20.0
    },
    "highNationalValueInterval": {
      "minValue": 0.0,
      "maxValue": 40.0
    },
    "regionalValueInterval": {
      "minValue": 0.0,
      "maxValue": 20.0
    },
    "setupName": "Regional Bidder Setup",
    "numberOfBidders": 6
  },
  "implementation": "org.spectrumauctions.sats.core.model.gsvm.GSVMBidder"
}