{
  "bidderPosition": -1,
  "values": {
    "0": 0.5521350270575087204605324586736969649791717529296875,
    "1": 0.507625815753247611183951448765583336353302001953125,
    "2": 7.50202971667464968419380966224707663059234619140625,
    "3": 0.346822334664416143112930512870661914348602294921875,
    "4": 9.3513193927493176715870504267513751983642578125,
    "5": 8.8958687635595108389452434494160115718841552734375,
    "6": 0.40879864438565949313897363026626408100128173828125,
    "7": 16.01037940677739612738150754012167453765869140625,
    "8": 8.651334836062385846844335901550948619842529296875,
    "9": 7.8128217201700635996530763804912567138671875,
    "10": 7.1724055414604617197937841410748660564422607421875,
    "11": 0.6699704809149353845754149006097577512264251708984375
  },
  "setupType": "National Bidder Setup",
  "population": 0,
  "id": 6,
  "worldId": 921,
  "setup": {
    "lowNationalValueInterval": {
      "minValue": 0.0,
      "maxValue": 10.0
    },
    "highNationalValueInterval": {
      "minValue": 0.0,
      "maxValue": 20.0
    },
    "regionalValueInterval": {
      "minValue": 0.0,
      "maxValue": 0.0
    },
    "setupName": "National Bidder Setup",
    "numberOfBidders": 1
  },
  "implementation": "org.spectrumauctions.sats.core.model.gsvm.GSVMBidder"
}