{
  "bidderPosition": 5,
  "values": {
    "0": 19.908896881420158564424127689562737941741943359375,
    "1": 12.953094724712794771903645596466958522796630859375,
    "17": 2.931624976778266500332392752170562744140625,
    "10": 10.6738717470814634680209564976394176483154296875,
    "11": 18.8649378181874141091611818410456180572509765625,
    "12": 17.35020752276441413641805411316454410552978515625
  },
  "setupType": "Regional Bidder Setup",
  "population": 0,
  "id": 5,
  "worldId": 539,
  "setup": {
    "lowNationalValueInterval": {
      "minValue": 0.0,
      "maxValue": 20.0
    },
    "highNationalValueInterval": {
      "minValue": 0.0,
      "maxValue": 40.0
    },
    "regionalValueInterval": {
      "minValue": 0.0,
      "maxValue": 20.0
    },
    "setupName": "Regional Bidder Setup",
    "numberOfBidders": 6
  },
  "implementation": "org.spectrumauctions.sats.core.model.gsvm.GSVMBidder"
}