{
  "bidderPosition": 0,
  "values": {
    "0": 4.71447786030172455440379053470678627490997314453125,
    "1": 7.29466152564863801188721481594257056713104248046875,
    "2": 18.852270614959397931897910893894731998443603515625,
    "3": 15.50797383262685258387136855162680149078369140625,
    "12": 14.36831151793909810976401786319911479949951171875,
    "13": 0.008714066898150019113700182060711085796356201171875
  },
  "setupType": "Regional Bidder Setup",
  "population": 0,
  "id": 0,
  "worldId": 522,
  "setup": {
    "lowNationalValueInterval": {
      "minValue": 0.0,
      "maxValue": 20.0
    },
    "highNationalValueInterval": {
      "minValue": 0.0,
      "maxValue": 40.0
    },
    "regionalValueInterval": {
      "minValue": 0.0,
      "maxValue": 20.0
    },
    "setupName": "Regional Bidder Setup",
    "numberOfBidders": 6
  },
  "implementation": "org.spectrumauctions.sats.core.model.gsvm.GSVMBidder"
}