{
  "bidderPosition": 3,
  "values": {
    "16": 17.899690515559314007987268269062042236328125,
    "6": 21.95263968704504264906063326634466648101806640625,
    "7": 33.5448772903690013436062145046889781951904296875,
    "8": 1.883850529429096365419127323548309504985809326171875,
    "9": 10.8043144320208650555059648468159139156341552734375,
    "15": 9.8651181891418548985939196427352726459503173828125
  },
  "setupType": "Regional Bidder Setup",
  "population": 0,
  "id": 3,
  "worldId": 522,
  "setup": {
    "lowNationalValueInterval": {
      "minValue": 0.0,
      "maxValue": 20.0
    },
    "highNationalValueInterval": {
      "minValue": 0.0,
      "maxValue": 40.0
    },
    "regionalValueInterval": {
      "minValue": 0.0,
      "maxValue": 20.0
    },
    "setupName": "Regional Bidder Setup",
    "numberOfBidders": 6
  },
  "implementation": "org.spectrumauctions.sats.core.model.gsvm.GSVMBidder"
}