{
  "bidderPosition": 1,
  "values": {
    "2": 2.082103299477064961564565237495116889476776123046875,
    "3": 1.0778645426057753553550355718471109867095947265625,
    "4": 38.8936115268130180311345611698925495147705078125,
    "5": 1.9859431185270093322969842120073735713958740234375,
    "13": 17.975692230339401334049398428760468959808349609375,
    "14": 15.2851141720329746220841116155497729778289794921875
  },
  "setupType": "Regional Bidder Setup",
  "population": 0,
  "id": 1,
  "worldId": 865,
  "setup": {
    "lowNationalValueInterval": {
      "minValue": 0.0,
      "maxValue": 20.0
    },
    "highNationalValueInterval": {
      "minValue": 0.0,
      "maxValue": 40.0
    },
    "regionalValueInterval": {
      "minValue": 0.0,
      "maxValue": 20.0
    },
    "setupName": "Regional Bidder Setup",
    "numberOfBidders": 6
  },
  "implementation": "org.spectrumauctions.sats.core.model.gsvm.GSVMBidder"
}