{
  "bidderPosition": 4,
  "values": {
    "16": 8.892891257506835955837232177145779132843017578125,
    "17": 5.73324959707222081561894810874946415424346923828125,
    "8": 18.69309528519462304529952234588563442230224609375,
    "9": 18.15764850383532547084541874937713146209716796875,
    "10": 16.592555152540935381466624676249921321868896484375,
    "11": 15.250182717787847508361664949916303157806396484375
  },
  "setupType": "Regional Bidder Setup",
  "population": 0,
  "id": 4,
  "worldId": 865,
  "setup": {
    "lowNationalValueInterval": {
      "minValue": 0.0,
      "maxValue": 20.0
    },
    "highNationalValueInterval": {
      "minValue": 0.0,
      "maxValue": 40.0
    },
    "regionalValueInterval": {
      "minValue": 0.0,
      "maxValue": 20.0
    },
    "setupName": "Regional Bidder Setup",
    "numberOfBidders": 6
  },
  "implementation": "org.spectrumauctions.sats.core.model.gsvm.GSVMBidder"
}