{
  "bidderPosition": 0,
  "values": {
    "0": 18.1646498277223571449212613515555858612060546875,
    "1": 13.3305368419009955260889910277910530567169189453125,
    "2": 10.20660164882840348354875459335744380950927734375,
    "3": 15.4156376266286958554019292932935059070587158203125,
    "12": 13.004325962338985078758923918940126895904541015625,
    "13": 2.731655276426725453831068080035038292407989501953125
  },
  "setupType": "Regional Bidder Setup",
  "population": 0,
  "id": 0,
  "worldId": 865,
  "setup": {
    "lowNationalValueInterval": {
      "minValue": 0.0,
      "maxValue": 20.0
    },
    "highNationalValueInterval": {
      "minValue": 0.0,
      "maxValue": 40.0
    },
    "regionalValueInterval": {
      "minValue": 0.0,
      "maxValue": 20.0
    },
    "setupName": "Regional Bidder Setup",
    "numberOfBidders": 6
  },
  "implementation": "org.spectrumauctions.sats.core.model.gsvm.GSVMBidder"
}