{
  "bidderPosition": 5,
  "values": {
    "0": 8.5552972700157088326022858382202684879302978515625,
    "1": 0.20780624407291004018816238385625183582305908203125,
    "17": 4.6340503307438662972117526805959641933441162109375,
    "10": 16.138284939585599175870811450295150279998779296875,
    "11": 3.42857980989237365321287143160589039325714111328125,
    "12": 0.6087467506780885884154486120678484439849853515625
  },
  "setupType": "Regional Bidder Setup",
  "population": 0,
  "id": 5,
  "worldId": 865,
  "setup": {
    "lowNationalValueInterval": {
      "minValue": 0.0,
      "maxValue": 20.0
    },
    "highNationalValueInterval": {
      "minValue": 0.0,
      "maxValue": 40.0
    },
    "regionalValueInterval": {
      "minValue": 0.0,
      "maxValue": 20.0
    },
    "setupName": "Regional Bidder Setup",
    "numberOfBidders": 6
  },
  "implementation": "org.spectrumauctions.sats.core.model.gsvm.GSVMBidder"
}