{
  "bidderPosition": 3,
  "values": {
    "16": 10.2715840169911398760405063512735068798065185546875,
    "6": 26.383579348572510525627876631915569305419921875,
    "7": 27.064442555791625721894888556562364101409912109375,
    "8": 7.4688361575377175682888264418579638004302978515625,
    "9": 3.3204022566809943128873783280141651630401611328125,
    "15": 17.500015240453766551809167140163481235504150390625
  },
  "setupType": "Regional Bidder Setup",
  "population": 0,
  "id": 3,
  "worldId": 865,
  "setup": {
    "lowNationalValueInterval": {
      "minValue": 0.0,
      "maxValue": 20.0
    },
    "highNationalValueInterval": {
      "minValue": 0.0,
      "maxValue": 40.0
    },
    "regionalValueInterval": {
      "minValue": 0.0,
      "maxValue": 20.0
    },
    "setupName": "Regional Bidder Setup",
    "numberOfBidders": 6
  },
  "implementation": "org.spectrumauctions.sats.core.model.gsvm.GSVMBidder"
}