{
  "bidderPosition": -1,
  "values": {
    "0": 6.222877961028334681259366334415972232818603515625,
    "1": 3.377915521369618812030921617406420409679412841796875,
    "2": 7.42209557224357308058415583218447864055633544921875,
    "3": 8.578141222013055511297352495603263378143310546875,
    "4": 14.0392444998740746342491547693498432636260986328125,
    "5": 0.6668789092056481848658222588710486888885498046875,
    "6": 9.19720175670554596081274212338030338287353515625,
    "7": 7.9056940583976764713725060573779046535491943359375,
    "8": 0.057867815371375197486258912249468266963958740234375,
    "9": 5.73990162764995925925859410199336707592010498046875,
    "10": 8.5373118592248289360213675536215305328369140625,
    "11": 7.88350054691836721332265369710512459278106689453125
  },
  "setupType": "National Bidder Setup",
  "population": 0,
  "id": 6,
  "worldId": 882,
  "setup": {
    "lowNationalValueInterval": {
      "minValue": 0.0,
      "maxValue": 10.0
    },
    "highNationalValueInterval": {
      "minValue": 0.0,
      "maxValue": 20.0
    },
    "regionalValueInterval": {
      "minValue": 0.0,
      "maxValue": 0.0
    },
    "setupName": "National Bidder Setup",
    "numberOfBidders": 1
  },
  "implementation": "org.spectrumauctions.sats.core.model.gsvm.GSVMBidder"
}