{
  "bidderPosition": 4,
  "values": {
    "16": 17.049063568320033112968303612433373928070068359375,
    "17": 14.3215521570004540308218565769493579864501953125,
    "8": 4.3713658168397788728043451556004583835601806640625,
    "9": 7.6185787597793446224159197299741208553314208984375,
    "10": 6.78190842533712867634676513262093067169189453125,
    "11": 6.696666160159370662086075753904879093170166015625
  },
  "setupType": "Regional Bidder Setup",
  "population": 0,
  "id": 4,
  "worldId": 882,
  "setup": {
    "lowNationalValueInterval": {
      "minValue": 0.0,
      "maxValue": 20.0
    },
    "highNationalValueInterval": {
      "minValue": 0.0,
      "maxValue": 40.0
    },
    "regionalValueInterval": {
      "minValue": 0.0,
      "maxValue": 20.0
    },
    "setupName": "Regional Bidder Setup",
    "numberOfBidders": 6
  },
  "implementation": "org.spectrumauctions.sats.core.model.gsvm.GSVMBidder"
}