{
  "regionsOfInterest": [
    1,
    6,
    13
  ],
  "alpha": 90.3095738436026067574857734143733978271484375,
  "beta": {
    "0": 0.11791535462807711809318789164535701274871826171875,
    "1": 0.074583912706266242143016143018030561506748199462890625,
    "2": 0.10308607991564600059319900537957437336444854736328125,
    "3": 0.0848451417301536725545929584768600761890411376953125,
    "4": 0.1009353027904765498501404863418429158627986907958984375,
    "5": 0.0761010346160206074817011767663643695414066314697265625,
    "6": 0.09133158440429949009864429854133049957454204559326171875,
    "7": 0.1041352996783884155007626759470440447330474853515625,
    "8": 0.11527022331217333384056900058567407540977001190185546875,
    "9": 0.09498599617093696212410947055104770697653293609619140625,
    "10": 0.0793537774934966744222464285485330037772655487060546875,
    "11": 0.116407954310365102656987801310606300830841064453125,
    "12": 0.05538598924160444136877146092956536449491977691650390625,
    "13": 0.05563745096695497938110719360338407568633556365966796875
  },
  "zLow": {
    "0": 0.000002428649151,
    "1": 0.000001861100422,
    "2": 0.000001907460983,
    "3": 0.000001041224455,
    "4": 2.569615479E-7,
    "5": 8.250724181E-7,
    "6": 0.000008482131453,
    "7": 1.402698967E-7,
    "8": 0.000001654030587,
    "9": 0.000001284343309,
    "10": 9.020328066E-7,
    "11": 1.735206770E-7,
    "12": 6.048744571E-7,
    "13": 0.00002532187705
  },
  "zHigh": {
    "0": 0.0001014969771024561223890787659922519749983587929630168858647172817522649755038986287551670167342711472139314680,
    "1": 0.00006971382777698952118121597208668411688498332806487738572180685556340190467011392171828613629695531531920742462286,
    "2": 0.0000768870969993288598126967103121738639127252750050100636674981929688671073137777534971432499231640804882181722370,
    "3": 0.000040071017277461249217184937080850296398585743053658170529090586269997377064666067679785960174085081247423392247,
    "4": 0.000010302495600776453200408912144534805082321992794718837739522824693310265299105456832152670114609737206579213673373,
    "5": 0.000031031059005878131800788048610413348569685672065600532790950524798789182644786177138219408815499109137252671900548,
    "6": 0.0003319325940451084074761884514882946473406777439039994389429368974507804705396503498058019264063717762739369606685668,
    "7": 0.000005668801673320323964069853002054871311212123165489419136791439438420125807682573253278574629444944562315226684,
    "8": 0.0000686869651085997413634265678198346772312589190614445688728845277235512529482324729162272018933440566250933643483695,
    "9": 0.0000507297621007840291919619662149343962533798409483629464540340883024675319803821107578599891974716575379297174245916,
    "10": 0.000034218955257077240735837342610984287233767876985903044819917998442414123282721500118230189143667704953853091889613,
    "11": 0.00000722553901300848963682616697542829443596990707212176804713922260666717514644572684612364646469826924625162313,
    "12": 0.0000214963907268754513692346924964638938370416980182211288065856473597401445463598092274443477146175229090010710891823,
    "13": 0.0009005407804899450444505104963554810122481746173739642026852420363206588508768280857804782703986912907107567950867275
  },
  "setupType": "Multi Region Model Local Bidder",
  "population": 0,
  "id": 0,
  "worldId": 302,
  "setup": {
    "numberOfRegionsInterval": {
      "minValue": 3,
      "maxValue": 7
    },
    "alphaInterval": {
      "minValue": 60.0,
      "maxValue": 100.0
    },
    "betaInterval": {
      "minValue": 0.05,
      "maxValue": 0.12
    },
    "setupName": "Multi Region Model Local Bidder",
    "numberOfBidders": 3
  },
  "implementation": "org.spectrumauctions.sats.core.model.mrvm.MRVMLocalBidder"
}