{
  "homeId": 8,
  "distanceDiscounts": {
    "0": 1,
    "1": 0.42045,
    "2": 0.17678,
    "3": 0.07433,
    "4": 0.03125,
    "5": 0.01314,
    "6": 0.00552,
    "7": 0.00232
  },
  "alpha": 795.721039819287170757888816297054290771484375,
  "beta": {
    "0": 0.0562303930719044997577071853811503387987613677978515625,
    "1": 0.0646367748534271424620811785644036717712879180908203125,
    "2": 0.0862281339226515231022318630493828095495700836181640625,
    "3": 0.0919577607467613467040479235947714187204837799072265625,
    "4": 0.08937626443456599123482675395280239172279834747314453125,
    "5": 0.0758982565724386493144493215368129312992095947265625,
    "6": 0.0877366258140685195687780151274637319147586822509765625,
    "7": 0.078347638036169675590514316354529000818729400634765625,
    "8": 0.0453060779824946691096698714318335987627506256103515625,
    "9": 0.082508203657084278059841153663001023232936859130859375,
    "10": 0.0632132829104515570062261531347758136689662933349609375,
    "11": 0.05362404467183136402841370227179140783846378326416015625,
    "12": 0.057505881917668845437763280870058224536478519439697265625,
    "13": 0.0737183060758010710866727777101914398372173309326171875
  },
  "zLow": {
    "0": 0.000005092886787,
    "1": 0.000002147510480,
    "2": 0.000002280377255,
    "3": 9.606892959E-7,
    "4": 2.901944024E-7,
    "5": 8.272767714E-7,
    "6": 0.000008829681989,
    "7": 1.864389036E-7,
    "8": 0.000004208275878,
    "9": 0.000001478575744,
    "10": 0.000001132352369,
    "11": 3.766815272E-7,
    "12": 5.825764088E-7,
    "13": 0.00001911119188
  },
  "zHigh": {
    "0": 0.000181424106169996156904918137507711606940703934500550584272611934010672586792492605407028915676875984627612982355793,
    "1": 0.000078306129523709100539697910015576029310121800839942750794417001269478468057452879471951583074123072685752325963885,
    "2": 0.000088074585152832159154360328722188756907905873608506622089704021076301786538330146781109955126887234669218270120645,
    "3": 0.000037654962516338879706526083409307281558184384498730601376017185676667626648039067623438788398899650930135407664857,
    "4": 0.0000112994812345404648107494995504155443138441993087579526750734151034027091349804682068178956490546757933860117628514,
    "5": 0.000031097189604247411296188846403362470101572670198217992957830872668628582297014022196426073620410407733999428956,
    "6": 0.000342359110125208992504348896336677896606039345749173544638240283110340264518806344871705251750730723623028317682719,
    "7": 0.00000705387187773435015377446555415234609464455425998723467650015890016877135331332776658670297806666177241934709787,
    "8": 0.000145314323841315368321109734290790292303940398293398020648986065940492606771831744270227508801511036032824278123546,
    "9": 0.00005655673515524242551884736953021926736124919405286084243255574410469601563086179950545859671780655995870968562054,
    "10": 0.000041128542114517982948568416316712692056080650985125458452501962300412248785005485577659626577877000932210390049005,
    "11": 0.0000133203645173190464673054270723625218751875167082691560428712169747758883062058710417666918486470429742431817167328,
    "12": 0.00002082744927849969282115483797892963786016260396716812296912107756312227949840304383113629093989836843975858311859976,
    "13": 0.000714220225562045410853913700472101966102448698693164336982639824243744117414369051594629783464620980142484043217699
  },
  "setupType": "Multi Region Model Regional Bidder",
  "population": 0,
  "id": 5,
  "worldId": 302,
  "setup": {
    "exponentFactor": 1.25,
    "base": 2.0,
    "alphaInterval": {
      "minValue": 500.0,
      "maxValue": 840.0
    },
    "betaInterval": {
      "minValue": 0.04,
      "maxValue": 0.1
    },
    "setupName": "Multi Region Model Regional Bidder",
    "numberOfBidders": 4
  },
  "implementation": "org.spectrumauctions.sats.core.model.mrvm.MRVMRegionalBidder"
}