{
  "bidderPosition": 0,
  "values": {
    "0": 0.538798162496634258644689907669089734554290771484375,
    "1": 11.895613099724112515787055599503219127655029296875,
    "2": 11.9726232770233735891451942734420299530029296875,
    "3": 13.9250231075204329300731842522509396076202392578125,
    "12": 10.7528490111832741860098394681699573993682861328125,
    "13": 18.613069261360607242750120349228382110595703125
  },
  "setupType": "Regional Bidder Setup",
  "population": 0,
  "id": 0,
  "worldId": 664,
  "setup": {
    "lowNationalValueInterval": {
      "minValue": 0.0,
      "maxValue": 20.0
    },
    "highNationalValueInterval": {
      "minValue": 0.0,
      "maxValue": 40.0
    },
    "regionalValueInterval": {
      "minValue": 0.0,
      "maxValue": 20.0
    },
    "setupName": "Regional Bidder Setup",
    "numberOfBidders": 6
  },
  "implementation": "org.spectrumauctions.sats.core.model.gsvm.GSVMBidder"
}