{
  "bidderPosition": 1,
  "values": {
    "2": 11.604244756780957459341152571141719818115234375,
    "3": 19.320875129573192197085518273524940013885498046875,
    "4": 8.9806249927062111737541272304952144622802734375,
    "5": 38.559783003187334315953194163739681243896484375,
    "13": 15.282275991143603022237584809772670269012451171875,
    "14": 8.3516141270665418261387458187527954578399658203125
  },
  "setupType": "Regional Bidder Setup",
  "population": 0,
  "id": 1,
  "worldId": 664,
  "setup": {
    "lowNationalValueInterval": {
      "minValue": 0.0,
      "maxValue": 20.0
    },
    "highNationalValueInterval": {
      "minValue": 0.0,
      "maxValue": 40.0
    },
    "regionalValueInterval": {
      "minValue": 0.0,
      "maxValue": 20.0
    },
    "setupName": "Regional Bidder Setup",
    "numberOfBidders": 6
  },
  "implementation": "org.spectrumauctions.sats.core.model.gsvm.GSVMBidder"
}