{
  "bidderPosition": 2,
  "values": {
    "4": 1.3695002836371994447972610942088067531585693359375,
    "5": 39.66836577233761573779702302999794483184814453125,
    "6": 0.5662088304192369747624979936517775058746337890625,
    "7": 27.22486901021138550049727200530469417572021484375,
    "14": 3.329480393536441429347405573935247957706451416015625,
    "15": 4.8612395858149586302943134796805679798126220703125
  },
  "setupType": "Regional Bidder Setup",
  "population": 0,
  "id": 2,
  "worldId": 664,
  "setup": {
    "lowNationalValueInterval": {
      "minValue": 0.0,
      "maxValue": 20.0
    },
    "highNationalValueInterval": {
      "minValue": 0.0,
      "maxValue": 40.0
    },
    "regionalValueInterval": {
      "minValue": 0.0,
      "maxValue": 20.0
    },
    "setupName": "Regional Bidder Setup",
    "numberOfBidders": 6
  },
  "implementation": "org.spectrumauctions.sats.core.model.gsvm.GSVMBidder"
}