{
  "homeId": 3,
  "distanceDiscounts": {
    "0": 1,
    "1": 0.42045,
    "2": 0.17678,
    "3": 0.07433,
    "4": 0.03125,
    "5": 0.01314,
    "6": 0.00552,
    "7": 0.00232
  },
  "alpha": 650.7686099372461967504932545125484466552734375,
  "beta": {
    "0": 0.05716416226036823144962539799962542019784450531005859375,
    "1": 0.0760002014577968731945389890825026668608188629150390625,
    "2": 0.095027702627077770269892198484740220010280609130859375,
    "3": 0.0875252095382470229889548818391631357371807098388671875,
    "4": 0.0840740864443147162266001259922632016241550445556640625,
    "5": 0.057558937004064246456547238040002412162721157073974609375,
    "6": 0.09064225401523272329651348400147981010377407073974609375,
    "7": 0.0695131833151874378717849367603776045143604278564453125,
    "8": 0.04844416577902181664239122937942738644778728485107421875,
    "9": 0.06621752998287953884126721959546557627618312835693359375,
    "10": 0.0889071564348132004074187761943903751671314239501953125,
    "11": 0.05670704643501400799010525588528253138065338134765625,
    "12": 0.0938705101264082630851959265783079899847507476806640625,
    "13": 0.0776181883938660555077859726225142367184162139892578125
  },
  "zLow": {
    "0": 0.000004940078007,
    "1": 0.000001801037418,
    "2": 0.000002040459442,
    "3": 9.953153193E-7,
    "4": 3.042086660E-7,
    "5": 0.000001075702986,
    "6": 0.000008427869505,
    "7": 2.072133728E-7,
    "8": 0.000003880982621,
    "9": 0.000001816729386,
    "10": 7.939181430E-7,
    "11": 3.512524576E-7,
    "12": 3.519317856E-7,
    "13": 0.00001789872629
  },
  "zHigh": {
    "0": 0.000176441882284516611457049095833479663399099293015294307643515909868419966035529165848429421653724903029279565596415,
    "1": 0.00006771904316688948262868137456490760317626648975242659687813110723912346532357356113317230076352866639539135221000,
    "2": 0.0000806038005543082886054117210427706781722022922836291242181981572932122392973562011278462793102735880052640893344,
    "3": 0.00003857097776513071515606116709173477384300377698384284654943388961982393039616286950718463965087829412935405470694,
    "4": 0.00001168386654703038163444831349822220635186763775717601931459264165236376796518156880895140911343038452612971703616,
    "5": 0.0000384627216075832092158795094857997184691489529626190294121306678395137280405548885408815615636985915429519472635068,
    "6": 0.000329228193980440964050918778007177308991104089936358184350140205143225887112582056478655787735387087445496658651059,
    "7": 0.00000765680729988928566273129249940422440878509366307551358540179741713196096504158783125454696811101105083703005754,
    "8": 0.000135230575144265586290022812996937774360011116623628219816549750769966620893971476435455269393538451128990701228196,
    "9": 0.000066531814802486026976777779747439277805481087427236604384597074269968199189615461213492691541464800336927599642499,
    "10": 0.00003087604474304290319311352573929558396040087421693908552245706578509077379479013813630044987788830928219378560356,
    "11": 0.000012529422667889955863720018586113461166969770801089174926527261836861783612768335334999450970581919507742983052,
    "12": 0.00001386155518934960155516135591809462225669801554338115437137232930794095079993051053736272575276349119181158375855,
    "13": 0.00067588845947741507266415816652770099682583833195989921492335262639112070779720536521389214251445653916440413003553
  },
  "setupType": "Multi Region Model Regional Bidder",
  "population": 0,
  "id": 3,
  "worldId": 681,
  "setup": {
    "exponentFactor": 1.25,
    "base": 2.0,
    "alphaInterval": {
      "minValue": 500.0,
      "maxValue": 840.0
    },
    "betaInterval": {
      "minValue": 0.04,
      "maxValue": 0.1
    },
    "setupName": "Multi Region Model Regional Bidder",
    "numberOfBidders": 4
  },
  "implementation": "org.spectrumauctions.sats.core.model.mrvm.MRVMRegionalBidder"
}