{
  "homeId": 0,
  "distanceDiscounts": {
    "0": 1,
    "1": 0.42045,
    "2": 0.17678,
    "3": 0.07433,
    "4": 0.03125,
    "5": 0.01314,
    "6": 0.00552,
    "7": 0.00232
  },
  "alpha": 778.0271859316839027087553404271602630615234375,
  "beta": {
    "0": 0.05474489372182471391692359929947997443377971649169921875,
    "1": 0.08204293428158060397237250072066672146320343017578125,
    "2": 0.05255634698021514894517025595632730983197689056396484375,
    "3": 0.044948248923232757279233595681944279931485652923583984375,
    "4": 0.080524641897374904520034988308907486498355865478515625,
    "5": 0.041685468040058903937961076735518872737884521484375,
    "6": 0.08158575419248299820385028624514234252274036407470703125,
    "7": 0.09716596474515092063395371724254800938069820404052734375,
    "8": 0.0730913127387656513800351376630715094506740570068359375,
    "9": 0.09912195363790254898361808955087326467037200927734375,
    "10": 0.0617081531996357124381091807663324289023876190185546875,
    "11": 0.0813770233839987977564334187263739295303821563720703125,
    "12": 0.0969127055424308381237352705284138210117816925048828125,
    "13": 0.08801057259672644128567498000847990624606609344482421875
  },
  "zLow": {
    "0": 0.000005158388328,
    "1": 0.000001668385069,
    "2": 0.000003689376911,
    "3": 0.000001938121818,
    "4": 3.176178755E-7,
    "5": 0.000001485321464,
    "6": 0.000009363412719,
    "7": 1.482418377E-7,
    "8": 0.000002572275123,
    "9": 0.000001213649733,
    "10": 0.000001143852164,
    "11": 2.447679774E-7,
    "12": 3.408842634E-7,
    "13": 0.00001578522521
  },
  "zHigh": {
    "0": 0.000182991191902783063266281941433803757492489876812360698029456896659926712959245683993912329738248913456428856432208,
    "1": 0.000063739472709333250458738330679947365504884836948698823871308994257359818400672131048922968440529024388876789142,
    "2": 0.000130071324617048533362935654521882700137191231098696805203130845850048050947100088900742063509432068770329330286897,
    "3": 0.0000668551726977472590683287084645438328626846499779305745057518889014801099615154760401410761478848056266372709615970,
    "4": 0.0000120861428310764231554042413138374276083982568979662050150969939780772178459841241267866582734079215198528934729,
    "5": 0.0000507512759358396808052418141845716608417920607366544401986899585015327997851961688130907116820925103069593150,
    "6": 0.000357294490393190754492298312939607790061712176970996884235524749430477013867211283900167302647425460476860959766064,
    "7": 0.000005887661244984868123991049385149389655553641824173279972247874365267433274380045430965478706424963680902828915144,
    "8": 0.00009596935021885796031647424269951884292648478202994524370588118287887110749467473341867290065362876362534575896265,
    "9": 0.000048439425228770021422809385353221971255741540601142648746477756332699709105866085411122788320122028509345631317,
    "10": 0.00004137406535451601766487186796606494675941736093431043212418595594995884309502521525966282187358285724137144413901,
    "11": 0.00000933488826362483010615467308941842595062220451067620675003499747507980746448796433972624639108318562503392042044,
    "12": 0.00001353012952374350731501605303183232585512697113775774814648547658114936107418907074552412431459971028641215598078,
    "13": 0.000612483427052183147197816477800349152497942178093305987900907346959264235326597097000523507634951704476067375105419
  },
  "setupType": "Multi Region Model Regional Bidder",
  "population": 0,
  "id": 6,
  "worldId": 681,
  "setup": {
    "exponentFactor": 1.25,
    "base": 2.0,
    "alphaInterval": {
      "minValue": 500.0,
      "maxValue": 840.0
    },
    "betaInterval": {
      "minValue": 0.04,
      "maxValue": 0.1
    },
    "setupName": "Multi Region Model Regional Bidder",
    "numberOfBidders": 4
  },
  "implementation": "org.spectrumauctions.sats.core.model.mrvm.MRVMRegionalBidder"
}