{
  "regionsOfInterest": [
    0,
    1,
    6,
    10,
    12
  ],
  "alpha": 78.640858875661962201775168068706989288330078125,
  "beta": {
    "0": 0.061082501646214960866476673118086182512342929840087890625,
    "1": 0.0847935889096929351627096593801979906857013702392578125,
    "2": 0.054536035559049143850440799496936961077153682708740234375,
    "3": 0.07565736883106531640574843322610831819474697113037109375,
    "4": 0.10606500616020787808313485811595455743372440338134765625,
    "5": 0.06717759647658538835202080008457414805889129638671875,
    "6": 0.11254698426191057925027649844196275807917118072509765625,
    "7": 0.0915496351871968039315419218837632797658443450927734375,
    "8": 0.0776646831847403740223256818353547714650630950927734375,
    "9": 0.11275781255597881747032573684919043444097042083740234375,
    "10": 0.0867545497328950088178345367850852198898792266845703125,
    "11": 0.10878754848391392062723070921492762863636016845703125,
    "12": 0.0980017165176436944040716525705647654831409454345703125,
    "13": 0.09346288048890248612021736107635661028325557708740234375
  },
  "zLow": {
    "0": 0.000004623180341,
    "1": 0.000001614263629,
    "2": 0.000003555450467,
    "3": 0.000001151443452,
    "4": 2.411357583E-7,
    "5": 9.216810907E-7,
    "6": 0.000006787574927,
    "7": 1.573360849E-7,
    "8": 0.000002420803868,
    "9": 0.000001066882461,
    "10": 8.136173233E-7,
    "11": 1.830953055E-7,
    "12": 3.370963021E-7,
    "13": 0.00001486436864
  },
  "zHigh": {
    "0": 0.0001669349522953947101774572624848704689690479242313336217732409086812181635972989481903498857698116676875632896331545,
    "1": 0.00006211582951794158749980582469483597828985661159534083532838351682741878508560295250737635932283880214263338592322,
    "2": 0.0001260535312858874368132282719280540619051915795089432564033478123767056000255481418754342085682132358779472431062304,
    "3": 0.000043254821723036517165421376327958357675786221020808105774573338722575046359501651763892411481516505063002338102566,
    "4": 0.000009791679314206026818516452321276854354320591574577029286094764591567276243684746367162255770322874453899558349095,
    "5": 0.000033842064756899676521991216947326321873005688712405090214190215884106272458610221767114081608054963895989697831,
    "6": 0.000280019356641414056161717659680372956579743903141986429372475132287925002518433529102833555177434280106609467757659,
    "7": 0.00000616048866125704200550925826637933178469067970677790811734377449271049166992852101398446001499874175751801204775,
    "8": 0.00009142521257152039146484412472110225985636565637870672901071056234851847856446681528869483472514635980261877926869,
    "9": 0.000044036407073162044830019072548327819395658568074341499499462532415011643232762253517476151742478721190693144731704,
    "10": 0.00003146702015146576932496320841058079465929932929840386826372478056043798947743376758919043942909998610349690570527,
    "11": 0.000007484708105682706875185099778384129472571388275095219962039471818199959375157756896461082486461353217773461456,
    "12": 0.00001341649068641258399939546335908231251484151029021400117619115892696168301087957144526733462855093254421740199422,
    "13": 0.000584857729818032619484464353363200409927248145796029761798134148692652546057656554815132813306736600156610664109731
  },
  "setupType": "Multi Region Model Local Bidder",
  "population": 0,
  "id": 0,
  "worldId": 681,
  "setup": {
    "numberOfRegionsInterval": {
      "minValue": 3,
      "maxValue": 7
    },
    "alphaInterval": {
      "minValue": 60.0,
      "maxValue": 100.0
    },
    "betaInterval": {
      "minValue": 0.05,
      "maxValue": 0.12
    },
    "setupName": "Multi Region Model Local Bidder",
    "numberOfBidders": 3
  },
  "implementation": "org.spectrumauctions.sats.core.model.mrvm.MRVMLocalBidder"
}