{
  "bidderPosition": 3,
  "values": {
    "16": 7.4485807302633961768378867418505251407623291015625,
    "6": 7.767619990661547291210808907635509967803955078125,
    "7": 6.371348778160257353420092840678989887237548828125,
    "8": 1.784481507014292755997075801133178174495697021484375,
    "9": 2.92604658176853771323067121556960046291351318359375,
    "15": 12.33021357843341547777527011930942535400390625
  },
  "setupType": "Regional Bidder Setup",
  "population": 0,
  "id": 3,
  "worldId": 635,
  "setup": {
    "lowNationalValueInterval": {
      "minValue": 0.0,
      "maxValue": 20.0
    },
    "highNationalValueInterval": {
      "minValue": 0.0,
      "maxValue": 40.0
    },
    "regionalValueInterval": {
      "minValue": 0.0,
      "maxValue": 20.0
    },
    "setupName": "Regional Bidder Setup",
    "numberOfBidders": 6
  },
  "implementation": "org.spectrumauctions.sats.core.model.gsvm.GSVMBidder"
}