{
  "bidderPosition": 1,
  "values": {
    "2": 5.29888312522638127433083354844711720943450927734375,
    "3": 3.706910017617512931309420309844426810741424560546875,
    "4": 6.31846734016876521167205282836221158504486083984375,
    "5": 19.1637712025418949224331299774348735809326171875,
    "13": 5.66013642493476520911599436658434569835662841796875,
    "14": 10.7049262403389970899070249288342893123626708984375
  },
  "setupType": "Regional Bidder Setup",
  "population": 0,
  "id": 1,
  "worldId": 635,
  "setup": {
    "lowNationalValueInterval": {
      "minValue": 0.0,
      "maxValue": 20.0
    },
    "highNationalValueInterval": {
      "minValue": 0.0,
      "maxValue": 40.0
    },
    "regionalValueInterval": {
      "minValue": 0.0,
      "maxValue": 20.0
    },
    "setupName": "Regional Bidder Setup",
    "numberOfBidders": 6
  },
  "implementation": "org.spectrumauctions.sats.core.model.gsvm.GSVMBidder"
}