{
  "bidderPosition": -1,
  "values": {
    "0": 7.36513336364428283786764950491487979888916015625,
    "1": 0.0817927338984081320205632437136955559253692626953125,
    "2": 1.1127067029370218964601235711597837507724761962890625,
    "3": 0.9595268092671516146907606525928713381290435791015625,
    "4": 11.9288180305395368208110085106454789638519287109375,
    "5": 13.548688110081922530980591545812785625457763671875,
    "6": 4.73362706063526417210596264339983463287353515625,
    "7": 1.848711999287011575887618164415471255779266357421875,
    "8": 1.4274314542291721696898321170010603964328765869140625,
    "9": 6.279986386688793942312258877791464328765869140625,
    "10": 4.69949583899018197286068243556655943393707275390625,
    "11": 4.81144164578387378838897348032332956790924072265625
  },
  "setupType": "National Bidder Setup",
  "population": 0,
  "id": 6,
  "worldId": 1143,
  "setup": {
    "lowNationalValueInterval": {
      "minValue": 0.0,
      "maxValue": 10.0
    },
    "highNationalValueInterval": {
      "minValue": 0.0,
      "maxValue": 20.0
    },
    "regionalValueInterval": {
      "minValue": 0.0,
      "maxValue": 0.0
    },
    "setupName": "National Bidder Setup",
    "numberOfBidders": 1
  },
  "implementation": "org.spectrumauctions.sats.core.model.gsvm.GSVMBidder"
}