{
  "homeId": 10,
  "distanceDiscounts": {
    "0": 1,
    "1": 0.42045,
    "2": 0.17678,
    "3": 0.07433,
    "4": 0.03125,
    "5": 0.01314,
    "6": 0.00552,
    "7": 0.00232
  },
  "alpha": 782.9573227398051358250086195766925811767578125,
  "beta": {
    "0": 0.0706619971187210094143438254832290112972259521484375,
    "1": 0.078009247323493846604236523489817045629024505615234375,
    "2": 0.0997238162046353571188461728524998761713504791259765625,
    "3": 0.09082105744447532824636937220930121839046478271484375,
    "4": 0.074296326669391621333460307141649536788463592529296875,
    "5": 0.0581841492091643430750735888068447820842266082763671875,
    "6": 0.0899630561964191721724404260385199449956417083740234375,
    "7": 0.09822146795689547238428218633998767472803592681884765625,
    "8": 0.0576481822849108926920536077886936254799365997314453125,
    "9": 0.08904871949848246204251012159147649072110652923583984375,
    "10": 0.07608010873160508946710933741996996104717254638671875,
    "11": 0.08797866439885061728976012318526045419275760650634765625,
    "12": 0.0890773812664940323191586912798811681568622589111328125,
    "13": 0.092907979796568673780399194583878852427005767822265625
  },
  "zLow": {
    "0": 0.000004299760901,
    "1": 0.000001887834660,
    "2": 0.000002091952749,
    "3": 0.000001032000381,
    "4": 3.703726939E-7,
    "5": 0.000001144914392,
    "6": 0.000009136016226,
    "7": 1.577796907E-7,
    "8": 0.000003508893002,
    "9": 0.000001453476796,
    "10": 9.981915433E-7,
    "11": 2.435855932E-7,
    "12": 3.990182814E-7,
    "13": 0.00001608811552
  },
  "zHigh": {
    "0": 0.0001593757962443857331121118003266145593338518987951427416935300274796541098636347592943489688462279945396564276754,
    "1": 0.000071361895872169251094558173865057042769970873406797232638003116908661020614548088356254046359741322583108295745683,
    "2": 0.0000836203336112937239547976634653665045690491671306064813792409502131662940375901193154681216703830473057206137884487,
    "3": 0.00004033274799000909133572952852955537539377263407897853699763864781464696262391619661434294265693782361793324558320,
    "4": 0.000013862913879266786807628051782446020888494576386469807966201934683665784768989017553881736454368957862295347234436,
    "5": 0.0000410090187146725043629605534392791103433857608775969440345507953113238802319220397187947200919698728765427209922507,
    "6": 0.0003562708808769596441144609368643465354439969197436564427026479654026329680515726355430508589353791085858594574985743,
    "7": 0.00000628312600228812710717820581783436353047967878808714047456111878529655106744547791864851025026994702849856885799090,
    "8": 0.0001254949203972903450097832274629227549384308995785680102542658399580373832427235765792386657119166853150599553262945,
    "9": 0.00005654732860899917562180752400199239117374827480879043663350323984478185610667757464194414913851924993106393954771608,
    "10": 0.00003753999841086727405584036357804053237925129183470467825428503071061298543154237757984685814512695707179519424696,
    "11": 0.00000945060130965377938182943379758377819661544811022330077030755987982880009216337156684463153649866856212137685154741,
    "12": 0.0000155248987994522283823132469947177150698690193908643623188927098581608900038938992340394526334946718438611697473595,
    "13": 0.000632114896436165553687863112257213795409167353573180941527558794493218053978461146977285792124119389659641818309841
  },
  "setupType": "Multi Region Model Regional Bidder",
  "population": 0,
  "id": 3,
  "worldId": 219,
  "setup": {
    "exponentFactor": 1.25,
    "base": 2.0,
    "alphaInterval": {
      "minValue": 500.0,
      "maxValue": 840.0
    },
    "betaInterval": {
      "minValue": 0.04,
      "maxValue": 0.1
    },
    "setupName": "Multi Region Model Regional Bidder",
    "numberOfBidders": 4
  },
  "implementation": "org.spectrumauctions.sats.core.model.mrvm.MRVMRegionalBidder"
}