{
  "regionsOfInterest": [
    0,
    2,
    4,
    11
  ],
  "alpha": 99.7277451721788708027816028334200382232666015625,
  "beta": {
    "0": 0.0852780979932062088710864600216154940426349639892578125,
    "1": 0.11471300700464237554143664965522475540637969970703125,
    "2": 0.08741701117898859063615191189455799758434295654296875,
    "3": 0.0595620801109244812909793154176441021263599395751953125,
    "4": 0.078738807874895400118475663475692272186279296875,
    "5": 0.1028327078069815048166901760851033031940460205078125,
    "6": 0.1037029819917662243344835815150872804224491119384765625,
    "7": 0.107469880424149788478160871818545274436473846435546875,
    "8": 0.11843769995778501147309924590445007197558879852294921875,
    "9": 0.06166238957755952598827065003206371329724788665771484375,
    "10": 0.077428355858613018281033646417199634015560150146484375,
    "11": 0.08126471326183813681520717864259495399892330169677734375,
    "12": 0.09916823129957226534703096376688336022198200225830078125,
    "13": 0.10031441294206733250149454761412926018238067626953125
  },
  "zLow": {
    "0": 0.000003562810376,
    "1": 0.000001283800022,
    "2": 0.000002386463558,
    "3": 0.000001573608002,
    "4": 3.494760893E-7,
    "5": 6.478081847E-7,
    "6": 0.000007925557447,
    "7": 1.442018245E-7,
    "8": 0.000001707913135,
    "9": 0.000002099014462,
    "10": 9.808101994E-7,
    "11": 2.637102168E-7,
    "12": 3.584162299E-7,
    "13": 0.00001490029466
  },
  "zHigh": {
    "0": 0.0001372672805056145608125780393326330927287681187035735664955297874206002562430402688755577561242381140113185473819075,
    "1": 0.00005324085673181825177008921882654307968685245538614010159600232165961204365100998336555191172712297457898608580072,
    "2": 0.00009245565785417540517172741904783969842565830745487394359409203046181684464944262551276942930447023759335119770182,
    "3": 0.0000565809766121396908850257170238131907492731061334918198518136640694976681910361145559765794139607331440516801536643,
    "4": 0.000013236015742616768019870153102513429719641928315849473644711853222464166314483381445689526304104943145002666,
    "5": 0.0000260958325181852685953073739703227741482293930616983995188277775910789322682459620720687963372724581392884496396,
    "6": 0.0003199571174943694121139140034955915535854989086593368139721812341753777490268239792158469330997510996035892763486907,
    "7": 0.000005875790015974932607502100343073558913877507659895190084074318234883998024196821379587393337889336383430201951194,
    "8": 0.00007146552437833435228290489138788293100784724388406784463095576774514937440877725977338409338229106573476811165146713,
    "9": 0.00007591345859127492014656546413701421557767941777682982688202400363839804042814284885220135252642577837464562235813282,
    "10": 0.000037018558094038472765203462836583552670454593426810118527697439814443846079950896929506334450815634993792005825219,
    "11": 0.00001005434001902798489746144716449711021045439694906787388902467175694457955606054335248806581657229889674585905265857,
    "12": 0.00001430683725341934730658540325592548430472996960273486870509059463227473751935135430418637929495263048281350958304908,
    "13": 0.00059648027071935644102123443737286499536487100081360167564188530472714818471345314170385975461780105532194822278392
  },
  "setupType": "Multi Region Model Local Bidder",
  "population": 0,
  "id": 0,
  "worldId": 219,
  "setup": {
    "numberOfRegionsInterval": {
      "minValue": 3,
      "maxValue": 7
    },
    "alphaInterval": {
      "minValue": 60.0,
      "maxValue": 100.0
    },
    "betaInterval": {
      "minValue": 0.05,
      "maxValue": 0.12
    },
    "setupName": "Multi Region Model Local Bidder",
    "numberOfBidders": 3
  },
  "implementation": "org.spectrumauctions.sats.core.model.mrvm.MRVMLocalBidder"
}