{
  "gammaValues": {
    "1": 0.94254,
    "2": 0.77015
  },
  "alpha": 823.114861903861537939519621431827545166015625,
  "beta": {
    "0": 0.1378228459771733138694571607629768550395965576171875,
    "1": 0.094631600228749113146164972931728698313236236572265625,
    "2": 0.1626243881510429645231852191500365734100341796875,
    "3": 0.136750534225532460741447948748827911913394927978515625,
    "4": 0.19755696405165534823566986233345232903957366943359375,
    "5": 0.0882924130850586130758728131695534102618694305419921875,
    "6": 0.1451874457097182269382784625122440047562122344970703125,
    "7": 0.107565854174823727351650859418441541492938995361328125,
    "8": 0.1691538668838165337948709066040464676916599273681640625,
    "9": 0.1266484602806970671817765605737804435193538665771484375,
    "10": 0.1596137612919401593813972795032896101474761962890625,
    "11": 0.206211705708115144997094603240839205682277679443359375,
    "12": 0.1006552090592725823281483599203056655824184417724609375,
    "13": 0.1516382904664411446216121248653507791459560394287109375
  },
  "zLow": {
    "0": 0.000002204494402,
    "1": 0.000001556230271,
    "2": 0.000001282818118,
    "3": 6.853893943E-7,
    "4": 1.392880823E-7,
    "5": 7.544914387E-7,
    "6": 0.000005660984923,
    "7": 1.440731629E-7,
    "8": 0.000001195842030,
    "9": 0.000001021964635,
    "10": 4.757893087E-7,
    "11": 1.039239508E-7,
    "12": 3.531213528E-7,
    "13": 0.000009857103416
  },
  "zHigh": {
    "0": 0.0000965178012785758497934318142335251830027585350192290025851776417972295463240408684520727815871430308235900567414,
    "1": 0.000061413764213708178653362388746908593135023505634961981077837109321191161514367622744310105113451373415825254968649,
    "2": 0.0000593462946641517419532753798624302871442760004464753996279843208619204164177148839459539277441562242252720432,
    "3": 0.000029934418410075095012926216015402813030433186017980078280524623613596270458875425397875506546919433455895301730821,
    "4": 0.00000693037553102937505693366399269459565155487682684843059477045662714120605961078569326945591415166466200425189391,
    "5": 0.0000292963301372923762120273244092235453147934379535204561853163020471701450110182605287461496390279016042519800481586,
    "6": 0.0002520199417880204495845919520340515845771695804414133561195326291965740036202777484881469803249394605493471953496418,
    "7": 0.000005871930169357820184675325920199233548122661600923863334393133180639394658438183384864313679525532420560471155370,
    "8": 0.0000561033912104272810672369884123494302565924681951065127582607644840690677889646210724497909715619115343176666135454,
    "9": 0.0000436019637887630139512757596872458129081064124325812198340744777665426171978464332770351841628993892266897799216171,
    "10": 0.0000218679313751079710534227231943685511256413757590690235795024849693341679443264813971793868043686879506258984005,
    "11": 0.000005260752038270376727294548672708982706469861239395404149614961531759579711030968408154566440802067274810768489738,
    "12": 0.0000141479909401082788995220591894853205431028948747303662919488288777532689399060677952801527379604312936005613046998,
    "13": 0.0004451845335619655492524935802672454226266355357248024916288859590973800837955267998046987984228066380840744294525009
  },
  "setupType": "Multi Region Model National Bidder",
  "population": 0,
  "id": 7,
  "worldId": 219,
  "setup": {
    "bInterval": {
      "minValue": 0.1,
      "maxValue": 0.3
    },
    "kMax": 2.0,
    "alphaInterval": {
      "minValue": 700.0,
      "maxValue": 1200.0
    },
    "betaInterval": {
      "minValue": 0.08,
      "maxValue": 0.22
    },
    "setupName": "Multi Region Model National Bidder",
    "numberOfBidders": 3
  },
  "implementation": "org.spectrumauctions.sats.core.model.mrvm.MRVMNationalBidder"
}