{
  "gammaValues": {
    "1": 0.94942,
    "2": 0.79767
  },
  "alpha": 879.1511846320332779214368201792240142822265625,
  "beta": {
    "0": 0.08437815675977645979433106049327761866152286529541015625,
    "1": 0.1343898606838140052932573098587454296648502349853515625,
    "2": 0.09024649112071782275368292403072700835764408111572265625,
    "3": 0.1620142708544214660282278828162816353142261505126953125,
    "4": 0.1826604062866416244848011274370946921408176422119140625,
    "5": 0.167707742241626489576589165153563953936100006103515625,
    "6": 0.1691695134183664184224227255981531925499439239501953125,
    "7": 0.116085326685811562885675130019080825150012969970703125,
    "8": 0.1156701674253314549023485824363888241350650787353515625,
    "9": 0.20783913547810695110484857650590129196643829345703125,
    "10": 0.135133831635789736225206070230342447757720947265625,
    "11": 0.199776738372703988044776224342058412730693817138671875,
    "12": 0.199189706471742777882383279575151391327381134033203125,
    "13": 0.144596740049579619569186661465209908783435821533203125
  },
  "zLow": {
    "0": 0.000003600809784,
    "1": 0.000001095830892,
    "2": 0.000002311641249,
    "3": 5.785130244E-7,
    "4": 1.506474841E-7,
    "5": 3.972140397E-7,
    "6": 0.000004858463707,
    "7": 1.334996703E-7,
    "8": 0.000001748776784,
    "9": 6.227424261E-7,
    "10": 5.619800773E-7,
    "11": 1.072714238E-7,
    "12": 1.784404637E-7,
    "13": 0.00001033712317
  },
  "zHigh": {
    "0": 0.00013840726273102726424745131413084775379176244560363968996913864856064227254101736106117844524496081249634845652913227,
    "1": 0.0000476017828355560131651861418797414931267400430924391757092614017291956700397995278447716697757866813561600762845681,
    "2": 0.00009021098861030111263221339574837116446325908595552235150701815514069119375389190734365420147822045963227588771969237,
    "3": 0.0000267281273122969754946585902255147302143994538003464162965220279589457944499684270847112344345463937691933605315429,
    "4": 0.0000072711575874235660450250476799255792489536484893742626984565911674914219872827287010824472107190121546521236627095,
    "5": 0.000018578008165953452063975884391268704818504950529320653301215934457213402805156628295944560053152949553976883026565,
    "6": 0.0002279443052916918593726856799939713900328577483638084361353416129154532061184047576466225068348301528256405491840805,
    "7": 0.000005554725389274527309938377950215791456067973143545595838504894118260180606760891575157322393611580455969560248648,
    "8": 0.0000726914338590355707557438729728399555266558687207180075807052013382855233328898869517433380882100074911861017812251,
    "9": 0.00003162529752699758058418368830972524426464225543875385276194156600562237375606168044804771281471437447685273911341,
    "10": 0.000024453654432089405509219803714210559324139966470404639791940352026366102868506969924460257251466380015742956614,
    "11": 0.000005361176226894049559643493306528247079970519122793197734665006749623148018061823816121740471332628813444649887266,
    "12": 0.000008907564268501574649338824437975785413800190486537957742832071928399543537826030427943842780056328829669830300154,
    "13": 0.000459585125990695544814141280705539123802873728129864688757677706789188610202038437036169530866412945096578021969830
  },
  "setupType": "Multi Region Model National Bidder",
  "population": 0,
  "id": 9,
  "worldId": 219,
  "setup": {
    "bInterval": {
      "minValue": 0.1,
      "maxValue": 0.3
    },
    "kMax": 2.0,
    "alphaInterval": {
      "minValue": 700.0,
      "maxValue": 1200.0
    },
    "betaInterval": {
      "minValue": 0.08,
      "maxValue": 0.22
    },
    "setupName": "Multi Region Model National Bidder",
    "numberOfBidders": 3
  },
  "implementation": "org.spectrumauctions.sats.core.model.mrvm.MRVMNationalBidder"
}