{
  "homeId": 5,
  "distanceDiscounts": {
    "0": 1,
    "1": 0.42045,
    "2": 0.17678,
    "3": 0.07433,
    "4": 0.03125,
    "5": 0.01314,
    "6": 0.00552,
    "7": 0.00232
  },
  "alpha": 755.5873798705052877267007716000080108642578125,
  "beta": {
    "0": 0.0629998346234915407304555401424295268952846527099609375,
    "1": 0.07380923019105922744387271450250409543514251708984375,
    "2": 0.095729981072649739104463151306845247745513916015625,
    "3": 0.06923513767209237002031585461736540310084819793701171875,
    "4": 0.07680015852767285711166778128244914114475250244140625,
    "5": 0.082824022196296531728165746244485490024089813232421875,
    "6": 0.083593494746071084211536117436480708420276641845703125,
    "7": 0.0848698960299410776197959194178110919892787933349609375,
    "8": 0.07013878567534277685968646665060077793896198272705078125,
    "9": 0.047045030619900028712176975886904983781278133392333984375,
    "10": 0.0997626660374792140206778867650427855551242828369140625,
    "11": 0.060468016873585529735724009015029878355562686920166015625,
    "12": 0.060567201279572803473971731591518619097769260406494140625,
    "13": 0.07414324705150943106701788565260358154773712158203125
  },
  "zLow": {
    "0": 0.000004822706190,
    "1": 0.000001995259407,
    "2": 0.000002179228588,
    "3": 0.000001353754307,
    "4": 3.582978366E-7,
    "5": 8.043061422E-7,
    "6": 0.000009832151935,
    "7": 1.826012940E-7,
    "8": 0.000002884014907,
    "9": 0.000002751199134,
    "10": 7.612318732E-7,
    "11": 3.544077723E-7,
    "12": 5.868440812E-7,
    "13": 0.00002015981726
  },
  "zHigh": {
    "0": 0.0001750641549071076005436637291005527808081920327863960691870858186937497295789517842920263168939542400608540412913009,
    "1": 0.00007458463829586990810308604831529731437895987023192859275785486928244882304143111634060770892257968148941116687657,
    "2": 0.000086238608771099292951461340402581647798322004052630333977589834351050249368415479606028525747212393790724575721,
    "3": 0.00004998536579185787907380400585443457612636976686792995184989533499435098185352533376257502718349806447771935988410271,
    "4": 0.00001350066816207687554404898851048551414954959749714242462635282109484352577437340454060982129575018265853825284167,
    "5": 0.000030790771242467078155546077351647323704833619820767141326829933854801743943597898509879886537825002593334523073859,
    "6": 0.000377154952156676910810624344074626436017848470432155962311130608953835622191856609696785433765538621955676932835137,
    "7": 0.0000070277741001947332509581831035641924837945770217834804391139412369698594835795588726146492343986594746085933975212,
    "8": 0.00010674857752669038662772577655189105286216964912316840897383296126123597920512664790315476784148139392599723300886179,
    "9": 0.000095478998736831478907328673967730661979543121777874849565177191403820555017823102077681709438253667203456826251917668,
    "10": 0.0000304312083102792356619091377692131476643281118712381743722341667077779248957287835736683718393554882345784733164523,
    "11": 0.000012775266682432178572333107087529089285383135564809599680264554621340138602361363353899434273096549819300029255363549,
    "12": 0.000021159672792494507433393676009704195883834689074602684545377178215585885167732673498970993982425215991388594694694824,
    "13": 0.00075426594860228513648224639909897956795622077044782542738964118346760465561278571154665465328051438689872113416905
  },
  "setupType": "Multi Region Model Regional Bidder",
  "population": 0,
  "id": 5,
  "worldId": 219,
  "setup": {
    "exponentFactor": 1.25,
    "base": 2.0,
    "alphaInterval": {
      "minValue": 500.0,
      "maxValue": 840.0
    },
    "betaInterval": {
      "minValue": 0.04,
      "maxValue": 0.1
    },
    "setupName": "Multi Region Model Regional Bidder",
    "numberOfBidders": 4
  },
  "implementation": "org.spectrumauctions.sats.core.model.mrvm.MRVMRegionalBidder"
}