{
  "gammaValues": {
    "1": 0.96909,
    "2": 0.87636
  },
  "alpha": 878.563107412005820151534862816333770751953125,
  "beta": {
    "0": 0.141452940099524415717979763940093107521533966064453125,
    "1": 0.20331614233073180830757564763189293444156646728515625,
    "2": 0.09922399536736299652250892222582479007542133331298828125,
    "3": 0.11150234091993103946460763609138666652143001556396484375,
    "4": 0.137654427289655434396564714916166849434375762939453125,
    "5": 0.11345810125678408575300437632904504425823688507080078125,
    "6": 0.08586944059603436596450620754694682545959949493408203125,
    "7": 0.2026335006186172627007380242503131739795207977294921875,
    "8": 0.15489356643252261136467495816759765148162841796875,
    "9": 0.1009263982212743326893900075447163544595241546630859375,
    "10": 0.213135457912622283682679835692397318780422210693359375,
    "11": 0.12788220104751124583941646051243878901004791259765625,
    "12": 0.1375330271527143433107909231694065965712070465087890625,
    "13": 0.170335557377102320142370217581628821790218353271484375
  },
  "zLow": {
    "0": 0.000002147920660,
    "1": 7.243328502E-7,
    "2": 0.000002102490539,
    "3": 8.405865299E-7,
    "4": 1.999015302E-7,
    "5": 5.871407069E-7,
    "6": 0.000009571553459,
    "7": 7.647971724E-8,
    "8": 0.000001305937413,
    "9": 0.000001282422139,
    "10": 3.563110610E-7,
    "11": 1.675787168E-7,
    "12": 2.584361322E-7,
    "13": 0.000008775116212
  },
  "zHigh": {
    "0": 0.000094820589011970338282242040634759789664884582683717874503880937675820350782319008849795518534845253099960353743596,
    "1": 0.00003645684159146315783020853155132563377467098118366758394779203104013700259099034108669278082717446319908606328796,
    "2": 0.00008393646729567776428191090181246290731403467149620187529013165262225505452600891401444437792119403408390279653567387,
    "3": 0.00003459033247611562169993359747916160914826427341791616860071094246317694814419862296825323858863701143286806576808163,
    "4": 0.000008748778969782268191078854544497407739066124365260942425344251390317128131140033861535616538427176544381339164456,
    "5": 0.00002427580818333810273402204516053409937534579740654765502706647989394669416402358314910900163255358713365983961156968,
    "6": 0.00036933699786338316713118532048316671430896367030633343755057782426945436925351696674729055646755471430541879817337467,
    "7": 0.0000038441267998652673382391854215056443174304397874066182321678734993256674634257032401185944683735030806319063415111,
    "8": 0.00005940625272090115682342665029515603971802670160932597503947026672487574478551074394564548323464155430841323904,
    "9": 0.0000514156889057214842411843023947640407968165353077566501036361577678101755383871301857336976132559063193974634076508,
    "10": 0.000018283583943950794027583293315130209228646787472618390447910926115514139154206119860669427498968100307779152476155,
    "11": 0.00000717039501894243184240990786333202881831070218221495985364529298694233548103799211435181722216722509303663461279,
    "12": 0.0000113074343231719643107064346072576190204216488056882090290108941948084370127934307288755473165288569784098861204138,
    "13": 0.000412724917431189868469991437038812782763823592245232625873489507681373321445685073494377712663588215303375004700183
  },
  "setupType": "Multi Region Model National Bidder",
  "population": 0,
  "id": 8,
  "worldId": 219,
  "setup": {
    "bInterval": {
      "minValue": 0.1,
      "maxValue": 0.3
    },
    "kMax": 2.0,
    "alphaInterval": {
      "minValue": 700.0,
      "maxValue": 1200.0
    },
    "betaInterval": {
      "minValue": 0.08,
      "maxValue": 0.22
    },
    "setupName": "Multi Region Model National Bidder",
    "numberOfBidders": 3
  },
  "implementation": "org.spectrumauctions.sats.core.model.mrvm.MRVMNationalBidder"
}