{
  "bidderPosition": 5,
  "values": {
    "0": 7.941102681756291303827310912311077117919921875,
    "1": 5.0402730806799862506295539787970483303070068359375,
    "17": 15.996481848266096648103484767489135265350341796875,
    "10": 3.870688675649482934915113219176419079303741455078125,
    "11": 2.5505946725684847109505426487885415554046630859375,
    "12": 15.885522278742765678316573030315339565277099609375
  },
  "setupType": "Regional Bidder Setup",
  "population": 0,
  "id": 5,
  "worldId": 388,
  "setup": {
    "lowNationalValueInterval": {
      "minValue": 0.0,
      "maxValue": 20.0
    },
    "highNationalValueInterval": {
      "minValue": 0.0,
      "maxValue": 40.0
    },
    "regionalValueInterval": {
      "minValue": 0.0,
      "maxValue": 20.0
    },
    "setupName": "Regional Bidder Setup",
    "numberOfBidders": 6
  },
  "implementation": "org.spectrumauctions.sats.core.model.gsvm.GSVMBidder"
}