{
  "bidderPosition": -1,
  "values": {
    "0": 3.09146715011181161258946303860284388065338134765625,
    "1": 8.4271861162299455116908575291745364665985107421875,
    "2": 1.18212958985854488247468907502479851245880126953125,
    "3": 0.4207687824825800948502774190274067223072052001953125,
    "4": 18.17334175402703522195224650204181671142578125,
    "5": 5.1859388075122065941968685365281999111175537109375,
    "6": 7.40715957442160455315161016187630593776702880859375,
    "7": 10.3650880997664902594124214374460279941558837890625,
    "8": 9.106417841193955808876125956885516643524169921875,
    "9": 4.1569588977450511180222747498191893100738525390625,
    "10": 9.9462724627568963597923357156105339527130126953125,
    "11": 0.604210644789542339339050158741883933544158935546875
  },
  "setupType": "National Bidder Setup",
  "population": 0,
  "id": 6,
  "worldId": 388,
  "setup": {
    "lowNationalValueInterval": {
      "minValue": 0.0,
      "maxValue": 10.0
    },
    "highNationalValueInterval": {
      "minValue": 0.0,
      "maxValue": 20.0
    },
    "regionalValueInterval": {
      "minValue": 0.0,
      "maxValue": 0.0
    },
    "setupName": "National Bidder Setup",
    "numberOfBidders": 1
  },
  "implementation": "org.spectrumauctions.sats.core.model.gsvm.GSVMBidder"
}