{
  "bidderPosition": 1,
  "values": {
    "2": 3.054073291663328415523892545024864375591278076171875,
    "3": 16.49381042509082107017093221656978130340576171875,
    "4": 39.68679384415543864861319889314472675323486328125,
    "5": 6.1030691332363051770926176686771214008331298828125,
    "13": 19.339611515960651644263634807430207729339599609375,
    "14": 18.632387438600016338341447408311069011688232421875
  },
  "setupType": "Regional Bidder Setup",
  "population": 0,
  "id": 1,
  "worldId": 604,
  "setup": {
    "lowNationalValueInterval": {
      "minValue": 0.0,
      "maxValue": 20.0
    },
    "highNationalValueInterval": {
      "minValue": 0.0,
      "maxValue": 40.0
    },
    "regionalValueInterval": {
      "minValue": 0.0,
      "maxValue": 20.0
    },
    "setupName": "Regional Bidder Setup",
    "numberOfBidders": 6
  },
  "implementation": "org.spectrumauctions.sats.core.model.gsvm.GSVMBidder"
}