{
  "bidderPosition": 3,
  "values": {
    "16": 14.87502255414464258365114801563322544097900390625,
    "6": 6.34128494138650466993567533791065216064453125,
    "7": 31.087274368424427706258938997052609920501708984375,
    "8": 6.3767176232692701631776799331419169902801513671875,
    "9": 15.7099767920924051622932893224060535430908203125,
    "15": 12.2011208810209037523009101278148591518402099609375
  },
  "setupType": "Regional Bidder Setup",
  "population": 0,
  "id": 3,
  "worldId": 944,
  "setup": {
    "lowNationalValueInterval": {
      "minValue": 0.0,
      "maxValue": 20.0
    },
    "highNationalValueInterval": {
      "minValue": 0.0,
      "maxValue": 40.0
    },
    "regionalValueInterval": {
      "minValue": 0.0,
      "maxValue": 20.0
    },
    "setupName": "Regional Bidder Setup",
    "numberOfBidders": 6
  },
  "implementation": "org.spectrumauctions.sats.core.model.gsvm.GSVMBidder"
}