{
  "bidderPosition": 4,
  "values": {
    "16": 15.885934571389338287872305954806506633758544921875,
    "17": 3.42594084817960276012627218733541667461395263671875,
    "8": 19.641425005460501296283837291412055492401123046875,
    "9": 14.1162621505554835010798342409543693065643310546875,
    "10": 13.014802446805820324016167433001101016998291015625,
    "11": 14.0618330493984959872477702447213232517242431640625
  },
  "setupType": "Regional Bidder Setup",
  "population": 0,
  "id": 4,
  "worldId": 434,
  "setup": {
    "lowNationalValueInterval": {
      "minValue": 0.0,
      "maxValue": 20.0
    },
    "highNationalValueInterval": {
      "minValue": 0.0,
      "maxValue": 40.0
    },
    "regionalValueInterval": {
      "minValue": 0.0,
      "maxValue": 20.0
    },
    "setupName": "Regional Bidder Setup",
    "numberOfBidders": 6
  },
  "implementation": "org.spectrumauctions.sats.core.model.gsvm.GSVMBidder"
}