{
  "bidderPosition": 2,
  "values": {
    "4": 11.490201593966236970345562440343201160430908203125,
    "5": 14.83374030712534619169673533178865909576416015625,
    "6": 5.19789753495456086085368951898999512195587158203125,
    "7": 16.722815884931463870088919065892696380615234375,
    "14": 17.8884051618413906226123799569904804229736328125,
    "15": 12.56607305933057006086528417654335498809814453125
  },
  "setupType": "Regional Bidder Setup",
  "population": 0,
  "id": 2,
  "worldId": 434,
  "setup": {
    "lowNationalValueInterval": {
      "minValue": 0.0,
      "maxValue": 20.0
    },
    "highNationalValueInterval": {
      "minValue": 0.0,
      "maxValue": 40.0
    },
    "regionalValueInterval": {
      "minValue": 0.0,
      "maxValue": 20.0
    },
    "setupName": "Regional Bidder Setup",
    "numberOfBidders": 6
  },
  "implementation": "org.spectrumauctions.sats.core.model.gsvm.GSVMBidder"
}