{
  "bidderPosition": -1,
  "values": {
    "0": 0.05554131935160189215139325824566185474395751953125,
    "1": 2.777386857993187074811203274293802678585052490234375,
    "2": 4.2260811882480400214490146026946604251861572265625,
    "3": 8.028114050485331887330175959505140781402587890625,
    "4": 9.29722077651744172044345759786665439605712890625,
    "5": 8.944257086971024506283356458880007266998291015625,
    "6": 16.35257815471336328982943086884915828704833984375,
    "7": 15.8817758369949491026318355579860508441925048828125,
    "8": 4.3723942107327093964386222069151699542999267578125,
    "9": 3.74368104059563666652366009657271206378936767578125,
    "10": 7.2088894520026105539045602199621498584747314453125,
    "11": 9.665172082261587860330109833739697933197021484375
  },
  "setupType": "National Bidder Setup",
  "population": 0,
  "id": 6,
  "worldId": 434,
  "setup": {
    "lowNationalValueInterval": {
      "minValue": 0.0,
      "maxValue": 10.0
    },
    "highNationalValueInterval": {
      "minValue": 0.0,
      "maxValue": 20.0
    },
    "regionalValueInterval": {
      "minValue": 0.0,
      "maxValue": 0.0
    },
    "setupName": "National Bidder Setup",
    "numberOfBidders": 1
  },
  "implementation": "org.spectrumauctions.sats.core.model.gsvm.GSVMBidder"
}