{
  "bidderPosition": 3,
  "values": {
    "16": 11.748148519446640847263552132062613964080810546875,
    "6": 6.28780001856978021379518395406194031238555908203125,
    "7": 5.6383817769998412217091754428111016750335693359375,
    "8": 1.781077149427614525478702489635907113552093505859375,
    "9": 17.963923300065065546959885978139936923980712890625,
    "15": 8.023076251274005699087865650653839111328125
  },
  "setupType": "Regional Bidder Setup",
  "population": 0,
  "id": 3,
  "worldId": 434,
  "setup": {
    "lowNationalValueInterval": {
      "minValue": 0.0,
      "maxValue": 20.0
    },
    "highNationalValueInterval": {
      "minValue": 0.0,
      "maxValue": 40.0
    },
    "regionalValueInterval": {
      "minValue": 0.0,
      "maxValue": 20.0
    },
    "setupName": "Regional Bidder Setup",
    "numberOfBidders": 6
  },
  "implementation": "org.spectrumauctions.sats.core.model.gsvm.GSVMBidder"
}