{
  "bidderPosition": -1,
  "values": {
    "0": 3.323869780053041456113760432344861328601837158203125,
    "1": 9.4777838944961718681270212982781231403350830078125,
    "2": 8.0532984099388809084985041408799588680267333984375,
    "3": 4.8118948120065407891843278775922954082489013671875,
    "4": 18.567886105373229810311386245302855968475341796875,
    "5": 18.3921237109755537630917388014495372772216796875,
    "6": 12.1407540255645169935405647265724837779998779296875,
    "7": 0.00518568171663513766134201432578265666961669921875,
    "8": 0.7557659773562852567607706077978946268558502197265625,
    "9": 9.62751927594127465681594912894070148468017578125,
    "10": 0.05448458191526395211212729918770492076873779296875,
    "11": 9.46649101869764564298748155124485492706298828125
  },
  "setupType": "National Bidder Setup",
  "population": 0,
  "id": 6,
  "worldId": 578,
  "setup": {
    "lowNationalValueInterval": {
      "minValue": 0.0,
      "maxValue": 10.0
    },
    "highNationalValueInterval": {
      "minValue": 0.0,
      "maxValue": 20.0
    },
    "regionalValueInterval": {
      "minValue": 0.0,
      "maxValue": 0.0
    },
    "setupName": "National Bidder Setup",
    "numberOfBidders": 1
  },
  "implementation": "org.spectrumauctions.sats.core.model.gsvm.GSVMBidder"
}