{
  "bidderPosition": -1,
  "values": {
    "0": 4.189118100967835545134221320040524005889892578125,
    "1": 3.75817774252828140646442989236675202846527099609375,
    "2": 3.4700635998166209361670553334988653659820556640625,
    "3": 9.70562929815272212863419554196298122406005859375,
    "4": 11.154143620936196157344966195523738861083984375,
    "5": 3.06904393699201971656975729274563491344451904296875,
    "6": 4.1564938006877216736256741569377481937408447265625,
    "7": 11.0959040685584309215983012109063565731048583984375,
    "8": 1.579763430607761254265142270014621317386627197265625,
    "9": 6.65985226641021910154449869878590106964111328125,
    "10": 5.9143541538989463646203148528002202510833740234375,
    "11": 4.20966400421423969646639307029545307159423828125
  },
  "setupType": "National Bidder Setup",
  "population": 0,
  "id": 6,
  "worldId": 426,
  "setup": {
    "lowNationalValueInterval": {
      "minValue": 0.0,
      "maxValue": 10.0
    },
    "highNationalValueInterval": {
      "minValue": 0.0,
      "maxValue": 20.0
    },
    "regionalValueInterval": {
      "minValue": 0.0,
      "maxValue": 0.0
    },
    "setupName": "National Bidder Setup",
    "numberOfBidders": 1
  },
  "implementation": "org.spectrumauctions.sats.core.model.gsvm.GSVMBidder"
}