{
  "bidderPosition": 4,
  "values": {
    "16": 10.0838713545213494171548518352210521697998046875,
    "17": 3.7684868145252448101700792904011905193328857421875,
    "8": 5.963231632859962161319344886578619480133056640625,
    "9": 7.876563256218364728056258172728121280670166015625,
    "10": 15.5827543282493508058905717916786670684814453125,
    "11": 4.2092979900056999298385562724433839321136474609375
  },
  "setupType": "Regional Bidder Setup",
  "population": 0,
  "id": 4,
  "worldId": 426,
  "setup": {
    "lowNationalValueInterval": {
      "minValue": 0.0,
      "maxValue": 20.0
    },
    "highNationalValueInterval": {
      "minValue": 0.0,
      "maxValue": 40.0
    },
    "regionalValueInterval": {
      "minValue": 0.0,
      "maxValue": 20.0
    },
    "setupName": "Regional Bidder Setup",
    "numberOfBidders": 6
  },
  "implementation": "org.spectrumauctions.sats.core.model.gsvm.GSVMBidder"
}