{
  "bidderPosition": 3,
  "values": {
    "16": 0.932575556044146214418333329376764595508575439453125,
    "6": 31.14354832215170887366184615530073642730712890625,
    "7": 32.5799114322220475514768622815608978271484375,
    "8": 6.52668407934953176408043873379938304424285888671875,
    "9": 15.3284593401216167052325545228086411952972412109375,
    "15": 2.919698279934663798229621534119360148906707763671875
  },
  "setupType": "Regional Bidder Setup",
  "population": 0,
  "id": 3,
  "worldId": 426,
  "setup": {
    "lowNationalValueInterval": {
      "minValue": 0.0,
      "maxValue": 20.0
    },
    "highNationalValueInterval": {
      "minValue": 0.0,
      "maxValue": 40.0
    },
    "regionalValueInterval": {
      "minValue": 0.0,
      "maxValue": 20.0
    },
    "setupName": "Regional Bidder Setup",
    "numberOfBidders": 6
  },
  "implementation": "org.spectrumauctions.sats.core.model.gsvm.GSVMBidder"
}