{
  "bidderPosition": 3,
  "values": {
    "16": 9.792233298820246290006252820603549480438232421875,
    "6": 27.70029940744074536951302434317767620086669921875,
    "7": 26.886278696180543335003676475025713443756103515625,
    "8": 15.85417654503742568294910597614943981170654296875,
    "9": 17.778335379134379223842188366688787937164306640625,
    "15": 3.95321208107178190260810879408381879329681396484375
  },
  "setupType": "Regional Bidder Setup",
  "population": 0,
  "id": 3,
  "worldId": 569,
  "setup": {
    "lowNationalValueInterval": {
      "minValue": 0.0,
      "maxValue": 20.0
    },
    "highNationalValueInterval": {
      "minValue": 0.0,
      "maxValue": 40.0
    },
    "regionalValueInterval": {
      "minValue": 0.0,
      "maxValue": 20.0
    },
    "setupName": "Regional Bidder Setup",
    "numberOfBidders": 6
  },
  "implementation": "org.spectrumauctions.sats.core.model.gsvm.GSVMBidder"
}