{
  "bidderPosition": 0,
  "values": {
    "0": 12.6258178543648256209053215570747852325439453125,
    "1": 15.872367237575499387958188890479505062103271484375,
    "2": 11.0331733880627691490872166468761861324310302734375,
    "3": 18.577588079840086976446400512941181659698486328125,
    "12": 0.802267397011682259488907220656983554363250732421875,
    "13": 0.51854099250880469895719215855933725833892822265625
  },
  "setupType": "Regional Bidder Setup",
  "population": 0,
  "id": 0,
  "worldId": 569,
  "setup": {
    "lowNationalValueInterval": {
      "minValue": 0.0,
      "maxValue": 20.0
    },
    "highNationalValueInterval": {
      "minValue": 0.0,
      "maxValue": 40.0
    },
    "regionalValueInterval": {
      "minValue": 0.0,
      "maxValue": 20.0
    },
    "setupName": "Regional Bidder Setup",
    "numberOfBidders": 6
  },
  "implementation": "org.spectrumauctions.sats.core.model.gsvm.GSVMBidder"
}