{
  "bidderPosition": -1,
  "values": {
    "0": 6.37759733915397308834371870034374296665191650390625,
    "1": 9.048211917536487902680164552293717861175537109375,
    "2": 2.85342362261500426257043727673590183258056640625,
    "3": 6.00443967456854021946810462395660579204559326171875,
    "4": 1.768864968619487942902424038038589060306549072265625,
    "5": 14.223382764479396200840710662305355072021484375,
    "6": 11.0386021257887296798116949503310024738311767578125,
    "7": 2.271174097632362443022202569409273564815521240234375,
    "8": 9.0041823344238895998614680138416588306427001953125,
    "9": 3.666449792860440037856051276321522891521453857421875,
    "10": 3.6002154463546478524449412361718714237213134765625,
    "11": 3.65435994108646244882265818887390196323394775390625
  },
  "setupType": "National Bidder Setup",
  "population": 0,
  "id": 6,
  "worldId": 960,
  "setup": {
    "lowNationalValueInterval": {
      "minValue": 0.0,
      "maxValue": 10.0
    },
    "highNationalValueInterval": {
      "minValue": 0.0,
      "maxValue": 20.0
    },
    "regionalValueInterval": {
      "minValue": 0.0,
      "maxValue": 0.0
    },
    "setupName": "National Bidder Setup",
    "numberOfBidders": 1
  },
  "implementation": "org.spectrumauctions.sats.core.model.gsvm.GSVMBidder"
}