{
  "bidderPosition": 3,
  "values": {
    "16": 7.754943927478763043836806900799274444580078125,
    "6": 37.5776050034947530775752966292202472686767578125,
    "7": 20.81272689700870870410653878934681415557861328125,
    "8": 16.96601164359881153131937026046216487884521484375,
    "9": 1.3294468791445890332170165493153035640716552734375,
    "15": 18.819649813872626253896669368259608745574951171875
  },
  "setupType": "Regional Bidder Setup",
  "population": 0,
  "id": 3,
  "worldId": 973,
  "setup": {
    "lowNationalValueInterval": {
      "minValue": 0.0,
      "maxValue": 20.0
    },
    "highNationalValueInterval": {
      "minValue": 0.0,
      "maxValue": 40.0
    },
    "regionalValueInterval": {
      "minValue": 0.0,
      "maxValue": 20.0
    },
    "setupName": "Regional Bidder Setup",
    "numberOfBidders": 6
  },
  "implementation": "org.spectrumauctions.sats.core.model.gsvm.GSVMBidder"
}