{
  "bidderPosition": 3,
  "values": {
    "16": 14.5462696666217450314206871553324162960052490234375,
    "6": 4.3212375219632637168842848041094839572906494140625,
    "7": 7.22051125950853300849985316745005548000335693359375,
    "8": 12.205047258439520874162553809583187103271484375,
    "9": 0.942244690086770919634773235884495079517364501953125,
    "15": 17.611123561681406357593004941008985042572021484375
  },
  "setupType": "Regional Bidder Setup",
  "population": 0,
  "id": 3,
  "worldId": 697,
  "setup": {
    "lowNationalValueInterval": {
      "minValue": 0.0,
      "maxValue": 20.0
    },
    "highNationalValueInterval": {
      "minValue": 0.0,
      "maxValue": 40.0
    },
    "regionalValueInterval": {
      "minValue": 0.0,
      "maxValue": 20.0
    },
    "setupName": "Regional Bidder Setup",
    "numberOfBidders": 6
  },
  "implementation": "org.spectrumauctions.sats.core.model.gsvm.GSVMBidder"
}