{
  "bidderPosition": 2,
  "values": {
    "4": 28.67688909983917255885899066925048828125,
    "5": 23.85376392730410799458695692010223865509033203125,
    "6": 3.14139200194616829975302607635967433452606201171875,
    "7": 17.4682365628722351402757340110838413238525390625,
    "14": 17.045918422524810154072838486172258853912353515625,
    "15": 17.352872892989854136658323113806545734405517578125
  },
  "setupType": "Regional Bidder Setup",
  "population": 0,
  "id": 2,
  "worldId": 697,
  "setup": {
    "lowNationalValueInterval": {
      "minValue": 0.0,
      "maxValue": 20.0
    },
    "highNationalValueInterval": {
      "minValue": 0.0,
      "maxValue": 40.0
    },
    "regionalValueInterval": {
      "minValue": 0.0,
      "maxValue": 20.0
    },
    "setupName": "Regional Bidder Setup",
    "numberOfBidders": 6
  },
  "implementation": "org.spectrumauctions.sats.core.model.gsvm.GSVMBidder"
}