{
  "homeId": 10,
  "distanceDiscounts": {
    "0": 1,
    "1": 0.42045,
    "2": 0.17678,
    "3": 0.07433,
    "4": 0.03125,
    "5": 0.01314,
    "6": 0.00552,
    "7": 0.00232
  },
  "alpha": 802.78958212061797894421033561229705810546875,
  "beta": {
    "0": 0.0456717309986161001944537929375655949115753173828125,
    "1": 0.05378893761930625405653927373350597918033599853515625,
    "2": 0.08681212270430814503807681603575474582612514495849609375,
    "3": 0.07096404067040369689767231875521247275173664093017578125,
    "4": 0.05308974331113099076606687276580487377941608428955078125,
    "5": 0.05963206240226461007924996238216408528387546539306640625,
    "6": 0.081107619457792823336461651706486009061336517333984375,
    "7": 0.08539738571811895939678294098484911955893039703369140625,
    "8": 0.0896478182468090079026978855836205184459686279296875,
    "9": 0.095692432776192160037709300013375468552112579345703125,
    "10": 0.0779149355472503746256052181706763803958892822265625,
    "11": 0.0531014932410698581310981580827501602470874786376953125,
    "12": 0.067008824435901725991016064654104411602020263671875,
    "13": 0.0552084158767351118601851567291305400431156158447265625
  },
  "zLow": {
    "0": 0.000007072935806,
    "1": 0.000002910945342,
    "2": 0.000002554979145,
    "3": 0.000001404251997,
    "4": 5.510774644E-7,
    "5": 0.000001187722127,
    "6": 0.00001077398540,
    "7": 1.929433966E-7,
    "8": 0.000002399015165,
    "9": 0.000001438053888,
    "10": 0.000001036289911,
    "11": 4.290809207E-7,
    "12": 5.639559855E-7,
    "13": 0.00002878524176
  },
  "zHigh": {
    "0": 0.000244491396302750533765084517995964923358154029356600521647273563162874565230671406639378648729460765040021089455,
    "1": 0.0001029860259679085310608224350537978583096875360351720839729401624448609435128709151326337973193751787188581573604,
    "2": 0.0000988296906330782801323940634778122824413885864500969881416540821238303781525802531784989791971085024245630177837150,
    "3": 0.0000520926994649727988499514346997047819165849032965885908660917572856212934715185175733261864907010446137820488744975,
    "4": 0.0000194579800416111852342968906750825142343095382931053777252519554745166529690773951783153738677649977281869396332271,
    "5": 0.0000427142958079683907412236497002867118148368345688948719962336249923341151126253545431213419006296395533337752684046,
    "6": 0.00041060479274653153107300870762441084560956890521659183363131146940675758774124409881970067850862915711809774610445,
    "7": 0.0000074359880628607491948290372286866600998378946681993890490084169987303146573204056075964354007181407559376405607661,
    "8": 0.000093477102493766122138646614612305865282021299307232704481873093408808311880921985447248157154417881779665079218,
    "9": 0.00005690270410476503738006528202091575101228827961252748062272163562101343714629133568144634498120888878415635542315,
    "10": 0.000039162943454684497217916504383879858196262610327566017083763638967146526896319402023869506970334947667611801642,
    "11": 0.000015150911381694096336232521316321122538736182679057938154023674031824469071517741434451049495013404550530645141591,
    "12": 0.00002069768232379926210941333676687888230592944803661399651092356321367337372876817969747097944037723754535357081,
    "13": 0.001022476012573025378225936981816607683129411089192996174023502609589698379938476799745133198446144715992454044492990
  },
  "setupType": "Multi Region Model Regional Bidder",
  "population": 0,
  "id": 3,
  "worldId": 331,
  "setup": {
    "exponentFactor": 1.25,
    "base": 2.0,
    "alphaInterval": {
      "minValue": 500.0,
      "maxValue": 840.0
    },
    "betaInterval": {
      "minValue": 0.04,
      "maxValue": 0.1
    },
    "setupName": "Multi Region Model Regional Bidder",
    "numberOfBidders": 4
  },
  "implementation": "org.spectrumauctions.sats.core.model.mrvm.MRVMRegionalBidder"
}