{
  "gammaValues": {
    "1": 0.96990,
    "2": 0.87961
  },
  "alpha": 1067.107268083899498378741554915904998779296875,
  "beta": {
    "0": 0.1111385944082168564239765373713453300297260284423828125,
    "1": 0.1617191130318234026930213076411746442317962646484375,
    "2": 0.10387188604041312778303307595706428401172161102294921875,
    "3": 0.172631628554857030621860758401453495025634765625,
    "4": 0.1502371345312261130544584375456906855106353759765625,
    "5": 0.0846061358261283869008906322051188908517360687255859375,
    "6": 0.145785582939586488837591105038882233202457427978515625,
    "7": 0.1676421745627232062769706999461050145328044891357421875,
    "8": 0.11874590322056588487242834162316285073757171630859375,
    "9": 0.09298320881675263549492882475533406250178813934326171875,
    "10": 0.1142485066479332622702003163794870488345623016357421875,
    "11": 0.172368064030109791051614820389659143984317779541015625,
    "12": 0.211213442492814540418777369268354959785938262939453125,
    "13": 0.138863666714307443239562189774005673825740814208984375
  },
  "zLow": {
    "0": 0.000002906580052,
    "1": 9.682013117E-7,
    "2": 0.000002135353188,
    "3": 5.772487731E-7,
    "4": 1.947358835E-7,
    "5": 8.371298288E-7,
    "6": 0.000005994092764,
    "7": 9.828589794E-8,
    "8": 0.000001811148593,
    "9": 0.000001479954034,
    "10": 7.067266253E-7,
    "11": 1.321871180E-7,
    "12": 1.789186672E-7,
    "13": 0.00001144422898
  },
  "zHigh": {
    "0": 0.000119500723693514907774086837192419500985924000146670572459977949439475726796252131570140397248499508635768544658317,
    "1": 0.000044703705087080159218871572026027734197077587892512088521729791184100376885604717909979534731126185359872036594,
    "2": 0.0000862409119381156160830389582975207632720447970665689888383825751347967975341684267037100294452106797460562226181978,
    "3": 0.00002728260276898961018787061675374846948874827712694119012555035537477870652702022356649663947836864618484700,
    "4": 0.000008767732616866991909668867740594292924142234413732810531789707142841146177682452511927405940537745724946006671,
    "5": 0.000032196526860280329589851310816201191448657302717179500186463765399617961386714982380621535712695382537918330667974,
    "6": 0.00026720801369564785908343855304804022111263555396060749471794543020302342855826723099131416308018795166316671742647,
    "7": 0.000004596263103846893122275492540060836281141964090147627258748237156505991955057131397213693916994433022201751420788,
    "8": 0.0000758411053196742413622175067291574669696793446477597795209065817437927494030394274521318992471433205158026680724,
    "9": 0.0000581597084915117133022136826177261513458257225725266252943417401073598895796868356175106139215132571925532147210673,
    "10": 0.000029276044912888358482459897644808653477789012055792065801810223084549116205902239910578153101094436085309007106879,
    "11": 0.00000624409729933993944602236125216008164978434358544430701349942348144484084096965505841807493270933524337590913435,
    "12": 0.00000914656277618382063912346443763351945154575358477091020147734527845505725112364700221702019966358942824499549258,
    "13": 0.00050224562904940064829656829312689413704401862632185775863639888154896209363358524709770011317718952299366609162921
  },
  "setupType": "Multi Region Model National Bidder",
  "population": 0,
  "id": 9,
  "worldId": 331,
  "setup": {
    "bInterval": {
      "minValue": 0.1,
      "maxValue": 0.3
    },
    "kMax": 2.0,
    "alphaInterval": {
      "minValue": 700.0,
      "maxValue": 1200.0
    },
    "betaInterval": {
      "minValue": 0.08,
      "maxValue": 0.22
    },
    "setupName": "Multi Region Model National Bidder",
    "numberOfBidders": 3
  },
  "implementation": "org.spectrumauctions.sats.core.model.mrvm.MRVMNationalBidder"
}