{
  "homeId": 0,
  "distanceDiscounts": {
    "0": 1,
    "1": 0.42045,
    "2": 0.17678,
    "3": 0.07433,
    "4": 0.03125,
    "5": 0.01314,
    "6": 0.00552,
    "7": 0.00232
  },
  "alpha": 506.70865578186857192122261039912700653076171875,
  "beta": {
    "0": 0.05071218044685034398444400949301780201494693756103515625,
    "1": 0.0640436608866138679108104270198964513838291168212890625,
    "2": 0.096688475942439622290436318508000113070011138916015625,
    "3": 0.06540757242120130710016923103466979227960109710693359375,
    "4": 0.08961010747173116242070278758546919561922550201416015625,
    "5": 0.066034201285897875521868627402000129222869873046875,
    "6": 0.04456124249568312045699514101215754635632038116455078125,
    "7": 0.08585826256885885354730447716065100394189357757568359375,
    "8": 0.04707799257297358430651712524195318110287189483642578125,
    "9": 0.07353918035307359379881830818703747354447841644287109375,
    "10": 0.041733431832693797247646472214910318143665790557861328125,
    "11": 0.053700840404686707441062054613212239928543567657470703125,
    "12": 0.0832893912378254996919935138066648505628108978271484375,
    "13": 0.095263844665051611304562584336963482201099395751953125
  },
  "zLow": {
    "0": 0.000006369933587,
    "1": 0.000002444842397,
    "2": 0.000002293997924,
    "3": 0.000001523545243,
    "4": 3.264872898E-7,
    "5": 0.000001072570254,
    "6": 0.00001961014234,
    "7": 1.919076996E-7,
    "8": 0.000004568301742,
    "9": 0.000001871259297,
    "10": 0.000001934718954,
    "11": 4.242920118E-7,
    "12": 4.537195801E-7,
    "13": 0.00001668195950
  },
  "zHigh": {
    "0": 0.0002234013297373171779625984084801017848085835618487078436795741346208517655814252691417879333000363151072233852607884,
    "1": 0.000089002937631527188091716250013818181110415709859651183248462487062166206873261809855644995705414754897130980785085,
    "2": 0.00009100025399110737859465916071284025694929784557060081568516673744955527802158843305257445363217288530296874318933,
    "3": 0.0000556714968467878168163875245826007653841038789965800804616416556409403667612397908177747770337890973365778311943859,
    "4": 0.0000127202748055765996443633290871516168802875527383195284933174101413934820751557238748112048127699501315025794931237,
    "5": 0.00003925973959441849981265661937377525890681863168055612204272530498590344152254968340060998490495535311747901077,
    "6": 0.0006756895007047688607852085216080930985267146533144161543582876881943823642349347028240227557561121413699398314907502,
    "7": 0.0000074049171528561330014547144413978882517710815043207345861483563655031948285994257092279976579840623841384821819739,
    "8": 0.0001585556998020447041338713522018209963294644701375545931300913943781803671641328812179834452714730055429609055550873,
    "9": 0.0000698988663978023523782146873004217360441563922109641044723447584595879820675999253810324154673310164835949491563234,
    "10": 0.00006611581474868030584421419296788888523689776363630620308560558470169321207805428345323979299306355416250098238467777,
    "11": 0.00001500724411456769775946897465198640881566618969400197664766363254860412652902458199411652321717593068045738783449477,
    "12": 0.000017390590163326750755481346171333263268966954645869253647803583616745062694401219212000076926767997506704226008526,
    "13": 0.00065937754468943320707140332055371712824999455606418822807862654403048241297801048818771492732383284984128054250772
  },
  "setupType": "Multi Region Model Regional Bidder",
  "population": 0,
  "id": 5,
  "worldId": 331,
  "setup": {
    "exponentFactor": 1.25,
    "base": 2.0,
    "alphaInterval": {
      "minValue": 500.0,
      "maxValue": 840.0
    },
    "betaInterval": {
      "minValue": 0.04,
      "maxValue": 0.1
    },
    "setupName": "Multi Region Model Regional Bidder",
    "numberOfBidders": 4
  },
  "implementation": "org.spectrumauctions.sats.core.model.mrvm.MRVMRegionalBidder"
}