{
  "regionsOfInterest": [
    2,
    4,
    5,
    7,
    9,
    11,
    13
  ],
  "alpha": 84.77652712646158761344850063323974609375,
  "beta": {
    "0": 0.11874016200046744184959379708743654191493988037109375,
    "1": 0.0750121325933578442235472039101296104490756988525390625,
    "2": 0.07558126192742271876046089573719655163586139678955078125,
    "3": 0.0875250491516268436242853567819111049175262451171875,
    "4": 0.0897588763332606009992531426178175024688243865966796875,
    "5": 0.09683108800555491335604330060959910042583942413330078125,
    "6": 0.08048360740380326727727577917903545312583446502685546875,
    "7": 0.1132578269266357462452532445240649394690990447998046875,
    "8": 0.0697111710096683656612270851837820373475551605224609375,
    "9": 0.0811056002938794762258112314157187938690185546875,
    "10": 0.0845207345717572666732309016879298724234104156494140625,
    "11": 0.055013189944688310750731119469492114149034023284912109375,
    "12": 0.05864785679215224478699752808097400702536106109619140625,
    "13": 0.1073403590447739863744658350697136484086513519287109375
  },
  "zLow": {
    "0": 0.000002720505144,
    "1": 0.000002087351099,
    "2": 0.000002934631645,
    "3": 0.000001138547156,
    "4": 3.259461607E-7,
    "5": 7.314419517E-7,
    "6": 0.00001085751914,
    "7": 1.454809977E-7,
    "8": 0.000003085107772,
    "9": 0.000001696687707,
    "10": 9.552976788E-7,
    "11": 4.141704496E-7,
    "12": 6.443547929E-7,
    "13": 0.00001480512654
  },
  "zHigh": {
    "0": 0.0001139184764524760288581448403911660679587998584810757729954420891030592832238301285811148100060499144672536599139,
    "1": 0.000078278198688731876310156062937291192710422384985489242272832399884527886481353560224661091980895496477534599452924,
    "2": 0.0001102192656391461958268790142729758912411752153830834631768002327084899189010149519265023956229329083107546498475317,
    "3": 0.000044121554251637488154879614582490674426791589208902245421479366455859472486310315041291498655179120355338384775,
    "4": 0.000012704040931762482104550760444475322046657820092076256168117630043673381474427276051156488317813480453228629560916,
    "5": 0.0000290258905487386663569035032082203927812415359366809330639497910424241737620821417427690533020511900278460303782853,
    "6": 0.0004131108049552233811038458997735218874742370914673324211837476756251628230166806272205125524553017019169341071502284,
    "7": 0.000006012116096789069223272211616840333116880142301405415913228464622764393849962644224192554208853815716670524163213,
    "8": 0.000114059880705391344211266906891521734994960876810010329191684017753417048802957201811870904614795207934298168753103,
    "9": 0.000064661718676722234740267039278024451048415076436106212049404318376142430732007011520260425772715277974108198,
    "10": 0.000036733176518339856090944851591083289107785685303502743566559679362527544496286565240351603998570257749628044334242,
    "11": 0.00001470359724712366053098393501259979490885723116967433325071388672424526389360698532170020681340260586536036141049847,
    "12": 0.0000231096465477613948620551470508467333874412876859681200078426271168490989241555066882961469312648512743235646065325,
    "13": 0.000603072555906017104762554111138546290923256423263685374243064009495092142627884265195876661094089282942999833635949
  },
  "setupType": "Multi Region Model Local Bidder",
  "population": 0,
  "id": 2,
  "worldId": 331,
  "setup": {
    "numberOfRegionsInterval": {
      "minValue": 3,
      "maxValue": 7
    },
    "alphaInterval": {
      "minValue": 60.0,
      "maxValue": 100.0
    },
    "betaInterval": {
      "minValue": 0.05,
      "maxValue": 0.12
    },
    "setupName": "Multi Region Model Local Bidder",
    "numberOfBidders": 3
  },
  "implementation": "org.spectrumauctions.sats.core.model.mrvm.MRVMLocalBidder"
}