{
  "homeId": 1,
  "distanceDiscounts": {
    "0": 1,
    "1": 0.42045,
    "2": 0.17678,
    "3": 0.07433,
    "4": 0.03125,
    "5": 0.01314,
    "6": 0.00552,
    "7": 0.00232
  },
  "alpha": 510.15945682809677919067326001822948455810546875,
  "beta": {
    "0": 0.08687729847750758072066901149810291826725006103515625,
    "1": 0.041666448974202498212182632641997770406305789947509765625,
    "2": 0.05362030944685371169899923415869125165045261383056640625,
    "3": 0.0657198068003146118609691939127515070140361785888671875,
    "4": 0.048194819617792185317828312918209121562540531158447265625,
    "5": 0.07261271839102763359097281181675498373806476593017578125,
    "6": 0.07706434818206810144491925029797130264341831207275390625,
    "7": 0.0530863539376895676724643635679967701435089111328125,
    "8": 0.06427879964705181248252330306058865971863269805908203125,
    "9": 0.070021319603303211476230671905796043574810028076171875,
    "10": 0.047536031572920488252886883628889336250722408294677734375,
    "11": 0.05789261946770850320032053559771156869828701019287109375,
    "12": 0.0775424440306966833436064234774676151573657989501953125,
    "13": 0.049694042940647463468817335296989767812192440032958984375
  },
  "zLow": {
    "0": 0.000003718269642,
    "1": 0.000003757859411,
    "2": 0.000004136551342,
    "3": 0.000001516306889,
    "4": 6.070478396E-7,
    "5": 9.753982713E-7,
    "6": 0.00001133925517,
    "7": 3.103784766E-7,
    "8": 0.000003345838390,
    "9": 0.000001965271088,
    "10": 0.000001698552843,
    "11": 3.935706800E-7,
    "12": 4.873463571E-7,
    "13": 0.00003197943867
  },
  "zHigh": {
    "0": 0.0001438514113920591768142244807548187407934093808910970830762280942534651968306690741255281484622022723365160735299,
    "1": 0.00012839344803928556679376915249287717665078551886878875547049799170214064792308924791120289024102382435324376300663693,
    "2": 0.0001462768565563197150600359660131903259235234973817292707580688968967355435928833308652553108456872692713681709170698,
    "3": 0.000055454346237582417221829094644190835948463947165133144037432728363020756462179808567410914601935604823518580300598,
    "4": 0.00002113709129772883044053748284972624966221526137487957595994889787488901987946804414973818172561569770841635230828853,
    "5": 0.0000363445801375147465724247133938557861418018428292604217777195221273476122109262259886015802400491426184082212977809,
    "6": 0.0004275628855804778545229255878888116794483857019248658567304993358622877178684460137573884020750190875496919005240627,
    "7": 0.000010959040461012126478421982596982348721947152258157852814967272480108181592090452928634420717775349258133626108,
    "8": 0.0001218817992241945319895300040621575546093739771983899212807188175787847539860385468345250298121068556619000370694373,
    "9": 0.00007271922011451424369092621625735431861560005144871463116452799834037156589997284936090722793826145403586828579161,
    "10": 0.00005903083142756193980510941951108842392762792651416434143518109496844355785721463658958573771883446078666919511136199,
    "11": 0.0000140856041604780356000699567866040873992727882658809677874482605949783324264562740242658993344600892073498098074359,
    "12": 0.000018399393473319433160652436305970218896988127942050576696636599645031717509911800354537862197650710361757703094431,
    "13": 0.00111830191969577610223793543160631268406451965245090289540757896220782622830207741381319611720962244987044262356177039
  },
  "setupType": "Multi Region Model Regional Bidder",
  "population": 0,
  "id": 6,
  "worldId": 331,
  "setup": {
    "exponentFactor": 1.25,
    "base": 2.0,
    "alphaInterval": {
      "minValue": 500.0,
      "maxValue": 840.0
    },
    "betaInterval": {
      "minValue": 0.04,
      "maxValue": 0.1
    },
    "setupName": "Multi Region Model Regional Bidder",
    "numberOfBidders": 4
  },
  "implementation": "org.spectrumauctions.sats.core.model.mrvm.MRVMRegionalBidder"
}