{
  "bidderPosition": -1,
  "values": {
    "0": 3.81476894204526928433551802299916744232177734375,
    "1": 7.0148700465937192660703658475540578365325927734375,
    "2": 6.23393323712880675913083905470557510852813720703125,
    "3": 0.290944101055961024115958934999071061611175537109375,
    "4": 19.935043028930611086479984805919229984283447265625,
    "5": 1.972536743347828025463286394369788467884063720703125,
    "6": 4.075826682551248580921310349367558956146240234375,
    "7": 2.73142093260167140300609389669261872768402099609375,
    "8": 6.62332811071192661955819858121685683727264404296875,
    "9": 4.84227603780805626598748858668841421604156494140625,
    "10": 9.609789146448729724170334520749747753143310546875,
    "11": 6.861632379375581791691729449667036533355712890625
  },
  "setupType": "National Bidder Setup",
  "population": 0,
  "id": 6,
  "worldId": 479,
  "setup": {
    "lowNationalValueInterval": {
      "minValue": 0.0,
      "maxValue": 10.0
    },
    "highNationalValueInterval": {
      "minValue": 0.0,
      "maxValue": 20.0
    },
    "regionalValueInterval": {
      "minValue": 0.0,
      "maxValue": 0.0
    },
    "setupName": "National Bidder Setup",
    "numberOfBidders": 1
  },
  "implementation": "org.spectrumauctions.sats.core.model.gsvm.GSVMBidder"
}