{
  "bidderPosition": 4,
  "values": {
    "16": 18.756994749010541312372879474423825740814208984375,
    "17": 2.3132016302316582567755176569335162639617919921875,
    "8": 16.85747289122428327345915022306144237518310546875,
    "9": 10.213290073191284790254940162412822246551513671875,
    "10": 5.7175889637502503859423086396418511867523193359375,
    "11": 5.81282699514009237873324309475719928741455078125
  },
  "setupType": "Regional Bidder Setup",
  "population": 0,
  "id": 4,
  "worldId": 479,
  "setup": {
    "lowNationalValueInterval": {
      "minValue": 0.0,
      "maxValue": 20.0
    },
    "highNationalValueInterval": {
      "minValue": 0.0,
      "maxValue": 40.0
    },
    "regionalValueInterval": {
      "minValue": 0.0,
      "maxValue": 20.0
    },
    "setupName": "Regional Bidder Setup",
    "numberOfBidders": 6
  },
  "implementation": "org.spectrumauctions.sats.core.model.gsvm.GSVMBidder"
}