{
  "bidderPosition": 0,
  "values": {
    "0": 4.966704012107204135872962069697678089141845703125,
    "1": 4.2514849209609817393129560514353215694427490234375,
    "2": 1.854252118628456624804812236106954514980316162109375,
    "3": 12.62128626534413200488415895961225032806396484375,
    "12": 14.0937762673480282415994224720634520053863525390625,
    "13": 12.4157404257085008936201120377518236637115478515625
  },
  "setupType": "Regional Bidder Setup",
  "population": 0,
  "id": 0,
  "worldId": 479,
  "setup": {
    "lowNationalValueInterval": {
      "minValue": 0.0,
      "maxValue": 20.0
    },
    "highNationalValueInterval": {
      "minValue": 0.0,
      "maxValue": 40.0
    },
    "regionalValueInterval": {
      "minValue": 0.0,
      "maxValue": 20.0
    },
    "setupName": "Regional Bidder Setup",
    "numberOfBidders": 6
  },
  "implementation": "org.spectrumauctions.sats.core.model.gsvm.GSVMBidder"
}