{
  "bidderPosition": 3,
  "values": {
    "16": 13.2535835566992670209174320916645228862762451171875,
    "6": 2.69061916082792063065198817639611661434173583984375,
    "7": 31.06524689904581038035757956095039844512939453125,
    "8": 6.5614837645275319033544292324222624301910400390625,
    "9": 11.3359899045182093146877377876080572605133056640625,
    "15": 11.1883139028314673169006709940731525421142578125
  },
  "setupType": "Regional Bidder Setup",
  "population": 0,
  "id": 3,
  "worldId": 479,
  "setup": {
    "lowNationalValueInterval": {
      "minValue": 0.0,
      "maxValue": 20.0
    },
    "highNationalValueInterval": {
      "minValue": 0.0,
      "maxValue": 40.0
    },
    "regionalValueInterval": {
      "minValue": 0.0,
      "maxValue": 20.0
    },
    "setupName": "Regional Bidder Setup",
    "numberOfBidders": 6
  },
  "implementation": "org.spectrumauctions.sats.core.model.gsvm.GSVMBidder"
}