{
  "bidderPosition": -1,
  "values": {
    "0": 4.134811134966394519096866133622825145721435546875,
    "1": 9.4941169456303047269329908885993063449859619140625,
    "2": 8.071430918413764032948165549896657466888427734375,
    "3": 0.8065451794714562083754572086036205291748046875,
    "4": 0.08612654404438035982138899271376430988311767578125,
    "5": 18.1445881382644103041457128711044788360595703125,
    "6": 8.78514807999564339979770011268556118011474609375,
    "7": 8.7950199072267221112042534514330327510833740234375,
    "8": 9.67124811405933115793231991119682788848876953125,
    "9": 9.1863324665973156157861012616194784641265869140625,
    "10": 8.1660029044303854561803746037185192108154296875,
    "11": 1.969715123660493727442144518136046826839447021484375
  },
  "setupType": "National Bidder Setup",
  "population": 0,
  "id": 6,
  "worldId": 1043,
  "setup": {
    "lowNationalValueInterval": {
      "minValue": 0.0,
      "maxValue": 10.0
    },
    "highNationalValueInterval": {
      "minValue": 0.0,
      "maxValue": 20.0
    },
    "regionalValueInterval": {
      "minValue": 0.0,
      "maxValue": 0.0
    },
    "setupName": "National Bidder Setup",
    "numberOfBidders": 1
  },
  "implementation": "org.spectrumauctions.sats.core.model.gsvm.GSVMBidder"
}