{
  "bidderPosition": 3,
  "values": {
    "16": 16.60047614720799202814305317588150501251220703125,
    "6": 18.602139872517998497869484708644449710845947265625,
    "7": 13.3280167471535104795066217775456607341766357421875,
    "8": 19.479178685747204013978262082673609256744384765625,
    "9": 5.27806787380103781259776951628737151622772216796875,
    "15": 13.583592534610541946449302486144006252288818359375
  },
  "setupType": "Regional Bidder Setup",
  "population": 0,
  "id": 3,
  "worldId": 1043,
  "setup": {
    "lowNationalValueInterval": {
      "minValue": 0.0,
      "maxValue": 20.0
    },
    "highNationalValueInterval": {
      "minValue": 0.0,
      "maxValue": 40.0
    },
    "regionalValueInterval": {
      "minValue": 0.0,
      "maxValue": 20.0
    },
    "setupName": "Regional Bidder Setup",
    "numberOfBidders": 6
  },
  "implementation": "org.spectrumauctions.sats.core.model.gsvm.GSVMBidder"
}