{
  "bidderPosition": 2,
  "values": {
    "4": 15.2177866031593822526701842434704303741455078125,
    "5": 21.655037204733588396265986375510692596435546875,
    "6": 34.34708681797039986349773244000971317291259765625,
    "7": 18.3848762022624896417255513370037078857421875,
    "14": 6.4409286474956690682347471010871231555938720703125,
    "15": 5.23560224489239001144369467510841786861419677734375
  },
  "setupType": "Regional Bidder Setup",
  "population": 0,
  "id": 2,
  "worldId": 1043,
  "setup": {
    "lowNationalValueInterval": {
      "minValue": 0.0,
      "maxValue": 20.0
    },
    "highNationalValueInterval": {
      "minValue": 0.0,
      "maxValue": 40.0
    },
    "regionalValueInterval": {
      "minValue": 0.0,
      "maxValue": 20.0
    },
    "setupName": "Regional Bidder Setup",
    "numberOfBidders": 6
  },
  "implementation": "org.spectrumauctions.sats.core.model.gsvm.GSVMBidder"
}