{
  "bidderPosition": 1,
  "values": {
    "2": 2.993244233296359357865412675892002880573272705078125,
    "3": 12.9803029543574606208267141482792794704437255859375,
    "4": 21.010322167640520518716584774665534496307373046875,
    "5": 26.2238654108393376418462139554321765899658203125,
    "13": 19.0049488118030467376229353249073028564453125,
    "14": 13.091928510108498784347830223850905895233154296875
  },
  "setupType": "Regional Bidder Setup",
  "population": 0,
  "id": 1,
  "worldId": 134,
  "setup": {
    "lowNationalValueInterval": {
      "minValue": 0.0,
      "maxValue": 20.0
    },
    "highNationalValueInterval": {
      "minValue": 0.0,
      "maxValue": 40.0
    },
    "regionalValueInterval": {
      "minValue": 0.0,
      "maxValue": 20.0
    },
    "setupName": "Regional Bidder Setup",
    "numberOfBidders": 6
  },
  "implementation": "org.spectrumauctions.sats.core.model.gsvm.GSVMBidder"
}