{
  "bidderPosition": 1,
  "values": {
    "2": 16.121917805589280447975397692061960697174072265625,
    "3": 1.567676016879480105359334629611112177371978759765625,
    "4": 35.8095137027779770733104669488966464996337890625,
    "5": 38.86021512651795006831889622844755649566650390625,
    "13": 14.0126600053546734869769352371804416179656982421875,
    "14": 7.654286476105031766792308189906179904937744140625
  },
  "setupType": "Regional Bidder Setup",
  "population": 0,
  "id": 1,
  "worldId": 393,
  "setup": {
    "lowNationalValueInterval": {
      "minValue": 0.0,
      "maxValue": 20.0
    },
    "highNationalValueInterval": {
      "minValue": 0.0,
      "maxValue": 40.0
    },
    "regionalValueInterval": {
      "minValue": 0.0,
      "maxValue": 20.0
    },
    "setupName": "Regional Bidder Setup",
    "numberOfBidders": 6
  },
  "implementation": "org.spectrumauctions.sats.core.model.gsvm.GSVMBidder"
}