{
  "bidderPosition": 5,
  "values": {
    "0": 15.0564890996795242017469718120992183685302734375,
    "1": 4.22439632673003107043996351421810686588287353515625,
    "17": 19.236461648341251162719345302321016788482666015625,
    "10": 4.253324224420122590117898653261363506317138671875,
    "11": 3.058907190065307535320471288287080824375152587890625,
    "12": 11.947886110375410595452194684185087680816650390625
  },
  "setupType": "Regional Bidder Setup",
  "population": 0,
  "id": 5,
  "worldId": 393,
  "setup": {
    "lowNationalValueInterval": {
      "minValue": 0.0,
      "maxValue": 20.0
    },
    "highNationalValueInterval": {
      "minValue": 0.0,
      "maxValue": 40.0
    },
    "regionalValueInterval": {
      "minValue": 0.0,
      "maxValue": 20.0
    },
    "setupName": "Regional Bidder Setup",
    "numberOfBidders": 6
  },
  "implementation": "org.spectrumauctions.sats.core.model.gsvm.GSVMBidder"
}