{
  "bidderPosition": 4,
  "values": {
    "16": 10.0952893137468979745108299539424479007720947265625,
    "17": 0.3489802367297389906752869137562811374664306640625,
    "8": 7.64130368717423902324981099809519946575164794921875,
    "9": 14.496284492882633543331394321285188198089599609375,
    "10": 0.88046469198721499793691691593267023563385009765625,
    "11": 2.78211209081713040092154187732376158237457275390625
  },
  "setupType": "Regional Bidder Setup",
  "population": 0,
  "id": 4,
  "worldId": 393,
  "setup": {
    "lowNationalValueInterval": {
      "minValue": 0.0,
      "maxValue": 20.0
    },
    "highNationalValueInterval": {
      "minValue": 0.0,
      "maxValue": 40.0
    },
    "regionalValueInterval": {
      "minValue": 0.0,
      "maxValue": 20.0
    },
    "setupName": "Regional Bidder Setup",
    "numberOfBidders": 6
  },
  "implementation": "org.spectrumauctions.sats.core.model.gsvm.GSVMBidder"
}