{
  "bidderPosition": 1,
  "values": {
    "2": 14.6916922827114166949513673898763954639434814453125,
    "3": 19.053587483743665842439440893940627574920654296875,
    "4": 12.0271327694662577556528049171902239322662353515625,
    "5": 5.050869889392970435437746345996856689453125,
    "13": 19.802525201077674665839367662556469440460205078125,
    "14": 11.13534158613075675248182960785925388336181640625
  },
  "setupType": "Regional Bidder Setup",
  "population": 0,
  "id": 1,
  "worldId": 952,
  "setup": {
    "lowNationalValueInterval": {
      "minValue": 0.0,
      "maxValue": 20.0
    },
    "highNationalValueInterval": {
      "minValue": 0.0,
      "maxValue": 40.0
    },
    "regionalValueInterval": {
      "minValue": 0.0,
      "maxValue": 20.0
    },
    "setupName": "Regional Bidder Setup",
    "numberOfBidders": 6
  },
  "implementation": "org.spectrumauctions.sats.core.model.gsvm.GSVMBidder"
}