{
  "bidderPosition": -1,
  "values": {
    "0": 1.9843859162025190290279397231643088161945343017578125,
    "1": 6.67235641364831177924088478903286159038543701171875,
    "2": 2.626531101640854348744369417545385658740997314453125,
    "3": 5.9845365502768128607158359955064952373504638671875,
    "4": 11.3131547942673176265770962345413863658905029296875,
    "5": 19.7170661366152586424504988826811313629150390625,
    "6": 1.951480065613127035106799667119048535823822021484375,
    "7": 18.4797372682761107398619060404598712921142578125,
    "8": 1.8892475339977521375800506575615145266056060791015625,
    "9": 5.0506902957957020561252647894434630870819091796875,
    "10": 5.683630436948558184440116747282445430755615234375,
    "11": 9.45530714164225827289556036703288555145263671875
  },
  "setupType": "National Bidder Setup",
  "population": 0,
  "id": 6,
  "worldId": 952,
  "setup": {
    "lowNationalValueInterval": {
      "minValue": 0.0,
      "maxValue": 10.0
    },
    "highNationalValueInterval": {
      "minValue": 0.0,
      "maxValue": 20.0
    },
    "regionalValueInterval": {
      "minValue": 0.0,
      "maxValue": 0.0
    },
    "setupName": "National Bidder Setup",
    "numberOfBidders": 1
  },
  "implementation": "org.spectrumauctions.sats.core.model.gsvm.GSVMBidder"
}