{
  "bidderPosition": 2,
  "values": {
    "4": 19.99398416959930813163737184368073940277099609375,
    "5": 16.29533579885994498681611730717122554779052734375,
    "6": 26.28152773629125249499338679015636444091796875,
    "7": 21.332281961482980392474928521551191806793212890625,
    "14": 0.467738278600451362621015505283139646053314208984375,
    "15": 6.80361436373181138748122975812293589115142822265625
  },
  "setupType": "Regional Bidder Setup",
  "population": 0,
  "id": 2,
  "worldId": 952,
  "setup": {
    "lowNationalValueInterval": {
      "minValue": 0.0,
      "maxValue": 20.0
    },
    "highNationalValueInterval": {
      "minValue": 0.0,
      "maxValue": 40.0
    },
    "regionalValueInterval": {
      "minValue": 0.0,
      "maxValue": 20.0
    },
    "setupName": "Regional Bidder Setup",
    "numberOfBidders": 6
  },
  "implementation": "org.spectrumauctions.sats.core.model.gsvm.GSVMBidder"
}