{
  "bidderPosition": 3,
  "values": {
    "16": 1.1854752255490819123906476306729018688201904296875,
    "6": 22.92537055729946615656444919295608997344970703125,
    "7": 7.00107778454830853576140725635923445224761962890625,
    "8": 1.77513056743452413144268575706519186496734619140625,
    "9": 15.30912826766557799373913439922034740447998046875,
    "15": 7.69335314628226907274211043841205537319183349609375
  },
  "setupType": "Regional Bidder Setup",
  "population": 0,
  "id": 3,
  "worldId": 677,
  "setup": {
    "lowNationalValueInterval": {
      "minValue": 0.0,
      "maxValue": 20.0
    },
    "highNationalValueInterval": {
      "minValue": 0.0,
      "maxValue": 40.0
    },
    "regionalValueInterval": {
      "minValue": 0.0,
      "maxValue": 20.0
    },
    "setupName": "Regional Bidder Setup",
    "numberOfBidders": 6
  },
  "implementation": "org.spectrumauctions.sats.core.model.gsvm.GSVMBidder"
}