{
  "bidderPosition": 4,
  "values": {
    "16": 15.7557363223110602490351084270514547824859619140625,
    "17": 14.240338789579094935788816655986011028289794921875,
    "8": 1.42324932370776924273059194092638790607452392578125,
    "9": 17.29905580897178651866852305829524993896484375,
    "10": 7.72606988907769132168823489337228238582611083984375,
    "11": 11.45981633219192730166469118557870388031005859375
  },
  "setupType": "Regional Bidder Setup",
  "population": 0,
  "id": 4,
  "worldId": 677,
  "setup": {
    "lowNationalValueInterval": {
      "minValue": 0.0,
      "maxValue": 20.0
    },
    "highNationalValueInterval": {
      "minValue": 0.0,
      "maxValue": 40.0
    },
    "regionalValueInterval": {
      "minValue": 0.0,
      "maxValue": 20.0
    },
    "setupName": "Regional Bidder Setup",
    "numberOfBidders": 6
  },
  "implementation": "org.spectrumauctions.sats.core.model.gsvm.GSVMBidder"
}