{
  "bidderPosition": 0,
  "values": {
    "0": 8.55967834583456266273060464300215244293212890625,
    "1": 6.27204467296027079470377429970540106296539306640625,
    "2": 6.249583034654282442943440400995314121246337890625,
    "3": 9.2450613227627087553628371097147464752197265625,
    "12": 1.34866911462882654859640751965343952178955078125,
    "13": 13.6410518115527565896627493202686309814453125
  },
  "setupType": "Regional Bidder Setup",
  "population": 0,
  "id": 0,
  "worldId": 677,
  "setup": {
    "lowNationalValueInterval": {
      "minValue": 0.0,
      "maxValue": 20.0
    },
    "highNationalValueInterval": {
      "minValue": 0.0,
      "maxValue": 40.0
    },
    "regionalValueInterval": {
      "minValue": 0.0,
      "maxValue": 20.0
    },
    "setupName": "Regional Bidder Setup",
    "numberOfBidders": 6
  },
  "implementation": "org.spectrumauctions.sats.core.model.gsvm.GSVMBidder"
}