{
  "regionsOfInterest": [
    6,
    7,
    9,
    10,
    11,
    12,
    13
  ],
  "alpha": 83.22819303574163996017887257039546966552734375,
  "beta": {
    "0": 0.11527589917678161823832994059557677246630191802978515625,
    "1": 0.1026783327510638332835668506959336809813976287841796875,
    "2": 0.073063326335355061047494018566794693470001220703125,
    "3": 0.0998965320579504878484300434138276614248752593994140625,
    "4": 0.05076233896163213910046607679760199971497058868408203125,
    "5": 0.0802259104608968043326200358933419920504093170166015625,
    "6": 0.07238626856058794079018525735591538250446319580078125,
    "7": 0.0944868857893510216694465952969039790332317352294921875,
    "8": 0.069412745806577469398490620733355171978473663330078125,
    "9": 0.1151649148728159932630887851701118052005767822265625,
    "10": 0.06814894209556589255161185292308800853788852691650390625,
    "11": 0.096236318010999521987969274050556123256683349609375,
    "12": 0.1052472704981875784024936137939221225678920745849609375,
    "13": 0.05173476552763454916483709666863433085381984710693359375
  },
  "zLow": {
    "0": 0.000002912594619,
    "1": 0.000001584964656,
    "2": 0.000003155292808,
    "3": 0.000001036822342,
    "4": 5.990361410E-7,
    "5": 9.175957545E-7,
    "6": 0.00001254738491,
    "7": 1.812484632E-7,
    "8": 0.000003220363282,
    "9": 0.000001241949503,
    "10": 0.000001231442788,
    "11": 2.460811297E-7,
    "12": 3.731966533E-7,
    "13": 0.00003192743687
  },
  "zHigh": {
    "0": 0.000120953034902392660074524842602587768048069968042650868519678620083260165567738390372195398869514336725405984908086,
    "1": 0.00006382309250026527752520453458458340323757634008318275097153698739408828922816841377219227846727141753212437354580,
    "2": 0.0001177124030310070005548046478857972275761039114603762336216692696036411944400872443634981553182734625201419984,
    "3": 0.00004146216588856587826481931984739603848700456378696975157665218871501356440581745724343023943357855369122544552459,
    "4": 0.000021011931791061006250538076632935064266872364484218835794045878670552449526458449816277005545796951627524129739912,
    "5": 0.00003488936811676198072667820198253816054083141584429470242452423993548347326784132240514529681228407222004893360847,
    "6": 0.000467247384321221138153740781679429379964106031171331090393395982510612130386559943117017752228772577918122604842,
    "7": 0.00000715001417950341165650657374765624509301087063339477051805238336363412443961311796637730285051925896849653308919,
    "8": 0.0001189643242462067121873922631104051795853212341905998048060387196906330184341305446005581907039919765459474863460,
    "9": 0.00005156138595586762243913576543692090664848908638578037568846153831336925952321846754573299734961319331714258662,
    "10": 0.000045335435964396530394561569801082558600861717130987059454637154316841713049284408427817749376660480049779452270453,
    "11": 0.0000097506280751841692293184633763612296942946483195937789279754888125931701541555212234963738392927350390650680,
    "12": 0.00001512369250966630024097699041524602088472080123496771377672575568609983316841284071997357704049329269693959734263,
    "13": 0.001122998952117047502176147607226051019561636310394936814102783796115536711453538039926175535540426631845715959427283
  },
  "setupType": "Multi Region Model Local Bidder",
  "population": 0,
  "id": 2,
  "worldId": 3,
  "setup": {
    "numberOfRegionsInterval": {
      "minValue": 3,
      "maxValue": 7
    },
    "alphaInterval": {
      "minValue": 60.0,
      "maxValue": 100.0
    },
    "betaInterval": {
      "minValue": 0.05,
      "maxValue": 0.12
    },
    "setupName": "Multi Region Model Local Bidder",
    "numberOfBidders": 3
  },
  "implementation": "org.spectrumauctions.sats.core.model.mrvm.MRVMLocalBidder"
}