{
  "bidderPosition": 2,
  "values": {
    "4": 24.5239049493809915247766184620559215545654296875,
    "5": 39.0911510112090780921789701096713542938232421875,
    "6": 2.21524585950569008474531074170954525470733642578125,
    "7": 10.37354892167554254456263151951134204864501953125,
    "14": 5.6397694168430927419422005186788737773895263671875,
    "15": 1.5108680116729278353204790619201958179473876953125
  },
  "setupType": "Regional Bidder Setup",
  "population": 0,
  "id": 2,
  "worldId": 680,
  "setup": {
    "lowNationalValueInterval": {
      "minValue": 0.0,
      "maxValue": 20.0
    },
    "highNationalValueInterval": {
      "minValue": 0.0,
      "maxValue": 40.0
    },
    "regionalValueInterval": {
      "minValue": 0.0,
      "maxValue": 20.0
    },
    "setupName": "Regional Bidder Setup",
    "numberOfBidders": 6
  },
  "implementation": "org.spectrumauctions.sats.core.model.gsvm.GSVMBidder"
}