{
  "bidderPosition": 2,
  "values": {
    "4": 25.73075367695395954115156200714409351348876953125,
    "5": 3.8300829681495773826327422284521162509918212890625,
    "6": 4.58324443428921757259786318172700703144073486328125,
    "7": 10.97555889619369651200031512416899204254150390625,
    "14": 15.431361757478125440457006334327161312103271484375,
    "15": 7.6219059237383106619745376519858837127685546875
  },
  "setupType": "Regional Bidder Setup",
  "population": 0,
  "id": 2,
  "worldId": 633,
  "setup": {
    "lowNationalValueInterval": {
      "minValue": 0.0,
      "maxValue": 20.0
    },
    "highNationalValueInterval": {
      "minValue": 0.0,
      "maxValue": 40.0
    },
    "regionalValueInterval": {
      "minValue": 0.0,
      "maxValue": 20.0
    },
    "setupName": "Regional Bidder Setup",
    "numberOfBidders": 6
  },
  "implementation": "org.spectrumauctions.sats.core.model.gsvm.GSVMBidder"
}