{
  "bidderPosition": 5,
  "values": {
    "0": 2.036631919147222635757543685031123459339141845703125,
    "1": 0.43882145514852144430051339440979063510894775390625,
    "17": 0.81604076426105454089565682807005941867828369140625,
    "10": 17.497038093847134376801477628760039806365966796875,
    "11": 0.749852349757438307875645477906800806522369384765625,
    "12": 3.926352560595827156930681667290627956390380859375
  },
  "setupType": "Regional Bidder Setup",
  "population": 0,
  "id": 5,
  "worldId": 633,
  "setup": {
    "lowNationalValueInterval": {
      "minValue": 0.0,
      "maxValue": 20.0
    },
    "highNationalValueInterval": {
      "minValue": 0.0,
      "maxValue": 40.0
    },
    "regionalValueInterval": {
      "minValue": 0.0,
      "maxValue": 20.0
    },
    "setupName": "Regional Bidder Setup",
    "numberOfBidders": 6
  },
  "implementation": "org.spectrumauctions.sats.core.model.gsvm.GSVMBidder"
}