{
  "gammaValues": {
    "1": 0.96818,
    "2": 0.87274
  },
  "alpha": 933.437018124969881682773120701313018798828125,
  "beta": {
    "0": 0.14603418677349455645497755540418438613414764404296875,
    "1": 0.0904776602482942615690575394182815216481685638427734375,
    "2": 0.1624394802150158356734976905499934218823909759521484375,
    "3": 0.11909012011872432967862778241396881639957427978515625,
    "4": 0.182904502755613374009868721259408630430698394775390625,
    "5": 0.21924745804573453344943345655337907373905181884765625,
    "6": 0.218556889372525209314090943735209293663501739501953125,
    "7": 0.1686083613911834866438965718771214596927165985107421875,
    "8": 0.132721872043015276521060741288238205015659332275390625,
    "9": 0.21511505525693930263031461436185054481029510498046875,
    "10": 0.0904817575916216920717261018580757081508636474609375,
    "11": 0.181839859546291560121744623756967484951019287109375,
    "12": 0.09763324595369869685068664466598420403897762298583984375,
    "13": 0.1476214695641460128427979725529439747333526611328125
  },
  "zLow": {
    "0": 0.000002320643386,
    "1": 0.000001815521564,
    "2": 0.000001432490991,
    "3": 8.778562554E-7,
    "4": 1.678087628E-7,
    "5": 3.389033532E-7,
    "6": 0.000004194587826,
    "7": 1.025206009E-7,
    "8": 0.000001699988465,
    "9": 6.711161734E-7,
    "10": 9.361742958E-7,
    "11": 1.314536368E-7,
    "12": 4.060646995E-7,
    "13": 0.00001129383396
  },
  "zHigh": {
    "0": 0.0001035086285278137809811332695418594712623552072297535331529110252354283238958975724268837069873101181207050040092,
    "1": 0.000070892061237465173569154380859762727146239071259424100228254858907382298966893667391029126975887132711772105431568,
    "2": 0.000066244038926779206723912432747150038818986228497206168779504330143796588052750540483003436767198072880725810630522,
    "3": 0.0000367900883519143277243518661593358912240168179829092898043306719567675720238764242704135298894852528159772754978,
    "4": 0.00000810356071124717035830579117117469330870847334580510312223751609749283234775841325327762905539575831334304973906,
    "5": 0.0000175974704629029900242381483261759073890315489087484776679323982891382196593690549002323435129437491369752808057,
    "6": 0.00021751324150193455338723198319960346576961004728439060930626539755050330950553331377518059913534414474017155466898,
    "7": 0.000004804201079249859367383557879000060876023719411351768169538449746160155969210168662637284820934019605724105830674,
    "8": 0.00007356221909998271095477088817409115333691697532604735009382695020839763062275117314913428384135878279788667916152,
    "9": 0.0000345702044705230242229616407925777396011091348267678718885430305529791581821830449878600749705210138878050062867,
    "10": 0.000036555898442049373949232817604889824597328958703319320303235986542774654722905679784410768454977852805002430866,
    "11": 0.00000633396018923715436754157129376729218063238329913000015588875189703526424706986344025548095498542041656615965,
    "12": 0.0000161464824490371159108152427929114696812538391184339308461861442654911130844165958539592302248209389702560084126870,
    "13": 0.000505536255067722072018392737655123582606291946125093174576957276339120563334000711136070364719335826098874841518
  },
  "setupType": "Multi Region Model National Bidder",
  "population": 0,
  "id": 9,
  "worldId": 927,
  "setup": {
    "bInterval": {
      "minValue": 0.1,
      "maxValue": 0.3
    },
    "kMax": 2.0,
    "alphaInterval": {
      "minValue": 700.0,
      "maxValue": 1200.0
    },
    "betaInterval": {
      "minValue": 0.08,
      "maxValue": 0.22
    },
    "setupName": "Multi Region Model National Bidder",
    "numberOfBidders": 3
  },
  "implementation": "org.spectrumauctions.sats.core.model.mrvm.MRVMNationalBidder"
}