{
  "gammaValues": {
    "1": 0.93804,
    "2": 0.75216
  },
  "alpha": 1196.005928762883968374808318912982940673828125,
  "beta": {
    "0": 0.153323267248244576865801036547054536640644073486328125,
    "1": 0.1684246158804638959782806750808958895504474639892578125,
    "2": 0.1610933576395522093260836982153705321252346038818359375,
    "3": 0.16377435871129641942189891778980381786823272705078125,
    "4": 0.10471077822882578212126958305816515348851680755615234375,
    "5": 0.1822578340488829606869103372446261346340179443359375,
    "6": 0.08541162438818426794195914908414124511182308197021484375,
    "7": 0.1087749927860083565267501626294688321650028228759765625,
    "8": 0.1895202066539167784497976754209958016872406005859375,
    "9": 0.1947395968981708858080992285977117717266082763671875,
    "10": 0.1339127219211635744233745981546235270798206329345703125,
    "11": 0.11599020089018570456307344329616171307861804962158203125,
    "12": 0.1875033892492962428466540814042673446238040924072265625,
    "13": 0.1962173626155974959228700527091859839856624603271484375
  },
  "zLow": {
    "0": 0.000002210318602,
    "1": 9.752977163E-7,
    "2": 0.000001444461122,
    "3": 6.383417266E-7,
    "4": 2.931214802E-7,
    "5": 4.076845261E-7,
    "6": 0.00001073338757,
    "7": 1.589136445E-7,
    "8": 0.000001190509738,
    "9": 7.413345566E-7,
    "10": 6.325515193E-7,
    "11": 2.060821576E-7,
    "12": 2.114383897E-7,
    "13": 0.000008496762687
  },
  "zHigh": {
    "0": 0.00010019888499815834515775134519937105092945759274362694334910422163389671231707065532303502959027318279615233212097,
    "1": 0.000045685345809560177898543920478329776405254164904638595711821813377847634307557769624494505956981336845758630856185,
    "2": 0.000066603142832176943317074363210450511764828709312151843914049939012514609769819691505518242892020649839444719949042,
    "3": 0.0000296046524861461178538245639592862511561486376833033671143657557439654081106574286196476895951225151747495806673,
    "4": 0.0000118629422341852635694792556933220193804535771389823456875221941225064403449173641004007380600879192472575421002491,
    "5": 0.000019660905651049237725788262553700269663193571678939247340033667804397735248360757690772638340076078612767378356,
    "6": 0.0004136772337690537267072018378726972117398150229629628192802471860897128233835964009715547891625864739904619101965417,
    "7": 0.000006495992385038087314257224223878396143237600834415150385059167364740969848914680106380811372860051689063271906843,
    "8": 0.000058277857283738091439447212067226530289216310870957205118173315837844399211990228632294758448096949876689061946,
    "9": 0.000036676755967175363099204188192310483737302892066082611636385019506980765701519303179819508116360844624082765156,
    "10": 0.000027447215145478092262311381610191103013411132248619942944173899857626710655099982773453320388135622106361474599457,
    "11": 0.0000085728158113305426151486129024669557623484812097075457524696399488838342782835187581528062987427712283282478459872,
    "12": 0.000010307693155365970688500318858554448916525676415715146618900744397574756287350372955095131154983623356001769266196,
    "13": 0.000421624117085061420021504551658163197697093544513529054842106084602816840471256700927321654399681863547544155763521
  },
  "setupType": "Multi Region Model National Bidder",
  "population": 0,
  "id": 7,
  "worldId": 927,
  "setup": {
    "bInterval": {
      "minValue": 0.1,
      "maxValue": 0.3
    },
    "kMax": 2.0,
    "alphaInterval": {
      "minValue": 700.0,
      "maxValue": 1200.0
    },
    "betaInterval": {
      "minValue": 0.08,
      "maxValue": 0.22
    },
    "setupName": "Multi Region Model National Bidder",
    "numberOfBidders": 3
  },
  "implementation": "org.spectrumauctions.sats.core.model.mrvm.MRVMNationalBidder"
}