{
  "gammaValues": {
    "1": 0.94036,
    "2": 0.76142
  },
  "alpha": 854.767710951140543329529464244842529296875,
  "beta": {
    "0": 0.18577488436045686004405297353514470160007476806640625,
    "1": 0.1910148588783482370700994579237885773181915283203125,
    "2": 0.16022204655801297601414034943445585668087005615234375,
    "3": 0.167349613431112043127058086611214093863964080810546875,
    "4": 0.10783775829661756961996843529050238430500030517578125,
    "5": 0.1511071844384814510942049992081592790782451629638671875,
    "6": 0.1837526747120862002926600098362541757524013519287109375,
    "7": 0.08889059825290367145012027094708173535764217376708984375,
    "8": 0.1304032630171329254498147065532975830137729644775390625,
    "9": 0.159643263993537676270761949126608669757843017578125,
    "10": 0.17597820236455419262711075134575366973876953125,
    "11": 0.128869725219722786047071849679923616349697113037109375,
    "12": 0.202592828196087315628659553112811408936977386474609375,
    "13": 0.1912535379551917047447062714127241633832454681396484375
  },
  "zLow": {
    "0": 0.000001824214672,
    "1": 8.599547920E-7,
    "2": 0.000001452316314,
    "3": 6.247042032E-7,
    "4": 2.846218133E-7,
    "5": 4.917284309E-7,
    "6": 0.000004989076044,
    "7": 1.944618539E-7,
    "8": 0.000001730214769,
    "9": 9.043112068E-7,
    "10": 4.813476588E-7,
    "11": 1.854858526E-7,
    "12": 1.956901191E-7,
    "13": 0.000008717289013
  },
  "zHigh": {
    "0": 0.0000886157670986204412283195387921848765075775377177022666833316316706444732493506399577745663365135638913817544554,
    "1": 0.000042225058080998716752569497894427264697643453431623037821168666153335672199928593805413602941531565725107669605,
    "2": 0.0000668387986002932979334215396848154970664480814582187545196975582007761851865421950136294075776316744518850676128,
    "3": 0.00002919552678387824352212634868998394201073915677245325373071261719581839515594883405907129076388176367749844525347,
    "4": 0.0000116079522268886415517151010765799706636317113120913934718793269305545211959302389649758813088925573194691003596,
    "5": 0.000022182222794885590255411456611453567599790841260554002762614624519045660832699224168493387693044651470984765863134,
    "6": 0.000241347888043227568299061629935216874807977507080733663023402657937400112597994162094536647755562399426049843299653,
    "7": 0.0000075624386676815220239766429885801896921655847132221925310798791373601289695544506957790945716496974193178745138885,
    "8": 0.000074469008203454377937763809086256082694431751057600770448579054176070201050603010977689162167302688825754620365991,
    "9": 0.00004156605547271507955056986052057273845722522948811854339876769196104305301874123476428523437759358207882510197,
    "10": 0.0000229110993305978056526807258264759034201708630385093977845788007919763842278247991396069642351717680118225,
    "11": 0.00000795492666226695787121403898950808076650430754507521182787106099013995223297008934859879042147759857982168672478,
    "12": 0.00000983524503869586800908764851014916759884048606742536468383807177461092157742201959992936437979811437486713549198,
    "13": 0.000428239906879955798484928497308670414095087997440742401120620450405143608461825298861215860943451722685148808607632
  },
  "setupType": "Multi Region Model National Bidder",
  "population": 0,
  "id": 8,
  "worldId": 927,
  "setup": {
    "bInterval": {
      "minValue": 0.1,
      "maxValue": 0.3
    },
    "kMax": 2.0,
    "alphaInterval": {
      "minValue": 700.0,
      "maxValue": 1200.0
    },
    "betaInterval": {
      "minValue": 0.08,
      "maxValue": 0.22
    },
    "setupName": "Multi Region Model National Bidder",
    "numberOfBidders": 3
  },
  "implementation": "org.spectrumauctions.sats.core.model.mrvm.MRVMNationalBidder"
}