{
  "homeId": 7,
  "distanceDiscounts": {
    "0": 1,
    "1": 0.42045,
    "2": 0.17678,
    "3": 0.07433,
    "4": 0.03125,
    "5": 0.01314,
    "6": 0.00552,
    "7": 0.00232
  },
  "alpha": 683.5767323324599828993086703121662139892578125,
  "beta": {
    "0": 0.09838819893210910827452408966564689762890338897705078125,
    "1": 0.091090721724106871182158329247613437473773956298828125,
    "2": 0.0870644884730319701393597142669023014605045318603515625,
    "3": 0.040726988602958320850877527163902414031326770782470703125,
    "4": 0.055974932735124112437308241396749508567154407501220703125,
    "5": 0.090707205742856567010079515966936014592647552490234375,
    "6": 0.09240559590467223305410016109817661345005035400390625,
    "7": 0.0719956110017732908712417838614783249795436859130859375,
    "8": 0.0963340739190576000883226015503169037401676177978515625,
    "9": 0.056776923265420296826899715370018384419381618499755859375,
    "10": 0.06635233592522504775246261488064192235469818115234375,
    "11": 0.094733031350568930317734839263721369206905364990234375,
    "12": 0.04803198824293508639726724140928126871585845947265625,
    "13": 0.079020536425185750051269906180095858871936798095703125
  },
  "zLow": {
    "0": 0.000003444450385,
    "1": 0.000001803302687,
    "2": 0.000002672652147,
    "3": 0.000002566946649,
    "4": 5.483343490E-7,
    "5": 8.191598241E-7,
    "6": 0.000009921001628,
    "7": 2.400956154E-7,
    "8": 0.000002342116786,
    "9": 0.000002542708982,
    "10": 0.000001276619648,
    "11": 2.523249865E-7,
    "12": 8.253960771E-7,
    "13": 0.00002109846935
  },
  "zHigh": {
    "0": 0.0001372228384839684641558367653127063627822436385154221891723227420606428827227251250117124878127282618133856030860922,
    "1": 0.00007052549492591623540710263444071849170905154298543233314953664349654645874837574536309505346016551812661985863773,
    "2": 0.000103448873586824360895649908511837597751737557629223542191781504797368461270857069139531699265287526739722566004632,
    "3": 0.00008746280014790438251861787713924613046496676026605742022694075827377424762313487702623184756062067049185871453523501,
    "4": 0.00001951932829959298854565251176781470823289206167289514109947905959946207497492886701287450098994348784353733715955052,
    "5": 0.00003200516459011773627532844778397997522284508948151767032894511139234943604805891636522462445708884422685066921851,
    "6": 0.0003893056555579232935460102584123474932767554386235418971988169024896904140819063951071981458723909513538525978825,
    "7": 0.000008931451512656224793232505648249679366286197294955502642210102831603663730659607308195924386793067126163033159162,
    "8": 0.000092826068709589159799268232708885153489118884733381518990771105883590876207454755718202917394822590000171418122582,
    "9": 0.00009071798870490682955248630968966437209434140066255354405014636917843184864798204655694022092328329054447673014286302,
    "10": 0.0000467692589909953610770715491418140723953561239094678052656577843586794495451127063287755841861885245728917154985,
    "11": 0.00000996010067893577655681425163376224726967935413414685675952306635517875554280681336789552350327660716056163694862,
    "12": 0.0000287264237792219241504749018943883009291225652888643892713387642576386823323493155415499225499410405867860912421,
    "13": 0.00079967531671577389601009877577006670743300362133408747922503731476673026920351701449839597169082680890366538928185
  },
  "setupType": "Multi Region Model Regional Bidder",
  "population": 0,
  "id": 6,
  "worldId": 927,
  "setup": {
    "exponentFactor": 1.25,
    "base": 2.0,
    "alphaInterval": {
      "minValue": 500.0,
      "maxValue": 840.0
    },
    "betaInterval": {
      "minValue": 0.04,
      "maxValue": 0.1
    },
    "setupName": "Multi Region Model Regional Bidder",
    "numberOfBidders": 4
  },
  "implementation": "org.spectrumauctions.sats.core.model.mrvm.MRVMRegionalBidder"
}