{
  "regionsOfInterest": [
    4,
    5,
    10,
    13
  ],
  "alpha": 74.839866701407373739129980094730854034423828125,
  "beta": {
    "0": 0.08841509303611350123475176587817259132862091064453125,
    "1": 0.06621365497060947846730272203785716556012630462646484375,
    "2": 0.058417472947307945430051034918506047688424587249755859375,
    "3": 0.06735723404156017390942423617161693982779979705810546875,
    "4": 0.0881218132697320355450898432536632753908634185791015625,
    "5": 0.0951707383962765718354859245664556510746479034423828125,
    "6": 0.073775370989495936413504750817082822322845458984375,
    "7": 0.103388935216795652127785842822049744427204132080078125,
    "8": 0.079163604330552528320907867964706383645534515380859375,
    "9": 0.0766675027061970715269723086748854257166385650634765625,
    "10": 0.1006998582098802275108795356572954915463924407958984375,
    "11": 0.1110700927656198266912923600102658383548259735107421875,
    "12": 0.0683671368872002804817356036437558941543102264404296875,
    "13": 0.079472621388505138018132356592104770243167877197265625
  },
  "zLow": {
    "0": 0.000003832979846,
    "1": 0.000002480819754,
    "2": 0.000003983278979,
    "3": 0.000001552082837,
    "4": 3.483017106E-7,
    "5": 7.807410130E-7,
    "6": 0.00001242631593,
    "7": 1.671922677E-7,
    "8": 0.000002850118479,
    "9": 0.000001883029806,
    "10": 8.411798905E-7,
    "11": 2.152110461E-7,
    "12": 5.798899366E-7,
    "13": 0.00002097844939
  },
  "zHigh": {
    "0": 0.0001488787223114993510344907635173530241015474585991270914414747190893365516016979593280447760724411040218128014875,
    "1": 0.0000908510069380496383666775941707431767327227688560799049266096529430916598348269835617848825653456155217823334950003,
    "2": 0.00014276767856075001073751725264609901491825949373858515919265893754168323148866289852466118104554950556454604926867716,
    "3": 0.0000570168857992195897272693047818260330362733173042961004523652799376011866430373978690278925135177607955059107570604,
    "4": 0.000013518349147295669719225319134042589928235587438814725297031679750570562652992422067814571978570657371343032992402,
    "5": 0.000030852600256422268216332702484270039231463896772810099216149043379793886776499847978586848682757509173392783458432,
    "6": 0.00046446508446638377047907735204266011784739040120580696890868729609688163659574629470923280076426706592197232455,
    "7": 0.00000674435108093863018512076853633736647739454468198836269999574188832701459958457443036324149787671118302159163280,
    "8": 0.00010806611950342178492786283547687507468937914761693992241782869418884329554117206071791054447358108799234585441361,
    "9": 0.000070927613435526267236424461775730793897319978402617879982527868020788824623427796894005223695966606839491381797204,
    "10": 0.000033706066281303025232189894507670753674473818189779970700210977708079527765728561595219757853260575258397630500670,
    "11": 0.000008846682467702432423029218185907087867431013128435874889695180310487975780049347605994812593729444528679685484225,
    "12": 0.000021361239562688190362150899560530400405322604814592772789753862776172526076549833142077872722193988614796376838291,
    "13": 0.00079607471795438448927054277272537029549021904126224957356980867728025445943747589541174337541157123539145409241238
  },
  "setupType": "Multi Region Model Local Bidder",
  "population": 0,
  "id": 1,
  "worldId": 927,
  "setup": {
    "numberOfRegionsInterval": {
      "minValue": 3,
      "maxValue": 7
    },
    "alphaInterval": {
      "minValue": 60.0,
      "maxValue": 100.0
    },
    "betaInterval": {
      "minValue": 0.05,
      "maxValue": 0.12
    },
    "setupName": "Multi Region Model Local Bidder",
    "numberOfBidders": 3
  },
  "implementation": "org.spectrumauctions.sats.core.model.mrvm.MRVMLocalBidder"
}