{
  "bidderPosition": 4,
  "values": {
    "16": 13.095814888630915362455198192037642002105712890625,
    "17": 15.3392868883936355217656455351971089839935302734375,
    "8": 13.81002247981341923832587781362235546112060546875,
    "9": 19.297438145070476167575179715640842914581298828125,
    "10": 4.5934167617200660771459297393448650836944580078125,
    "11": 4.10665259899061396708930260501801967620849609375
  },
  "setupType": "Regional Bidder Setup",
  "population": 0,
  "id": 4,
  "worldId": 669,
  "setup": {
    "lowNationalValueInterval": {
      "minValue": 0.0,
      "maxValue": 20.0
    },
    "highNationalValueInterval": {
      "minValue": 0.0,
      "maxValue": 40.0
    },
    "regionalValueInterval": {
      "minValue": 0.0,
      "maxValue": 20.0
    },
    "setupName": "Regional Bidder Setup",
    "numberOfBidders": 6
  },
  "implementation": "org.spectrumauctions.sats.core.model.gsvm.GSVMBidder"
}