{
  "bidderPosition": -1,
  "values": {
    "0": 0.5062139218493755254968391454895026981830596923828125,
    "1": 6.990508302577762123064530896954238414764404296875,
    "2": 9.4593840996698776990569967892952263355255126953125,
    "3": 8.4130211135965478064235867350362241268157958984375,
    "4": 16.38149390075795253096657688729465007781982421875,
    "5": 2.356750574571446765759219488245435059070587158203125,
    "6": 19.929115156660341057204277603887021541595458984375,
    "7": 16.731595292018280218826475902460515499114990234375,
    "8": 2.7613799721589504798657799256034195423126220703125,
    "9": 6.201081937157827184137204312719404697418212890625,
    "10": 8.7911198757894251087918746634386479854583740234375,
    "11": 2.28534332473550616526836165576241910457611083984375
  },
  "setupType": "National Bidder Setup",
  "population": 0,
  "id": 6,
  "worldId": 669,
  "setup": {
    "lowNationalValueInterval": {
      "minValue": 0.0,
      "maxValue": 10.0
    },
    "highNationalValueInterval": {
      "minValue": 0.0,
      "maxValue": 20.0
    },
    "regionalValueInterval": {
      "minValue": 0.0,
      "maxValue": 0.0
    },
    "setupName": "National Bidder Setup",
    "numberOfBidders": 1
  },
  "implementation": "org.spectrumauctions.sats.core.model.gsvm.GSVMBidder"
}