{
  "bidderPosition": 0,
  "values": {
    "0": 7.7821146830033516295088702463544905185699462890625,
    "1": 12.9680347355989606938919678214006125926971435546875,
    "2": 19.01067291514380741546119679696857929229736328125,
    "3": 19.368879220519854555959682329557836055755615234375,
    "12": 17.926728377165598971032522968016564846038818359375,
    "13": 2.4883257658428536984729362302459776401519775390625
  },
  "setupType": "Regional Bidder Setup",
  "population": 0,
  "id": 0,
  "worldId": 1055,
  "setup": {
    "lowNationalValueInterval": {
      "minValue": 0.0,
      "maxValue": 20.0
    },
    "highNationalValueInterval": {
      "minValue": 0.0,
      "maxValue": 40.0
    },
    "regionalValueInterval": {
      "minValue": 0.0,
      "maxValue": 20.0
    },
    "setupName": "Regional Bidder Setup",
    "numberOfBidders": 6
  },
  "implementation": "org.spectrumauctions.sats.core.model.gsvm.GSVMBidder"
}