{
  "bidderPosition": -1,
  "values": {
    "0": 3.077352032483460231304661647300235927104949951171875,
    "1": 6.9635239738075274118500601616688072681427001953125,
    "2": 0.34390364632480352469201534404419362545013427734375,
    "3": 6.3661725762592862309929842012934386730194091796875,
    "4": 15.226953592367291179243693477474153041839599609375,
    "5": 17.774629259779263890095535316504538059234619140625,
    "6": 14.38309798301485642468833248130977153778076171875,
    "7": 3.659178078936051736747003815253265202045440673828125,
    "8": 0.801176037268211960196140353218652307987213134765625,
    "9": 6.86795814196374276860979080083779990673065185546875,
    "10": 7.1287337983867988810970928170718252658843994140625,
    "11": 2.948905279264419920792761331540532410144805908203125
  },
  "setupType": "National Bidder Setup",
  "population": 0,
  "id": 6,
  "worldId": 1055,
  "setup": {
    "lowNationalValueInterval": {
      "minValue": 0.0,
      "maxValue": 10.0
    },
    "highNationalValueInterval": {
      "minValue": 0.0,
      "maxValue": 20.0
    },
    "regionalValueInterval": {
      "minValue": 0.0,
      "maxValue": 0.0
    },
    "setupName": "National Bidder Setup",
    "numberOfBidders": 1
  },
  "implementation": "org.spectrumauctions.sats.core.model.gsvm.GSVMBidder"
}