{
  "bidderPosition": 0,
  "values": {
    "0": 0.315134406138126710317237666458822786808013916015625,
    "1": 3.434056995997851746693640961893834173679351806640625,
    "2": 3.715400745235328816562514475663192570209503173828125,
    "3": 8.87679940783210241761480574496090412139892578125,
    "12": 13.2557866747934571804989900556392967700958251953125,
    "13": 4.2314883522744946020566203515045344829559326171875
  },
  "setupType": "Regional Bidder Setup",
  "population": 0,
  "id": 0,
  "worldId": 702,
  "setup": {
    "lowNationalValueInterval": {
      "minValue": 0.0,
      "maxValue": 20.0
    },
    "highNationalValueInterval": {
      "minValue": 0.0,
      "maxValue": 40.0
    },
    "regionalValueInterval": {
      "minValue": 0.0,
      "maxValue": 20.0
    },
    "setupName": "Regional Bidder Setup",
    "numberOfBidders": 6
  },
  "implementation": "org.spectrumauctions.sats.core.model.gsvm.GSVMBidder"
}