{
  "bidderPosition": -1,
  "values": {
    "0": 3.32506936620835436002607821137644350528717041015625,
    "1": 0.8834402897421866907023968451539985835552215576171875,
    "2": 8.698724274059561167860010755248367786407470703125,
    "3": 4.96919243665474397175785270519554615020751953125,
    "4": 13.166262382439018807644970365799963474273681640625,
    "5": 3.9486893205996675959568165126256644725799560546875,
    "6": 1.151984048949044048271161955199204385280609130859375,
    "7": 17.97329872027655284227876109071075916290283203125,
    "8": 7.782530048504700204148321063257753849029541015625,
    "9": 8.03826460502212825076640001498162746429443359375,
    "10": 6.1442958670981209223782570916227996349334716796875,
    "11": 1.105325701482307021450424144859425723552703857421875
  },
  "setupType": "National Bidder Setup",
  "population": 0,
  "id": 6,
  "worldId": 702,
  "setup": {
    "lowNationalValueInterval": {
      "minValue": 0.0,
      "maxValue": 10.0
    },
    "highNationalValueInterval": {
      "minValue": 0.0,
      "maxValue": 20.0
    },
    "regionalValueInterval": {
      "minValue": 0.0,
      "maxValue": 0.0
    },
    "setupName": "National Bidder Setup",
    "numberOfBidders": 1
  },
  "implementation": "org.spectrumauctions.sats.core.model.gsvm.GSVMBidder"
}