{
  "bidderPosition": 3,
  "values": {
    "16": 0.0501414272194811161398320109583437442779541015625,
    "6": 14.281484242084591329557952121831476688385009765625,
    "7": 4.1324397710152016571782951359637081623077392578125,
    "8": 2.814182499263917502929643887910060584545135498046875,
    "9": 1.085421406112410114275235173408873379230499267578125,
    "15": 7.4679371442085002996691400767304003238677978515625
  },
  "setupType": "Regional Bidder Setup",
  "population": 0,
  "id": 3,
  "worldId": 702,
  "setup": {
    "lowNationalValueInterval": {
      "minValue": 0.0,
      "maxValue": 20.0
    },
    "highNationalValueInterval": {
      "minValue": 0.0,
      "maxValue": 40.0
    },
    "regionalValueInterval": {
      "minValue": 0.0,
      "maxValue": 20.0
    },
    "setupName": "Regional Bidder Setup",
    "numberOfBidders": 6
  },
  "implementation": "org.spectrumauctions.sats.core.model.gsvm.GSVMBidder"
}