{
  "bidderPosition": 1,
  "values": {
    "2": 18.755296397017989562527873204089701175689697265625,
    "3": 18.855476897866680019433260895311832427978515625,
    "4": 33.524264200831368043509428389370441436767578125,
    "5": 33.8922983679150178204508847557008266448974609375,
    "13": 10.2108343592187704729212782694958150386810302734375,
    "14": 13.0665602217528604711560547002591192722320556640625
  },
  "setupType": "Regional Bidder Setup",
  "population": 0,
  "id": 1,
  "worldId": 702,
  "setup": {
    "lowNationalValueInterval": {
      "minValue": 0.0,
      "maxValue": 20.0
    },
    "highNationalValueInterval": {
      "minValue": 0.0,
      "maxValue": 40.0
    },
    "regionalValueInterval": {
      "minValue": 0.0,
      "maxValue": 20.0
    },
    "setupName": "Regional Bidder Setup",
    "numberOfBidders": 6
  },
  "implementation": "org.spectrumauctions.sats.core.model.gsvm.GSVMBidder"
}