{
  "bidderPosition": 5,
  "values": {
    "0": 12.879739104985933551006382913328707218170166015625,
    "1": 16.2140884064093455663169152103364467620849609375,
    "17": 10.177214011460844034218098386190831661224365234375,
    "10": 16.0046824867974208927989820949733257293701171875,
    "11": 14.2341347487571372454340234980918467044830322265625,
    "12": 2.70222526182040123643446349888108670711517333984375
  },
  "setupType": "Regional Bidder Setup",
  "population": 0,
  "id": 5,
  "worldId": 702,
  "setup": {
    "lowNationalValueInterval": {
      "minValue": 0.0,
      "maxValue": 20.0
    },
    "highNationalValueInterval": {
      "minValue": 0.0,
      "maxValue": 40.0
    },
    "regionalValueInterval": {
      "minValue": 0.0,
      "maxValue": 20.0
    },
    "setupName": "Regional Bidder Setup",
    "numberOfBidders": 6
  },
  "implementation": "org.spectrumauctions.sats.core.model.gsvm.GSVMBidder"
}