{
  "gammaValues": {
    "1": 0.94257,
    "2": 0.77028
  },
  "alpha": 1036.82975873375471564941108226776123046875,
  "beta": {
    "0": 0.211682681598147903745399389663361944258213043212890625,
    "1": 0.1115981749806453648954374102686415426433086395263671875,
    "2": 0.1357425561093783539234891577507369220256805419921875,
    "3": 0.189387057267555614092913174317800439894199371337890625,
    "4": 0.20322909600074101632571910158731043338775634765625,
    "5": 0.15605540354603431030255933364969678223133087158203125,
    "6": 0.1488143709976943451778197413659654557704925537109375,
    "7": 0.2114641123635545572057026220136322081089019775390625,
    "8": 0.157822268766589501876040912975440733134746551513671875,
    "9": 0.1448661719457669250221698575842310674488544464111328125,
    "10": 0.16193710269517591626708963303826749324798583984375,
    "11": 0.20930073171381291530224189045839011669158935546875,
    "12": 0.1119712942375084840929133633835590444505214691162109375,
    "13": 0.1040834474006513132859907955207745544612407684326171875
  },
  "zLow": {
    "0": 0.000001701527301,
    "1": 0.000001564397044,
    "2": 0.000001821917779,
    "3": 5.866919803E-7,
    "4": 1.605145676E-7,
    "5": 5.060494157E-7,
    "6": 0.000006547420383,
    "7": 8.687901396E-8,
    "8": 0.000001519432800,
    "9": 0.000001059163080,
    "10": 5.559460926E-7,
    "11": 1.213814309E-7,
    "12": 3.763115714E-7,
    "13": 0.00001702435084
  },
  "zHigh": {
    "0": 0.00008706420517172955424196038127573576232785088989065064066738382652420467289352422362512841137850951337639195658965,
    "1": 0.000064390296809086400502495743276368543979626921500259293087896837423606460609879336530405069808095299079318309931237,
    "2": 0.000079388710969482782519859945417259675613294388697809177336599680370191209585304037501830742495197670469260795504,
    "3": 0.00002871194617284914534773772810401604382379336054371425352534394406095628774263242849107428625532280781744753118641,
    "4": 0.0000080775600743261327158591845046673586184644948314268280127096782799195352404822730234908310550238383070998457,
    "5": 0.0000230786570487171564450288292866818972583778002342892122097698845723193326228055632321079517519415592112350821424,
    "6": 0.000293857636066665065608719051718389209063406826361095528737219708507306847621053967218560281159162239988525264583,
    "7": 0.000004443549775561230706161680736282853384318222985747859390932572346992746852752571975857474339823199816968730825,
    "8": 0.00006956301716250950170768213593708341722226211232261378364807885154755429975505687670693521005850423501389065534273,
    "9": 0.000047118582449515923073061649799686373445804947109047893435013757349366122391622439476848812105550558987590500216108,
    "10": 0.0000256812127224837735196586426514487996788134063881835570712246547501724908275595633852162644757521282817350856,
    "11": 0.0000061819651540127525532562362497816464052026408451824880979446939741853689378298801613621586286431932426425128,
    "12": 0.000015502956506857618752150790857888064166704513736727006757728484782120109264273942333833420275456051369411245049916,
    "13": 0.000687925837397662955973516169215416113561014200391314545401948162173562895888037522456319753964319757078365054396718
  },
  "setupType": "Multi Region Model National Bidder",
  "population": 0,
  "id": 9,
  "worldId": 917,
  "setup": {
    "bInterval": {
      "minValue": 0.1,
      "maxValue": 0.3
    },
    "kMax": 2.0,
    "alphaInterval": {
      "minValue": 700.0,
      "maxValue": 1200.0
    },
    "betaInterval": {
      "minValue": 0.08,
      "maxValue": 0.22
    },
    "setupName": "Multi Region Model National Bidder",
    "numberOfBidders": 3
  },
  "implementation": "org.spectrumauctions.sats.core.model.mrvm.MRVMNationalBidder"
}