{
  "bidderPosition": 1,
  "values": {
    "2": 8.60279499340212083779988461174070835113525390625,
    "3": 4.73877767455598064572086514090187847614288330078125,
    "4": 7.38908804060155244286534070852212607860565185546875,
    "5": 12.769690182315404314294937648810446262359619140625,
    "13": 0.74542008391443204118331777863204479217529296875,
    "14": 16.0725470165027530811130418442189693450927734375
  },
  "setupType": "Regional Bidder Setup",
  "population": 0,
  "id": 1,
  "worldId": 560,
  "setup": {
    "lowNationalValueInterval": {
      "minValue": 0.0,
      "maxValue": 20.0
    },
    "highNationalValueInterval": {
      "minValue": 0.0,
      "maxValue": 40.0
    },
    "regionalValueInterval": {
      "minValue": 0.0,
      "maxValue": 20.0
    },
    "setupName": "Regional Bidder Setup",
    "numberOfBidders": 6
  },
  "implementation": "org.spectrumauctions.sats.core.model.gsvm.GSVMBidder"
}