{
  "bidderPosition": 3,
  "values": {
    "16": 10.89194664849486571256420575082302093505859375,
    "6": 14.839866701407373739129980094730854034423828125,
    "7": 21.951481734922001720633488730527460575103759765625,
    "8": 4.63247284874556353173602474271319806575775146484375,
    "9": 2.404992270659411790489912164048291742801666259765625,
    "15": 4.95920972616004984701021385262720286846160888671875
  },
  "setupType": "Regional Bidder Setup",
  "population": 0,
  "id": 3,
  "worldId": 1063,
  "setup": {
    "lowNationalValueInterval": {
      "minValue": 0.0,
      "maxValue": 20.0
    },
    "highNationalValueInterval": {
      "minValue": 0.0,
      "maxValue": 40.0
    },
    "regionalValueInterval": {
      "minValue": 0.0,
      "maxValue": 20.0
    },
    "setupName": "Regional Bidder Setup",
    "numberOfBidders": 6
  },
  "implementation": "org.spectrumauctions.sats.core.model.gsvm.GSVMBidder"
}