{
  "homeId": 7,
  "distanceDiscounts": {
    "0": 1,
    "1": 0.42045,
    "2": 0.17678,
    "3": 0.07433,
    "4": 0.03125,
    "5": 0.01314,
    "6": 0.00552,
    "7": 0.00232
  },
  "alpha": 613.01157252180337309255264699459075927734375,
  "beta": {
    "0": 0.0968667033669770305426283130145748145878314971923828125,
    "1": 0.088319790459633285006901814995217137038707733154296875,
    "2": 0.06887136887203924862088655345360166393220424652099609375,
    "3": 0.09570365831611969686942842372445738874375820159912109375,
    "4": 0.09517637113292666539710040751742781139910221099853515625,
    "5": 0.07642226207669355897422747148084454238414764404296875,
    "6": 0.04001555704514990485787251373039907775819301605224609375,
    "7": 0.044534595864137715981456722147413529455661773681640625,
    "8": 0.097765115655647660819482780425460077822208404541015625,
    "9": 0.040326907491491585655563056889150175265967845916748046875,
    "10": 0.09679894611218588240664217892117449082434177398681640625,
    "11": 0.07427083624761750269005489144547027535736560821533203125,
    "12": 0.0564235989688821326648593412755872122943401336669921875,
    "13": 0.068686649621663431464213545041275210678577423095703125
  },
  "zLow": {
    "0": 0.000002958209577,
    "1": 0.000001572625297,
    "2": 0.000002856835870,
    "3": 9.236578315E-7,
    "4": 2.726781915E-7,
    "5": 8.221121349E-7,
    "6": 0.00001937159767,
    "7": 3.281959744E-7,
    "8": 0.000001951394469,
    "9": 0.000003027011753,
    "10": 7.399248725E-7,
    "11": 2.721346821E-7,
    "12": 5.941179792E-7,
    "13": 0.00002052386287
  },
  "zHigh": {
    "0": 0.00011740148824725321012851972607820416886718605014977774784520483485395712227211893653255584570486027612719479995509,
    "1": 0.0000610681525791488686185100547011772223679429137916730394379029350869186086604881038669895467453837310048874935436,
    "2": 0.000105380495770108271641528607640884128995300228808582486842956231166147035402962174202818618515026681012421329448290,
    "3": 0.000036549478292170349615923994895689329759368121225108730228863689790142165226152241632532992502297315593196320623289,
    "4": 0.000010775597817945210835551219892277507507362086144567296698279172839569809007064271560615762324016957433401386857146,
    "5": 0.000030946130946818284717559461503705733097467089868363685257963194953193575484183367907169239559172197662876141568,
    "6": 0.000658664457196956691158426442299726813828619382848890586961687866983411290989302090695591602968717008946091094228644,
    "7": 0.0000113074867392126553202342914908696603667451879401994563952455931465217046809493490071506281792397290414306757681,
    "8": 0.0000776196646322060388607360558905516988852812318780983614019616721212382006965773242512868135851123140294944892642,
    "9": 0.0001030173548530113343503270383337634752008073453462130581770397646576437764087290049986417496138978944637449383229331,
    "10": 0.000029360140960733810874869143596397939846331761344671234977128927086419591086348871940059034744906221878005955711860,
    "11": 0.000010185207503977694589271484304356942683866226933269582900916194625686543016757963913231734194320940899461682227453,
    "12": 0.00002117576683464556617673482718882731606191326704103032156823475466306957800600773001757171985974551790513056648542,
    "13": 0.0007566874237593812249882786433767853435882090654499904225829088512582258193417919412642829726824266746726938103095
  },
  "setupType": "Multi Region Model Regional Bidder",
  "population": 0,
  "id": 4,
  "worldId": 249,
  "setup": {
    "exponentFactor": 1.25,
    "base": 2.0,
    "alphaInterval": {
      "minValue": 500.0,
      "maxValue": 840.0
    },
    "betaInterval": {
      "minValue": 0.04,
      "maxValue": 0.1
    },
    "setupName": "Multi Region Model Regional Bidder",
    "numberOfBidders": 4
  },
  "implementation": "org.spectrumauctions.sats.core.model.mrvm.MRVMRegionalBidder"
}