{
  "gammaValues": {
    "1": 0.97063,
    "2": 0.88253
  },
  "alpha": 768.9670266790930099887191317975521087646484375,
  "beta": {
    "0": 0.18965828660248551518208159905043430626392364501953125,
    "1": 0.146744900908054420884951696280040778219699859619140625,
    "2": 0.124956701352307908425842697397456504404544830322265625,
    "3": 0.1128275783251407038410007999118533916771411895751953125,
    "4": 0.1574672278252697565914530741792987100780010223388671875,
    "5": 0.196560898215900559105051570440991781651973724365234375,
    "6": 0.104334033676227677656100922831683419644832611083984375,
    "7": 0.191983987079316353874247624844429083168506622314453125,
    "8": 0.211426312031775032185265672524110414087772369384765625,
    "9": 0.1449107954541686005267564496534760110080242156982421875,
    "10": 0.211914211032407207024874651324353180825710296630859375,
    "11": 0.1579704540753757713300586829063831828534603118896484375,
    "12": 0.1593672111486790499146337651836802251636981964111328125,
    "13": 0.1111264520432581337505695273648598231375217437744140625
  },
  "zLow": {
    "0": 0.000001510885787,
    "1": 9.464992368E-7,
    "2": 0.000001574578993,
    "3": 7.834736402E-7,
    "4": 1.648122032E-7,
    "5": 3.196346252E-7,
    "6": 0.000007429649217,
    "7": 7.613174050E-8,
    "8": 9.023394678E-7,
    "9": 8.423804626E-7,
    "10": 3.379855816E-7,
    "11": 1.279458905E-7,
    "12": 2.103461205E-7,
    "13": 0.00001268568691
  },
  "zHigh": {
    "0": 0.000073981774551935019635467389167742352180804473379188448148443864459994201797079726592606262093842647775482705739,
    "1": 0.0000422843707711983318994999934050133899600048953516418665969644756993898972556771671509829953024134953204766613950,
    "2": 0.0000669127894775478532162565166491559402934815372332405803765149191077314336173241496495850627968971042492488648747,
    "3": 0.00003234395255398341661960536456285976588052085661981418118834093976624577475676572830053376255507443866943227670085,
    "4": 0.00000753961817051867540638308617072583624326036635400090398197862533462501658426243257248470020957722443457682630282,
    "5": 0.0000158718056572866202712207647598213787698603950910992266635660541917679644420102918462132437866211388438982032816,
    "6": 0.0003004060036453429133355961743388065653986624590930013630889675622092825019225524195613862256231898877811698858723,
    "7": 0.0000037455597229634615674612086796295311578894845735157000725225461165967065384049851058241114302749547620390560114,
    "8": 0.0000461480146200535689185773905873899652955664095973970466884151576419358676982019382223676941931845350652197831424,
    "9": 0.00003747841616654985444432642032807787331879302046701489421327601995738933995548217363590279688005913464778740581183,
    "10": 0.0000173019622331574365862531749610025203783249710362907220485453056018318094091190445123161202432716029305794520251,
    "11": 0.00000585954375456837684944902676285746114096388974496669651384826108136368039897725957899310633233613011706417050802,
    "12": 0.00000966261107403283498543864858907971945653059757956297761773789758214242921414053582251336914884993270531086509268,
    "13": 0.00052154214494256291486933766584852088740495595062478854025406892761969650273205606127248072735962224226703463256640
  },
  "setupType": "Multi Region Model National Bidder",
  "population": 0,
  "id": 8,
  "worldId": 249,
  "setup": {
    "bInterval": {
      "minValue": 0.1,
      "maxValue": 0.3
    },
    "kMax": 2.0,
    "alphaInterval": {
      "minValue": 700.0,
      "maxValue": 1200.0
    },
    "betaInterval": {
      "minValue": 0.08,
      "maxValue": 0.22
    },
    "setupName": "Multi Region Model National Bidder",
    "numberOfBidders": 3
  },
  "implementation": "org.spectrumauctions.sats.core.model.mrvm.MRVMNationalBidder"
}