{
  "bidderPosition": 4,
  "values": {
    "16": 14.556568521277302608041281928308308124542236328125,
    "17": 2.494248921671731178406616891152225434780120849609375,
    "8": 18.08420417325003626274337875656783580780029296875,
    "9": 0.10452424460476894552130033844150602817535400390625,
    "10": 9.308931105282539419931708835065364837646484375,
    "11": 12.4443274940463926014899698202498257160186767578125
  },
  "setupType": "Regional Bidder Setup",
  "population": 0,
  "id": 4,
  "worldId": 658,
  "setup": {
    "lowNationalValueInterval": {
      "minValue": 0.0,
      "maxValue": 20.0
    },
    "highNationalValueInterval": {
      "minValue": 0.0,
      "maxValue": 40.0
    },
    "regionalValueInterval": {
      "minValue": 0.0,
      "maxValue": 20.0
    },
    "setupName": "Regional Bidder Setup",
    "numberOfBidders": 6
  },
  "implementation": "org.spectrumauctions.sats.core.model.gsvm.GSVMBidder"
}