{
  "bidderPosition": -1,
  "values": {
    "0": 8.963146410027636790118776843883097171783447265625,
    "1": 5.01150588802231045093549255398102104663848876953125,
    "2": 8.2056663699020422342300662421621382236480712890625,
    "3": 4.53506587148911677331852843053638935089111328125,
    "4": 17.48153297282828333436555112712085247039794921875,
    "5": 3.03192945234693755907073864364065229892730712890625,
    "6": 2.1641772038453499504839783185161650180816650390625,
    "7": 13.2130995553292365229935967363417148590087890625,
    "8": 3.01672330788533837875320386956445872783660888671875,
    "9": 8.5208578326087138776756546576507389545440673828125,
    "10": 9.7166738053128067775787712889723479747772216796875,
    "11": 4.2673147058701399458868763758800923824310302734375
  },
  "setupType": "National Bidder Setup",
  "population": 0,
  "id": 6,
  "worldId": 658,
  "setup": {
    "lowNationalValueInterval": {
      "minValue": 0.0,
      "maxValue": 10.0
    },
    "highNationalValueInterval": {
      "minValue": 0.0,
      "maxValue": 20.0
    },
    "regionalValueInterval": {
      "minValue": 0.0,
      "maxValue": 0.0
    },
    "setupName": "National Bidder Setup",
    "numberOfBidders": 1
  },
  "implementation": "org.spectrumauctions.sats.core.model.gsvm.GSVMBidder"
}