{
  "bidderPosition": 0,
  "values": {
    "0": 7.1185695086599398706539432168938219547271728515625,
    "1": 14.6976840370702319660267676226794719696044921875,
    "2": 17.711510316945375365094150765798985958099365234375,
    "3": 6.7475751916403421404311302467249333858489990234375,
    "12": 1.683271767794722872935153645812533795833587646484375,
    "13": 12.1306768287966360020391221041791141033172607421875
  },
  "setupType": "Regional Bidder Setup",
  "population": 0,
  "id": 0,
  "worldId": 911,
  "setup": {
    "lowNationalValueInterval": {
      "minValue": 0.0,
      "maxValue": 20.0
    },
    "highNationalValueInterval": {
      "minValue": 0.0,
      "maxValue": 40.0
    },
    "regionalValueInterval": {
      "minValue": 0.0,
      "maxValue": 20.0
    },
    "setupName": "Regional Bidder Setup",
    "numberOfBidders": 6
  },
  "implementation": "org.spectrumauctions.sats.core.model.gsvm.GSVMBidder"
}