{
  "gammaValues": {
    "1": 0.95356,
    "2": 0.81425
  },
  "alpha": 971.9969246998510925550363026559352874755859375,
  "beta": {
    "0": 0.09987533706107330766510443709194078110158443450927734375,
    "1": 0.14695617384537762450946729586576111614704132080078125,
    "2": 0.202400292385906122039074261920177377760410308837890625,
    "3": 0.1399198475511181649633130064103170298039913177490234375,
    "4": 0.18331015969512975960498124550213105976581573486328125,
    "5": 0.1054072346883719590859840309349237941205501556396484375,
    "6": 0.1759681075498888969121935588191263377666473388671875,
    "7": 0.1119074301118391512321892378167831338942050933837890625,
    "8": 0.1887617226925730751219134617713280022144317626953125,
    "9": 0.2027326869827705546622809151813271455466747283935546875,
    "10": 0.12468262517307555914403138785928604193031787872314453125,
    "11": 0.1137120784622415448072985100225196219980716705322265625,
    "12": 0.14570564317982803714812689577229321002960205078125,
    "13": 0.1598534305749570172405782386704231612384319305419921875
  },
  "zLow": {
    "0": 0.000003135213473,
    "1": 0.000001032802707,
    "2": 0.000001062269680,
    "3": 6.903705375E-7,
    "4": 1.547087679E-7,
    "5": 6.513320418E-7,
    "6": 0.000004813735909,
    "7": 1.427229321E-7,
    "8": 0.000001104426890,
    "9": 6.579716261E-7,
    "10": 6.277319502E-7,
    "11": 1.942305439E-7,
    "12": 2.514079595E-7,
    "13": 0.000009636767750
  },
  "zHigh": {
    "0": 0.000125369454397904054831854404766370655162625652147032991365968275016544785165843697160028749386210842568635625039337,
    "1": 0.000046161754616443267513885823136897005921192888968287484796993249070707279040078135360046225041479111248000334738,
    "2": 0.0000533684597803747836842267987006473920114737930281728762737654997097117851309166507584565901751500177177480135771,
    "3": 0.00003037077015947460038814267221098190269919145958629261411690126707509380453355384489770748152613217652828892128650,
    "4": 0.000007477231931365414089315941243217062917931320666682218516749104809001715154513538963612389506977706742883380835,
    "5": 0.00002640547219141851717040652603193600167364292010439293750016003073383216811106060517593549365831746938321720214869,
    "6": 0.00022911847705289859996182898561376421852034719928785807178173014919259921232916236734593121976678891671933157391,
    "7": 0.00000587886361433024940506460619487100607702661283131918377090054609137806482122778455805874990685229240816520457442,
    "8": 0.00005398015891805303708612897410278949369035517187811693921299574247856954782778438902136685486169520199281663188,
    "9": 0.00003307838435408392872234053028856114064378825700441085685765341288547343799007327340379413277822902999467996509616,
    "10": 0.000026658685250848578863459067287725634603044735625349675889733895008228580587131179963477931771369823726875400664010,
    "11": 0.00000803555219793678003153144962588851668981000181674026573403043082763522347800212108231457299438579352266281343516,
    "12": 0.000011205394628239856894804271775621417054256022725435422267490938999272157117155102861563323991163986572107979,
    "13": 0.00044315007092766845597083956152555883278105694480492437930828084639319211387684832958837722980899653570517984817823
  },
  "setupType": "Multi Region Model National Bidder",
  "population": 0,
  "id": 7,
  "worldId": 294,
  "setup": {
    "bInterval": {
      "minValue": 0.1,
      "maxValue": 0.3
    },
    "kMax": 2.0,
    "alphaInterval": {
      "minValue": 700.0,
      "maxValue": 1200.0
    },
    "betaInterval": {
      "minValue": 0.08,
      "maxValue": 0.22
    },
    "setupName": "Multi Region Model National Bidder",
    "numberOfBidders": 3
  },
  "implementation": "org.spectrumauctions.sats.core.model.mrvm.MRVMNationalBidder"
}