{
  "regionsOfInterest": [
    0,
    1,
    2,
    5,
    8,
    9,
    12
  ],
  "alpha": 80.252526353379920465158647857606410980224609375,
  "beta": {
    "0": 0.0605526030173100526798890541613218374550342559814453125,
    "1": 0.1025025921746637591613904305631876923143863677978515625,
    "2": 0.06289866878689510942823659433997818268835544586181640625,
    "3": 0.06995463504136405219480110417862306348979473114013671875,
    "4": 0.09416479507297594031545173720587627030909061431884765625,
    "5": 0.0690062528973991728964421099590254016220569610595703125,
    "6": 0.0729730713066919223219741752473055385053157806396484375,
    "7": 0.09484480284454155363249583388096652925014495849609375,
    "8": 0.1193790946361311944290406472646282054483890533447265625,
    "9": 0.0764283690114444802521376232107286341488361358642578125,
    "10": 0.0686710130090802672864214173387154005467891693115234375,
    "11": 0.050928954546940109759933790201102965511381626129150390625,
    "12": 0.05451880665331311492938226592741557396948337554931640625,
    "13": 0.051920870257359530430818495005951263010501861572265625
  },
  "zLow": {
    "0": 0.000005171214559,
    "1": 0.000001480711180,
    "2": 0.000003418255076,
    "3": 0.000001380845463,
    "4": 3.011708243E-7,
    "5": 9.949114248E-7,
    "6": 0.00001160789841,
    "7": 1.683988586E-7,
    "8": 0.000001746315157,
    "9": 0.000001745325165,
    "10": 0.000001139742434,
    "11": 4.336699827E-7,
    "12": 6.719068279E-7,
    "13": 0.00002966957944
  },
  "zHigh": {
    "0": 0.00018644948699613503477027365904481552705685688040596488422818920616750230546512356743029069305157379039108103929617,
    "1": 0.00005959900878787899739686839125324607210852309912244040024790543642226567195142823714605446273714116381985300612187,
    "2": 0.000124048021643406018675142745268209549425270311069241544159983686174381714162661632381739115979913247245842939072364,
    "3": 0.000051085017901121402989690003380518332390888654407601490940612150129739077053116701276032806586007480915203105956895,
    "4": 0.000011871093622297871735784646364460757930706048516571744272511305413957323082935922866351566701141970600193109543222,
    "5": 0.00003671285368071525871219421740522267982182148161041504953880206942916944287218353845314612258760742895114784076714,
    "6": 0.00043294335195466569589828987720922414574002620156560668062645047038381161312273398981369610550929668426579223194239,
    "7": 0.000006649141410811191533415151831927507558878392754123263511826438408337830321315179905072861874219857636699598686,
    "8": 0.00007323680691024218178128595705245966631731786198361256907124363093652971604664254849239554817460155505456651164954,
    "9": 0.00006569899050553134012388254217479167058584500326944802909962434899383613425800211111529902191625710384844095966209,
    "10": 0.00004201899973983847278149865673883811991440338450472631923756610053903024122104639090148044711745439613093865716713,
    "11": 0.0000152187353646463118040289801439194110381503464394865602466587397365274709185882604238565495336218875439561984707130,
    "12": 0.000023820360679528209547383338891568821108279834052558513915555140583409705142084417806580909924094446521591261352476,
    "13": 0.0010441344214811970956903332090449611326933812660371694772140961357611878281821660719684182357965344424002065954558
  },
  "setupType": "Multi Region Model Local Bidder",
  "population": 0,
  "id": 2,
  "worldId": 294,
  "setup": {
    "numberOfRegionsInterval": {
      "minValue": 3,
      "maxValue": 7
    },
    "alphaInterval": {
      "minValue": 60.0,
      "maxValue": 100.0
    },
    "betaInterval": {
      "minValue": 0.05,
      "maxValue": 0.12
    },
    "setupName": "Multi Region Model Local Bidder",
    "numberOfBidders": 3
  },
  "implementation": "org.spectrumauctions.sats.core.model.mrvm.MRVMLocalBidder"
}