{
  "gammaValues": {
    "1": 0.92770,
    "2": 0.71081
  },
  "alpha": 1045.29952546705544591532088816165924072265625,
  "beta": {
    "0": 0.08153680168684189488725877481556381098926067352294921875,
    "1": 0.136601499522314318024740487089729867875576019287109375,
    "2": 0.153092063500166852829664776436402462422847747802734375,
    "3": 0.1970791626350877623341517619337537325918674468994140625,
    "4": 0.194451348060933726369370333486585877835750579833984375,
    "5": 0.1287503486934601648616904867594712413847446441650390625,
    "6": 0.172736539398199717698645372365717776119709014892578125,
    "7": 0.085015481960254046800429250652086921036243438720703125,
    "8": 0.181125187477432836313795405658311210572719573974609375,
    "9": 0.169820085188604530390676927709137089550495147705078125,
    "10": 0.1997794360044196082526468671858310699462890625,
    "11": 0.180679015645469231987618741186452098190784454345703125,
    "12": 0.21058527343200184045457490356056950986385345458984375,
    "13": 0.10423846229829913934139540288015268743038177490234375
  },
  "zLow": {
    "0": 0.000003840357923,
    "1": 0.000001111091274,
    "2": 0.000001404407838,
    "3": 4.901408098E-7,
    "4": 1.458446508E-7,
    "5": 5.332421239E-7,
    "6": 0.000004903791642,
    "7": 1.878687996E-7,
    "8": 0.000001150991341,
    "9": 7.854922200E-7,
    "10": 3.917683873E-7,
    "11": 1.222408633E-7,
    "12": 1.739511878E-7,
    "13": 0.00001477832991
  },
  "zHigh": {
    "0": 0.000146523787892977351841952474167321496866966840702727887317758528667129889016832168912369996745052777388677830752798,
    "1": 0.0000485104116310871471773986795058611356177434226329156097038210990116898031275804106032828370530437451133802628146,
    "2": 0.0000636326045022288807155943848463719022328274803121520374588210840525939901703398041090822031521636791606655460256,
    "3": 0.00002436387832759162431993723457370833891155298887427051501296656518124604963330425101065420258676890167868430816571,
    "4": 0.0000072113084175316194902119002715368776899521039063810642615187502043819346898878627695697765970526241215917347400,
    "5": 0.00002286277465460897729495118122557426252260445173386861880802825625224195047752777395536254066882636535771793024391,
    "6": 0.0002318201490395271928555813046246549481431259069580153047102396696787795897030985227457863153616775614554600874301,
    "7": 0.0000072332396406346714348876100342240001320234983677651922044467691042247509226100269864703881607274809689508305216,
    "8": 0.0000553770924345232334110829293496310544008536663152194734507755069500607777890098221180448392888490366113617618654,
    "9": 0.0000369040021714093640128419703652368520114156435389279837075402950170960156812758523037706159373331939687091070410,
    "10": 0.00001957977836356555668702280103718334514944169704630835002669914702199699125046131206233020699474667930367,
    "11": 0.0000058758617801414084562796422602580858427205089289480936576352063885919345021907206147387364322615248548311764598,
    "12": 0.000008881691476359644344155313575640679265324224289530231223762784332701899684227520863619053067364978088103009551,
    "13": 0.000597396935529158727739759685388310902991520414201031998123162272832814226246346926137754080217570778708370973064
  },
  "setupType": "Multi Region Model National Bidder",
  "population": 0,
  "id": 8,
  "worldId": 294,
  "setup": {
    "bInterval": {
      "minValue": 0.1,
      "maxValue": 0.3
    },
    "kMax": 2.0,
    "alphaInterval": {
      "minValue": 700.0,
      "maxValue": 1200.0
    },
    "betaInterval": {
      "minValue": 0.08,
      "maxValue": 0.22
    },
    "setupName": "Multi Region Model National Bidder",
    "numberOfBidders": 3
  },
  "implementation": "org.spectrumauctions.sats.core.model.mrvm.MRVMNationalBidder"
}