{
  "homeId": 3,
  "distanceDiscounts": {
    "0": 1,
    "1": 0.42045,
    "2": 0.17678,
    "3": 0.07433,
    "4": 0.03125,
    "5": 0.01314,
    "6": 0.00552,
    "7": 0.00232
  },
  "alpha": 657.3991987736618511917185969650745391845703125,
  "beta": {
    "0": 0.08279423996265024288110367933768429793417453765869140625,
    "1": 0.04206968292347855464807793168802163563668727874755859375,
    "2": 0.088589773837220275876092046019039116799831390380859375,
    "3": 0.050022971913054208037419101628984208218753337860107421875,
    "4": 0.0895723512739684257777383891152567230165004730224609375,
    "5": 0.044845158468188948963639717248952365480363368988037109375,
    "6": 0.047195317081867506348036300778403528966009616851806640625,
    "7": 0.05987247407090683093411342952094855718314647674560546875,
    "8": 0.07348498886529686302537811570800840854644775390625,
    "9": 0.04354731522090472817243522740682237781584262847900390625,
    "10": 0.05406282946333186567589024207336478866636753082275390625,
    "11": 0.060581669668581895893400002250928082503378391265869140625,
    "12": 0.09103954891833743179319071714417077600955963134765625,
    "13": 0.05493469960787607242469476886981283314526081085205078125
  },
  "zLow": {
    "0": 0.000003782032452,
    "1": 0.000003607746092,
    "2": 0.000002426958378,
    "3": 0.000001931043612,
    "4": 3.166120856E-7,
    "5": 0.000001530936934,
    "6": 0.00001794805185,
    "7": 2.667629289E-7,
    "8": 0.000002836953853,
    "9": 0.000003063159119,
    "10": 0.000001447709420,
    "11": 3.645716429E-7,
    "12": 4.023697270E-7,
    "13": 0.00002804184597
  },
  "zHigh": {
    "0": 0.000144774023762201752491634144285196016307458795585994014633699480353154101324596367622640677537352163849936865798590,
    "1": 0.000123410056150101279327910348272590155073019182604707313680790339791934730887613477438527712001621112878926310278518,
    "2": 0.0000943091207205689848347281956638520260871391531391852722222636896642137270130850852018049895093218250963872446891,
    "3": 0.0000675909623894054425441318031758283440813354146699701463095197046995472963713205857811884982938440684078388259709077,
    "4": 0.00001233433146230204250343838488934394023913080547627505344037729816467497357136806584575179568361007394619133054583,
    "5": 0.0000527936189424757245158648034487058978121075739131466787519543637048135157650713921231922214746579959646166991018821,
    "6": 0.0006231479552840570588357092048033422423001615472502836018580073716319614879167938639988728057060648893134094817512078,
    "7": 0.000009600063518901920709932578158697922774739465992475092051210654061615547975460853601725369299337249652273364602041,
    "8": 0.000105955967810782265058743767394096768060847750535428699338626834002341519520093137217185729662256418357554617,
    "9": 0.000105234009133250585802239722156029765645826616954033073318682613181106092039082611427708021486002536670045840576210,
    "10": 0.000051258009327529829120638546785006511602450144725859217862065556029163850841895036169650959994174556136911179527195,
    "11": 0.0000131457851689743404565816628685316929027486738265672417236211287438352347378796667346459401129954352009988956869133,
    "12": 0.000015734247651306544674789591723390662598791012404231890553308355596557056750688592482682751840520944195352637413,
    "13": 0.000995302417325770304970920502574704535515228146897221818685683769540921997138765184459895570465834309682581556705209
  },
  "setupType": "Multi Region Model Regional Bidder",
  "population": 0,
  "id": 4,
  "worldId": 294,
  "setup": {
    "exponentFactor": 1.25,
    "base": 2.0,
    "alphaInterval": {
      "minValue": 500.0,
      "maxValue": 840.0
    },
    "betaInterval": {
      "minValue": 0.04,
      "maxValue": 0.1
    },
    "setupName": "Multi Region Model Regional Bidder",
    "numberOfBidders": 4
  },
  "implementation": "org.spectrumauctions.sats.core.model.mrvm.MRVMRegionalBidder"
}