{
  "regionsOfInterest": [
    1,
    3,
    5,
    9,
    10,
    12,
    13
  ],
  "alpha": 69.169026858714545369366533122956752777099609375,
  "beta": {
    "0": 0.06968629862280741049662680097753764130175113677978515625,
    "1": 0.051647993433067508617373420065632672049105167388916015625,
    "2": 0.0735923882468253742761277180761680938303470611572265625,
    "3": 0.0994746020320369794820436482041259296238422393798828125,
    "4": 0.073096245310319940546861516850185580551624298095703125,
    "5": 0.07216600521589590366833277812474989332258701324462890625,
    "6": 0.073107040117753319119486832278198562562465667724609375,
    "7": 0.055072683867501581733705506849219091236591339111328125,
    "8": 0.05844142205096335140890317916273488663136959075927734375,
    "9": 0.1167713138547940843192662896399269811809062957763671875,
    "10": 0.0854442457381479336664398260836605913937091827392578125,
    "11": 0.058400141293353087512674193249040399678051471710205078125,
    "12": 0.07100725259888307494549053444643504917621612548828125,
    "13": 0.11508922124486224702888392812383244745433330535888671875
  },
  "zLow": {
    "0": 0.000004493429964,
    "1": 0.000002938676298,
    "2": 0.000002921547989,
    "3": 9.710673718E-7,
    "4": 3.879773692E-7,
    "5": 9.513497274E-7,
    "6": 0.00001158662691,
    "7": 2.900123150E-7,
    "8": 0.000003567221929,
    "9": 0.000001142338399,
    "10": 9.160039600E-7,
    "11": 3.781901610E-7,
    "12": 5.158847456E-7,
    "13": 0.00001338501007
  },
  "zHigh": {
    "0": 0.000166115949145136166973930543538977763355395350658943270483852297291993284084846701567541691905306959064079509530635,
    "1": 0.0001033379623446596659339241477090474140118099806629015107762338614225365974607901664612127657936704317760376993523837,
    "2": 0.00010914680902228583800316540822993515953918335443083203315302299611652272124268498151981009763425169693144426618370,
    "3": 0.00003879167518944207301594835442371191381858409900185119730779391906932232444663760065132449749017393292052928385279,
    "4": 0.0000144752899681680925487098265737230986328457498639602419597142916909645844967040463521473587308762162548961201019,
    "5": 0.000035406002759034881611446437466621274553620918631085990132217738465943057662978880200314519551713848414703888541641,
    "6": 0.0004323052069774893845876264004630682867968172882207197550597227995231345595169342819737914303885743070145769911785,
    "7": 0.0000102975451027945705678073945625936961972418885392742717439796828784187838241106494406998147430825481671191154437,
    "8": 0.000127864010087317373585578212865050303820515775514604543296366428533455347418045805986598393591970826910623923904402,
    "9": 0.00004760938754069724495123489544222775815444798073043848535278496207702060407518653276661763565770749717788701442648,
    "10": 0.00003530684554481487947960820664607336230043978550877625904885529884426093278523790806145677396580612501481972401126,
    "11": 0.0000135543407132160805822507362809755753887305595760176370150244567343326905811973060173123404040851645951417858898761,
    "12": 0.000019139698209363922043214690569514211338283139724997986555712678534727539351780124413890621267245753972791012513,
    "13": 0.000555597340308642430052487691472630358720771591874453567658013796854312733502914065819473249129869921272629318005151
  },
  "setupType": "Multi Region Model Local Bidder",
  "population": 0,
  "id": 1,
  "worldId": 294,
  "setup": {
    "numberOfRegionsInterval": {
      "minValue": 3,
      "maxValue": 7
    },
    "alphaInterval": {
      "minValue": 60.0,
      "maxValue": 100.0
    },
    "betaInterval": {
      "minValue": 0.05,
      "maxValue": 0.12
    },
    "setupName": "Multi Region Model Local Bidder",
    "numberOfBidders": 3
  },
  "implementation": "org.spectrumauctions.sats.core.model.mrvm.MRVMLocalBidder"
}