{
  "gammaValues": {
    "1": 0.92575,
    "2": 0.70301
  },
  "alpha": 900.1072588902221696116612292826175689697265625,
  "beta": {
    "0": 0.18571206158626363258434821545961312949657440185546875,
    "1": 0.18797209740089204643709308584220707416534423828125,
    "2": 0.167210940771062632759225152767612598836421966552734375,
    "3": 0.13658767385526260351724658903549425303936004638671875,
    "4": 0.123846150749382266642584227156476117670536041259765625,
    "5": 0.202797107682469779366130069320206530392169952392578125,
    "6": 0.133523783094559866935213676697458140552043914794921875,
    "7": 0.107670045269199932125303575958241708576679229736328125,
    "8": 0.1564620002728986936091359893907792866230010986328125,
    "9": 0.168022647931379387475914199967519380152225494384765625,
    "10": 0.1124669646989035209916352187065058387815952301025390625,
    "11": 0.17650502673716295110040164217934943735599517822265625,
    "12": 0.0852357872094284818587084373575635254383087158203125,
    "13": 0.17431286867459927503176686514052562415599822998046875
  },
  "zLow": {
    "0": 0.000001686107514,
    "1": 8.074428930E-7,
    "2": 0.000001285823122,
    "3": 7.072127201E-7,
    "4": 2.289912830E-7,
    "5": 3.385408706E-7,
    "6": 0.000006343918503,
    "7": 1.483398331E-7,
    "8": 0.000001332422710,
    "9": 7.938950931E-7,
    "10": 6.959133970E-7,
    "11": 1.251316138E-7,
    "12": 4.297673506E-7,
    "13": 0.000008837387602
  },
  "zHigh": {
    "0": 0.000081896275620899978922987500710154313962339200913648625134931969631256814969765869135650804398802941701222008606,
    "1": 0.000039400960202474307978364886536713359157429009181311542913243435696378004187027676254413366360317484581832239,
    "2": 0.0000600750630275308416191232918250967249355357063723358605421604591702476823290467378192520127489413593409259605363,
    "3": 0.000030876035637771137537282818539975127091235980779227701170519320894687016739649524933301186177850702782357191486,
    "4": 0.0000097057073830317345548622481299460342484923562711455723060267591457073536349505657748484513951937319217785761004,
    "5": 0.0000170217370559953861735057112616801063566472848931093262204873776122561799031233823166908615393702833190516282557,
    "6": 0.0002750239548636331996208936961449691378438201960309796035578763730815027001466488627045717807160714537727095232922,
    "7": 0.0000060473706454069420935524112412039541702021620350886103361618988800044347094536988904795561349008191415230057567,
    "8": 0.00006082003350231793306489203222595100572814269040949035331291705133580763952746051875613899641474505273926839154,
    "9": 0.0000371560883631577801285753834648814958748758578935835534888262875200082571253750854291406425170101900340121722575,
    "10": 0.00002870412865534008054371675290631763397667776617235293720278323490757103613202820653093672740224396066834016609402,
    "11": 0.000005962584297334752454870577286251903392878958368512923252252032711860014634555165399543825513224400663940215467,
    "12": 0.00001655617635885144048754921742672215783160227960792436814440612330634255531759227295890472477416869673286624677,
    "13": 0.000419168666488427427994821413397422154390907060483244041790013026294672916471400540626150617331408979110773172282
  },
  "setupType": "Multi Region Model National Bidder",
  "population": 0,
  "id": 9,
  "worldId": 294,
  "setup": {
    "bInterval": {
      "minValue": 0.1,
      "maxValue": 0.3
    },
    "kMax": 2.0,
    "alphaInterval": {
      "minValue": 700.0,
      "maxValue": 1200.0
    },
    "betaInterval": {
      "minValue": 0.08,
      "maxValue": 0.22
    },
    "setupName": "Multi Region Model National Bidder",
    "numberOfBidders": 3
  },
  "implementation": "org.spectrumauctions.sats.core.model.mrvm.MRVMNationalBidder"
}