{
  "homeId": 10,
  "distanceDiscounts": {
    "0": 1,
    "1": 0.42045,
    "2": 0.17678,
    "3": 0.07433,
    "4": 0.03125,
    "5": 0.01314,
    "6": 0.00552,
    "7": 0.00232
  },
  "alpha": 530.937831853686702743289060890674591064453125,
  "beta": {
    "0": 0.09909207880121029266007326441467739641666412353515625,
    "1": 0.0817484503187659583556268216852913610637187957763671875,
    "2": 0.0861717381168826401793836566866957582533359527587890625,
    "3": 0.047096175751612012749802715916302986443042755126953125,
    "4": 0.0873863371600103466807496488399920053780078887939453125,
    "5": 0.089297467350972936639408317205379717051982879638671875,
    "6": 0.046976182532383052581348437115593696944415569305419921875,
    "7": 0.0486419758135479274319123987879720516502857208251953125,
    "8": 0.05893573054697399948853586693076067604124546051025390625,
    "9": 0.07440433323606611415446110413540736772119998931884765625,
    "10": 0.05760985616102072548461165979460929520428180694580078125,
    "11": 0.060205927545684122248470515614826581440865993499755859375,
    "12": 0.0671716029174558304504216721397824585437774658203125,
    "13": 0.069124691601165688670249664937728084623813629150390625
  },
  "zLow": {
    "0": 0.000003159995291,
    "1": 0.000001856631332,
    "2": 0.000002495060429,
    "3": 0.000002051048495,
    "4": 3.245322996E-7,
    "5": 7.688360200E-7,
    "6": 0.00001803177595,
    "7": 3.283533671E-7,
    "8": 0.000003537302760,
    "9": 0.000001792803590,
    "10": 0.000001358574256,
    "11": 3.668469159E-7,
    "12": 5.453429254E-7,
    "13": 0.00002228538528
  },
  "zHigh": {
    "0": 0.000126112908933813762221094255125106992904319012711051214851559898474660905223894061020445314555228414354297802016,
    "1": 0.00007087661334441375138881334791719110344274508403804461647683039542362695275897608300304164850488186012141800061658,
    "2": 0.00009635218223166382967524850627425534088527084133744561219622144915258433054467963312344135480392228081577663519828,
    "3": 0.0000711911088601415797217024227196114642523579469504518856745367969163350571073232763591958955968586482009357377708,
    "4": 0.00001257193788118789132036325421148895565575015572768240564141561250195148229061843553913390400128591372307838262807,
    "5": 0.0000299305915358180022558693572324678943587625992861456384095031365582067177020536275574215295731346177671662549831,
    "6": 0.0006256596780619277525900967908964921071437392628114045091372527424611136611475279166646686406078054556038238226190224,
    "7": 0.00001144777666619753799493759937768274258453679048853902839846946213110907714390928322737054353156333990798441964543,
    "8": 0.000126966435005045210318051512954601295571779464166103016604445553895493128776191285459535270833554860980384678301916,
    "9": 0.000067123343262517930446546322700278042215478101099722433221142170919401339891012225308714644979200232579454483208497,
    "10": 0.000048583954415759333625690454487664183412822095971237200614505900565017333867853345153715641743400370476778249075783,
    "11": 0.0000132140433597940700378708836419926716512160493852530624609757281285332966381457651030920723502548997311452555001134,
    "12": 0.00002002344360497908898194134509736323737177797801785484381527481945262241053837515883158873023036625155777812445,
    "13": 0.0008226085967217935651646195143166519161948889940788629386188194782103905385049578803273428896225920066684558934039
  },
  "setupType": "Multi Region Model Regional Bidder",
  "population": 0,
  "id": 6,
  "worldId": 294,
  "setup": {
    "exponentFactor": 1.25,
    "base": 2.0,
    "alphaInterval": {
      "minValue": 500.0,
      "maxValue": 840.0
    },
    "betaInterval": {
      "minValue": 0.04,
      "maxValue": 0.1
    },
    "setupName": "Multi Region Model Regional Bidder",
    "numberOfBidders": 4
  },
  "implementation": "org.spectrumauctions.sats.core.model.mrvm.MRVMRegionalBidder"
}