{
  "bidderPosition": 2,
  "values": {
    "4": 1.1578132377059535684793445398099720478057861328125,
    "5": 17.99737921369062831900009769015014171600341796875,
    "6": 39.37110003356195164769815164618194103240966796875,
    "7": 18.34860303528510172554888413287699222564697265625,
    "14": 3.4789769677437565320587964379228651523590087890625,
    "15": 8.559242602462401094953747815452516078948974609375
  },
  "setupType": "Regional Bidder Setup",
  "population": 0,
  "id": 2,
  "worldId": 1114,
  "setup": {
    "lowNationalValueInterval": {
      "minValue": 0.0,
      "maxValue": 20.0
    },
    "highNationalValueInterval": {
      "minValue": 0.0,
      "maxValue": 40.0
    },
    "regionalValueInterval": {
      "minValue": 0.0,
      "maxValue": 20.0
    },
    "setupName": "Regional Bidder Setup",
    "numberOfBidders": 6
  },
  "implementation": "org.spectrumauctions.sats.core.model.gsvm.GSVMBidder"
}