{
  "bidderPosition": 0,
  "values": {
    "0": 4.3877506620467858766687641036696732044219970703125,
    "1": 1.059330407055600886678803362883627414703369140625,
    "2": 16.17607929368397634561915765516459941864013671875,
    "3": 9.7586886976926852099722964339889585971832275390625,
    "12": 12.718134102260197693112786510027945041656494140625,
    "13": 2.373694734636770942159955666284076869487762451171875
  },
  "setupType": "Regional Bidder Setup",
  "population": 0,
  "id": 0,
  "worldId": 627,
  "setup": {
    "lowNationalValueInterval": {
      "minValue": 0.0,
      "maxValue": 20.0
    },
    "highNationalValueInterval": {
      "minValue": 0.0,
      "maxValue": 40.0
    },
    "regionalValueInterval": {
      "minValue": 0.0,
      "maxValue": 20.0
    },
    "setupName": "Regional Bidder Setup",
    "numberOfBidders": 6
  },
  "implementation": "org.spectrumauctions.sats.core.model.gsvm.GSVMBidder"
}