{
  "bidderPosition": 1,
  "values": {
    "2": 19.73077330106365678830115939490497112274169921875,
    "3": 6.705654700586183736277234856970608234405517578125,
    "4": 4.57872842778787259021555655635893344879150390625,
    "5": 21.3826776744734843305195681750774383544921875,
    "13": 10.3152127380909330867098105954937636852264404296875,
    "14": 4.26843770661351928907834007986821234226226806640625
  },
  "setupType": "Regional Bidder Setup",
  "population": 0,
  "id": 1,
  "worldId": 1129,
  "setup": {
    "lowNationalValueInterval": {
      "minValue": 0.0,
      "maxValue": 20.0
    },
    "highNationalValueInterval": {
      "minValue": 0.0,
      "maxValue": 40.0
    },
    "regionalValueInterval": {
      "minValue": 0.0,
      "maxValue": 20.0
    },
    "setupName": "Regional Bidder Setup",
    "numberOfBidders": 6
  },
  "implementation": "org.spectrumauctions.sats.core.model.gsvm.GSVMBidder"
}