{
  "bidderPosition": 5,
  "values": {
    "0": 16.368106959040549241990447626449167728424072265625,
    "1": 19.59206231846794565853997482918202877044677734375,
    "17": 3.07715030852964144258976375567726790904998779296875,
    "10": 14.811623313290493086924470844678580760955810546875,
    "11": 4.54086564228024958111973319319076836109161376953125,
    "12": 5.5858752827561257703337105340324342250823974609375
  },
  "setupType": "Regional Bidder Setup",
  "population": 0,
  "id": 5,
  "worldId": 647,
  "setup": {
    "lowNationalValueInterval": {
      "minValue": 0.0,
      "maxValue": 20.0
    },
    "highNationalValueInterval": {
      "minValue": 0.0,
      "maxValue": 40.0
    },
    "regionalValueInterval": {
      "minValue": 0.0,
      "maxValue": 20.0
    },
    "setupName": "Regional Bidder Setup",
    "numberOfBidders": 6
  },
  "implementation": "org.spectrumauctions.sats.core.model.gsvm.GSVMBidder"
}