{
  "bidderPosition": 4,
  "values": {
    "16": 17.672989670348545843125975807197391986846923828125,
    "17": 1.532353678527351714677706695511005818843841552734375,
    "8": 15.1541514206293204125586271402426064014434814453125,
    "9": 14.968236817204616073695433442480862140655517578125,
    "10": 18.856527221538868843708769418299198150634765625,
    "11": 0.2259021878329914301275493926368653774261474609375
  },
  "setupType": "Regional Bidder Setup",
  "population": 0,
  "id": 4,
  "worldId": 647,
  "setup": {
    "lowNationalValueInterval": {
      "minValue": 0.0,
      "maxValue": 20.0
    },
    "highNationalValueInterval": {
      "minValue": 0.0,
      "maxValue": 40.0
    },
    "regionalValueInterval": {
      "minValue": 0.0,
      "maxValue": 20.0
    },
    "setupName": "Regional Bidder Setup",
    "numberOfBidders": 6
  },
  "implementation": "org.spectrumauctions.sats.core.model.gsvm.GSVMBidder"
}