{
  "bidderPosition": 0,
  "values": {
    "0": 13.5839133518796177924059520591981709003448486328125,
    "1": 17.74564049390443898346347850747406482696533203125,
    "2": 7.80769098183643706079237745143473148345947265625,
    "3": 1.97502637391703927960406872443854808807373046875,
    "12": 17.994766949435760494679925614036619663238525390625,
    "13": 14.90265300203335385731406859122216701507568359375
  },
  "setupType": "Regional Bidder Setup",
  "population": 0,
  "id": 0,
  "worldId": 385,
  "setup": {
    "lowNationalValueInterval": {
      "minValue": 0.0,
      "maxValue": 20.0
    },
    "highNationalValueInterval": {
      "minValue": 0.0,
      "maxValue": 40.0
    },
    "regionalValueInterval": {
      "minValue": 0.0,
      "maxValue": 20.0
    },
    "setupName": "Regional Bidder Setup",
    "numberOfBidders": 6
  },
  "implementation": "org.spectrumauctions.sats.core.model.gsvm.GSVMBidder"
}