{
  "bidderPosition": 1,
  "values": {
    "2": 11.09047235449778412430532625876367092132568359375,
    "3": 11.6991460494587844465286252670921385288238525390625,
    "4": 26.48671030617824584396657883189618587493896484375,
    "5": 12.806168349247908366805859259329736232757568359375,
    "13": 15.367320530383299370669192285276949405670166015625,
    "14": 7.4601345201880864266286152997054159641265869140625
  },
  "setupType": "Regional Bidder Setup",
  "population": 0,
  "id": 1,
  "worldId": 385,
  "setup": {
    "lowNationalValueInterval": {
      "minValue": 0.0,
      "maxValue": 20.0
    },
    "highNationalValueInterval": {
      "minValue": 0.0,
      "maxValue": 40.0
    },
    "regionalValueInterval": {
      "minValue": 0.0,
      "maxValue": 20.0
    },
    "setupName": "Regional Bidder Setup",
    "numberOfBidders": 6
  },
  "implementation": "org.spectrumauctions.sats.core.model.gsvm.GSVMBidder"
}