{
  "bidderPosition": 5,
  "values": {
    "0": 6.681706809297221383303622133098542690277099609375,
    "1": 11.0538769803485710241375272744335234165191650390625,
    "17": 1.229812304330610839286919144797138869762420654296875,
    "10": 18.54484832360386548089081770740449428558349609375,
    "11": 3.2372688507989977324541541747748851776123046875,
    "12": 11.75703450388773063650660333223640918731689453125
  },
  "setupType": "Regional Bidder Setup",
  "population": 0,
  "id": 5,
  "worldId": 385,
  "setup": {
    "lowNationalValueInterval": {
      "minValue": 0.0,
      "maxValue": 20.0
    },
    "highNationalValueInterval": {
      "minValue": 0.0,
      "maxValue": 40.0
    },
    "regionalValueInterval": {
      "minValue": 0.0,
      "maxValue": 20.0
    },
    "setupName": "Regional Bidder Setup",
    "numberOfBidders": 6
  },
  "implementation": "org.spectrumauctions.sats.core.model.gsvm.GSVMBidder"
}