{
  "bidderPosition": 3,
  "values": {
    "16": 14.4561678344080331015675255912356078624725341796875,
    "6": 8.369266576134283042165407096035778522491455078125,
    "7": 14.966441687542481275841055321507155895233154296875,
    "8": 13.1016591779769431269642154802568256855010986328125,
    "9": 12.332546736287298472234397195279598236083984375,
    "15": 7.9093904239169336989334624377079308032989501953125
  },
  "setupType": "Regional Bidder Setup",
  "population": 0,
  "id": 3,
  "worldId": 385,
  "setup": {
    "lowNationalValueInterval": {
      "minValue": 0.0,
      "maxValue": 20.0
    },
    "highNationalValueInterval": {
      "minValue": 0.0,
      "maxValue": 40.0
    },
    "regionalValueInterval": {
      "minValue": 0.0,
      "maxValue": 20.0
    },
    "setupName": "Regional Bidder Setup",
    "numberOfBidders": 6
  },
  "implementation": "org.spectrumauctions.sats.core.model.gsvm.GSVMBidder"
}