{
  "bidderPosition": 5,
  "values": {
    "0": 9.1517537908374517741094678058288991451263427734375,
    "1": 5.924811470145005642962132696993649005889892578125,
    "17": 9.757755468893410721875625313259661197662353515625,
    "10": 9.69645386225371197497224784456193447113037109375,
    "11": 0.346799849429564321923180614248849451541900634765625,
    "12": 17.618615096587188162402526359073817729949951171875
  },
  "setupType": "Regional Bidder Setup",
  "population": 0,
  "id": 5,
  "worldId": 631,
  "setup": {
    "lowNationalValueInterval": {
      "minValue": 0.0,
      "maxValue": 20.0
    },
    "highNationalValueInterval": {
      "minValue": 0.0,
      "maxValue": 40.0
    },
    "regionalValueInterval": {
      "minValue": 0.0,
      "maxValue": 20.0
    },
    "setupName": "Regional Bidder Setup",
    "numberOfBidders": 6
  },
  "implementation": "org.spectrumauctions.sats.core.model.gsvm.GSVMBidder"
}