{
  "homeId": 10,
  "distanceDiscounts": {
    "0": 1,
    "1": 0.42045,
    "2": 0.17678,
    "3": 0.07433,
    "4": 0.03125,
    "5": 0.01314,
    "6": 0.00552,
    "7": 0.00232
  },
  "alpha": 774.916895721825994769460521638393402099609375,
  "beta": {
    "0": 0.06677900992174069794149460221888148225843906402587890625,
    "1": 0.090174458716445637929126633025589399039745330810546875,
    "2": 0.0785902123656707363164031221458571963012218475341796875,
    "3": 0.041060666051554950417568079501506872475147247314453125,
    "4": 0.047167892888248845462140224071845295839011669158935546875,
    "5": 0.0815973773912392896789924634504131972789764404296875,
    "6": 0.067098739454366895795800473933923058211803436279296875,
    "7": 0.069032399808461430978923090151511132717132568359375,
    "8": 0.0944969101431583358152721530132112093269824981689453125,
    "9": 0.095748207675685426121248156050569377839565277099609375,
    "10": 0.075394876325380610904147715700673870742321014404296875,
    "11": 0.0685557320737001096855323112322366796433925628662109375,
    "12": 0.0416606664823418182397318787479889579117298126220703125,
    "13": 0.058968567381717795772289036904112435877323150634765625
  },
  "zLow": {
    "0": 0.000004291049087,
    "1": 0.000001540280238,
    "2": 0.000002503545811,
    "3": 0.000002152849479,
    "4": 5.502158176E-7,
    "5": 7.699716711E-7,
    "6": 0.00001155260558,
    "7": 2.117277558E-7,
    "8": 0.000002018884063,
    "9": 0.000001274906611,
    "10": 9.499842874E-7,
    "11": 2.948210135E-7,
    "12": 8.046504636E-7,
    "13": 0.00002390621717
  },
  "zHigh": {
    "0": 0.000157386673556451674279022986500576650951169256590395586175827167267827452245284499992769066522595773885571224453089,
    "1": 0.0000600978007989431087296459715934649070210539825350336768478495718415989358722286958823201785211263471356827524812,
    "2": 0.00009478179402457604905383250133745261789469410703428212905821912686198057048303696390578921041225628347396247393478,
    "3": 0.0000734252277066076057362477790643706306294275379399920032328493258496654412243613203682652143937307888589535358665,
    "4": 0.0000191017266016402326096783056828520397051842053862954067638429332099413768666741409767188937563711439921408202445976,
    "5": 0.00002938191703387790453156746336129039108088908908301189659340301535629013582127626684564852173838887368702789864,
    "6": 0.0004240946944253613123517504122115561754415256468090260058317109806673894413812818470876939028775108202503582610069,
    "7": 0.0000078134401795009664044660236739992264198171495754137018209064894818166965915842251004251312009243043102136367,
    "8": 0.00007964435247065213441374657038440978829540378207044170965919949666460741754731522677225167190866716879525906699234,
    "9": 0.0000504542006030500746683136855342630845619494253414274253014701239528955909212488770305775893703941923344981131328,
    "10": 0.0000356619234079175052951939256269711926208849005921489780306872576255836782821245586945899193229720950336692700692,
    "11": 0.00001086579744611632685059568224522382107065062567726102065799533703097356412915783153783380862727611406825623417841,
    "12": 0.00002749174136605493881953233572847922952579829546361705527457882470062264996074858694396509198544752011596624926285,
    "13": 0.0008581580526428398606986483371316155749868358029658829456779680022249902297527805962644698615812036329639829274084
  },
  "setupType": "Multi Region Model Regional Bidder",
  "population": 0,
  "id": 6,
  "worldId": 286,
  "setup": {
    "exponentFactor": 1.25,
    "base": 2.0,
    "alphaInterval": {
      "minValue": 500.0,
      "maxValue": 840.0
    },
    "betaInterval": {
      "minValue": 0.04,
      "maxValue": 0.1
    },
    "setupName": "Multi Region Model Regional Bidder",
    "numberOfBidders": 4
  },
  "implementation": "org.spectrumauctions.sats.core.model.mrvm.MRVMRegionalBidder"
}