{
  "homeId": 13,
  "distanceDiscounts": {
    "0": 1,
    "1": 0.42045,
    "2": 0.17678,
    "3": 0.07433,
    "4": 0.03125,
    "5": 0.01314,
    "6": 0.00552,
    "7": 0.00232
  },
  "alpha": 575.57653095362957174074836075305938720703125,
  "beta": {
    "0": 0.0480671053377736134937237011399702169001102447509765625,
    "1": 0.057832868807104288733089703100631595589220523834228515625,
    "2": 0.0939107527628583460543865157887921668589115142822265625,
    "3": 0.09348434718611768612372969755597296170890331268310546875,
    "4": 0.09021391917622252620834188974185963161289691925048828125,
    "5": 0.05708974816584620748383116506374790333211421966552734375,
    "6": 0.04812799394581630807454786236121435649693012237548828125,
    "7": 0.075717385570884088163978731245151720941066741943359375,
    "8": 0.09625657938131419733007732020269031636416912078857421875,
    "9": 0.0933961688174079485147416335166781209409236907958984375,
    "10": 0.05542118813983056002658855732079246081411838531494140625,
    "11": 0.0651838822989825594778068307277862913906574249267578125,
    "12": 0.095658742870505408806280911448993720114231109619140625,
    "13": 0.044604969187483724246678917779718176461756229400634765625
  },
  "zLow": {
    "0": 0.000007774228095,
    "1": 0.000003131917696,
    "2": 0.000002732187328,
    "3": 0.000001233112062,
    "4": 3.751524491E-7,
    "5": 0.000001435141124,
    "6": 0.00002100382238,
    "7": 2.517311413E-7,
    "8": 0.000002584641737,
    "9": 0.000001704440142,
    "10": 0.000001685327133,
    "11": 4.043558903E-7,
    "12": 4.569941067E-7,
    "13": 0.00004121449501
  },
  "zHigh": {
    "0": 0.000270595306915147774273451963812912763772228713014967426094955243679015841400984828482849672830310587337163513973197,
    "1": 0.00011207030939721136164985538775469026852846617682958932772395582773845489506009853606689171202475358110753771910992583,
    "2": 0.000107623796680462439525517623192728169605862785316627770956202594138642713653508449868174073640507344727908831930908,
    "3": 0.0000485210294483513641283623791422910729297048449557492746720430763824053485148157581877300040124932126354860063659785,
    "4": 0.0000146389707421869061990216819625835589268602000592457692700850123852736305632137531698255512523496938458607072479892,
    "5": 0.0000512474182491018389036262003377356492076505534706222341661023595168026612811035042011793646549386119490404237160444,
    "6": 0.0007312018548464166124149583529573728919181119867498572246622187210472880063299088331576068229841405310192798316487618,
    "7": 0.00000945797662615992039534240345201684873727652898092157064785691183169529508524147146179999005165350373943799331715,
    "8": 0.0001024181293233761542171127509915320050237462835130700347566397705644207211383757491301786229074573912553504889816272,
    "9": 0.000067052022180843512016332636866347921102773129191618064038079157227218384053178007082666302103606572295586929254324,
    "10": 0.0000599000971691377207758123056668329796904022665654279906426168182481639169709975264788649582044027803032383422516674,
    "11": 0.000014766425383005315955318937783558819005029816177493432947092763430095889266032379962191443917221545711320193915660,
    "12": 0.00001808137137179615496775747939026672030651088524609615501049795048669894981853189590465833206006938768373784057818,
    "13": 0.00142027197795749047479374225507654302177321572354279660604158493983578285383314523705696864251179363640524705866597154
  },
  "setupType": "Multi Region Model Regional Bidder",
  "population": 0,
  "id": 6,
  "worldId": 290,
  "setup": {
    "exponentFactor": 1.25,
    "base": 2.0,
    "alphaInterval": {
      "minValue": 500.0,
      "maxValue": 840.0
    },
    "betaInterval": {
      "minValue": 0.04,
      "maxValue": 0.1
    },
    "setupName": "Multi Region Model Regional Bidder",
    "numberOfBidders": 4
  },
  "implementation": "org.spectrumauctions.sats.core.model.mrvm.MRVMRegionalBidder"
}