{
  "gammaValues": {
    "1": 0.94990,
    "2": 0.79961
  },
  "alpha": 1114.76346662149126132135279476642608642578125,
  "beta": {
    "0": 0.211140529087364858806807887958711944520473480224609375,
    "1": 0.08015928162554968039454905692764441482722759246826171875,
    "2": 0.0843942768469474746684255705986288376152515411376953125,
    "3": 0.1810799156444203583671281876377179287374019622802734375,
    "4": 0.126951563360368335775518744412693195044994354248046875,
    "5": 0.18806958693418829309251805170788429677486419677734375,
    "6": 0.188507865223233428420002155689871869981288909912109375,
    "7": 0.1622502947201925616038664657025947235524654388427734375,
    "8": 0.1689231098700162136960756242842762731015682220458984375,
    "9": 0.1996699292157690097671007833923795260488986968994140625,
    "10": 0.147413669894005561200600595839205197989940643310546875,
    "11": 0.1866198903629353311739436094285338185727596282958984375,
    "12": 0.140433989798012193173093464793055318295955657958984375,
    "13": 0.14090916391996077816628485379624180495738983154296875
  },
  "zLow": {
    "0": 0.000001591015760,
    "1": 0.000002031290791,
    "2": 0.000002733088140,
    "3": 5.722845234E-7,
    "4": 2.396536911E-7,
    "5": 3.916291456E-7,
    "6": 0.000004820670646,
    "7": 1.056058314E-7,
    "8": 0.000001323983426,
    "9": 7.167026178E-7,
    "10": 5.695910096E-7,
    "11": 1.269658447E-7,
    "12": 2.798361863E-7,
    "13": 0.00001172829356
  },
  "zHigh": {
    "0": 0.00008132326372603513063638936309110282785234732540296679910817145735438757215072348428651395737099985452625912535026,
    "1": 0.0000772214047777369621477397890544643223980946706339129266798922033253319202445058318365201989361424442422170347002816,
    "2": 0.000105058343894245847956493993844763551024959632790815813797862349470151446442375329622286776480788795126348739543499,
    "3": 0.000027531459021572632991525074464877099724214573006462846664976743495754377486833212174015218990748330432743341055056,
    "4": 0.00001023205180432444208376645196976880512500243377383280025029922179641967221907210668490236815398554311173553095577,
    "5": 0.0000191142275322454227480013335960912742590487950360453891402020783910314177055022466553291446207731778750833089385,
    "6": 0.00023549355257722031192650430388488495215542214329528646549665165845495312550228306534807932130840626144088485212866,
    "7": 0.000004881632664804254392859662676143956330380184447267203129522629410398426429424052316801662097598313388305751617253,
    "8": 0.000062084642530541975732971143239677860731683410333046990765740319801247636606190456933378195288882365806898961961194,
    "9": 0.000035811474627073245255967086674188415845061793309728359280470289212589809367894379671637502800628808261314657272512,
    "10": 0.00002548428039388332603163654897703726795219440889964248647162063263925019852358002819316833490610851858574028964195,
    "11": 0.000006178410542392487743714068106235406818993320405267245757143393547878046093987583024255819387560846062124109116178,
    "12": 0.00001232493679937532366520520192633556898910065272837418595842448735625208302748902277917512466191420375885267682860,
    "13": 0.0005171112106929070967516217797103163474179236296834396610032464417565090739560340596360671692704150739674252883480
  },
  "setupType": "Multi Region Model National Bidder",
  "population": 0,
  "id": 7,
  "worldId": 246,
  "setup": {
    "bInterval": {
      "minValue": 0.1,
      "maxValue": 0.3
    },
    "kMax": 2.0,
    "alphaInterval": {
      "minValue": 700.0,
      "maxValue": 1200.0
    },
    "betaInterval": {
      "minValue": 0.08,
      "maxValue": 0.22
    },
    "setupName": "Multi Region Model National Bidder",
    "numberOfBidders": 3
  },
  "implementation": "org.spectrumauctions.sats.core.model.mrvm.MRVMNationalBidder"
}