{
  "homeId": 3,
  "distanceDiscounts": {
    "0": 1,
    "1": 0.42045,
    "2": 0.17678,
    "3": 0.07433,
    "4": 0.03125,
    "5": 0.01314,
    "6": 0.00552,
    "7": 0.00232
  },
  "alpha": 780.531023496467923905584029853343963623046875,
  "beta": {
    "0": 0.0822876650559427325060113389554317109286785125732421875,
    "1": 0.05585510941219053171469255403280840255320072174072265625,
    "2": 0.0857796821019191912949253264741855673491954803466796875,
    "3": 0.06475046726294479693120109686788055114448070526123046875,
    "4": 0.0412038562624151560864760313052101992070674896240234375,
    "5": 0.0628793845167455456302008087732247076928615570068359375,
    "6": 0.06863207382497472919258285628529847599565982818603515625,
    "7": 0.0929140794429878236204700669986777938902378082275390625,
    "8": 0.07152952608249950328112021225024363957345485687255859375,
    "9": 0.09218326329780289485338329313890426419675350189208984375,
    "10": 0.077317420000706016391944785937084816396236419677734375,
    "11": 0.05078970138416648294477084846221259795129299163818359375,
    "12": 0.08073897838762278400537297784467227756977081298828125,
    "13": 0.06609096059881243434563913297097315080463886260986328125
  },
  "zLow": {
    "0": 0.000004082360450,
    "1": 0.000002915164115,
    "2": 0.000002688946747,
    "3": 0.000001600439929,
    "4": 7.383874594E-7,
    "5": 0.000001171346257,
    "6": 0.00001324066551,
    "7": 1.844131413E-7,
    "8": 0.000003126700398,
    "9": 0.000001552385497,
    "10": 0.000001085984259,
    "11": 4.665188291E-7,
    "12": 4.867353156E-7,
    "13": 0.00002500529611
  },
  "zHigh": {
    "0": 0.000156063604419552673389681818683469880896651046953541695472007082800800663630033398277595079998897606265757644007229,
    "1": 0.0001037376044842184448424368749486830624861666625159898384681490754126002734237720687180891576518369887079742254592880,
    "2": 0.000103734102100157577242675397001498641833731283954151305991797681279749398577564190044211828710138395565635113261483,
    "3": 0.0000583761211833322555495469664659344514084107601749307086103121299236512062669235217261211905253609231811586458013593,
    "4": 0.000025194064853115227728773771209807036410045375515207074615467336185478671203678105937552764933812710231660023542153,
    "5": 0.000042505740849308726227956563415583565441661736815382196541638235474802864794312450530084194940481120739452768255555,
    "6": 0.0004880933982949810623872810845087605165691595315358996050131261071261886761659452561580510520961281541842758675620415,
    "7": 0.000007245851962328991111849351547704881447690411507817320783178870040739961223555060515275495378739668222322545714049,
    "8": 0.0001161661516978511558074050375583383026706759235820279589278673484679250387735472562053123185838471867343989795860314,
    "9": 0.0000608819609861161250970815170421389100122781151091968431003194245741548990082144300807690547396222500350080649795854,
    "10": 0.00004097607787422891110732416327893734075792144856951490685476727842481267286612660412902697358510944403537374554111,
    "11": 0.0000163650000723861908252244929896976031549759331872078522157418178183426412990737875197746534926594807891493971772356,
    "12": 0.0000185319106789042251470026327692985473637779884076011765431170399516657513313296059186981874749766681940328131031,
    "13": 0.0009154212870299223631150432424322199349091721328257561594729615021909220355945361423975228819018792878652299314855023
  },
  "setupType": "Multi Region Model Regional Bidder",
  "population": 0,
  "id": 5,
  "worldId": 246,
  "setup": {
    "exponentFactor": 1.25,
    "base": 2.0,
    "alphaInterval": {
      "minValue": 500.0,
      "maxValue": 840.0
    },
    "betaInterval": {
      "minValue": 0.04,
      "maxValue": 0.1
    },
    "setupName": "Multi Region Model Regional Bidder",
    "numberOfBidders": 4
  },
  "implementation": "org.spectrumauctions.sats.core.model.mrvm.MRVMRegionalBidder"
}