{
  "homeId": 4,
  "distanceDiscounts": {
    "0": 1,
    "1": 0.42045,
    "2": 0.17678,
    "3": 0.07433,
    "4": 0.03125,
    "5": 0.01314,
    "6": 0.00552,
    "7": 0.00232
  },
  "alpha": 737.4905712391527004001545719802379608154296875,
  "beta": {
    "0": 0.042501462573446502357654708248446695506572723388671875,
    "1": 0.0914822025610796674133240458104410208761692047119140625,
    "2": 0.08538900372327938581573647525146952830255031585693359375,
    "3": 0.09835531148656363742421859797104843892157077789306640625,
    "4": 0.07024790481733893254823186680368962697684764862060546875,
    "5": 0.09150570662272318467334031311111175455152988433837890625,
    "6": 0.078095932144567281607550057742628268897533416748046875,
    "7": 0.0716041901335674746409409863190376199781894683837890625,
    "8": 0.08578891114681386209639413209515623748302459716796875,
    "9": 0.07002244002082726181956928712679655291140079498291015625,
    "10": 0.058426726373415560633617360508651472628116607666015625,
    "11": 0.044141804922501005903345827618977637030184268951416015625,
    "12": 0.0859437501738296305564546173627604730427265167236328125,
    "13": 0.08730403058366043023141855883295647799968719482421875
  },
  "zLow": {
    "0": 0.000007903914101,
    "1": 0.000001779874184,
    "2": 0.000002701249424,
    "3": 0.000001053621118,
    "4": 4.331006145E-7,
    "5": 8.049064301E-7,
    "6": 0.00001163612890,
    "7": 2.392957343E-7,
    "8": 0.000002606996577,
    "9": 0.000002043687151,
    "10": 0.000001437107747,
    "11": 5.367780511E-7,
    "12": 4.572585214E-7,
    "13": 0.00001892952741
  },
  "zHigh": {
    "0": 0.00027071021393829562859627796226391883895136591530338962506489652233424991098978014320958626536132753728821660393861,
    "1": 0.000069678906550770325868745814474912190091900363655760445436158758411889024280104439530035273993700188378378305029146,
    "2": 0.0001041031824182239260505333641631398894117469985059196746622601586667652172376313151028192935962841610340335703468081,
    "3": 0.0000419715568497116680275534889899495346198300035343844941500776577874531493796771652532775868309675060143933634901305,
    "4": 0.0000160354595070030425060428030377518211892278957933141975395328252828202061299106910812757461060475340252124687849846,
    "5": 0.0000315125460647950223141501552643948521034041165692745767896902009964087061050308735225311744587756952675294597722963,
    "6": 0.00043995729993612518264903537457303073060646835652782649484444669218108486930675002595772332370440090700259544990595,
    "7": 0.000008892329753419625214755656028667510074243254468942917766294564467536184596310197332177393774784635407151013153103,
    "8": 0.0001005750370574119333804563393901634339040430354321524924326933979124832351155035708683486332909248428172248662190,
    "9": 0.0000756210106246964777285377765487022174890483072156278976678802575210032944136413624359402044472359709113974043493199,
    "10": 0.00005150978249519156524087226854690000748588119580810823709037845554596078441333844774276082543996693918656824847146,
    "11": 0.00001847277673323345253946926665506909287942534910618844981037919181459419141613864909807257713186314683257956349014265,
    "12": 0.000017647606852522521622238021791699421883708492813366515006092571750003486661599595328732974070310607722589295877439,
    "13": 0.0007331482260936275826907132755151173703981551105089950405183343333381923266116474329245664730912119835557926519422
  },
  "setupType": "Multi Region Model Regional Bidder",
  "population": 0,
  "id": 6,
  "worldId": 246,
  "setup": {
    "exponentFactor": 1.25,
    "base": 2.0,
    "alphaInterval": {
      "minValue": 500.0,
      "maxValue": 840.0
    },
    "betaInterval": {
      "minValue": 0.04,
      "maxValue": 0.1
    },
    "setupName": "Multi Region Model Regional Bidder",
    "numberOfBidders": 4
  },
  "implementation": "org.spectrumauctions.sats.core.model.mrvm.MRVMRegionalBidder"
}