{
  "regionsOfInterest": [
    1,
    7,
    9,
    10,
    12
  ],
  "alpha": 79.469510681772845828163553960621356964111328125,
  "beta": {
    "0": 0.09772142242085501973036798517568968236446380615234375,
    "1": 0.067881384671009958875487200202769599854946136474609375,
    "2": 0.073883631768587199051268044058815576136112213134765625,
    "3": 0.0538907956033047030874882921125390566885471343994140625,
    "4": 0.08715187562378427788001289400199311785399913787841796875,
    "5": 0.09738956830386713559022382469265721738338470458984375,
    "6": 0.1052474223603037384311420510130119509994983673095703125,
    "7": 0.1095986428603784312851843196767731569707393646240234375,
    "8": 0.08578996870553591558294925789596163667738437652587890625,
    "9": 0.090359690632761557882446368239470757544040679931640625,
    "10": 0.098143623576886274140207433447358198463916778564453125,
    "11": 0.089142112596216682707250811290577985346317291259765625,
    "12": 0.086784938807922762382673909087316133081912994384765625,
    "13": 0.1100568388692584054222578515691566281020641326904296875
  },
  "zLow": {
    "0": 0.000003437607651,
    "1": 0.000002398696069,
    "2": 0.000003121895765,
    "3": 0.000001922948661,
    "4": 3.490964540E-7,
    "5": 7.562774220E-7,
    "6": 0.000008634266872,
    "7": 1.563393197E-7,
    "8": 0.000002606964440,
    "9": 0.000001583714597,
    "10": 8.555369978E-7,
    "11": 2.658042459E-7,
    "12": 4.528264082E-7,
    "13": 0.00001501609584
  },
  "zHigh": {
    "0": 0.0001367210204412079246043758621134812678096417988439239586064991969193998354089924960915326733043680244355908920158,
    "1": 0.00008824356312093613505160499176130816602786811525239036619136297031751276517086491198831201297075284513287690228543,
    "2": 0.00011672257264743416883931948291678822561900106432808433944377725482012250276786034225008495344320262029489545259360,
    "3": 0.000068051383132518952090251366211924127241807041499807995938418720685252224820567605720589287963419302161546601229542,
    "4": 0.0000135153346937574829105854520881499555355607739781297467921280593370171509782167521130296133132965782476412352320926,
    "5": 0.0000300536758234696325936861782833849024131435489364981405852609016336431253835470332693425299707077174483145103636,
    "6": 0.000349901439384635808904275162384489767146990377670396840342867568378617748185950015486725918210965060961700728925203,
    "7": 0.000006403637313623967228290489341547695663552135380093925306076596382167242176703561484051946403542178747402812989769,
    "8": 0.0001005740729405078222949756841327447053181906698953975219246705763530523478479496744074478483635749500972693969730905,
    "9": 0.00006182183397714450640641567360079657486816065321084926460584467975177648352354876694440347559388027463605527149681,
    "10": 0.00003406266003836772368052921544155620648284142322796579357578245198348196335464915899925285267994059708264003783838,
    "11": 0.00001034356257853204422068264232656172997338761943057842343243431827111789447499750524814037909080224077840000667521,
    "12": 0.00001751464345716467365531111475797086783211391475913359050870653764316374335502713733578659258843687684569588933611,
    "13": 0.000615745278924441232991237025750792714916538684826789394474082767843062355863993628896384265447110450920714289467437
  },
  "setupType": "Multi Region Model Local Bidder",
  "population": 0,
  "id": 1,
  "worldId": 246,
  "setup": {
    "numberOfRegionsInterval": {
      "minValue": 3,
      "maxValue": 7
    },
    "alphaInterval": {
      "minValue": 60.0,
      "maxValue": 100.0
    },
    "betaInterval": {
      "minValue": 0.05,
      "maxValue": 0.12
    },
    "setupName": "Multi Region Model Local Bidder",
    "numberOfBidders": 3
  },
  "implementation": "org.spectrumauctions.sats.core.model.mrvm.MRVMLocalBidder"
}