{
  "homeId": 12,
  "distanceDiscounts": {
    "0": 1,
    "1": 0.42045,
    "2": 0.17678,
    "3": 0.07433,
    "4": 0.03125,
    "5": 0.01314,
    "6": 0.00552,
    "7": 0.00232
  },
  "alpha": 704.3758621406378779283841140568256378173828125,
  "beta": {
    "0": 0.050576143877080148580915874845231883227825164794921875,
    "1": 0.049109651556499843427783247307161218486726284027099609375,
    "2": 0.061804645522695711434835175168700516223907470703125,
    "3": 0.05982653508947766152203939782339148223400115966796875,
    "4": 0.099842971241776490298747148699476383626461029052734375,
    "5": 0.09210985134175127264644089564171736128628253936767578125,
    "6": 0.062276711507929939648509076732807443477213382720947265625,
    "7": 0.085745545027685665662176006662775762379169464111328125,
    "8": 0.0939509275036663760172217507715686224400997161865234375,
    "9": 0.085254803092380815332518295690533705055713653564453125,
    "10": 0.061070220216293179260613754877340397797524929046630859375,
    "11": 0.0778749837316293491706886698011658154428005218505859375,
    "12": 0.08571039718738741874926034824966336600482463836669921875,
    "13": 0.05904028043529731262228921195855946280062198638916015625
  },
  "zLow": {
    "0": 0.000006642022969,
    "1": 0.000003315576581,
    "2": 0.000003732033331,
    "3": 0.000001732161709,
    "4": 3.047226096E-7,
    "5": 7.996270820E-7,
    "6": 0.00001459188050,
    "7": 1.998305248E-7,
    "8": 0.000002380512930,
    "9": 0.000001678544267,
    "10": 0.000001374900906,
    "11": 3.042614057E-7,
    "12": 4.585034420E-7,
    "13": 0.00002799146663
  },
  "zHigh": {
    "0": 0.00023285348000119573001831122316858139972285838726575079494406167854618341434325121766055993932217585534734180460532,
    "1": 0.00011574997845882429185817561503915290051401069625923333632624827476289887909321783258999074747285564026757058398235587,
    "2": 0.00013502669963475784718771769572094099325941767185779452259160967583417086819792354903371947218696468542017750877,
    "3": 0.0000623277745650765674336863514991521776246761131983396685732875582222036447698120514976341878835389014419496265734,
    "4": 0.00001218411935958516382405887055015537879305410840756379974530530979346542539506873423441488179163034185492091218061,
    "5": 0.0000313541656216867025848285991766265904493203314450354551505553994362771736532210757061625299112595334471142356904613,
    "6": 0.00052862984822078105905697672224097431342226019994283211613522226304551724177611008406826989123002026359096804491582590,
    "7": 0.00000770837346677887980088449924110466536440409769458353138029117097778417549350211646840058532867367382052646165923,
    "8": 0.000093780527647795218179879553283995571385694834375856758131520152150917116130232564099011844725380089443733440130090,
    "9": 0.00006466672410030494476429463662592138915329559063054803681509025319817816137380322081873516753904280911137447685049,
    "10": 0.00004964357726516019899550028721870274094482512379421682285235778900577922225139694169690446722930077207806930228462022,
    "11": 0.000011497277371562760714664412397971271845757174250342481092637437324727578642539974968869146093316782744014411840581,
    "12": 0.0000176849544713759565873102841757629200756724796111973798463251316374518897885189693182231657630923296315379643334268,
    "13": 0.0010050064027751396986111717756119570411262294050578495888343013579099798854056607628592445535143066751266657432953937
  },
  "setupType": "Multi Region Model Regional Bidder",
  "population": 0,
  "id": 3,
  "worldId": 246,
  "setup": {
    "exponentFactor": 1.25,
    "base": 2.0,
    "alphaInterval": {
      "minValue": 500.0,
      "maxValue": 840.0
    },
    "betaInterval": {
      "minValue": 0.04,
      "maxValue": 0.1
    },
    "setupName": "Multi Region Model Regional Bidder",
    "numberOfBidders": 4
  },
  "implementation": "org.spectrumauctions.sats.core.model.mrvm.MRVMRegionalBidder"
}