{
  "bidderPosition": 4,
  "values": {
    "16": 4.1155306707651977404793797177262604236602783203125,
    "17": 13.893751109255134679187904112040996551513671875,
    "8": 2.34958582024574536006866765092127025127410888671875,
    "9": 19.56921369063231708196326508186757564544677734375,
    "10": 9.31787643757876793415562133304774761199951171875,
    "11": 11.6834958328501397062382238800637423992156982421875
  },
  "setupType": "Regional Bidder Setup",
  "population": 0,
  "id": 4,
  "worldId": 701,
  "setup": {
    "lowNationalValueInterval": {
      "minValue": 0.0,
      "maxValue": 20.0
    },
    "highNationalValueInterval": {
      "minValue": 0.0,
      "maxValue": 40.0
    },
    "regionalValueInterval": {
      "minValue": 0.0,
      "maxValue": 20.0
    },
    "setupName": "Regional Bidder Setup",
    "numberOfBidders": 6
  },
  "implementation": "org.spectrumauctions.sats.core.model.gsvm.GSVMBidder"
}