{
  "bidderPosition": 5,
  "values": {
    "0": 9.356615393450891104976108181290328502655029296875,
    "1": 10.4565079949747730125864109140820801258087158203125,
    "17": 5.20068434712308569345395881100557744503021240234375,
    "10": 10.1879451886480527633693782263435423374176025390625,
    "11": 12.9092557297857553066933178342878818511962890625,
    "12": 12.9999581903444916264334096922539174556732177734375
  },
  "setupType": "Regional Bidder Setup",
  "population": 0,
  "id": 5,
  "worldId": 701,
  "setup": {
    "lowNationalValueInterval": {
      "minValue": 0.0,
      "maxValue": 20.0
    },
    "highNationalValueInterval": {
      "minValue": 0.0,
      "maxValue": 40.0
    },
    "regionalValueInterval": {
      "minValue": 0.0,
      "maxValue": 20.0
    },
    "setupName": "Regional Bidder Setup",
    "numberOfBidders": 6
  },
  "implementation": "org.spectrumauctions.sats.core.model.gsvm.GSVMBidder"
}