{
  "bidderPosition": -1,
  "values": {
    "0": 4.822960159115726952450131648220121860504150390625,
    "1": 5.7593521796483511110409381217323243618011474609375,
    "2": 2.49230530708865583022770806564949452877044677734375,
    "3": 3.321883458562691071591643776628188788890838623046875,
    "4": 3.712514559856063822707028521108441054821014404296875,
    "5": 9.8446598467941388577173711382783949375152587890625,
    "6": 7.76958258728392525682693303679116070270538330078125,
    "7": 15.9779696273577993537173824734054505825042724609375,
    "8": 8.4445488288790233610825453069992363452911376953125,
    "9": 8.610700527694962858049620990641415119171142578125,
    "10": 5.06185011811952190186048028408549726009368896484375,
    "11": 3.778501394690885195615237535093910992145538330078125
  },
  "setupType": "National Bidder Setup",
  "population": 0,
  "id": 6,
  "worldId": 1119,
  "setup": {
    "lowNationalValueInterval": {
      "minValue": 0.0,
      "maxValue": 10.0
    },
    "highNationalValueInterval": {
      "minValue": 0.0,
      "maxValue": 20.0
    },
    "regionalValueInterval": {
      "minValue": 0.0,
      "maxValue": 0.0
    },
    "setupName": "National Bidder Setup",
    "numberOfBidders": 1
  },
  "implementation": "org.spectrumauctions.sats.core.model.gsvm.GSVMBidder"
}