{
  "gammaValues": {
    "1": 0.97264,
    "2": 0.89056
  },
  "alpha": 781.9157932860572373101604171097278594970703125,
  "beta": {
    "0": 0.178232850646714069409171088409493677318096160888671875,
    "1": 0.1404069250253047462795308319982723332941532135009765625,
    "2": 0.10756405019749008811213997205413761548697948455810546875,
    "3": 0.102898972911629027482405263071996159851551055908203125,
    "4": 0.0938199504295030017875234307211940176784992218017578125,
    "5": 0.16519498258350839847707902663387358188629150390625,
    "6": 0.162850141802581116490244994565728120505809783935546875,
    "7": 0.1558244187410602332732878494425676763057708740234375,
    "8": 0.206782318863486691551401008837274275720119476318359375,
    "9": 0.217985108337386546129010866934549994766712188720703125,
    "10": 0.122645692955372476173891982398345135152339935302734375,
    "11": 0.1496061808367035173006343029555864632129669189453125,
    "12": 0.106571929395032849452462642148020677268505096435546875,
    "13": 0.12560414214965243129284999668016098439693450927734375
  },
  "zLow": {
    "0": 0.000001707102084,
    "1": 0.000001050360900,
    "2": 0.000001942229944,
    "3": 9.121628977E-7,
    "4": 2.937163584E-7,
    "5": 4.038293518E-7,
    "6": 0.000005054171257,
    "7": 9.959534421E-8,
    "8": 9.796239039E-7,
    "9": 5.946014822E-7,
    "10": 6.200828802E-7,
    "11": 1.434486477E-7,
    "12": 3.339907493E-7,
    "13": 0.00001191711864
  },
  "zHigh": {
    "0": 0.000081639229560679302054055581828379655662438540456994205713615352733210560453547730288984972059261949335325387900710,
    "1": 0.0000462586213776124197039705562810555230582669217199092338214435848690029483720003714940754605587572119132110637423918,
    "2": 0.00007915831023175329259469598897191184757614073572620983586876471744384454506372006950093363707890943844798101235808061,
    "3": 0.000036750949460700918189923602823284633969538576526540401511887197458334585008379466276446230368681395519301285774704,
    "4": 0.0000115671361668943648057296382613243309957223466197364900702865938434639000841243926158008445433335316316042773619236,
    "5": 0.00001878593882624093906912284851571554617862888935827812520546861463194111045073349212300611402614846977129026328,
    "6": 0.000233932388279567083024347597059695298443589866858819458213915782231776309437920127633864353836963865803457493628349,
    "7": 0.0000045397989881741038740666411543374941820964990205363706574804065018486666962464543736546221629093773835367290369,
    "8": 0.000049645607359020811503058397320156100031583175058903371313977597559228366323402735439194308648308572486706530599226,
    "9": 0.000030799471313573904619433815570204945446784701255159888400238868583062757083563242240022393893214950543081047627057,
    "10": 0.000026207535857890205658797291564600326579993449670507363177802347462907247973527748618411660889335164258681449126746,
    "11": 0.0000064495398628401994666610924344109210366699966972902661429408405943496659200037008253913602384601744798472310454,
    "12": 0.000013579126330865112956862891171905433058686125065375217516715682897713795976217280928618064933612645792748401019232,
    "13": 0.00050719750514391621555179908328511916162771452678927401530425284645195122557858182421124572204163858520549644126517
  },
  "setupType": "Multi Region Model National Bidder",
  "population": 0,
  "id": 9,
  "worldId": 924,
  "setup": {
    "bInterval": {
      "minValue": 0.1,
      "maxValue": 0.3
    },
    "kMax": 2.0,
    "alphaInterval": {
      "minValue": 700.0,
      "maxValue": 1200.0
    },
    "betaInterval": {
      "minValue": 0.08,
      "maxValue": 0.22
    },
    "setupName": "Multi Region Model National Bidder",
    "numberOfBidders": 3
  },
  "implementation": "org.spectrumauctions.sats.core.model.mrvm.MRVMNationalBidder"
}