{
  "gammaValues": {
    "1": 0.95307,
    "2": 0.81226
  },
  "alpha": 1003.099053944360775858513079583644866943359375,
  "beta": {
    "0": 0.08020265536082298030162718305291491560637950897216796875,
    "1": 0.1366608547482915103632450382065144367516040802001953125,
    "2": 0.083502007142375378467846758212544955313205718994140625,
    "3": 0.1417371925259352238857246675252099521458148956298828125,
    "4": 0.138009988388275328663468144441139884293079376220703125,
    "5": 0.12307372047968545558660480310209095478057861328125,
    "6": 0.0820381927024941559611903585391701199114322662353515625,
    "7": 0.21968362260634755056543099271948449313640594482421875,
    "8": 0.0867979174261624131236914081455324776470661163330078125,
    "9": 0.213351493030237093773138212782214395701885223388671875,
    "10": 0.0969540546018743676359719074753229506313800811767578125,
    "11": 0.09011107103455535949354526792376418597996234893798828125,
    "12": 0.1307361538907457487734831147463410161435604095458984375,
    "13": 0.217198048956749489857287471750169061124324798583984375
  },
  "zLow": {
    "0": 0.000003793660812,
    "1": 0.000001079152800,
    "2": 0.000002501905360,
    "3": 6.622159197E-7,
    "4": 1.996699986E-7,
    "5": 5.420375892E-7,
    "6": 0.00001003279667,
    "7": 7.064425849E-8,
    "8": 0.000002333799111,
    "9": 6.075151698E-7,
    "10": 7.843972575E-7,
    "11": 2.381594635E-7,
    "12": 2.722585719E-7,
    "13": 0.000006891587976
  },
  "zHigh": {
    "0": 0.00014423599141557940853480540856716705204497820506096752344307539489749864482362339836781135852090994331354026202859408,
    "1": 0.0000471223783953366016040226840318363604638878607179715912161681752352978517542964700657093114554344854647855371872821,
    "2": 0.000095948572692658347446095151377133001245732049842973717753394782890447639146814454815433403598393848945167157833282,
    "3": 0.0000292525401201914294804390709959067053883240169041562982019673570009836857374114205390198535117453020625800249203939,
    "4": 0.000008745745373164430388335299105517082016672381975749410602999102447051717363391428235754785855549403639785309208550,
    "5": 0.00002293218594660238175282509889358080433292163473888471775093193538425310904236351758322963803167285734013226304,
    "6": 0.0003832911504148431119241952879071352748921260282631082417136596011910072071522249695229856215168553703237949314417057,
    "7": 0.00000367126641653457939673851462875468828848480969884766330823027325784909314058732449753586408783325564741928247869,
    "8": 0.0000902708635466829912141406081249708974725314406603842468781340856131192071510145808412571519890422865536377961702496,
    "9": 0.000031186881941466893065113735260519311357433848430448850699394546223848542891666052223307378604327480623158592557154,
    "10": 0.0000311369671762364110988620095070336591581048824990043430836543311950094689584453491430329326252130054591043122179824,
    "11": 0.00000929086433492221874060263695509684169863370369184406068799505659331270952921183474138626460436461063735186563180283,
    "12": 0.0000117271610091041678665851777877459296759945454208607420477491565127146474408204457590377187639660995581410848700631,
    "13": 0.000356431585497808616700458329709603368194990879919526649036410716848498152200124074341810105375051280075680395357007
  },
  "setupType": "Multi Region Model National Bidder",
  "population": 0,
  "id": 8,
  "worldId": 924,
  "setup": {
    "bInterval": {
      "minValue": 0.1,
      "maxValue": 0.3
    },
    "kMax": 2.0,
    "alphaInterval": {
      "minValue": 700.0,
      "maxValue": 1200.0
    },
    "betaInterval": {
      "minValue": 0.08,
      "maxValue": 0.22
    },
    "setupName": "Multi Region Model National Bidder",
    "numberOfBidders": 3
  },
  "implementation": "org.spectrumauctions.sats.core.model.mrvm.MRVMNationalBidder"
}