{
  "homeId": 0,
  "distanceDiscounts": {
    "0": 1,
    "1": 0.42045,
    "2": 0.17678,
    "3": 0.07433,
    "4": 0.03125,
    "5": 0.01314,
    "6": 0.00552,
    "7": 0.00232
  },
  "alpha": 750.4145343639056591200642287731170654296875,
  "beta": {
    "0": 0.040490756403390448792123379462282173335552215576171875,
    "1": 0.04667624021762213637476435224016313441097736358642578125,
    "2": 0.0457571608556029130188136377910268492996692657470703125,
    "3": 0.075786454091618604689273297481122426688671112060546875,
    "4": 0.0806460643302457647063619106120313517749309539794921875,
    "5": 0.054200881181905795347386600724348681978881359100341796875,
    "6": 0.045546135997861038335887684525005170144140720367431640625,
    "7": 0.048564588725375036626363822733765118755400180816650390625,
    "8": 0.07767991832013276809476565176737494766712188720703125,
    "9": 0.0681969750339410929473871192385558970272541046142578125,
    "10": 0.06886864987470324439566837781967478804290294647216796875,
    "11": 0.0739941481477805196309560642475844360888004302978515625,
    "12": 0.04512436065783263783313117301076999865472316741943359375,
    "13": 0.0976612951520787475612195294161210767924785614013671875
  },
  "zLow": {
    "0": 0.000007514348896,
    "1": 0.000003159593475,
    "2": 0.000004565714203,
    "3": 0.000001238488150,
    "4": 3.416962056E-7,
    "5": 0.000001230802550,
    "6": 0.00001807118185,
    "7": 3.195617842E-7,
    "8": 0.000002607738356,
    "9": 0.000001900586770,
    "10": 0.000001104283222,
    "11": 2.900338049E-7,
    "12": 7.887987337E-7,
    "13": 0.00001532684428
  },
  "zHigh": {
    "0": 0.000255856633914624251383150269309178380818877690030983737701108402944226155889477439665107862912681755663785452945557,
    "1": 0.00010953559864697694607518188104518370834364210628937978481118351254873562910820341719385672546010710372432136757265111,
    "2": 0.0001578628379839775905229495294489706685466654465750567077909802831201745574881513067383776221472522272255647983527782,
    "3": 0.000046540707021047460573773864580497039161098962253895181646305412904583642353306244268771498795098084142082598872366,
    "4": 0.0000130065315851201619396453218619255214574664833666548263045239404844035364340925291198807421407094933446089694414404,
    "5": 0.000043595134751661087324633399232157149229203427619442724534349444683304147611579909459022474695786460561345684375895147,
    "6": 0.000624442705848109586770974646833296618133651305912224213848604279589110288796285395086156756549499930328319224395461858,
    "7": 0.000011138792186839604312087319999843043631291673395212108923139817187876183799059349796126215188375040495653677237117796,
    "8": 0.00009848904090556916400702138408129002893984064909310793877694014174265755673446284542978211447992034362743495590123,
    "9": 0.0000699790299476063010887085789490808969647308212246149779390973996094519368288558473261860701507195798234521909129489,
    "10": 0.00004073354609089901344998506782515864956569014751429594785315919819680134405999148393188220334232211093260872209453426,
    "11": 0.0000108470945785316162394681716917858016258600775910475064172485705755574141589719064074930559491034701405135525944583,
    "12": 0.00002722336586411687985588129483902110803376228433649605404683724491704722937586090903333756865731614872204891168380553,
    "13": 0.0006094892744716566038613691806492288091051477989204440869819795067440842413555291154024833716542509688812504241104561
  },
  "setupType": "Multi Region Model Regional Bidder",
  "population": 0,
  "id": 4,
  "worldId": 924,
  "setup": {
    "exponentFactor": 1.25,
    "base": 2.0,
    "alphaInterval": {
      "minValue": 500.0,
      "maxValue": 840.0
    },
    "betaInterval": {
      "minValue": 0.04,
      "maxValue": 0.1
    },
    "setupName": "Multi Region Model Regional Bidder",
    "numberOfBidders": 4
  },
  "implementation": "org.spectrumauctions.sats.core.model.mrvm.MRVMRegionalBidder"
}