{
  "bidderPosition": 2,
  "values": {
    "4": 38.141118683467396976993768475949764251708984375,
    "5": 32.464610105913862980742123909294605255126953125,
    "6": 5.050559537534002885195150156505405902862548828125,
    "7": 4.70458688212227915670382571988739073276519775390625,
    "14": 3.467997801973414784271199096110649406909942626953125,
    "15": 3.267556622619045558764128145412541925907135009765625
  },
  "setupType": "Regional Bidder Setup",
  "population": 0,
  "id": 2,
  "worldId": 1130,
  "setup": {
    "lowNationalValueInterval": {
      "minValue": 0.0,
      "maxValue": 20.0
    },
    "highNationalValueInterval": {
      "minValue": 0.0,
      "maxValue": 40.0
    },
    "regionalValueInterval": {
      "minValue": 0.0,
      "maxValue": 20.0
    },
    "setupName": "Regional Bidder Setup",
    "numberOfBidders": 6
  },
  "implementation": "org.spectrumauctions.sats.core.model.gsvm.GSVMBidder"
}