{
  "bidderPosition": -1,
  "values": {
    "0": 8.2069868544972717216978708165697753429412841796875,
    "1": 8.6559211080973472718369521317072212696075439453125,
    "2": 2.6303451952700971361309711937792599201202392578125,
    "3": 0.1149981529613730568684104582644067704677581787109375,
    "4": 18.2529693894510813834131113253533840179443359375,
    "5": 5.325456206702884998094305046834051609039306640625,
    "6": 17.899573861399918683900978066958487033843994140625,
    "7": 0.94336478599988282667254679836332798004150390625,
    "8": 4.1036400038540961077160318382084369659423828125,
    "9": 0.2671076332539612518957028441946022212505340576171875,
    "10": 5.98742994719288379457111659576185047626495361328125,
    "11": 7.8043352986078158295413231826387345790863037109375
  },
  "setupType": "National Bidder Setup",
  "population": 0,
  "id": 6,
  "worldId": 1130,
  "setup": {
    "lowNationalValueInterval": {
      "minValue": 0.0,
      "maxValue": 10.0
    },
    "highNationalValueInterval": {
      "minValue": 0.0,
      "maxValue": 20.0
    },
    "regionalValueInterval": {
      "minValue": 0.0,
      "maxValue": 0.0
    },
    "setupName": "National Bidder Setup",
    "numberOfBidders": 1
  },
  "implementation": "org.spectrumauctions.sats.core.model.gsvm.GSVMBidder"
}