{
  "bidderPosition": -1,
  "values": {
    "0": 0.7182760993198622490041316268616355955600738525390625,
    "1": 2.954605851749750655699244816787540912628173828125,
    "2": 9.1646774813762110767356716678477823734283447265625,
    "3": 0.7324890571164355268507506480091251432895660400390625,
    "4": 6.9406657419773960526754308375529944896697998046875,
    "5": 1.096135830080082751436520993593148887157440185546875,
    "6": 15.52247776476026075442860019393265247344970703125,
    "7": 12.440136540682285470893475576303899288177490234375,
    "8": 0.0734912681724686489559417168493382632732391357421875,
    "9": 3.49886429319249270264435835997574031352996826171875,
    "10": 9.982466922979934764725840068422257900238037109375,
    "11": 7.67628724741306722734179857070557773113250732421875
  },
  "setupType": "National Bidder Setup",
  "population": 0,
  "id": 6,
  "worldId": 692,
  "setup": {
    "lowNationalValueInterval": {
      "minValue": 0.0,
      "maxValue": 10.0
    },
    "highNationalValueInterval": {
      "minValue": 0.0,
      "maxValue": 20.0
    },
    "regionalValueInterval": {
      "minValue": 0.0,
      "maxValue": 0.0
    },
    "setupName": "National Bidder Setup",
    "numberOfBidders": 1
  },
  "implementation": "org.spectrumauctions.sats.core.model.gsvm.GSVMBidder"
}