{
  "bidderPosition": 5,
  "values": {
    "0": 8.4376131960465361459000632748939096927642822265625,
    "1": 7.3664220901439474431526832631789147853851318359375,
    "17": 2.252968999781870262921756875584833323955535888671875,
    "10": 18.5326123856131488309983978979289531707763671875,
    "11": 8.158116606396891512531510670669376850128173828125,
    "12": 12.0759509008591265910581569187343120574951171875
  },
  "setupType": "Regional Bidder Setup",
  "population": 0,
  "id": 5,
  "worldId": 835,
  "setup": {
    "lowNationalValueInterval": {
      "minValue": 0.0,
      "maxValue": 20.0
    },
    "highNationalValueInterval": {
      "minValue": 0.0,
      "maxValue": 40.0
    },
    "regionalValueInterval": {
      "minValue": 0.0,
      "maxValue": 20.0
    },
    "setupName": "Regional Bidder Setup",
    "numberOfBidders": 6
  },
  "implementation": "org.spectrumauctions.sats.core.model.gsvm.GSVMBidder"
}