{
  "bidderPosition": 0,
  "values": {
    "0": 12.321068572394882068010701914317905902862548828125,
    "1": 1.84482375176851842724090602132491767406463623046875,
    "2": 17.938660464989101939181637135334312915802001953125,
    "3": 17.97182817041215940889742341823875904083251953125,
    "12": 1.999216536875458860578191888635046780109405517578125,
    "13": 6.866371320734170780042404658161103725433349609375
  },
  "setupType": "Regional Bidder Setup",
  "population": 0,
  "id": 0,
  "worldId": 835,
  "setup": {
    "lowNationalValueInterval": {
      "minValue": 0.0,
      "maxValue": 20.0
    },
    "highNationalValueInterval": {
      "minValue": 0.0,
      "maxValue": 40.0
    },
    "regionalValueInterval": {
      "minValue": 0.0,
      "maxValue": 20.0
    },
    "setupName": "Regional Bidder Setup",
    "numberOfBidders": 6
  },
  "implementation": "org.spectrumauctions.sats.core.model.gsvm.GSVMBidder"
}