{
  "bidderPosition": 4,
  "values": {
    "16": 11.455028141993675916410211357288062572479248046875,
    "17": 9.05025522468580589929842972196638584136962890625,
    "8": 0.938384899463979849087991169653832912445068359375,
    "9": 2.07008762439949922651294400566257536411285400390625,
    "10": 17.454661135044194253396199201233685016632080078125,
    "11": 2.7705324653641838494877447374165058135986328125
  },
  "setupType": "Regional Bidder Setup",
  "population": 0,
  "id": 4,
  "worldId": 835,
  "setup": {
    "lowNationalValueInterval": {
      "minValue": 0.0,
      "maxValue": 20.0
    },
    "highNationalValueInterval": {
      "minValue": 0.0,
      "maxValue": 40.0
    },
    "regionalValueInterval": {
      "minValue": 0.0,
      "maxValue": 20.0
    },
    "setupName": "Regional Bidder Setup",
    "numberOfBidders": 6
  },
  "implementation": "org.spectrumauctions.sats.core.model.gsvm.GSVMBidder"
}