{
  "bidderPosition": -1,
  "values": {
    "0": 8.1692967145156689667828686651773750782012939453125,
    "1": 5.867875519927647331996922730468213558197021484375,
    "2": 8.45406354195061027212432236410677433013916015625,
    "3": 3.328079647892729919789189807488583028316497802734375,
    "4": 12.097091650162877130014749127440154552459716796875,
    "5": 5.50640560594320049858652055263519287109375,
    "6": 7.57179456808006801082910897093825042247772216796875,
    "7": 11.56194455914023677678414969705045223236083984375,
    "8": 3.4652207804235413135529597639106214046478271484375,
    "9": 3.6821072461171855394468366284854710102081298828125,
    "10": 5.54482716958096233383912476710975170135498046875,
    "11": 8.7825958626441060772549462853930890560150146484375
  },
  "setupType": "National Bidder Setup",
  "population": 0,
  "id": 6,
  "worldId": 835,
  "setup": {
    "lowNationalValueInterval": {
      "minValue": 0.0,
      "maxValue": 10.0
    },
    "highNationalValueInterval": {
      "minValue": 0.0,
      "maxValue": 20.0
    },
    "regionalValueInterval": {
      "minValue": 0.0,
      "maxValue": 0.0
    },
    "setupName": "National Bidder Setup",
    "numberOfBidders": 1
  },
  "implementation": "org.spectrumauctions.sats.core.model.gsvm.GSVMBidder"
}