{
  "bidderPosition": 1,
  "values": {
    "2": 15.188423637379852237927480018697679042816162109375,
    "3": 12.84590361056297780351087567396461963653564453125,
    "4": 24.9445370431559467760962434113025665283203125,
    "5": 37.66225699567939955159090459346771240234375,
    "13": 9.1694655794282891037028093705885112285614013671875,
    "14": 0.431566258776836519928110647015273571014404296875
  },
  "setupType": "Regional Bidder Setup",
  "population": 0,
  "id": 1,
  "worldId": 835,
  "setup": {
    "lowNationalValueInterval": {
      "minValue": 0.0,
      "maxValue": 20.0
    },
    "highNationalValueInterval": {
      "minValue": 0.0,
      "maxValue": 40.0
    },
    "regionalValueInterval": {
      "minValue": 0.0,
      "maxValue": 20.0
    },
    "setupName": "Regional Bidder Setup",
    "numberOfBidders": 6
  },
  "implementation": "org.spectrumauctions.sats.core.model.gsvm.GSVMBidder"
}