{
  "bidderPosition": 2,
  "values": {
    "4": 39.16543535760227001674138591624796390533447265625,
    "5": 32.7635266979198860326505382545292377471923828125,
    "6": 28.292995017231760357390157878398895263671875,
    "7": 1.899824047888625244695504079572856426239013671875,
    "14": 12.1669829862209297743902425281703472137451171875,
    "15": 11.9610826015829285751124189118854701519012451171875
  },
  "setupType": "Regional Bidder Setup",
  "population": 0,
  "id": 2,
  "worldId": 901,
  "setup": {
    "lowNationalValueInterval": {
      "minValue": 0.0,
      "maxValue": 20.0
    },
    "highNationalValueInterval": {
      "minValue": 0.0,
      "maxValue": 40.0
    },
    "regionalValueInterval": {
      "minValue": 0.0,
      "maxValue": 20.0
    },
    "setupName": "Regional Bidder Setup",
    "numberOfBidders": 6
  },
  "implementation": "org.spectrumauctions.sats.core.model.gsvm.GSVMBidder"
}