{
  "bidderPosition": 5,
  "values": {
    "0": 2.1966497690005493126363944611512124538421630859375,
    "1": 16.747307522045872474336647428572177886962890625,
    "17": 1.69800255339298100665246238349936902523040771484375,
    "10": 15.3554245571329222030954042566008865833282470703125,
    "11": 13.125214675473518610715473187156021595001220703125,
    "12": 1.855857459281169408171763279824517667293548583984375
  },
  "setupType": "Regional Bidder Setup",
  "population": 0,
  "id": 5,
  "worldId": 901,
  "setup": {
    "lowNationalValueInterval": {
      "minValue": 0.0,
      "maxValue": 20.0
    },
    "highNationalValueInterval": {
      "minValue": 0.0,
      "maxValue": 40.0
    },
    "regionalValueInterval": {
      "minValue": 0.0,
      "maxValue": 20.0
    },
    "setupName": "Regional Bidder Setup",
    "numberOfBidders": 6
  },
  "implementation": "org.spectrumauctions.sats.core.model.gsvm.GSVMBidder"
}