{
  "bidderPosition": 3,
  "values": {
    "16": 4.73639150570532851958205355913378298282623291015625,
    "6": 9.66469845576018116162231308408081531524658203125,
    "7": 22.418576931826322606866597197949886322021484375,
    "8": 7.63376983877992909555132428067736327648162841796875,
    "9": 16.050478500693856176440021954476833343505859375,
    "15": 2.5508675111778789101890652091242372989654541015625
  },
  "setupType": "Regional Bidder Setup",
  "population": 0,
  "id": 3,
  "worldId": 901,
  "setup": {
    "lowNationalValueInterval": {
      "minValue": 0.0,
      "maxValue": 20.0
    },
    "highNationalValueInterval": {
      "minValue": 0.0,
      "maxValue": 40.0
    },
    "regionalValueInterval": {
      "minValue": 0.0,
      "maxValue": 20.0
    },
    "setupName": "Regional Bidder Setup",
    "numberOfBidders": 6
  },
  "implementation": "org.spectrumauctions.sats.core.model.gsvm.GSVMBidder"
}