{
  "bidderPosition": 3,
  "values": {
    "16": 3.5340057791385870444855754612945020198822021484375,
    "6": 39.793290026600828923619701527059078216552734375,
    "7": 37.7763802558345247462057159282267093658447265625,
    "8": 14.1909891714488285430206815362907946109771728515625,
    "9": 4.4980451837221924193954691872932016849517822265625,
    "15": 16.230583643361850221253916970454156398773193359375
  },
  "setupType": "Regional Bidder Setup",
  "population": 0,
  "id": 3,
  "worldId": 700,
  "setup": {
    "lowNationalValueInterval": {
      "minValue": 0.0,
      "maxValue": 20.0
    },
    "highNationalValueInterval": {
      "minValue": 0.0,
      "maxValue": 40.0
    },
    "regionalValueInterval": {
      "minValue": 0.0,
      "maxValue": 20.0
    },
    "setupName": "Regional Bidder Setup",
    "numberOfBidders": 6
  },
  "implementation": "org.spectrumauctions.sats.core.model.gsvm.GSVMBidder"
}