{
  "bidderPosition": 5,
  "values": {
    "0": 15.182629722017875195660963072441518306732177734375,
    "1": 9.8695875925096743230824358761310577392578125,
    "17": 6.37737369774037432534896652214229106903076171875,
    "10": 18.692967288285235127887062844820320606231689453125,
    "11": 16.18102586236830831012412090785801410675048828125,
    "12": 14.6654665001216155673091634525917470455169677734375
  },
  "setupType": "Regional Bidder Setup",
  "population": 0,
  "id": 5,
  "worldId": 700,
  "setup": {
    "lowNationalValueInterval": {
      "minValue": 0.0,
      "maxValue": 20.0
    },
    "highNationalValueInterval": {
      "minValue": 0.0,
      "maxValue": 40.0
    },
    "regionalValueInterval": {
      "minValue": 0.0,
      "maxValue": 20.0
    },
    "setupName": "Regional Bidder Setup",
    "numberOfBidders": 6
  },
  "implementation": "org.spectrumauctions.sats.core.model.gsvm.GSVMBidder"
}