{
  "bidderPosition": 1,
  "values": {
    "2": 3.65314184529082819352652222733013331890106201171875,
    "3": 6.62195092074789926073208334855735301971435546875,
    "4": 39.7318052080065200470926356501877307891845703125,
    "5": 23.007508618665344357623325777240097522735595703125,
    "13": 16.56292294057619329805675079114735126495361328125,
    "14": 2.501553972607368780955994225223548710346221923828125
  },
  "setupType": "Regional Bidder Setup",
  "population": 0,
  "id": 1,
  "worldId": 700,
  "setup": {
    "lowNationalValueInterval": {
      "minValue": 0.0,
      "maxValue": 20.0
    },
    "highNationalValueInterval": {
      "minValue": 0.0,
      "maxValue": 40.0
    },
    "regionalValueInterval": {
      "minValue": 0.0,
      "maxValue": 20.0
    },
    "setupName": "Regional Bidder Setup",
    "numberOfBidders": 6
  },
  "implementation": "org.spectrumauctions.sats.core.model.gsvm.GSVMBidder"
}