{
  "bidderPosition": 1,
  "values": {
    "2": 17.350936530520680634026575717143714427947998046875,
    "3": 15.56141853357862459006355493329465389251708984375,
    "4": 29.589653596373981514489059918560087680816650390625,
    "5": 13.6502176007556297321343663497827947139739990234375,
    "13": 2.25770653284355748979805866838432848453521728515625,
    "14": 18.884921348502491156295945984311401844024658203125
  },
  "setupType": "Regional Bidder Setup",
  "population": 0,
  "id": 1,
  "worldId": 1058,
  "setup": {
    "lowNationalValueInterval": {
      "minValue": 0.0,
      "maxValue": 20.0
    },
    "highNationalValueInterval": {
      "minValue": 0.0,
      "maxValue": 40.0
    },
    "regionalValueInterval": {
      "minValue": 0.0,
      "maxValue": 20.0
    },
    "setupName": "Regional Bidder Setup",
    "numberOfBidders": 6
  },
  "implementation": "org.spectrumauctions.sats.core.model.gsvm.GSVMBidder"
}