{
  "homeId": 13,
  "distanceDiscounts": {
    "0": 1,
    "1": 0.42045,
    "2": 0.17678,
    "3": 0.07433,
    "4": 0.03125,
    "5": 0.01314,
    "6": 0.00552,
    "7": 0.00232
  },
  "alpha": 578.5266558632938540540635585784912109375,
  "beta": {
    "0": 0.06867884257056071362068649932552943937480449676513671875,
    "1": 0.068215566894550383469919552226201631128787994384765625,
    "2": 0.052973851364358635895879245936157531104981899261474609375,
    "3": 0.0941734202564546707403536629499285481870174407958984375,
    "4": 0.086602345732980978709747432731091976165771484375,
    "5": 0.0526124788504668539079744959963136352598667144775390625,
    "6": 0.0515975964177824153455986788685549981892108917236328125,
    "7": 0.05890445062999284664417842805050895549356937408447265625,
    "8": 0.052020364308167643674352120797266252338886260986328125,
    "9": 0.061263711551875939254063752059664693661034107208251953125,
    "10": 0.0950605373056643554452449507152778096497058868408203125,
    "11": 0.09680765034753137376899445598610327579081058502197265625,
    "12": 0.07236557398151584330481256301936809904873371124267578125,
    "13": 0.08517711109400986912998376965333591215312480926513671875
  },
  "zLow": {
    "0": 0.000004708904867,
    "1": 0.000002297942834,
    "2": 0.000004191812825,
    "3": 0.000001059377484,
    "4": 3.382122370E-7,
    "5": 0.000001347726006,
    "6": 0.00001695525251,
    "7": 2.800412974E-7,
    "8": 0.000004138996167,
    "9": 0.000002248770563,
    "10": 8.503494130E-7,
    "11": 2.356307437E-7,
    "12": 5.228063980E-7,
    "13": 0.00001867875633
  },
  "zHigh": {
    "0": 0.0001736073596028591484512876804155693042606338102723435016951436768103014064638944919493090266890997640916339729089240,
    "1": 0.00008461383229798264971880117127168060644897490719958100110326321826168533424559339372830579710710712049079469257502,
    "2": 0.00014796003167519337058607345099929435311766152876784521185440154306070449340345624752992989744933214234622818067044954,
    "3": 0.000041757844592296986474200505880701231160186211069220882352429863383019452438877619895763511994615154665296522423575,
    "4": 0.00001307536441748568280142871387106809002160179808371071309314990035049677938005245647762720554936974163639001,
    "5": 0.000047522500771554239478612754595049607051456251984729117394407140574722140673200381982406796100246316405587356618133,
    "6": 0.000596142602685026796995652071852240512603886528827712397136187602405653022242841927505370179821833243222320602622239,
    "7": 0.0000100508067989784676244218617524095067459110639857782752186225940042809698743437704966960560216113753806758981737091,
    "8": 0.00014570109384244172383739924913084806777603605931409570349624540497178627837890600947296817204700126282399858790034,
    "9": 0.00008123991996782606693441478114632264708146031188013164777519712112721858085049777326384905311430473839326432636390750,
    "10": 0.000033593949596845875405047254122597177655947548961104485844738207061838139985997802835702739130070218084728977879896,
    "11": 0.0000093500081740517007890948960245477359760706111822586379323602847079762746355176854102055015134523839438089537131748,
    "12": 0.0000194675104454899932681072973477347431005970979814942167910453488215234177355649261043754410442650354056807539848568,
    "13": 0.0007194629400051407457678224281416556782653286433681059189142128307291571263517311317554643270200602122451504011756958
  },
  "setupType": "Multi Region Model Regional Bidder",
  "population": 0,
  "id": 4,
  "worldId": 363,
  "setup": {
    "exponentFactor": 1.25,
    "base": 2.0,
    "alphaInterval": {
      "minValue": 500.0,
      "maxValue": 840.0
    },
    "betaInterval": {
      "minValue": 0.04,
      "maxValue": 0.1
    },
    "setupName": "Multi Region Model Regional Bidder",
    "numberOfBidders": 4
  },
  "implementation": "org.spectrumauctions.sats.core.model.mrvm.MRVMRegionalBidder"
}