{
  "homeId": 13,
  "distanceDiscounts": {
    "0": 1,
    "1": 0.42045,
    "2": 0.17678,
    "3": 0.07433,
    "4": 0.03125,
    "5": 0.01314,
    "6": 0.00552,
    "7": 0.00232
  },
  "alpha": 694.3372724563631663841078989207744598388671875,
  "beta": {
    "0": 0.08775531840398177740869556373581872321665287017822265625,
    "1": 0.0828862133724574123849748730208375491201877593994140625,
    "2": 0.05720586325453747011948735234909690916538238525390625,
    "3": 0.04291645190672539744713986920032766647636890411376953125,
    "4": 0.0808559486091746937308499809660133905708789825439453125,
    "5": 0.043791069453553439771997801699399133212864398956298828125,
    "6": 0.05679871912309865378265527624535025097429752349853515625,
    "7": 0.0930746137686889463136452604885562323033809661865234375,
    "8": 0.0873372927126181142210015195814776234328746795654296875,
    "9": 0.0975994041857342065071634351625107228755950927734375,
    "10": 0.06311793698106223093891031794555601663887500762939453125,
    "11": 0.0904682693002503424128946107884985394775867462158203125,
    "12": 0.0727781481051717193953010109908063896000385284423828125,
    "13": 0.05837908254021552389989579978646361269056797027587890625
  },
  "zLow": {
    "0": 0.000004379259044,
    "1": 0.000002247354642,
    "2": 0.000004612688050,
    "3": 0.000002762399392,
    "4": 4.304653448E-7,
    "5": 0.000001924137125,
    "6": 0.00001830317318,
    "7": 2.106057121E-7,
    "8": 0.000002929543060,
    "9": 0.000001677383950,
    "10": 0.000001521864840,
    "11": 2.996239665E-7,
    "12": 6.177362712E-7,
    "13": 0.00003238506664
  },
  "zHigh": {
    "0": 0.000169808098485252939315676374650432110183689402750657998811977049772454066546792170522631218235764803826483540234089,
    "1": 0.00008604811089014873056260580577613660025054526757217412503899287751644043191084104687010762583668932890691795586541,
    "2": 0.000164767921669407274583335912159233745539574079673879105317603350234359942332402966177577134764069646737523181336,
    "3": 0.000094727219813702891799468559807088504351172795246641580271036490313804258795038153220014790757609769074366001692828,
    "4": 0.00001639452872081615011100163878087343124798228638204459601064873428439493974739711849507128114405726029192009947270,
    "5": 0.0000661501159896791823438387809409171456718769381895842169631045167361514608731571219395662593976324711941912462689744,
    "6": 0.000653054874644963217720299936988279027649275630638330367514787638456201393284157528457708582090437802214146725365829,
    "7": 0.00000827837589323871623468319485150471701004400388666119836769693207558279474146203251175709411592733102102335062593,
    "8": 0.00011347212774790571936008658293250515102719984369761493663571617832829083551366405095710308159091470833881625538678,
    "9": 0.00006669268588642814815420039454795416637737110515455922070167833447376758234314434117117820652872472165780427179,
    "10": 0.000055261642071118595922245976755894571299688988344428794434997461711474203307124115693122129977222068390463393754103,
    "11": 0.00001169936516066645128808227735064883057171072895049895087817152345991713759500677373400413737521471164130088534063,
    "12": 0.00002302785831750822052172724459186872927457060286040358353229111643184677197357889236080088574941280935916294748959,
    "13": 0.001160613047037013161769313316827759456615157196911611600012590697659595726714420500422412595544561186078610879446356
  },
  "setupType": "Multi Region Model Regional Bidder",
  "population": 0,
  "id": 6,
  "worldId": 455,
  "setup": {
    "exponentFactor": 1.25,
    "base": 2.0,
    "alphaInterval": {
      "minValue": 500.0,
      "maxValue": 840.0
    },
    "betaInterval": {
      "minValue": 0.04,
      "maxValue": 0.1
    },
    "setupName": "Multi Region Model Regional Bidder",
    "numberOfBidders": 4
  },
  "implementation": "org.spectrumauctions.sats.core.model.mrvm.MRVMRegionalBidder"
}