{
  "gammaValues": {
    "1": 0.97068,
    "2": 0.88271
  },
  "alpha": 899.6866566813206418373738415539264678955078125,
  "beta": {
    "0": 0.107674255542555830089668233995325863361358642578125,
    "1": 0.10290389363267864186735067733025061897933483123779296875,
    "2": 0.2014897337754966155642932790215127170085906982421875,
    "3": 0.20202572112066741194524865932180546224117279052734375,
    "4": 0.18527080206652113414378391098580323159694671630859375,
    "5": 0.0901856330914719006575097637323779053986072540283203125,
    "6": 0.10511592286770000959084114811048493720591068267822265625,
    "7": 0.1513589995576668789656338276472524739801883697509765625,
    "8": 0.1472411717138626396916833982686512172222137451171875,
    "9": 0.09330431010499388999601677596729132346808910369873046875,
    "10": 0.207313642517558627265117365823243744671344757080078125,
    "11": 0.1384731945756274285042053406868944875895977020263671875,
    "12": 0.1507825599709627650835130907580605708062648773193359375,
    "13": 0.11194236571183413531116457306779921054840087890625
  },
  "zLow": {
    "0": 0.000003569128664,
    "1": 0.000001810181421,
    "2": 0.000001309609164,
    "3": 5.868182526E-7,
    "4": 1.878638372E-7,
    "5": 9.342954037E-7,
    "6": 0.000009890003000,
    "7": 1.295069694E-7,
    "8": 0.000001737682177,
    "9": 0.000001754599267,
    "10": 4.633412825E-7,
    "11": 1.957524109E-7,
    "12": 2.981624788E-7,
    "13": 0.00001688914172
  },
  "zHigh": {
    "0": 0.0001455041870725687341890445387311682832007810744932577797501695665116232900732852905934784776806720596856809371,
    "1": 0.000072932914254925872898020549253027760834487831409314475597740607381175765595228422149950000442177751366045930836448,
    "2": 0.00006567555510018181006284717544523902978741528134110441702576218436902439322865576709398696398944471134526177716,
    "3": 0.000029459785640596879124171279624754571641549811533884235854612234497676259724641273289257936532908752142835909109,
    "4": 0.000009116483494078621026439854305488816660281925674016746736430015287205563644694742361637634537058679741618449209,
    "5": 0.00003645486435500280146514078648698012485121882509986157407780412466346849650526810589439211467749311021544349240797,
    "6": 0.000400659769248219807150645292233677626738726321832700989646848981942547986893849016099339323988931390838280210178937,
    "7": 0.00000584541360993214887520699593570968893137571880845479432165248444723265941845536866996203777206304157211193055660,
    "8": 0.00007771630125359865299898362727836349939618067643173408181822194113545156861630880586190873647669270482347118413,
    "9": 0.000069009145393176950292222260339588023710293300410924210130316953952224888593753490095106309627367414984497869916409,
    "10": 0.0000235059353752642291592641412940248652367483562588975735482752377948135937218849499999445652864630532862495999853,
    "11": 0.00000858321849505863411423546474565677543882326833653176419963705553767391632183550657466613218260860620053022875561,
    "12": 0.00001344064454527247401307264044238593079609796891330816862148719754203282451557868159061357993382340860331239560116,
    "13": 0.000695735299297437220508659974374190207112219428726293960131341457818240165952912388456168778562428767291697936
  },
  "setupType": "Multi Region Model National Bidder",
  "population": 0,
  "id": 7,
  "worldId": 455,
  "setup": {
    "bInterval": {
      "minValue": 0.1,
      "maxValue": 0.3
    },
    "kMax": 2.0,
    "alphaInterval": {
      "minValue": 700.0,
      "maxValue": 1200.0
    },
    "betaInterval": {
      "minValue": 0.08,
      "maxValue": 0.22
    },
    "setupName": "Multi Region Model National Bidder",
    "numberOfBidders": 3
  },
  "implementation": "org.spectrumauctions.sats.core.model.mrvm.MRVMNationalBidder"
}