{
  "regionsOfInterest": [
    1,
    3,
    4,
    10,
    13
  ],
  "alpha": 86.448427110849223709010402671992778778076171875,
  "beta": {
    "0": 0.11892845233650074787679074006518931128084659576416015625,
    "1": 0.07675405133539024704614206484620808623731136322021484375,
    "2": 0.0998203431267958574135690241746488027274608612060546875,
    "3": 0.054309994269154560075918425354757346212863922119140625,
    "4": 0.063677452313855964494138106601894833147525787353515625,
    "5": 0.081207006458935027115586535728652961552143096923828125,
    "6": 0.09923453727953225611546628215364762581884860992431640625,
    "7": 0.09828235261194749605717646545599563978612422943115234375,
    "8": 0.11890241572090658184190914425926166586577892303466796875,
    "9": 0.1114275047996355627599740500954794697463512420654296875,
    "10": 0.10157119509408756019563924155590939335525035858154296875,
    "11": 0.1033384048499430274414834229901316575706005096435546875,
    "12": 0.0839535306318325014185433019520132802426815032958984375,
    "13": 0.0872072778344136489980797932730638422071933746337890625
  },
  "zLow": {
    "0": 0.000003231382098,
    "1": 0.000002426904029,
    "2": 0.000002643477207,
    "3": 0.000002182883321,
    "4": 5.465935355E-7,
    "5": 0.000001037595476,
    "6": 0.00001047615902,
    "7": 1.994462362E-7,
    "8": 0.000002151834832,
    "9": 0.000001469221396,
    "10": 9.457107295E-7,
    "11": 2.623077231E-7,
    "12": 5.355069822E-7,
    "13": 0.00002167950343
  },
  "zHigh": {
    "0": 0.000135371790096915678583672557840566805487258793989387413250618728102867735207851913262557480857674420101379677284853,
    "1": 0.000091434592481074611496427512242017746465136612784991320578125267814803529822914038407725787921751662590787945579605,
    "2": 0.00010569159637611695938774153986214441354829606890312627027908512724538762692308588061849923151398709368437984217080,
    "3": 0.0000773417376859547833852937503246389184161709178230396596906467582299809231589988956536090137111815280337435177516,
    "4": 0.0000198783744437041449170643359433319105263685505230226597723895066450081516272168917693170006364270909012623129198,
    "5": 0.0000395538665073746073131743485777144696999185638379902400404059161628483656638229499375387456961004538175274616745,
    "6": 0.000418244449755237003464995323240000402690699774692253752168263029010787092965200624379943624583702123952862552805038,
    "7": 0.000007943591615618957655803944089999941771620629542852721742823312179443404147827600242807421921605340584830314001031,
    "8": 0.000090140880910417680379579022125499666561504418736308178271638045302041246986761884389034939239228103723660162008916,
    "9": 0.00006044780925694218623511416902107027887812728535588433321647360687694290364138448585664604664619595074039738329971,
    "10": 0.000037977018783777912344029584286289260653587719969092325817021446134707984258203929844706805409072063269685106322581,
    "11": 0.00001057987786048370067332384312063060005843452849622720932816669556674269332706595410084456552459239699026041234148,
    "12": 0.00002056097964831196743408313103209647173078214371441444939690643014830689354833984823901920946631445130856984139459,
    "13": 0.00083944615057222820017340418358601319749112013621471346590379192270512752979782703454066383161724344778417327793529
  },
  "setupType": "Multi Region Model Local Bidder",
  "population": 0,
  "id": 1,
  "worldId": 455,
  "setup": {
    "numberOfRegionsInterval": {
      "minValue": 3,
      "maxValue": 7
    },
    "alphaInterval": {
      "minValue": 60.0,
      "maxValue": 100.0
    },
    "betaInterval": {
      "minValue": 0.05,
      "maxValue": 0.12
    },
    "setupName": "Multi Region Model Local Bidder",
    "numberOfBidders": 3
  },
  "implementation": "org.spectrumauctions.sats.core.model.mrvm.MRVMLocalBidder"
}