{
  "regionsOfInterest": [
    0,
    2,
    6,
    8,
    9,
    10,
    13
  ],
  "alpha": 73.0797296973839678457807167433202266693115234375,
  "beta": {
    "0": 0.1164013568275514831640293778036721050739288330078125,
    "1": 0.065234336928690905832439739242545329034328460693359375,
    "2": 0.0858865838439842044227390260857646353542804718017578125,
    "3": 0.0742954764529120403881989886940573342144489288330078125,
    "4": 0.116740428076235025489637564533040858805179595947265625,
    "5": 0.082683625714090880354234514015843160450458526611328125,
    "6": 0.082608254044138462734991890101809985935688018798828125,
    "7": 0.0758407565173289388571475910794106312096118927001953125,
    "8": 0.10934191937480895739920327969230129383504390716552734375,
    "9": 0.056433730973873920400141201980659388937056064605712890625,
    "10": 0.10235759737155791793128400968271307647228240966796875,
    "11": 0.08094677151272601511866611190271214582026004791259765625,
    "12": 0.104382109669917955141471566093969158828258514404296875,
    "13": 0.05444834464837333687370346524403430521488189697265625
  },
  "zLow": {
    "0": 0.000003301536015,
    "1": 0.000002855470373,
    "2": 0.000003072340173,
    "3": 0.000001595687737,
    "4": 2.981459326E-7,
    "5": 0.000001019065405,
    "6": 0.00001258466003,
    "7": 2.584632091E-7,
    "8": 0.000002339984163,
    "9": 0.000002900954292,
    "10": 9.384449369E-7,
    "11": 3.348677307E-7,
    "12": 4.307031347E-7,
    "13": 0.00003472301116
  },
  "zHigh": {
    "0": 0.00013747640762249696064079409528112996329456180322524783983899281153016398595865429784868104762899634242239709505,
    "1": 0.0001042915828084586360412523986878018329194130376529457167245042246253217117677970416408315966113070310079989627134,
    "2": 0.00011855748534857098237939453503321484275384462317416352270298504709944581178882029496693281680657809271884924523288,
    "3": 0.00005972587015326450432853920172298498393921101336625150643097345628920254856203634888759993278846786916103568373783,
    "4": 0.0000124249463545594882905529080623395243144304414791750661733313655918357231245996054512012953520434554864657054315,
    "5": 0.0000389979643763057905167200038504630731360117816704494918678501436661740043435485005534393305773623883847362073683,
    "6": 0.0004814994800358071588771725011953390461473410076483924431072653460131656843308062874009535256939962042713868848758,
    "7": 0.00000971410080353966119138443827918248263449716888406279845550849245008568438404450700770243840104973677332247906115,
    "8": 0.000095785360857522064655570345003848556635115024564573320615474291812126074619397473589336253436211757201821767866683,
    "9": 0.0001033997961480048784317803947920736532635980134798045719308532945327731404866874575811000277888546538112939260480291,
    "10": 0.000037759045006384578810669974218335776969681981957391776358931742158134099437856790153831180210742813492439791486,
    "11": 0.000012756678088651882448170071156148421033302008916061154926732194127209284884132377151745256594340505321811230269082,
    "12": 0.0000174168642212476272265596187514643413740160581097633609608352716886758722737068852160995206900151472351239719536,
    "13": 0.001230751382404005595852259195722509266446852546006443614834308921279039211216037322790553899183902548781946649426
  },
  "setupType": "Multi Region Model Local Bidder",
  "population": 0,
  "id": 0,
  "worldId": 455,
  "setup": {
    "numberOfRegionsInterval": {
      "minValue": 3,
      "maxValue": 7
    },
    "alphaInterval": {
      "minValue": 60.0,
      "maxValue": 100.0
    },
    "betaInterval": {
      "minValue": 0.05,
      "maxValue": 0.12
    },
    "setupName": "Multi Region Model Local Bidder",
    "numberOfBidders": 3
  },
  "implementation": "org.spectrumauctions.sats.core.model.mrvm.MRVMLocalBidder"
}