{
  "homeId": 1,
  "distanceDiscounts": {
    "0": 1,
    "1": 0.42045,
    "2": 0.17678,
    "3": 0.07433,
    "4": 0.03125,
    "5": 0.01314,
    "6": 0.00552,
    "7": 0.00232
  },
  "alpha": 805.024246874907476012594997882843017578125,
  "beta": {
    "0": 0.0817980079529452286379864744958467781543731689453125,
    "1": 0.09980989378023130687012098860577680170536041259765625,
    "2": 0.05757658419989060416543935616573435254395008087158203125,
    "3": 0.05287470839541606737466139520620345138013362884521484375,
    "4": 0.056863586648293551473187790179508738219738006591796875,
    "5": 0.046584191101528844847212695867710863240063190460205078125,
    "6": 0.07585458921710351576361830439054756425321102142333984375,
    "7": 0.045860235459486309306242901584482751786708831787109375,
    "8": 0.0825956355458401514368915741215460002422332763671875,
    "9": 0.0833112561693532260864714089620974846184253692626953125,
    "10": 0.070292675166423734811615986473043449223041534423828125,
    "11": 0.084704139838682801499913921361439861357212066650390625,
    "12": 0.041193132256976537630688284252755693159997463226318359375,
    "13": 0.052275961653789414229631660191444098018109798431396484375
  },
  "zLow": {
    "0": 0.000004698198421,
    "1": 0.000001866295107,
    "2": 0.000004582988128,
    "3": 0.000002242137768,
    "4": 6.120908976E-7,
    "5": 0.000001808768608,
    "6": 0.00001370512719,
    "7": 4.274301062E-7,
    "8": 0.000003097722513,
    "9": 0.000001965060685,
    "10": 0.000001366528857,
    "11": 3.200134225E-7,
    "12": 0.000001091388282,
    "13": 0.00003616596269
  },
  "zHigh": {
    "0": 0.00017937627978509734974833451365318164715731883758351683711797037253386137643173263182549783569877231036053334191,
    "1": 0.000074616324837638041435355165147426369910225987731222025238933175327753664894222340089497158166347431028595611679,
    "2": 0.000163876924001791192206490915012178598956002031712272270616241315823529748704774022253426930506119962835921681781031,
    "3": 0.000079119371089153300579244468058679734774091442717009416742915864378048254938706497023708938495566398550070138841631,
    "4": 0.0000218432953064210841707492807641796432207616564227790892147216121034355276154073277341384134642746680232200799382,
    "5": 0.0000626890604707827151064504857280103301193601298957685619685282539220280567987221560371805777347429949924645523396220,
    "6": 0.000515113494687888701558863498082699525506468534191888711109201798851164895038392568392288308800729143603978840947651,
    "7": 0.0000147831077144887948260579012889527482087899086451891622540701267365009505933845871831529418503711310828649421322,
    "8": 0.00011851751135108532540689017544191474655015658988864477702554835030157324015801422586634761753922639102220847773,
    "9": 0.00007532298793120599574532700940735954288953256894817534166011220647111886258438481927801294311219683577976592153357,
    "10": 0.0000506015625901478217212555575203956126441376711556493609449460252532310952927681718765446099127732758401810396211,
    "11": 0.0000123110488406457914830543325818022628590037404903158149739650135706330335325989086555251278711083958630900069540,
    "12": 0.0000372374186338424795230037741895303126419046323936786544999284456745204145627211286065661391993592032808461821025580,
    "13": 0.0012740399283595779953703249510904682499582389964972235468152297778100419447481933336629251652089833680358545218260116
  },
  "setupType": "Multi Region Model Regional Bidder",
  "population": 0,
  "id": 3,
  "worldId": 455,
  "setup": {
    "exponentFactor": 1.25,
    "base": 2.0,
    "alphaInterval": {
      "minValue": 500.0,
      "maxValue": 840.0
    },
    "betaInterval": {
      "minValue": 0.04,
      "maxValue": 0.1
    },
    "setupName": "Multi Region Model Regional Bidder",
    "numberOfBidders": 4
  },
  "implementation": "org.spectrumauctions.sats.core.model.mrvm.MRVMRegionalBidder"
}