{
  "gammaValues": {
    "1": 0.93406,
    "2": 0.73622
  },
  "alpha": 1136.579101234532345188199542462825775146484375,
  "beta": {
    "0": 0.18190319633879747929228187786065973341464996337890625,
    "1": 0.1586661383803455172003538109493092633783817291259765625,
    "2": 0.10902636896649585407370608436394832096993923187255859375,
    "3": 0.12028244489015042784085807170413318090140819549560546875,
    "4": 0.1409127582061759920151189362513832747936248779296875,
    "5": 0.154565579747565851054247332285740412771701812744140625,
    "6": 0.147305723358686246893256566181662492454051971435546875,
    "7": 0.202995408520816045250256820509093813598155975341796875,
    "8": 0.08442686323075425380846326106620836071670055389404296875,
    "9": 0.1778749565881422023405633581205620430409908294677734375,
    "10": 0.1571677226065737731364180262971785850822925567626953125,
    "11": 0.16625055766416085845094130490906536579132080078125,
    "12": 0.12208903143057218965150667600028100423514842987060546875,
    "13": 0.14400693984285262150280004789237864315509796142578125
  },
  "zLow": {
    "0": 0.000002112680148,
    "1": 0.000001174004223,
    "2": 0.000002420265889,
    "3": 9.856166522E-7,
    "4": 2.470016501E-7,
    "5": 5.451409209E-7,
    "6": 0.000007057409372,
    "7": 9.656398365E-8,
    "8": 0.000003030532581,
    "9": 9.203750612E-7,
    "10": 6.111749119E-7,
    "11": 1.630458392E-7,
    "12": 3.682370260E-7,
    "13": 0.00001312860673
  },
  "zHigh": {
    "0": 0.000101810731613152644534353260243334873697483142182937527550071083193758908053407192339027607503592136690407534466,
    "1": 0.00005384759829942290465139515405391680282769834550024060045075341129235291178661993334843484321624241918573857259881,
    "2": 0.000098995256848176701686656771535471136491826476149479953708227722021746619995445186211228099668794190282484508429868,
    "3": 0.000041423737626998199542570364796946189949202391915689528121409029890741083206557174545240557269603944291461551041711,
    "4": 0.00001089061788081410670173441998413088245555457411511476149254211581206176105446211323053864178570343629309617931,
    "5": 0.0000247802298710473007444683226028343810832572982811029930308543055048867153696313220912376274213665914361590071053,
    "6": 0.0003156819603942315084733409064999641808320160007827512683597510857418321404555240481727376935554214479128330950797,
    "7": 0.0000048571240403622165089379313639748466829526372462405637221893929689588361598844536776464630687364282880174029386,
    "8": 0.000116501813381816455677694719881159133980469215979852394468427263041737153558109296931932592395199295707902069805988,
    "9": 0.00004398241924008820556871860376180412934729101778280413913509604062101779292177018119507558740459012310835721959511,
    "10": 0.00002794094425461448030708280065815249693711544228879500785884945518993980894667584769302218876814658767351368310036,
    "11": 0.000007602021342533573421140827819728033466569711839417505421516755090423101873089775494696322608899499831410530,
    "12": 0.000015542880960720453926806654733961440690605373527758797247352726025270617708358137157093474543822167934010893665497,
    "13": 0.000582919249503214451320502073859203033437470543007451503624500345718510911804836419826203040511374959827053936036
  },
  "setupType": "Multi Region Model National Bidder",
  "population": 0,
  "id": 8,
  "worldId": 455,
  "setup": {
    "bInterval": {
      "minValue": 0.1,
      "maxValue": 0.3
    },
    "kMax": 2.0,
    "alphaInterval": {
      "minValue": 700.0,
      "maxValue": 1200.0
    },
    "betaInterval": {
      "minValue": 0.08,
      "maxValue": 0.22
    },
    "setupName": "Multi Region Model National Bidder",
    "numberOfBidders": 3
  },
  "implementation": "org.spectrumauctions.sats.core.model.mrvm.MRVMNationalBidder"
}