{
  "bidderPosition": 0,
  "values": {
    "0": 2.072175832884528556832037793355993926525115966796875,
    "1": 14.2481676689801179946925913100130856037139892578125,
    "2": 16.3197575892073558634365326724946498870849609375,
    "3": 15.9997231414220326684016981744207441806793212890625,
    "12": 8.1448843825569721133206257945857942104339599609375,
    "13": 18.81286563428926683627651073038578033447265625
  },
  "setupType": "Regional Bidder Setup",
  "population": 0,
  "id": 0,
  "worldId": 540,
  "setup": {
    "lowNationalValueInterval": {
      "minValue": 0.0,
      "maxValue": 20.0
    },
    "highNationalValueInterval": {
      "minValue": 0.0,
      "maxValue": 40.0
    },
    "regionalValueInterval": {
      "minValue": 0.0,
      "maxValue": 20.0
    },
    "setupName": "Regional Bidder Setup",
    "numberOfBidders": 6
  },
  "implementation": "org.spectrumauctions.sats.core.model.gsvm.GSVMBidder"
}