{
  "bidderPosition": 4,
  "values": {
    "16": 4.8722589423876794256784705794416368007659912109375,
    "17": 14.3730150730821311100271486793644726276397705078125,
    "8": 8.993795025843969170864511397667229175567626953125,
    "9": 3.928825597070859654280639006174169480800628662109375,
    "10": 9.9471128412745173363873618654906749725341796875,
    "11": 3.471183260036376783119749234174378216266632080078125
  },
  "setupType": "Regional Bidder Setup",
  "population": 0,
  "id": 4,
  "worldId": 733,
  "setup": {
    "lowNationalValueInterval": {
      "minValue": 0.0,
      "maxValue": 20.0
    },
    "highNationalValueInterval": {
      "minValue": 0.0,
      "maxValue": 40.0
    },
    "regionalValueInterval": {
      "minValue": 0.0,
      "maxValue": 20.0
    },
    "setupName": "Regional Bidder Setup",
    "numberOfBidders": 6
  },
  "implementation": "org.spectrumauctions.sats.core.model.gsvm.GSVMBidder"
}