{
  "bidderPosition": 2,
  "values": {
    "4": 14.81428010659147531669077579863369464874267578125,
    "5": 36.95507693944193050583635340444743633270263671875,
    "6": 38.2293080614913520776099176146090030670166015625,
    "7": 7.58284304313378232365039366413839161396026611328125,
    "14": 5.5815463793983521867403396754525601863861083984375,
    "15": 8.79154201402973711765298503451049327850341796875
  },
  "setupType": "Regional Bidder Setup",
  "population": 0,
  "id": 2,
  "worldId": 931,
  "setup": {
    "lowNationalValueInterval": {
      "minValue": 0.0,
      "maxValue": 20.0
    },
    "highNationalValueInterval": {
      "minValue": 0.0,
      "maxValue": 40.0
    },
    "regionalValueInterval": {
      "minValue": 0.0,
      "maxValue": 20.0
    },
    "setupName": "Regional Bidder Setup",
    "numberOfBidders": 6
  },
  "implementation": "org.spectrumauctions.sats.core.model.gsvm.GSVMBidder"
}