{
  "bidderPosition": -1,
  "values": {
    "0": 3.41300289660718902950975461862981319427490234375,
    "1": 9.521680242169129115836767596192657947540283203125,
    "2": 6.98396046255317148876429200754500925540924072265625,
    "3": 6.30850916969944819356896914541721343994140625,
    "4": 4.9105031136095416144371483824215829372406005859375,
    "5": 5.523095399770834745822867262177169322967529296875,
    "6": 5.3931353904826284662021862459369003772735595703125,
    "7": 18.26020380016888822183318552561104297637939453125,
    "8": 0.523535745263161711449129143147729337215423583984375,
    "9": 2.169387198714769482421615975908935070037841796875,
    "10": 8.2818017926456786170774648780934512615203857421875,
    "11": 5.223694729574287265450038830749690532684326171875
  },
  "setupType": "National Bidder Setup",
  "population": 0,
  "id": 6,
  "worldId": 1071,
  "setup": {
    "lowNationalValueInterval": {
      "minValue": 0.0,
      "maxValue": 10.0
    },
    "highNationalValueInterval": {
      "minValue": 0.0,
      "maxValue": 20.0
    },
    "regionalValueInterval": {
      "minValue": 0.0,
      "maxValue": 0.0
    },
    "setupName": "National Bidder Setup",
    "numberOfBidders": 1
  },
  "implementation": "org.spectrumauctions.sats.core.model.gsvm.GSVMBidder"
}