{
  "bidderPosition": 5,
  "values": {
    "0": 15.586587871738341704030972323380410671234130859375,
    "1": 3.9870640688570091469955514185130596160888671875,
    "17": 5.55697825997088390437284033396281301975250244140625,
    "10": 12.14768091740780420195733313448727130889892578125,
    "11": 14.3268888558782077069508886779658496379852294921875,
    "12": 16.481898742170198346457254956476390361785888671875
  },
  "setupType": "Regional Bidder Setup",
  "population": 0,
  "id": 5,
  "worldId": 868,
  "setup": {
    "lowNationalValueInterval": {
      "minValue": 0.0,
      "maxValue": 20.0
    },
    "highNationalValueInterval": {
      "minValue": 0.0,
      "maxValue": 40.0
    },
    "regionalValueInterval": {
      "minValue": 0.0,
      "maxValue": 20.0
    },
    "setupName": "Regional Bidder Setup",
    "numberOfBidders": 6
  },
  "implementation": "org.spectrumauctions.sats.core.model.gsvm.GSVMBidder"
}