{
  "bidderPosition": -1,
  "values": {
    "0": 7.4063386379686324545446041156537830829620361328125,
    "1": 7.0903080130346456400047827628441154956817626953125,
    "2": 6.83163385495349384513019685982726514339447021484375,
    "3": 3.77707745847312281739505124278366565704345703125,
    "4": 7.3167292975877646910021212534047663211822509765625,
    "5": 16.623378861708687281861784867942333221435546875,
    "6": 16.61328111968700937950416118837893009185791015625,
    "7": 14.2086374846450809172893059439957141876220703125,
    "8": 4.291312489088607406984010594896972179412841796875,
    "9": 0.816615307986772176462864081258885562419891357421875,
    "10": 7.6501188355527904860764465411193668842315673828125,
    "11": 6.4470149604110442709270500927232205867767333984375
  },
  "setupType": "National Bidder Setup",
  "population": 0,
  "id": 6,
  "worldId": 868,
  "setup": {
    "lowNationalValueInterval": {
      "minValue": 0.0,
      "maxValue": 10.0
    },
    "highNationalValueInterval": {
      "minValue": 0.0,
      "maxValue": 20.0
    },
    "regionalValueInterval": {
      "minValue": 0.0,
      "maxValue": 0.0
    },
    "setupName": "National Bidder Setup",
    "numberOfBidders": 1
  },
  "implementation": "org.spectrumauctions.sats.core.model.gsvm.GSVMBidder"
}