{
  "bidderPosition": 4,
  "values": {
    "16": 16.8382392949614683175241225399076938629150390625,
    "17": 2.020312030958681948078492496279068291187286376953125,
    "8": 17.78692194992651565144115011207759380340576171875,
    "9": 10.4907627162192280678709721541963517665863037109375,
    "10": 13.84688982891898234584004967473447322845458984375,
    "11": 6.6753110422461485740086573059670627117156982421875
  },
  "setupType": "Regional Bidder Setup",
  "population": 0,
  "id": 4,
  "worldId": 868,
  "setup": {
    "lowNationalValueInterval": {
      "minValue": 0.0,
      "maxValue": 20.0
    },
    "highNationalValueInterval": {
      "minValue": 0.0,
      "maxValue": 40.0
    },
    "regionalValueInterval": {
      "minValue": 0.0,
      "maxValue": 20.0
    },
    "setupName": "Regional Bidder Setup",
    "numberOfBidders": 6
  },
  "implementation": "org.spectrumauctions.sats.core.model.gsvm.GSVMBidder"
}