{
  "bidderPosition": 0,
  "values": {
    "0": 14.83876220186241567944307462312281131744384765625,
    "1": 15.927928452958209248890852904878556728363037109375,
    "2": 9.85197506098446496025644592009484767913818359375,
    "3": 8.3086434463840124209355053608305752277374267578125,
    "12": 3.996848902877356835006139590404927730560302734375,
    "13": 8.620842606708503552681577275507152080535888671875
  },
  "setupType": "Regional Bidder Setup",
  "population": 0,
  "id": 0,
  "worldId": 469,
  "setup": {
    "lowNationalValueInterval": {
      "minValue": 0.0,
      "maxValue": 20.0
    },
    "highNationalValueInterval": {
      "minValue": 0.0,
      "maxValue": 40.0
    },
    "regionalValueInterval": {
      "minValue": 0.0,
      "maxValue": 20.0
    },
    "setupName": "Regional Bidder Setup",
    "numberOfBidders": 6
  },
  "implementation": "org.spectrumauctions.sats.core.model.gsvm.GSVMBidder"
}