{
  "bidderPosition": 5,
  "values": {
    "0": 5.177106300092706447912860312499105930328369140625,
    "1": 2.438778966290067184985446147038601338863372802734375,
    "17": 6.5776599863259281875116357696242630481719970703125,
    "10": 2.67237113006429272132891128421761095523834228515625,
    "11": 0.389215494997297017931714435690082609653472900390625,
    "12": 8.0827192069227660198293961002491414546966552734375
  },
  "setupType": "Regional Bidder Setup",
  "population": 0,
  "id": 5,
  "worldId": 469,
  "setup": {
    "lowNationalValueInterval": {
      "minValue": 0.0,
      "maxValue": 20.0
    },
    "highNationalValueInterval": {
      "minValue": 0.0,
      "maxValue": 40.0
    },
    "regionalValueInterval": {
      "minValue": 0.0,
      "maxValue": 20.0
    },
    "setupName": "Regional Bidder Setup",
    "numberOfBidders": 6
  },
  "implementation": "org.spectrumauctions.sats.core.model.gsvm.GSVMBidder"
}