{
  "bidderPosition": -1,
  "values": {
    "0": 1.6904866548188979269440324060269631445407867431640625,
    "1": 1.439612501384830434147943378775380551815032958984375,
    "2": 3.0718907236105277291926540783606469631195068359375,
    "3": 1.1209670369284874258397621815674938261508941650390625,
    "4": 19.572164229565572668434469960629940032958984375,
    "5": 2.6618305871210967694651117199100553989410400390625,
    "6": 17.204595203300097949750124826095998287200927734375,
    "7": 10.4782873975554391421383115812204778194427490234375,
    "8": 2.733195343688880285526465740986168384552001953125,
    "9": 8.847059289182904961990061565302312374114990234375,
    "10": 5.5677588112761196015298992278985679149627685546875,
    "11": 2.27869582659364855459216414601542055606842041015625
  },
  "setupType": "National Bidder Setup",
  "population": 0,
  "id": 6,
  "worldId": 469,
  "setup": {
    "lowNationalValueInterval": {
      "minValue": 0.0,
      "maxValue": 10.0
    },
    "highNationalValueInterval": {
      "minValue": 0.0,
      "maxValue": 20.0
    },
    "regionalValueInterval": {
      "minValue": 0.0,
      "maxValue": 0.0
    },
    "setupName": "National Bidder Setup",
    "numberOfBidders": 1
  },
  "implementation": "org.spectrumauctions.sats.core.model.gsvm.GSVMBidder"
}