{
  "bidderPosition": 3,
  "values": {
    "16": 9.0503247020893695662380196154117584228515625,
    "6": 23.338490499527861032902364968322217464447021484375,
    "7": 24.03127633187305178807946504093706607818603515625,
    "8": 11.96264107168004642289815819822251796722412109375,
    "9": 10.2311598370833660709422474610619246959686279296875,
    "15": 4.866183865095752736351641942746937274932861328125
  },
  "setupType": "Regional Bidder Setup",
  "population": 0,
  "id": 3,
  "worldId": 469,
  "setup": {
    "lowNationalValueInterval": {
      "minValue": 0.0,
      "maxValue": 20.0
    },
    "highNationalValueInterval": {
      "minValue": 0.0,
      "maxValue": 40.0
    },
    "regionalValueInterval": {
      "minValue": 0.0,
      "maxValue": 20.0
    },
    "setupName": "Regional Bidder Setup",
    "numberOfBidders": 6
  },
  "implementation": "org.spectrumauctions.sats.core.model.gsvm.GSVMBidder"
}