{
  "bidderPosition": 1,
  "values": {
    "2": 19.98900605012106979074815171770751476287841796875,
    "3": 9.532529871156032896806209464557468891143798828125,
    "4": 10.441395730544495989988718065433204174041748046875,
    "5": 27.8181400591248575437930412590503692626953125,
    "13": 11.0977326599254215722112348885275423526763916015625,
    "14": 6.78355026050879050814046422601677477359771728515625
  },
  "setupType": "Regional Bidder Setup",
  "population": 0,
  "id": 1,
  "worldId": 469,
  "setup": {
    "lowNationalValueInterval": {
      "minValue": 0.0,
      "maxValue": 20.0
    },
    "highNationalValueInterval": {
      "minValue": 0.0,
      "maxValue": 40.0
    },
    "regionalValueInterval": {
      "minValue": 0.0,
      "maxValue": 20.0
    },
    "setupName": "Regional Bidder Setup",
    "numberOfBidders": 6
  },
  "implementation": "org.spectrumauctions.sats.core.model.gsvm.GSVMBidder"
}