{
  "bidderPosition": 4,
  "values": {
    "16": 15.4842384962202022080646202084608376026153564453125,
    "17": 8.6886118176279776292858514352701604366302490234375,
    "8": 11.241173422116101932033416233025491237640380859375,
    "9": 3.62066103347189027772401459515094757080078125,
    "10": 10.1772722750687307780026458203792572021484375,
    "11": 4.15465542313631086557279559201560914516448974609375
  },
  "setupType": "Regional Bidder Setup",
  "population": 0,
  "id": 4,
  "worldId": 469,
  "setup": {
    "lowNationalValueInterval": {
      "minValue": 0.0,
      "maxValue": 20.0
    },
    "highNationalValueInterval": {
      "minValue": 0.0,
      "maxValue": 40.0
    },
    "regionalValueInterval": {
      "minValue": 0.0,
      "maxValue": 20.0
    },
    "setupName": "Regional Bidder Setup",
    "numberOfBidders": 6
  },
  "implementation": "org.spectrumauctions.sats.core.model.gsvm.GSVMBidder"
}