{
  "bidderPosition": 0,
  "values": {
    "0": 2.3043029518752522477598176919855177402496337890625,
    "1": 19.937891465796813150745947496034204959869384765625,
    "2": 10.50450439356651344269266701303422451019287109375,
    "3": 9.7087836974241437104637952870689332485198974609375,
    "12": 4.764110373157873112859306274913251399993896484375,
    "13": 0.819662812591654965643783725681714713573455810546875
  },
  "setupType": "Regional Bidder Setup",
  "population": 0,
  "id": 0,
  "worldId": 1112,
  "setup": {
    "lowNationalValueInterval": {
      "minValue": 0.0,
      "maxValue": 20.0
    },
    "highNationalValueInterval": {
      "minValue": 0.0,
      "maxValue": 40.0
    },
    "regionalValueInterval": {
      "minValue": 0.0,
      "maxValue": 20.0
    },
    "setupName": "Regional Bidder Setup",
    "numberOfBidders": 6
  },
  "implementation": "org.spectrumauctions.sats.core.model.gsvm.GSVMBidder"
}