{
  "bidderPosition": 3,
  "values": {
    "16": 2.589390309592609629163462159340269863605499267578125,
    "6": 14.5009904529636468595299447770230472087860107421875,
    "7": 10.754010372049034316432880586944520473480224609375,
    "8": 10.038746286854024702961396542377769947052001953125,
    "9": 7.5924274963486908518461859785020351409912109375,
    "15": 2.82698731236268319122473258175887167453765869140625
  },
  "setupType": "Regional Bidder Setup",
  "population": 0,
  "id": 3,
  "worldId": 1112,
  "setup": {
    "lowNationalValueInterval": {
      "minValue": 0.0,
      "maxValue": 20.0
    },
    "highNationalValueInterval": {
      "minValue": 0.0,
      "maxValue": 40.0
    },
    "regionalValueInterval": {
      "minValue": 0.0,
      "maxValue": 20.0
    },
    "setupName": "Regional Bidder Setup",
    "numberOfBidders": 6
  },
  "implementation": "org.spectrumauctions.sats.core.model.gsvm.GSVMBidder"
}