{
  "bidderPosition": 2,
  "values": {
    "4": 23.081276720875013808154108119197189807891845703125,
    "5": 11.487066232004252697151969186961650848388671875,
    "6": 26.515754697523988170360098592936992645263671875,
    "7": 0.9408668499016936692669332842342555522918701171875,
    "14": 16.329306431403590949003046262077987194061279296875,
    "15": 8.384800032048620010982631356455385684967041015625
  },
  "setupType": "Regional Bidder Setup",
  "population": 0,
  "id": 2,
  "worldId": 1112,
  "setup": {
    "lowNationalValueInterval": {
      "minValue": 0.0,
      "maxValue": 20.0
    },
    "highNationalValueInterval": {
      "minValue": 0.0,
      "maxValue": 40.0
    },
    "regionalValueInterval": {
      "minValue": 0.0,
      "maxValue": 20.0
    },
    "setupName": "Regional Bidder Setup",
    "numberOfBidders": 6
  },
  "implementation": "org.spectrumauctions.sats.core.model.gsvm.GSVMBidder"
}