{
  "bidderPosition": 4,
  "values": {
    "16": 7.9655458902668723197848521522246301174163818359375,
    "17": 11.9670425287773891653841928928159177303314208984375,
    "8": 0.291159297348320134091181898838840425014495849609375,
    "9": 19.14619877197522868073065183125436305999755859375,
    "10": 18.2705535939683585411330568604171276092529296875,
    "11": 10.16429907754677941511545213870704174041748046875
  },
  "setupType": "Regional Bidder Setup",
  "population": 0,
  "id": 4,
  "worldId": 485,
  "setup": {
    "lowNationalValueInterval": {
      "minValue": 0.0,
      "maxValue": 20.0
    },
    "highNationalValueInterval": {
      "minValue": 0.0,
      "maxValue": 40.0
    },
    "regionalValueInterval": {
      "minValue": 0.0,
      "maxValue": 20.0
    },
    "setupName": "Regional Bidder Setup",
    "numberOfBidders": 6
  },
  "implementation": "org.spectrumauctions.sats.core.model.gsvm.GSVMBidder"
}