{
  "bidderPosition": -1,
  "values": {
    "0": 2.99200171864213526617959360009990632534027099609375,
    "1": 5.02372260056783925818990610423497855663299560546875,
    "2": 5.60994930849724315891080550500191748142242431640625,
    "3": 2.434093553958207589715811991482041776180267333984375,
    "4": 9.86059933436454372213120223022997379302978515625,
    "5": 16.66098104980149940956835052929818630218505859375,
    "6": 6.60893089631260810534740812727250158786773681640625,
    "7": 10.551886333607949808310877415351569652557373046875,
    "8": 8.0399082612251948631865161587484180927276611328125,
    "9": 7.9054024360128973825112552731297910213470458984375,
    "10": 8.790800917049867990726852440275251865386962890625,
    "11": 0.3521214241251147125666420834022574126720428466796875
  },
  "setupType": "National Bidder Setup",
  "population": 0,
  "id": 6,
  "worldId": 485,
  "setup": {
    "lowNationalValueInterval": {
      "minValue": 0.0,
      "maxValue": 10.0
    },
    "highNationalValueInterval": {
      "minValue": 0.0,
      "maxValue": 20.0
    },
    "regionalValueInterval": {
      "minValue": 0.0,
      "maxValue": 0.0
    },
    "setupName": "National Bidder Setup",
    "numberOfBidders": 1
  },
  "implementation": "org.spectrumauctions.sats.core.model.gsvm.GSVMBidder"
}