{
  "bidderPosition": 0,
  "values": {
    "0": 6.05022687669082070982540244585834443569183349609375,
    "1": 0.0911517483211099488471518270671367645263671875,
    "2": 8.227122997434594964261123095639050006866455078125,
    "3": 0.48891127255594302170038645272143185138702392578125,
    "12": 18.445732991073814588389723212458193302154541015625,
    "13": 11.6055228013960469723997448454611003398895263671875
  },
  "setupType": "Regional Bidder Setup",
  "population": 0,
  "id": 0,
  "worldId": 485,
  "setup": {
    "lowNationalValueInterval": {
      "minValue": 0.0,
      "maxValue": 20.0
    },
    "highNationalValueInterval": {
      "minValue": 0.0,
      "maxValue": 40.0
    },
    "regionalValueInterval": {
      "minValue": 0.0,
      "maxValue": 20.0
    },
    "setupName": "Regional Bidder Setup",
    "numberOfBidders": 6
  },
  "implementation": "org.spectrumauctions.sats.core.model.gsvm.GSVMBidder"
}