{
  "bidderPosition": 5,
  "values": {
    "0": 12.2557435348671983632584669976495206356048583984375,
    "1": 0.971799243933073597645488916896283626556396484375,
    "17": 16.560599835062323137435669195838272571563720703125,
    "10": 3.18323871142302206038721124059520661830902099609375,
    "11": 8.676338825039106694703150424174964427947998046875,
    "12": 1.39888018291053572994542264495976269245147705078125
  },
  "setupType": "Regional Bidder Setup",
  "population": 0,
  "id": 5,
  "worldId": 485,
  "setup": {
    "lowNationalValueInterval": {
      "minValue": 0.0,
      "maxValue": 20.0
    },
    "highNationalValueInterval": {
      "minValue": 0.0,
      "maxValue": 40.0
    },
    "regionalValueInterval": {
      "minValue": 0.0,
      "maxValue": 20.0
    },
    "setupName": "Regional Bidder Setup",
    "numberOfBidders": 6
  },
  "implementation": "org.spectrumauctions.sats.core.model.gsvm.GSVMBidder"
}