{
  "bidderPosition": 3,
  "values": {
    "16": 7.625614760849810380705093848519027233123779296875,
    "6": 27.335887112247945651688496582210063934326171875,
    "7": 0.25337958455188047679484952823258936405181884765625,
    "8": 9.1332132341143363873925409279763698577880859375,
    "9": 15.73319853688906988509188522584736347198486328125,
    "15": 14.865142971165081320350509486161172389984130859375
  },
  "setupType": "Regional Bidder Setup",
  "population": 0,
  "id": 3,
  "worldId": 485,
  "setup": {
    "lowNationalValueInterval": {
      "minValue": 0.0,
      "maxValue": 20.0
    },
    "highNationalValueInterval": {
      "minValue": 0.0,
      "maxValue": 40.0
    },
    "regionalValueInterval": {
      "minValue": 0.0,
      "maxValue": 20.0
    },
    "setupName": "Regional Bidder Setup",
    "numberOfBidders": 6
  },
  "implementation": "org.spectrumauctions.sats.core.model.gsvm.GSVMBidder"
}