{
  "bidderPosition": -1,
  "values": {
    "0": 3.97898197592751134976651883334852755069732666015625,
    "1": 6.9099685874991365608366322703659534454345703125,
    "2": 7.412936844284669035687329596839845180511474609375,
    "3": 3.77004014107623053320139661082066595554351806640625,
    "4": 13.92194219968289559119511977769434452056884765625,
    "5": 7.387611674640293557558834436349570751190185546875,
    "6": 17.134175937892223373637534677982330322265625,
    "7": 16.623862507776262731340466416440904140472412109375,
    "8": 5.30591214645383413284207563265226781368255615234375,
    "9": 1.09495191065045904821317890309728682041168212890625,
    "10": 9.963876206679596947424215613864362239837646484375,
    "11": 0.0257493261621621893908695710706524550914764404296875
  },
  "setupType": "National Bidder Setup",
  "population": 0,
  "id": 6,
  "worldId": 1103,
  "setup": {
    "lowNationalValueInterval": {
      "minValue": 0.0,
      "maxValue": 10.0
    },
    "highNationalValueInterval": {
      "minValue": 0.0,
      "maxValue": 20.0
    },
    "regionalValueInterval": {
      "minValue": 0.0,
      "maxValue": 0.0
    },
    "setupName": "National Bidder Setup",
    "numberOfBidders": 1
  },
  "implementation": "org.spectrumauctions.sats.core.model.gsvm.GSVMBidder"
}