{
  "bidderPosition": 4,
  "values": {
    "16": 3.815311681844006930219848072738386690616607666015625,
    "17": 12.486719007151204863248494802974164485931396484375,
    "8": 18.86138153100772996140221948735415935516357421875,
    "9": 8.9269188974745805609245508094318211078643798828125,
    "10": 6.054193032652516848202139954082667827606201171875,
    "11": 13.429300059557984781122286221943795680999755859375
  },
  "setupType": "Regional Bidder Setup",
  "population": 0,
  "id": 4,
  "worldId": 541,
  "setup": {
    "lowNationalValueInterval": {
      "minValue": 0.0,
      "maxValue": 20.0
    },
    "highNationalValueInterval": {
      "minValue": 0.0,
      "maxValue": 40.0
    },
    "regionalValueInterval": {
      "minValue": 0.0,
      "maxValue": 20.0
    },
    "setupName": "Regional Bidder Setup",
    "numberOfBidders": 6
  },
  "implementation": "org.spectrumauctions.sats.core.model.gsvm.GSVMBidder"
}