{
  "bidderPosition": 3,
  "values": {
    "16": 9.4716837115281311554326748591847717761993408203125,
    "6": 17.359318638492812425511147012002766132354736328125,
    "7": 35.99512940852611819764206302352249622344970703125,
    "8": 13.55263218817736969867837615311145782470703125,
    "9": 1.899929445245207570991397005855105817317962646484375,
    "15": 12.7642587362852371057897471473552286624908447265625
  },
  "setupType": "Regional Bidder Setup",
  "population": 0,
  "id": 3,
  "worldId": 541,
  "setup": {
    "lowNationalValueInterval": {
      "minValue": 0.0,
      "maxValue": 20.0
    },
    "highNationalValueInterval": {
      "minValue": 0.0,
      "maxValue": 40.0
    },
    "regionalValueInterval": {
      "minValue": 0.0,
      "maxValue": 20.0
    },
    "setupName": "Regional Bidder Setup",
    "numberOfBidders": 6
  },
  "implementation": "org.spectrumauctions.sats.core.model.gsvm.GSVMBidder"
}