{
  "bidderPosition": 1,
  "values": {
    "2": 3.14238719782350184317465391359291970729827880859375,
    "3": 14.251912085411422737024622620083391666412353515625,
    "4": 20.580776246292206366206301026977598667144775390625,
    "5": 24.924893404112626882351833046413958072662353515625,
    "13": 14.200738066606330534114022157154977321624755859375,
    "14": 1.553876879106559361076733694062568247318267822265625
  },
  "setupType": "Regional Bidder Setup",
  "population": 0,
  "id": 1,
  "worldId": 541,
  "setup": {
    "lowNationalValueInterval": {
      "minValue": 0.0,
      "maxValue": 20.0
    },
    "highNationalValueInterval": {
      "minValue": 0.0,
      "maxValue": 40.0
    },
    "regionalValueInterval": {
      "minValue": 0.0,
      "maxValue": 20.0
    },
    "setupName": "Regional Bidder Setup",
    "numberOfBidders": 6
  },
  "implementation": "org.spectrumauctions.sats.core.model.gsvm.GSVMBidder"
}