{
  "bidderPosition": -1,
  "values": {
    "0": 2.830271686361809369003594838432036340236663818359375,
    "1": 8.404277594230837422628610511310398578643798828125,
    "2": 3.13406484898979709186050968128256499767303466796875,
    "3": 5.7271686383664874853138826438225805759429931640625,
    "4": 4.8122232427947597699358084355480968952178955078125,
    "5": 11.4214534956544060406713470001704990863800048828125,
    "6": 16.502143579460579303486156277358531951904296875,
    "7": 8.109739523937545158105422160588204860687255859375,
    "8": 5.44060631749951806312992630410008132457733154296875,
    "9": 4.6452820860146832870896105305291712284088134765625,
    "10": 6.69959521237628763401517062447965145111083984375,
    "11": 3.947615433378295346500408413703553378582000732421875
  },
  "setupType": "National Bidder Setup",
  "population": 0,
  "id": 6,
  "worldId": 541,
  "setup": {
    "lowNationalValueInterval": {
      "minValue": 0.0,
      "maxValue": 10.0
    },
    "highNationalValueInterval": {
      "minValue": 0.0,
      "maxValue": 20.0
    },
    "regionalValueInterval": {
      "minValue": 0.0,
      "maxValue": 0.0
    },
    "setupName": "National Bidder Setup",
    "numberOfBidders": 1
  },
  "implementation": "org.spectrumauctions.sats.core.model.gsvm.GSVMBidder"
}