{
  "bidderPosition": 5,
  "values": {
    "0": 1.540204115163650300246445112861692905426025390625,
    "1": 5.4823566585669585293771888245828449726104736328125,
    "17": 18.751375972101950395654057501815259456634521484375,
    "10": 14.357334972879218781827148632146418094635009765625,
    "11": 10.67321645201570134986468474380671977996826171875,
    "12": 14.6407163367043029467140513588674366474151611328125
  },
  "setupType": "Regional Bidder Setup",
  "population": 0,
  "id": 5,
  "worldId": 489,
  "setup": {
    "lowNationalValueInterval": {
      "minValue": 0.0,
      "maxValue": 20.0
    },
    "highNationalValueInterval": {
      "minValue": 0.0,
      "maxValue": 40.0
    },
    "regionalValueInterval": {
      "minValue": 0.0,
      "maxValue": 20.0
    },
    "setupName": "Regional Bidder Setup",
    "numberOfBidders": 6
  },
  "implementation": "org.spectrumauctions.sats.core.model.gsvm.GSVMBidder"
}