{
  "bidderPosition": -1,
  "values": {
    "0": 3.815598026467259540339682644116692245006561279296875,
    "1": 2.408198912976191596868602573522366583347320556640625,
    "2": 5.2189555292276157416608839412219822406768798828125,
    "3": 7.43962264389114036333694457425735890865325927734375,
    "4": 13.8742215562035386966499572736211121082305908203125,
    "5": 6.3250907397407285515100738848559558391571044921875,
    "6": 1.645029528273038721408738638274371623992919921875,
    "7": 15.61689791858508868926946888677775859832763671875,
    "8": 5.90096932690908548835295732715167105197906494140625,
    "9": 4.40438355135114623095660135732032358646392822265625,
    "10": 1.460790169932526527674099270370788872241973876953125,
    "11": 7.5146872073057178198496330878697335720062255859375
  },
  "setupType": "National Bidder Setup",
  "population": 0,
  "id": 6,
  "worldId": 980,
  "setup": {
    "lowNationalValueInterval": {
      "minValue": 0.0,
      "maxValue": 10.0
    },
    "highNationalValueInterval": {
      "minValue": 0.0,
      "maxValue": 20.0
    },
    "regionalValueInterval": {
      "minValue": 0.0,
      "maxValue": 0.0
    },
    "setupName": "National Bidder Setup",
    "numberOfBidders": 1
  },
  "implementation": "org.spectrumauctions.sats.core.model.gsvm.GSVMBidder"
}