{
  "bidderPosition": 5,
  "values": {
    "0": 6.2767529735642284549612668342888355255126953125,
    "1": 3.46079404664656475887341002817265689373016357421875,
    "17": 19.033299016627506006216208334080874919891357421875,
    "10": 4.81454062246062353125353183713741600513458251953125,
    "11": 16.58189932807666622238684794865548610687255859375,
    "12": 8.216007893253699734259498654864728450775146484375
  },
  "setupType": "Regional Bidder Setup",
  "population": 0,
  "id": 5,
  "worldId": 950,
  "setup": {
    "lowNationalValueInterval": {
      "minValue": 0.0,
      "maxValue": 20.0
    },
    "highNationalValueInterval": {
      "minValue": 0.0,
      "maxValue": 40.0
    },
    "regionalValueInterval": {
      "minValue": 0.0,
      "maxValue": 20.0
    },
    "setupName": "Regional Bidder Setup",
    "numberOfBidders": 6
  },
  "implementation": "org.spectrumauctions.sats.core.model.gsvm.GSVMBidder"
}