{
  "bidderPosition": 4,
  "values": {
    "16": 2.77471974177021962759681628085672855377197265625,
    "17": 19.952395062892808397236876771785318851470947265625,
    "8": 18.2403373299885771530171041376888751983642578125,
    "9": 14.5952281155983865090774997952394187450408935546875,
    "10": 15.74474429552594045844671200029551982879638671875,
    "11": 8.70763017546681794556207023561000823974609375
  },
  "setupType": "Regional Bidder Setup",
  "population": 0,
  "id": 4,
  "worldId": 950,
  "setup": {
    "lowNationalValueInterval": {
      "minValue": 0.0,
      "maxValue": 20.0
    },
    "highNationalValueInterval": {
      "minValue": 0.0,
      "maxValue": 40.0
    },
    "regionalValueInterval": {
      "minValue": 0.0,
      "maxValue": 20.0
    },
    "setupName": "Regional Bidder Setup",
    "numberOfBidders": 6
  },
  "implementation": "org.spectrumauctions.sats.core.model.gsvm.GSVMBidder"
}