{
  "bidderPosition": -1,
  "values": {
    "0": 7.22083128061918433360233393614180386066436767578125,
    "1": 3.892416099185727063058948260731995105743408203125,
    "2": 4.50011105524646293218893333687447011470794677734375,
    "3": 5.80031952242878734438136234530247747898101806640625,
    "4": 2.17145872705011289127696727518923580646514892578125,
    "5": 6.540262086064085877978868666104972362518310546875,
    "6": 6.68193558031898060534103933605365455150604248046875,
    "7": 16.100015118762438959265637095086276531219482421875,
    "8": 9.204132032897664572601570398546755313873291015625,
    "9": 5.49120726646180035146471709595061838626861572265625,
    "10": 0.658377158908667325931673985905945301055908203125,
    "11": 6.85154575506441521071110400953330099582672119140625
  },
  "setupType": "National Bidder Setup",
  "population": 0,
  "id": 6,
  "worldId": 950,
  "setup": {
    "lowNationalValueInterval": {
      "minValue": 0.0,
      "maxValue": 10.0
    },
    "highNationalValueInterval": {
      "minValue": 0.0,
      "maxValue": 20.0
    },
    "regionalValueInterval": {
      "minValue": 0.0,
      "maxValue": 0.0
    },
    "setupName": "National Bidder Setup",
    "numberOfBidders": 1
  },
  "implementation": "org.spectrumauctions.sats.core.model.gsvm.GSVMBidder"
}