{
  "bidderPosition": -1,
  "values": {
    "0": 0.8702522935671119785894234155421145260334014892578125,
    "1": 6.964364009601514027281154994852840900421142578125,
    "2": 5.70184164705040874565611375146545469760894775390625,
    "3": 1.2536861961669043541434120925259776413440704345703125,
    "4": 17.61771844946073173332479200325906276702880859375,
    "5": 1.48166491197049055017487262375652790069580078125,
    "6": 6.4545421596887013748755634878762066364288330078125,
    "7": 8.559889525965775902704990585334599018096923828125,
    "8": 6.9165878520844810140033587231300771236419677734375,
    "9": 6.544906553455145825637373491190373897552490234375,
    "10": 7.08868968228383433682893155491910874843597412109375,
    "11": 6.594951028712358720440533943474292755126953125
  },
  "setupType": "National Bidder Setup",
  "population": 0,
  "id": 6,
  "worldId": 657,
  "setup": {
    "lowNationalValueInterval": {
      "minValue": 0.0,
      "maxValue": 10.0
    },
    "highNationalValueInterval": {
      "minValue": 0.0,
      "maxValue": 20.0
    },
    "regionalValueInterval": {
      "minValue": 0.0,
      "maxValue": 0.0
    },
    "setupName": "National Bidder Setup",
    "numberOfBidders": 1
  },
  "implementation": "org.spectrumauctions.sats.core.model.gsvm.GSVMBidder"
}