{
  "bidderPosition": 3,
  "values": {
    "16": 7.76607474916189755020923257688991725444793701171875,
    "6": 17.879805405190467126885778270661830902099609375,
    "7": 11.819428284292964548285453929565846920013427734375,
    "8": 2.624841493239562506545325959450565278530120849609375,
    "9": 15.2098826419288908340377020067535340785980224609375,
    "15": 4.5395817160181000105012572021223604679107666015625
  },
  "setupType": "Regional Bidder Setup",
  "population": 0,
  "id": 3,
  "worldId": 657,
  "setup": {
    "lowNationalValueInterval": {
      "minValue": 0.0,
      "maxValue": 20.0
    },
    "highNationalValueInterval": {
      "minValue": 0.0,
      "maxValue": 40.0
    },
    "regionalValueInterval": {
      "minValue": 0.0,
      "maxValue": 20.0
    },
    "setupName": "Regional Bidder Setup",
    "numberOfBidders": 6
  },
  "implementation": "org.spectrumauctions.sats.core.model.gsvm.GSVMBidder"
}