{
  "regionsOfInterest": [
    3,
    5,
    8,
    9
  ],
  "alpha": 71.121650910685360713614500127732753753662109375,
  "beta": {
    "0": 0.0741293886217772313163010267089703120291233062744140625,
    "1": 0.1198013009986347576774079470851575024425983428955078125,
    "2": 0.09138127664865940136262878468187409453094005584716796875,
    "3": 0.053871088296116829974291562166399671696126461029052734375,
    "4": 0.052492490404876190890348652828834019601345062255859375,
    "5": 0.10279800035792295564984755174009478650987148284912109375,
    "6": 0.05088072084667759342746506945331930182874202728271484375,
    "7": 0.11061602619692782745186576676132972352206707000732421875,
    "8": 0.06786615024776365689973545158863998949527740478515625,
    "9": 0.07210985668303572515558386157863424159586429595947265625,
    "10": 0.114272196863782316000879291095770895481109619140625,
    "11": 0.0685342845532398159402731607769965194165706634521484375,
    "12": 0.11185269623132081118210834347337367944419384002685546875,
    "13": 0.1010516840804443761125952505608438514173030853271484375
  },
  "zLow": {
    "0": 0.000003865565532,
    "1": 0.000001159369185,
    "2": 0.000002153112806,
    "3": 0.000001640906771,
    "4": 4.944044482E-7,
    "5": 6.111759841E-7,
    "6": 0.00001523495066,
    "7": 1.321334312E-7,
    "8": 0.000002811096625,
    "9": 0.000001692834081,
    "10": 6.267836782E-7,
    "11": 2.949132766E-7,
    "12": 2.997001926E-7,
    "13": 0.00001395043923
  },
  "zHigh": {
    "0": 0.00014462216690349601845002935903931583151999450764629569807996421137513863514245245187272121638113045669849517035669,
    "1": 0.00004867046921983228601870458501666143699734433645341966146204070782572126732066625162802922562655697774611622944653,
    "2": 0.000084268803865740146501488246169881013178713131666361228550052045399716782439256524323454320987503182856338219822325,
    "3": 0.0000580669464531841555059706175561315959376276052419757999852718533857645818297189544067965721654224207318118254755758,
    "4": 0.0000174273855178792122635953354606871788172948471372465816828746728925247999059677140098570327679597891527350569700,
    "5": 0.000024618046422732071217832834347925860832935406998956505823879158422186776329867916796652070215712591864913773731015,
    "6": 0.000534565046894587892756304262764651768079223364122091452909291766389042535939712881664696907488961705639463925832861,
    "7": 0.000005425610443032590731255204497832929253972116082135023287838791119321459380753925951891512959011374404455367748674,
    "8": 0.000103410729318207256378273487135510617926884959166705858826599142647841931042749104105406328700171958767820986975,
    "9": 0.000062992024692452462490678084280718021576685157307809032717545188117134130356081504907307589515772665567110178529900,
    "10": 0.0000259659051301699828238682815798806172448290456703545086628022816042655173470626999506231451941112875646536335,
    "11": 0.00001086856533656431923894162142829340939938286784658052870343604356363146372887471471627100107670527175768779988964,
    "12": 0.000012343233235871342107266910877778683128316941042799276845402568075054213259644747778970220270093497325934085171331,
    "13": 0.00055948471458618807933261680714416967542441998819410286057344511414310037211431417945617396506669972981044842329323
  },
  "setupType": "Multi Region Model Local Bidder",
  "population": 0,
  "id": 1,
  "worldId": 696,
  "setup": {
    "numberOfRegionsInterval": {
      "minValue": 3,
      "maxValue": 7
    },
    "alphaInterval": {
      "minValue": 60.0,
      "maxValue": 100.0
    },
    "betaInterval": {
      "minValue": 0.05,
      "maxValue": 0.12
    },
    "setupName": "Multi Region Model Local Bidder",
    "numberOfBidders": 3
  },
  "implementation": "org.spectrumauctions.sats.core.model.mrvm.MRVMLocalBidder"
}