{
  "bidderPosition": -1,
  "values": {
    "0": 0.7263017988843889494177119559026323258876800537109375,
    "1": 6.553612700641640032017676276154816150665283203125,
    "2": 7.41672090305371600749140270636416971683502197265625,
    "3": 0.23772204755244441543027278385125100612640380859375,
    "4": 14.041154927695519205599339329637587070465087890625,
    "5": 13.35983918526317637542888405732810497283935546875,
    "6": 0.301561857609542460778584427316673099994659423828125,
    "7": 9.35865343935179083700859337113797664642333984375,
    "8": 2.85087819959385679879915187484584748744964599609375,
    "9": 6.6234915390876860641355960979126393795013427734375,
    "10": 2.51803559601648441201859895954839885234832763671875,
    "11": 7.35878016316054317513817295548506081104278564453125
  },
  "setupType": "National Bidder Setup",
  "population": 0,
  "id": 6,
  "worldId": 557,
  "setup": {
    "lowNationalValueInterval": {
      "minValue": 0.0,
      "maxValue": 10.0
    },
    "highNationalValueInterval": {
      "minValue": 0.0,
      "maxValue": 20.0
    },
    "regionalValueInterval": {
      "minValue": 0.0,
      "maxValue": 0.0
    },
    "setupName": "National Bidder Setup",
    "numberOfBidders": 1
  },
  "implementation": "org.spectrumauctions.sats.core.model.gsvm.GSVMBidder"
}