{
  "bidderPosition": 2,
  "values": {
    "4": 2.1046780816276733361291917390190064907073974609375,
    "5": 1.4315008159284570155023175175301730632781982421875,
    "6": 28.26505555407002390211346209980547428131103515625,
    "7": 12.4967445199658744314774594386108219623565673828125,
    "14": 10.1885426839669293030965491198003292083740234375,
    "15": 0.45331480034220827946001008967868983745574951171875
  },
  "setupType": "Regional Bidder Setup",
  "population": 0,
  "id": 2,
  "worldId": 531,
  "setup": {
    "lowNationalValueInterval": {
      "minValue": 0.0,
      "maxValue": 20.0
    },
    "highNationalValueInterval": {
      "minValue": 0.0,
      "maxValue": 40.0
    },
    "regionalValueInterval": {
      "minValue": 0.0,
      "maxValue": 20.0
    },
    "setupName": "Regional Bidder Setup",
    "numberOfBidders": 6
  },
  "implementation": "org.spectrumauctions.sats.core.model.gsvm.GSVMBidder"
}