{
  "regionsOfInterest": [
    3,
    7,
    8,
    9,
    10,
    11,
    13
  ],
  "alpha": 97.74098172737058121128939092159271240234375,
  "beta": {
    "0": 0.1155216866035251588318288895607111044228076934814453125,
    "1": 0.0633516611682629626756124707753770053386688232421875,
    "2": 0.110635151574729750922898574572172947227954864501953125,
    "3": 0.053305780079299668050563099086502916179597377777099609375,
    "4": 0.0897764504995159640099444686711649410426616668701171875,
    "5": 0.052512688868489608429168669090358889661729335784912109375,
    "6": 0.090158295945301836216145829894230701029300689697265625,
    "7": 0.1169398846368772393322643665669602341949939727783203125,
    "8": 0.05316435371312433488810711423866450786590576171875,
    "9": 0.07287321125261540799566972737011383287608623504638671875,
    "10": 0.0771491826696944771324382372768013738095760345458984375,
    "11": 0.0905990448000662806915528335593990050256252288818359375,
    "12": 0.111191942929590614763668554587638936936855316162109375,
    "13": 0.11390031514296468373448334432396222837269306182861328125
  },
  "zLow": {
    "0": 0.000003089871387,
    "1": 0.000002731025438,
    "2": 0.000002215293815,
    "3": 0.000002065693191,
    "4": 3.600954065E-7,
    "5": 0.000001490346170,
    "6": 0.00001070999032,
    "7": 1.556928145E-7,
    "8": 0.000004470014318,
    "9": 0.000002086611437,
    "10": 0.000001156451413,
    "11": 2.778939257E-7,
    "12": 3.755438251E-7,
    "13": 0.00001541725220
  },
  "zHigh": {
    "0": 0.000128390856987552717118704420515754338128421790444169242986087576838083149772225661779655139024589685615177438238726,
    "1": 0.000099232262946912593425165371410045646193307326380653672797863230197913268392842380222220943597904120256237614358,
    "2": 0.00009096775114714201000535339277453554625748097786980571944619071125451430130379568745215519304449940169992663215730,
    "3": 0.00007298213441505521464515232459233921449371561120169314630383628403336402221105183842421489991049258323685355015042115,
    "4": 0.000014035670937567133697114883486706658926957357687199388089787824283495082332122074148751614150113702252232857166444,
    "5": 0.00005253659356502980359177112942797520723064358095620618162030748227700327826417156509221584163154815913920883397819843,
    "6": 0.00041785915694865664841769587048976079815727964827415109817613335472999653501925210540559507977124281259027912233550,
    "7": 0.000006491454408505015286263285611695763664996799341407350710505601206851709457992062696356092688087193267223989926176,
    "8": 0.0001578649717619478931574508909265819489436918392729632739901519237223502013529366057726421787673242308207505485,
    "9": 0.0000778041507122078633138229143650314534821365081209931136747439516799197199594321100992481124878097648095277106957210,
    "10": 0.000043615470510633400625657939855284275532244896682662984411943612058439058351635619937426305362653415397794822644287,
    "11": 0.000010854510192463086235687968618139045651589028192774629244224880956170027109258676060062428448315927269031411341317,
    "12": 0.00001544205950630985482158571682964893557840403860355298422137415892032353608053013921317784880863159006479120777724,
    "13": 0.0006381205541415203804873719575561603262505415658514656574232975354004014957012140027473100835254096286166920182792389
  },
  "setupType": "Multi Region Model Local Bidder",
  "population": 0,
  "id": 0,
  "worldId": 299,
  "setup": {
    "numberOfRegionsInterval": {
      "minValue": 3,
      "maxValue": 7
    },
    "alphaInterval": {
      "minValue": 60.0,
      "maxValue": 100.0
    },
    "betaInterval": {
      "minValue": 0.05,
      "maxValue": 0.12
    },
    "setupName": "Multi Region Model Local Bidder",
    "numberOfBidders": 3
  },
  "implementation": "org.spectrumauctions.sats.core.model.mrvm.MRVMLocalBidder"
}