{
  "gammaValues": {
    "1": 0.94608,
    "2": 0.78431
  },
  "alpha": 1136.608196863570583445834927260875701904296875,
  "beta": {
    "0": 0.18562296624529184274621229633339680731296539306640625,
    "1": 0.203430475527855925133025039031053893268108367919921875,
    "2": 0.15515347652898692221157261883490718901157379150390625,
    "3": 0.219441171211622820802489286506897769868373870849609375,
    "4": 0.08529015005696109763544399129386874847114086151123046875,
    "5": 0.155715927384492525131776119451387785375118255615234375,
    "6": 0.11191214243390816551748656593190389685332775115966796875,
    "7": 0.190608311683730879959597359629697166383266448974609375,
    "8": 0.1607373713699578043900828561163507401943206787109375,
    "9": 0.1680642233972475529935053373264963738620281219482421875,
    "10": 0.08128603310881570009893692940750042907893657684326171875,
    "11": 0.1241508256519054664845924662586185149848461151123046875,
    "12": 0.09431504745072412376760695451594074256718158721923828125,
    "13": 0.164301301309173364284532681267592124640941619873046875
  },
  "zLow": {
    "0": 0.000001922968700,
    "1": 8.504871147E-7,
    "2": 0.000001579657592,
    "3": 5.017900075E-7,
    "4": 3.790365877E-7,
    "5": 5.025952453E-7,
    "6": 0.000008628147537,
    "7": 9.551891834E-8,
    "8": 0.000001478470255,
    "9": 9.047617213E-7,
    "10": 0.000001097596695,
    "11": 2.027930471E-7,
    "12": 4.427442777E-7,
    "13": 0.00001068786352
  },
  "zHigh": {
    "0": 0.0000933837763716744883926608566028762865423050386506198113006836147240246742443588906483201794883725040427924685941,
    "1": 0.00004281611325720013698529047418130629524077177942630138456960302109250508757058488159458611529162038232432118651115,
    "2": 0.0000718986644348147363436138945786011785541858707013413911986462309751689147342796916652697456939749500097875096420,
    "3": 0.00002606503891686084989660739974823717887189424530873467915902071047137269456889036821649235920913942441335535902075,
    "4": 0.0000146039063716717151492643791089287515264404773951650544707870524265575901225254552699286969742752836007228025969455,
    "5": 0.00002290406583066078465877345828313815589582298981564850256443625355349344529955068793141386733206526298313153630050,
    "6": 0.0003554038737072731796623298395882729387510971838295144935614757312127270686052243382800827127906708090856838778081713,
    "7": 0.00000468623752580145886492289622418089497015658306813352508966514458293828855123172137843237120387233536989417571655,
    "8": 0.000068118649852075352991885238439649260553466333674364432739693526934014088409064423614090428479866485504451097808,
    "9": 0.000042348659242648463190336073945764009760057474716250491121169808006800083590518519324385721579982079245981485206289,
    "10": 0.0000418498289785334584551398442122417512084386176682606155623406916779938973389593767310990636245916644994208410383375,
    "11": 0.000008601483832300013389819180313598852658687687908085491633304497504155257430656956864341451431377419623238302560727,
    "12": 0.0000174580730864828487486055104700309828081629724052432773464865494093127812608157959751681911783210026237308058882963,
    "13": 0.00049623889374318032642053093100554983735230527974212428301051419906769968988097819237066278288899454323865368574198
  },
  "setupType": "Multi Region Model National Bidder",
  "population": 0,
  "id": 8,
  "worldId": 299,
  "setup": {
    "bInterval": {
      "minValue": 0.1,
      "maxValue": 0.3
    },
    "kMax": 2.0,
    "alphaInterval": {
      "minValue": 700.0,
      "maxValue": 1200.0
    },
    "betaInterval": {
      "minValue": 0.08,
      "maxValue": 0.22
    },
    "setupName": "Multi Region Model National Bidder",
    "numberOfBidders": 3
  },
  "implementation": "org.spectrumauctions.sats.core.model.mrvm.MRVMNationalBidder"
}