{
  "bidderPosition": 0,
  "values": {
    "0": 7.51951707159839610739027193631045520305633544921875,
    "1": 15.8711881461122050751555434544570744037628173828125,
    "2": 17.853300004673325673820727388374507427215576171875,
    "3": 0.967965113187385650661553881946019828319549560546875,
    "12": 7.6722813706588670612518399138934910297393798828125,
    "13": 6.63368685280382663904674700461328029632568359375
  },
  "setupType": "Regional Bidder Setup",
  "population": 0,
  "id": 0,
  "worldId": 964,
  "setup": {
    "lowNationalValueInterval": {
      "minValue": 0.0,
      "maxValue": 20.0
    },
    "highNationalValueInterval": {
      "minValue": 0.0,
      "maxValue": 40.0
    },
    "regionalValueInterval": {
      "minValue": 0.0,
      "maxValue": 20.0
    },
    "setupName": "Regional Bidder Setup",
    "numberOfBidders": 6
  },
  "implementation": "org.spectrumauctions.sats.core.model.gsvm.GSVMBidder"
}