{
  "bidderPosition": 3,
  "values": {
    "16": 6.907276980458735948786852532066404819488525390625,
    "6": 20.5131578783561820955583243630826473236083984375,
    "7": 7.32051412510120957932713281479664146900177001953125,
    "8": 3.315284121399049155343163874931633472442626953125,
    "9": 15.99669671941859405706054531037807464599609375,
    "15": 16.379180930277044581089285202324390411376953125
  },
  "setupType": "Regional Bidder Setup",
  "population": 0,
  "id": 3,
  "worldId": 964,
  "setup": {
    "lowNationalValueInterval": {
      "minValue": 0.0,
      "maxValue": 20.0
    },
    "highNationalValueInterval": {
      "minValue": 0.0,
      "maxValue": 40.0
    },
    "regionalValueInterval": {
      "minValue": 0.0,
      "maxValue": 20.0
    },
    "setupName": "Regional Bidder Setup",
    "numberOfBidders": 6
  },
  "implementation": "org.spectrumauctions.sats.core.model.gsvm.GSVMBidder"
}