{
  "bidderPosition": 5,
  "values": {
    "0": 11.994339671107606903888154192827641963958740234375,
    "1": 16.4187791416329815774588496424257755279541015625,
    "17": 10.163487145725209614965933724306523799896240234375,
    "10": 4.3951525831314075531963680987246334552764892578125,
    "11": 3.57001061952596732140818858169950544834136962890625,
    "12": 18.299813214573678266106071532703936100006103515625
  },
  "setupType": "Regional Bidder Setup",
  "population": 0,
  "id": 5,
  "worldId": 761,
  "setup": {
    "lowNationalValueInterval": {
      "minValue": 0.0,
      "maxValue": 20.0
    },
    "highNationalValueInterval": {
      "minValue": 0.0,
      "maxValue": 40.0
    },
    "regionalValueInterval": {
      "minValue": 0.0,
      "maxValue": 20.0
    },
    "setupName": "Regional Bidder Setup",
    "numberOfBidders": 6
  },
  "implementation": "org.spectrumauctions.sats.core.model.gsvm.GSVMBidder"
}