{
  "regionsOfInterest": [
    3,
    5,
    8,
    9,
    11,
    13
  ],
  "alpha": 99.4299677300435860161087475717067718505859375,
  "beta": {
    "0": 0.0922957664077410644409837914281524717807769775390625,
    "1": 0.05736623399586711358200119548200746066868305206298828125,
    "2": 0.05503721076749322482779547272002673707902431488037109375,
    "3": 0.08115421175445770851641924537034356035292148590087890625,
    "4": 0.1026307738387391144119220598440733738243579864501953125,
    "5": 0.06496998092299706428764949350807000882923603057861328125,
    "6": 0.09246414677342380816771338913895306177437305450439453125,
    "7": 0.084855578411873633370987590751610696315765380859375,
    "8": 0.0775967260140293657588728137852740474045276641845703125,
    "9": 0.06404629319114100993726168553621391765773296356201171875,
    "10": 0.112830011150004183573258842443465255200862884521484375,
    "11": 0.055227538879130642912596016458337544463574886322021484375,
    "12": 0.1053101528998616476240357542337733320891857147216796875,
    "13": 0.11999871605843616395592476919773616828024387359619140625
  },
  "zLow": {
    "0": 0.000003380068758,
    "1": 0.000002635911375,
    "2": 0.000003891987581,
    "3": 0.000001185857349,
    "4": 2.752997394E-7,
    "5": 0.000001052790761,
    "6": 0.000009126931643,
    "7": 1.875228626E-7,
    "8": 0.000002676636815,
    "9": 0.000002075003740,
    "10": 6.910945707E-7,
    "11": 3.984284799E-7,
    "12": 3.465509493E-7,
    "13": 0.00001278965103
  },
  "zHigh": {
    "0": 0.0001325986663735502639668435800420781214410723095452734500468171524050257272212734202130897776194103272581903057708,
    "1": 0.00009419857210193231587713441090980102998822603387552088279003760001790714154409910798124171625332153438980288391468082,
    "2": 0.00013818004148085363774503572937610130840218683280687936825803797803710852885296236721581295026153246411123956580074524,
    "3": 0.00004519945227917073692582574056673342380568176287424237144674598841276596266164086415150092211486506486249608041025934,
    "4": 0.0000110844147100281144659490743205670626419708904368566189562351784133257946730802571269972619694857880610015543363449,
    "5": 0.00003842370237406364377135348660229626808406482422482579165767856520818193920945797252257726914294689211759342033784788,
    "6": 0.00035819934397018747862854307096548655339745613807001387365892580107097597764216572509801315156307312317389656560025021,
    "7": 0.000007216921974537481980175148056737316094168375739038409845089711372590609226173504346876035858215088756639133711,
    "8": 0.0001010689297915383092275348993833857765723852508207219272563603838318974213736396506469383373137157175989420531913594,
    "9": 0.00007553974197763829574253331026057006520263341257766947046962198130163659769633935383251670224693019994742491500015562,
    "10": 0.000028530457931159465589228922093654150361861032040220194546630443251137160655832211343953519243389403672164111265617,
    "11": 0.000014153276831175848059644199197459179448617432080208319442985330962404451274884665355399562268675463505537736145902363,
    "12": 0.0000140460618229304738259986824220265009684771653286082684716941163893703455563973781767970176607711096306115508707836,
    "13": 0.00053716370110245151409732288852466328706896298991839365193982851983649535686911385428511910542667167879722974987663037
  },
  "setupType": "Multi Region Model Local Bidder",
  "population": 0,
  "id": 1,
  "worldId": 247,
  "setup": {
    "numberOfRegionsInterval": {
      "minValue": 3,
      "maxValue": 7
    },
    "alphaInterval": {
      "minValue": 60.0,
      "maxValue": 100.0
    },
    "betaInterval": {
      "minValue": 0.05,
      "maxValue": 0.12
    },
    "setupName": "Multi Region Model Local Bidder",
    "numberOfBidders": 3
  },
  "implementation": "org.spectrumauctions.sats.core.model.mrvm.MRVMLocalBidder"
}