{
  "homeId": 3,
  "distanceDiscounts": {
    "0": 1,
    "1": 0.42045,
    "2": 0.17678,
    "3": 0.07433,
    "4": 0.03125,
    "5": 0.01314,
    "6": 0.00552,
    "7": 0.00232
  },
  "alpha": 625.691327920565299791633151471614837646484375,
  "beta": {
    "0": 0.07035205992014374742904436743629048578441143035888671875,
    "1": 0.064672802026255193919013208869728259742259979248046875,
    "2": 0.061635777234597177720587524163420312106609344482421875,
    "3": 0.047183711205866722682156222390403854660689830780029296875,
    "4": 0.0890492170699436480507671376471989788115024566650390625,
    "5": 0.0963115489919924294692776811643852852284908294677734375,
    "6": 0.0860872351384272260776953089589369483292102813720703125,
    "7": 0.0810472837483269537006691507485811598598957061767578125,
    "8": 0.0991095310307813226469164646914578042924404144287109375,
    "9": 0.070279728499110294404061960449325852096080780029296875,
    "10": 0.091948708172781667968820329406298696994781494140625,
    "11": 0.09392052265939339339428926223263260908424854278564453125,
    "12": 0.073699553752869295664140736334957182407379150390625,
    "13": 0.082637160601620907041109376223175786435604095458984375
  },
  "zLow": {
    "0": 0.000004434355396,
    "1": 0.000002338112839,
    "2": 0.000003475321484,
    "3": 0.000002039630116,
    "4": 3.172877452E-7,
    "5": 7.101930801E-7,
    "6": 0.000009803009072,
    "7": 1.963342908E-7,
    "8": 0.000002095643592,
    "9": 0.000001890962028,
    "10": 8.480402788E-7,
    "11": 2.342855826E-7,
    "12": 4.951906979E-7,
    "13": 0.00001857205271
  },
  "zHigh": {
    "0": 0.00016422726551054856305879661784381525401197096159159818294756280162092224281070569207593656983715209258291786622277830,
    "1": 0.000085264616014160296292342857646220643835600427703582691933234293705072628647859005661265853662047520677256665740198,
    "2": 0.000125680058570340507013471465024191778295722488582834366941491846880294707298400504278184439380208888758503784088544,
    "3": 0.000070812635303608328946872351122421036612764607421323341465625121091481075265521765364871732550198330797837069636066240,
    "4": 0.0000123440548826382809683346385881940500854621212826191888573434060371395940783181183085754511011531631035289842903089,
    "5": 0.0000281457719623032578887453344032271645282147111695689271990270118028961939013288339505370355851963011561714565558656,
    "6": 0.0003784816668333093142343024453134816111986997380251790230569799791688481244712281097253319068532881423419327958463456,
    "7": 0.0000074812648188050895913636834307969115496112311379197809828634060320002571834482880276078234027181719077313518461263,
    "8": 0.0000836391330926982051320565465327001437619088644206585539118483686975580683003356213838996532291359313707323983157879,
    "9": 0.000070018490607814062839701728509332849965887301491869719099103431933178024387833917970701755251130811403898788565466,
    "10": 0.000033238829175080737532308031335846515438668509696101323344259860837793767679389930845756501607778713546286893909,
    "11": 0.00000922898991132153228649703041850041447083141800012923656404020674691000579609143210373536160146563145869098695648122,
    "12": 0.000018505254280558408098233341813867015468283977787582454673683936615801360504275108006489642885208187937920172121,
    "13": 0.000710635751466460826667905538301617849895867245334992731894935010505519520684726378012342436099640248136165692914817
  },
  "setupType": "Multi Region Model Regional Bidder",
  "population": 0,
  "id": 4,
  "worldId": 247,
  "setup": {
    "exponentFactor": 1.25,
    "base": 2.0,
    "alphaInterval": {
      "minValue": 500.0,
      "maxValue": 840.0
    },
    "betaInterval": {
      "minValue": 0.04,
      "maxValue": 0.1
    },
    "setupName": "Multi Region Model Regional Bidder",
    "numberOfBidders": 4
  },
  "implementation": "org.spectrumauctions.sats.core.model.mrvm.MRVMRegionalBidder"
}