{
  "homeId": 7,
  "distanceDiscounts": {
    "0": 1,
    "1": 0.42045,
    "2": 0.17678,
    "3": 0.07433,
    "4": 0.03125,
    "5": 0.01314,
    "6": 0.00552,
    "7": 0.00232
  },
  "alpha": 634.7159149144836192135699093341827392578125,
  "beta": {
    "0": 0.07575440859694963779968901462780195288360118865966796875,
    "1": 0.09850230372908252984842647492769174277782440185546875,
    "2": 0.04910912323757719855077397141940309666097164154052734375,
    "3": 0.077669224197453701208360143937170505523681640625,
    "4": 0.0651909634849433261560847086002468131482601165771484375,
    "5": 0.06108367865166434984569576727153616957366466522216796875,
    "6": 0.054674149232859979574694619941510609351098537445068359375,
    "7": 0.0924094882155628571940297888431814499199390411376953125,
    "8": 0.0960323184280377495358749229126260615885257720947265625,
    "9": 0.07108067616512216135848944986719288863241672515869140625,
    "10": 0.09066769970176939696937523649467038922011852264404296875,
    "11": 0.05362717075207339145759277698743971996009349822998046875,
    "12": 0.0933057828209052642076670736059895716607570648193359375,
    "13": 0.0406582657167160743671985301261884160339832305908203125
  },
  "zLow": {
    "0": 0.000004118123847,
    "1": 0.000001535114439,
    "2": 0.000004361799329,
    "3": 0.000001239066302,
    "4": 4.334070825E-7,
    "5": 0.000001119772043,
    "6": 0.00001543533752,
    "7": 1.721940169E-7,
    "8": 0.000002162795369,
    "9": 0.000001869654386,
    "10": 8.600219083E-7,
    "11": 4.103185765E-7,
    "12": 3.911368873E-7,
    "13": 0.00003774734794
  },
  "zHigh": {
    "0": 0.00015474031902920273590901474403020422684018553292763469047679984312166221753687317795994890410734621743695875060562475,
    "1": 0.00006117466402974785182951876661208037101737153928507771507723688854442031061338422582043835523027344479476529953234,
    "2": 0.00015227439392675148252236292734448064681089615499840552346687793757689396689780893963247433375615924238638596862101881,
    "3": 0.000046795720870273733891398164279898686803086122387184617071931875183901913701023180215098053232087924308926633,
    "4": 0.0000158276350038294102440505284689911950063625324560862028368298730525047337095270465226711043530413453185728025678003,
    "5": 0.00004043314084291994414150655115053801614989632785935880824103384233333238998535698446729296198580762432183946186101022,
    "6": 0.000547451520268890235706789462654592716954638457506508696314550779209158317730129321348059623103763600940415279310009969,
    "7": 0.0000067570566022324412529236039472760836755004170277747490746685269775765583155651716996719166582141167106147204804585,
    "8": 0.0000856536864146005968425170145681404981054161647761505971539141479017135591598499423151565872032816166595723250745902,
    "9": 0.00006937926133875903301452081641171342857395129283437979219957178961800480851627590813193554899637834621203930032082280,
    "10": 0.00003359827805857445786633332893137866361092330323776930429307340327314939611858977535066814230436596852490136384624486,
    "11": 0.00001450997972884900490305101122060672727586821677798353044627470659753391172008761177900976549601765694601362952096268,
    "12": 0.0000153836399623361953581486154702873830555930577193806869170452440034896335718286857932675937112355997338894099509850,
    "13": 0.0012858946081899273477061883937489850648053688644515364158219897016851635762528368814352049841103959905185464353391570
  },
  "setupType": "Multi Region Model Regional Bidder",
  "population": 0,
  "id": 6,
  "worldId": 247,
  "setup": {
    "exponentFactor": 1.25,
    "base": 2.0,
    "alphaInterval": {
      "minValue": 500.0,
      "maxValue": 840.0
    },
    "betaInterval": {
      "minValue": 0.04,
      "maxValue": 0.1
    },
    "setupName": "Multi Region Model Regional Bidder",
    "numberOfBidders": 4
  },
  "implementation": "org.spectrumauctions.sats.core.model.mrvm.MRVMRegionalBidder"
}