{
  "gammaValues": {
    "1": 0.96296,
    "2": 0.85185
  },
  "alpha": 870.63560811285060481168329715728759765625,
  "beta": {
    "0": 0.152933511507467756462830266173114068806171417236328125,
    "1": 0.0931203900076357504733692849185899831354618072509765625,
    "2": 0.112226263457758601571612189218285493552684783935546875,
    "3": 0.153027648281632899784909795926068909466266632080078125,
    "4": 0.1459831789702772386618789823842234909534454345703125,
    "5": 0.205178552409794046074154039160930551588535308837890625,
    "6": 0.103934945749841356477105591693543829023838043212890625,
    "7": 0.1364559874089917579365049959960742853581905364990234375,
    "8": 0.18593932020289927198319901435752399265766143798828125,
    "9": 0.1582141069676222533413323390050209127366542816162109375,
    "10": 0.081473801003077939153484976486652158200740814208984375,
    "11": 0.09442685453752110158465171707575791515409946441650390625,
    "12": 0.1658991170524448388601257420305046252906322479248046875,
    "13": 0.097254781703963788519473609994747675955295562744140625
  },
  "zLow": {
    "0": 0.000002039880164,
    "1": 0.000001623836721,
    "2": 0.000001908681036,
    "3": 6.288884357E-7,
    "4": 1.935443898E-7,
    "5": 3.333671811E-7,
    "6": 0.000008119636191,
    "7": 1.166116730E-7,
    "8": 0.000001117021690,
    "9": 8.399775496E-7,
    "10": 9.570709499E-7,
    "11": 2.330293058E-7,
    "12": 2.199850976E-7,
    "13": 0.00001578062976
  },
  "zHigh": {
    "0": 0.000092393008558583602304983508080384175924602537661158934140234305667076739262888734672414962228182817580011363966529,
    "1": 0.0000638363324766221766507970469932933615243447221676603984823890141391368878086150557781462381916704364042478308568930,
    "2": 0.000078680845142600144189332820387645796707234861478255542587162244522617830643811595485391289264964341180705992417409,
    "3": 0.000028490384904658414976147452379735965566995443728492053860495871476899485461135023262839946444568007197848965383696,
    "4": 0.0000086317542217496099630415006111231986243791230721865624354742710930657188366138644738292307437058350967227855185,
    "5": 0.000016840994992062156701894914740122094223026600798837261160872368231695184553858155618860514720418857599682456272874,
    "6": 0.000327980480414798072803712759235563941592074227279847621622121623516860340484096096229460652481500565026918934363795,
    "7": 0.0000050895862842396207111510579338661346934976796494569450935243937303916664791985494526857259243346268790090810940186,
    "8": 0.00005428047602979911876661315644241147522770015653592261067886747097519968109539505232095444662232679792900915677523,
    "9": 0.0000384889562760945555976520865476497393000763970016736908996876147988265797340334950076205051380816632568079849925236,
    "10": 0.000036509749306636229030974997781768575460478973233235497701477018408759233474306102906544821349042010993052651109447,
    "11": 0.00000919130160974970052651998214864586521330199695346045605594573677744230472477024953430861080371785814241270607345600,
    "12": 0.0000102490862727785982681175424990007485166150326507031393604367504529433459165652509637976103566655166420281678121969,
    "13": 0.000626893062988054610888969291355783715410364756664196364434003112112199555572937577024373125264879963214794648179782
  },
  "setupType": "Multi Region Model National Bidder",
  "population": 0,
  "id": 8,
  "worldId": 247,
  "setup": {
    "bInterval": {
      "minValue": 0.1,
      "maxValue": 0.3
    },
    "kMax": 2.0,
    "alphaInterval": {
      "minValue": 700.0,
      "maxValue": 1200.0
    },
    "betaInterval": {
      "minValue": 0.08,
      "maxValue": 0.22
    },
    "setupName": "Multi Region Model National Bidder",
    "numberOfBidders": 3
  },
  "implementation": "org.spectrumauctions.sats.core.model.mrvm.MRVMNationalBidder"
}