{
  "bidderPosition": -1,
  "values": {
    "0": 9.982257382501984466216526925563812255859375,
    "1": 0.0362320113338110427747551511856727302074432373046875,
    "2": 1.705752916830520771185319972573779523372650146484375,
    "3": 5.809010786921508184832418919540941715240478515625,
    "4": 16.86761629156257669137630728073418140411376953125,
    "5": 13.931388045917575624343953677453100681304931640625,
    "6": 3.994972984640374757958625195897184312343597412109375,
    "7": 5.216358170726788756610403652302920818328857421875,
    "8": 2.6662718222639281151487011811695992946624755859375,
    "9": 4.42378994088271415563440314144827425479888916015625,
    "10": 5.52266298506071340312928441562689840793609619140625,
    "11": 8.627605138298751086267657228745520114898681640625
  },
  "setupType": "National Bidder Setup",
  "population": 0,
  "id": 6,
  "worldId": 367,
  "setup": {
    "lowNationalValueInterval": {
      "minValue": 0.0,
      "maxValue": 10.0
    },
    "highNationalValueInterval": {
      "minValue": 0.0,
      "maxValue": 20.0
    },
    "regionalValueInterval": {
      "minValue": 0.0,
      "maxValue": 0.0
    },
    "setupName": "National Bidder Setup",
    "numberOfBidders": 1
  },
  "implementation": "org.spectrumauctions.sats.core.model.gsvm.GSVMBidder"
}