{
  "bidderPosition": 1,
  "values": {
    "2": 12.0115721937685027143061233800835907459259033203125,
    "3": 19.37534122930805580153901246376335620880126953125,
    "4": 25.4625363161394062672115978784859180450439453125,
    "5": 27.630327422485191135592685895971953868865966796875,
    "13": 15.642728200610338973319812794215977191925048828125,
    "14": 13.00435467350100537942125811241567134857177734375
  },
  "setupType": "Regional Bidder Setup",
  "population": 0,
  "id": 1,
  "worldId": 367,
  "setup": {
    "lowNationalValueInterval": {
      "minValue": 0.0,
      "maxValue": 20.0
    },
    "highNationalValueInterval": {
      "minValue": 0.0,
      "maxValue": 40.0
    },
    "regionalValueInterval": {
      "minValue": 0.0,
      "maxValue": 20.0
    },
    "setupName": "Regional Bidder Setup",
    "numberOfBidders": 6
  },
  "implementation": "org.spectrumauctions.sats.core.model.gsvm.GSVMBidder"
}