{
  "regionsOfInterest": [
    5,
    7,
    9,
    11,
    12
  ],
  "alpha": 77.711430817162835182898561470210552215576171875,
  "beta": {
    "0": 0.06497524352444124240424372374036465771496295928955078125,
    "1": 0.11352474454952442284305647035580477677285671234130859375,
    "2": 0.11732910975307027368064183292517554946243762969970703125,
    "3": 0.10510843887170902288819007708298158831894397735595703125,
    "4": 0.06195858319118703605443698734234203584492206573486328125,
    "5": 0.0908892321077864606682084058775217272341251373291015625,
    "6": 0.11495316698535650024037835237322724424302577972412109375,
    "7": 0.06240514971613263239813562677227309904992580413818359375,
    "8": 0.1066311687719027900822510446232627145946025848388671875,
    "9": 0.0720553523761750247533797164578572846949100494384765625,
    "10": 0.08731903107774528771667377213816507719457149505615234375,
    "11": 0.07337913423809805379960380378179252147674560546875,
    "12": 0.10066160966375771457226306893062428571283817291259765625,
    "13": 0.08039547375856197219956555954922805540263652801513671875
  },
  "zLow": {
    "0": 0.000005089682202,
    "1": 0.000001411977830,
    "2": 0.000001935322533,
    "3": 9.705930870E-7,
    "4": 4.834072864E-7,
    "5": 7.977625342E-7,
    "6": 0.000007782309351,
    "7": 2.702996351E-7,
    "8": 0.000002064809273,
    "9": 0.000001955140190,
    "10": 9.466391702E-7,
    "11": 3.178811297E-7,
    "12": 3.843303947E-7,
    "13": 0.00002023647953
  },
  "zHigh": {
    "0": 0.0001857608001069684610498528315997954040856174156033407765387735710738777205302787738069345320304379921199794890463548,
    "1": 0.0000583887771097829922837615761771236766855285167977096199198147684013226189841792127750657606419750733881420962612153,
    "2": 0.0000807666429587602783408428880825596673754617816384812355205675130957224216094446767607773028590039827745980116675529,
    "3": 0.0000393195450216141374880194358409311954106427615521645940404487918471613270546914692468995710437488375239139775050913,
    "4": 0.0000174973416460249215923595925912127624145206158722200633170100663886528112755315931681142052078001247441986752538493,
    "5": 0.000031183678438336334720056331965462022440195787763115518470451496501124014965811481893868442538619346953010194066774,
    "6": 0.0003229293911605313696046240287277472776075640289662687652118388191426323848753280574496330177862557035078864099899244,
    "7": 0.0000097957979702307834580166976453762166026176614569908872985023647115285008299263365709516741555607481098348894231687,
    "8": 0.000083961580776053407303543609841915043367145492255558356040653726047170362761708709768434352704084247690078817648623,
    "9": 0.000072742037219069220293356703608095266174013867248671691616556660864323954515949693709025014599120290724143720042296,
    "10": 0.0000366651366147623952233917480287346134194734499975149099709122593096074379380697123292179550864234665329049846440293,
    "11": 0.0000118690180963652254481661301323951128554206700112271873348483742192119109969677727428076275612128582231886287,
    "12": 0.0000153986434555607715824347699035160459798879450848689153106644741406898331281963893117075698028001203410156397779682,
    "13": 0.0007697865214289305027440049670274265323567224132882684207961244238229317700422511487551264415214614452706541179201948
  },
  "setupType": "Multi Region Model Local Bidder",
  "population": 0,
  "id": 1,
  "worldId": 440,
  "setup": {
    "numberOfRegionsInterval": {
      "minValue": 3,
      "maxValue": 7
    },
    "alphaInterval": {
      "minValue": 60.0,
      "maxValue": 100.0
    },
    "betaInterval": {
      "minValue": 0.05,
      "maxValue": 0.12
    },
    "setupName": "Multi Region Model Local Bidder",
    "numberOfBidders": 3
  },
  "implementation": "org.spectrumauctions.sats.core.model.mrvm.MRVMLocalBidder"
}