{
  "gammaValues": {
    "1": 0.92369,
    "2": 0.69475
  },
  "alpha": 1118.1846916011372741195373237133026123046875,
  "beta": {
    "0": 0.1408383777456352625723212668162886984646320343017578125,
    "1": 0.12470117153038995372327235600096173584461212158203125,
    "2": 0.1432060656663971254243250541549059562385082244873046875,
    "3": 0.1142178658610570607390144459714065305888652801513671875,
    "4": 0.09656507839048018848604471031649154610931873321533203125,
    "5": 0.0901540840648104302434973078561597503721714019775390625,
    "6": 0.1729397061928621415205498124123550951480865478515625,
    "7": 0.113910572791060815678321205268730409443378448486328125,
    "8": 0.18293296167456130074668863016995601356029510498046875,
    "9": 0.12785954413002398322163344346336089074611663818359375,
    "10": 0.0971302914167752329266392052886658348143100738525390625,
    "11": 0.156704496852485497537799119527335278689861297607421875,
    "12": 0.1033621438191173746989903747817152179777622222900390625,
    "13": 0.170902459419873531398792465552105568349361419677734375
  },
  "zLow": {
    "0": 0.000002348105296,
    "1": 0.000001285428360,
    "2": 0.000001585614889,
    "3": 8.931835959E-7,
    "4": 3.101662741E-7,
    "5": 8.042677699E-7,
    "6": 0.000005172907519,
    "7": 1.480818574E-7,
    "8": 0.000001203572194,
    "9": 0.000001101820880,
    "10": 8.510178845E-7,
    "11": 1.488524105E-7,
    "12": 3.742890263E-7,
    "13": 0.000009519590086
  },
  "zHigh": {
    "0": 0.000103513492902765035477531209237479007243910567597190493844933932018738901279050176228983062608732956737016418138309,
    "1": 0.0000545922930241577565880755112728922684186855504065199733762588322943232173810322115824245622607471419834523078398,
    "2": 0.000070275413634203174910902049956157802586516107519307233335588990796968433888954250601551924326077764674408903514895,
    "3": 0.000036997260291056004264088342028196250809647081107586837385692685726023634750485615461453603344626204786791437887350,
    "4": 0.0000123001112769940942511144369091313221238415413393068875308349126631831946092313976798397353689753206772301760093218,
    "5": 0.000031378835509200025422761045416291810104401844254579209581391467239159762714683720790915410647832316354015271573086,
    "6": 0.000244647336177242604805912971960040501863483600520744892370516174744370245862663383352038632274745903554034805549,
    "7": 0.00000612926464020266177529666565997610195469379077669143478194702607708735179257098229758109555383238002763752385413,
    "8": 0.0000581244684180226746960299985765773775611068378207253271431235348825630695838703051820173824031977285595034929094,
    "9": 0.0000471424579019915597237045845290364939525880473814766187677173358968306150720165334222436437951329329489815647619,
    "10": 0.000033796498043949469584439434950056464545862678812775723788383359375794032544107379276096988204747146948546303449934,
    "11": 0.00000679815652093972935877328196797040500889487980578970949218008491991643300563937015361271779567114742049768613576,
    "12": 0.000015097402405609114732929213991656962782626736892576208178938729650939674347486853748916876225109216847470578206838,
    "13": 0.00044827983837942440740476109817599786615439004665740438613933828424654673557644992543342389806778307687361299856966
  },
  "setupType": "Multi Region Model National Bidder",
  "population": 0,
  "id": 8,
  "worldId": 440,
  "setup": {
    "bInterval": {
      "minValue": 0.1,
      "maxValue": 0.3
    },
    "kMax": 2.0,
    "alphaInterval": {
      "minValue": 700.0,
      "maxValue": 1200.0
    },
    "betaInterval": {
      "minValue": 0.08,
      "maxValue": 0.22
    },
    "setupName": "Multi Region Model National Bidder",
    "numberOfBidders": 3
  },
  "implementation": "org.spectrumauctions.sats.core.model.mrvm.MRVMNationalBidder"
}