{
  "homeId": 3,
  "distanceDiscounts": {
    "0": 1,
    "1": 0.42045,
    "2": 0.17678,
    "3": 0.07433,
    "4": 0.03125,
    "5": 0.01314,
    "6": 0.00552,
    "7": 0.00232
  },
  "alpha": 709.4315037664667897843173705041408538818359375,
  "beta": {
    "0": 0.097047842284418928127109893466695211827754974365234375,
    "1": 0.056255860957329671678817106794667779467999935150146484375,
    "2": 0.098157522923767170919262525785597972571849822998046875,
    "3": 0.060228964782076295503276952558735501952469348907470703125,
    "4": 0.06246119369014703492926088301828713156282901763916015625,
    "5": 0.0788215080985808225211286526246112771332263946533203125,
    "6": 0.05068961916325558092477621130456100217998027801513671875,
    "7": 0.05009103813626573920014806162726017646491527557373046875,
    "8": 0.0974740283027173137764265220539527945220470428466796875,
    "9": 0.048584855826679824997160750399416428990662097930908203125,
    "10": 0.0976833668074783278978401312997448258101940155029296875,
    "11": 0.07399686561600160583651586421183310449123382568359375,
    "12": 0.08464310200394066507900703300038003362715244293212890625,
    "13": 0.052296748325745483210180708510961267165839672088623046875
  },
  "zLow": {
    "0": 0.000003407632079,
    "1": 0.000002849381729,
    "2": 0.000002313319072,
    "3": 0.000001693828286,
    "4": 4.795174219E-7,
    "5": 9.199015077E-7,
    "6": 0.00001764860580,
    "7": 3.367486445E-7,
    "8": 0.000002258786570,
    "9": 0.000002899634319,
    "10": 8.461994894E-7,
    "11": 3.152274342E-7,
    "12": 4.570640165E-7,
    "13": 0.00003110941714
  },
  "zHigh": {
    "0": 0.00013529929640978377031646068470004917564861470073936389034674230349201342137001666173040400926994257892883273177570,
    "1": 0.00010151089410599789966041685992380965044172733552530450617721568934135284704419063039274168200197612109147018770443367,
    "2": 0.00009210653913890455477497650399799722541048801491435639580177039849991995239429816666610216776040559528135944929525,
    "3": 0.00006101660097450102911144777703904428668345723415674971055694156421227489430545804759895630144910384285343592267179034,
    "4": 0.0000173806457122666538738969187717573399746009267312612452803645245692494053798640213814717491647821252879377141597572,
    "5": 0.000034847847642682371715251844100782575689689424913702169138633324573400540249063764053085230225173201564395834939175,
    "6": 0.0006189182843847677368324510132702987899588171366121041102824009537322391125187020506046917974649676790102580517744492,
    "7": 0.0000117892682533206396285432527600675322118179388073048938808041309331076046265538370825643086918629927260041250325479,
    "8": 0.000089780899689849605000255838856091269963441536193971506716486556607369562789333843210882681849863589550916788660599,
    "9": 0.00010107686108131574800948783231153436944161997093460727902892695541396841951550928988636286092086390635560120466203443,
    "10": 0.000033651946193116865923292461474173803164523919760608671768820642898894134272740199911981949306415413866028103106560,
    "11": 0.0000117894072318099819768322101496818995737035165629387122732032810595050073373886375371354311802063143770028274742,
    "12": 0.0000175806521099738592862515538315367559037697022490490921586406220502011306043122520759658114420323824045842039546750,
    "13": 0.00109597464973639844848488565848724465516088958143068612157025418220887633240268026230264452932933385080875068607442044
  },
  "setupType": "Multi Region Model Regional Bidder",
  "population": 0,
  "id": 4,
  "worldId": 440,
  "setup": {
    "exponentFactor": 1.25,
    "base": 2.0,
    "alphaInterval": {
      "minValue": 500.0,
      "maxValue": 840.0
    },
    "betaInterval": {
      "minValue": 0.04,
      "maxValue": 0.1
    },
    "setupName": "Multi Region Model Regional Bidder",
    "numberOfBidders": 4
  },
  "implementation": "org.spectrumauctions.sats.core.model.mrvm.MRVMRegionalBidder"
}