{
  "homeId": 3,
  "distanceDiscounts": {
    "0": 1,
    "1": 0.42045,
    "2": 0.17678,
    "3": 0.07433,
    "4": 0.03125,
    "5": 0.01314,
    "6": 0.00552,
    "7": 0.00232
  },
  "alpha": 662.117706668353775967261753976345062255859375,
  "beta": {
    "0": 0.07841856663949771377719599740885314531624317169189453125,
    "1": 0.09697832546007538467858211106431554071605205535888671875,
    "2": 0.09214842118004451521073860931210219860076904296875,
    "3": 0.07514554754427227312163495298591442406177520751953125,
    "4": 0.0659882938412683917039913694679853506386280059814453125,
    "5": 0.0874370674553227866798721379382186569273471832275390625,
    "6": 0.0986753320835635772123595188531908206641674041748046875,
    "7": 0.0578837659268260917855286606936715543270111083984375,
    "8": 0.0899661875093889784604783699251129291951656341552734375,
    "9": 0.0522446609667923667075228877365589141845703125,
    "10": 0.07993748382678324271299885594999068416655063629150390625,
    "11": 0.0741168661267080086663128213331219740211963653564453125,
    "12": 0.098957548319960675353712531432393006980419158935546875,
    "13": 0.055550022234247396768491711327442317269742488861083984375
  },
  "zLow": {
    "0": 0.000004217156150,
    "1": 0.000001652889155,
    "2": 0.000002464173200,
    "3": 0.000001357599053,
    "4": 4.538870279E-7,
    "5": 8.292595606E-7,
    "6": 0.000009066106873,
    "7": 2.914131264E-7,
    "8": 0.000002447286388,
    "9": 0.000002696511236,
    "10": 0.000001034053253,
    "11": 3.147170584E-7,
    "12": 3.909486121E-7,
    "13": 0.00002928750148
  },
  "zHigh": {
    "0": 0.0001595850185322397589070052969458162861392229461443986462566430052792842871270564923912548004153630540361016689455697,
    "1": 0.0000656161168668415585126115581204788092808805287294381794185292771249247591904300285254694863230166182226457036862227,
    "2": 0.0000966321629609606694220060696846603829467653121399839814801410237914428321656987161006597128825077696423653874,
    "3": 0.0000509297239889005129889432766000650492625783089876936986136595076151917274156455998607235191715458690552510812175,
    "4": 0.000016611733892008008099127701075950080014150191247533181043881614935720305206262547433681553998261508642311649284206,
    "5": 0.000032128589230171200272778406505383842317774005739945902684881067052228541534654747029188819617835403322166895656534,
    "6": 0.000361443316807402143027117264947921946264355009989685176298635601032433772987425533901281853601774558113483557819747,
    "7": 0.000010429202709119804489416206085296949973109784264145607284402676400788466042589335636430736179256830154734243186,
    "8": 0.000095435894222866187253293346026138621882623972438998698285361161647951886237283675049796418652315943350855196131245,
    "9": 0.000094983168604585865225116563159554604493493045111594128632410253326159145035362295002237879938382548706677,
    "10": 0.0000392875590738907988020735289356638890937921668929637008902576648521914469685999474052046699885696534876138642002065,
    "11": 0.000011774095958522170963358774735216977867201325691876562951437184492935351125827124478687334291113634016935930360937,
    "12": 0.00001559718997773800849260379978331808167598597543069251113953601010001461366194872276937101861467249706532620488547,
    "13": 0.00104131718013230505043786817527655727473564639833752967788028387774376351171466324714178757386812283285427498710170473
  },
  "setupType": "Multi Region Model Regional Bidder",
  "population": 0,
  "id": 6,
  "worldId": 440,
  "setup": {
    "exponentFactor": 1.25,
    "base": 2.0,
    "alphaInterval": {
      "minValue": 500.0,
      "maxValue": 840.0
    },
    "betaInterval": {
      "minValue": 0.04,
      "maxValue": 0.1
    },
    "setupName": "Multi Region Model Regional Bidder",
    "numberOfBidders": 4
  },
  "implementation": "org.spectrumauctions.sats.core.model.mrvm.MRVMRegionalBidder"
}