{
  "regionsOfInterest": [
    0,
    1,
    4,
    8,
    9,
    10
  ],
  "alpha": 76.55157033857307169455452822148799896240234375,
  "beta": {
    "0": 0.109582602184048472082622538437135517597198486328125,
    "1": 0.11576053348456157021661994122041505761444568634033203125,
    "2": 0.058157500855284559315716563787646009586751461029052734375,
    "3": 0.09419200066628785616984487205627374351024627685546875,
    "4": 0.0807697957603303595686128346642362885177135467529296875,
    "5": 0.08167282479493943869730543383411713875830173492431640625,
    "6": 0.0737630446528521888094331870888709090650081634521484375,
    "7": 0.054297009558647905957950996480576577596366405487060546875,
    "8": 0.11549045335023321035006205192985362373292446136474609375,
    "9": 0.0718585002609975764809036036240286193788051605224609375,
    "10": 0.10967843401303621619913286622249870561063289642333984375,
    "11": 0.1030840014276542537796643728142953477799892425537109375,
    "12": 0.09240548226566236422740985290147364139556884765625,
    "13": 0.05226451996006571676378626989389886148273944854736328125
  },
  "zLow": {
    "0": 0.000003017845297,
    "1": 0.000001384707012,
    "2": 0.000003904391807,
    "3": 0.000001083080553,
    "4": 3.708221655E-7,
    "5": 8.877864127E-7,
    "6": 0.00001212803933,
    "7": 3.106633189E-7,
    "8": 0.000001906417541,
    "9": 0.000001960496181,
    "10": 7.536542244E-7,
    "11": 2.262799442E-7,
    "12": 4.186690575E-7,
    "13": 0.00003112860043
  },
  "zHigh": {
    "0": 0.00012360569293261277315551287666465358647418763594214799045379294611130547171980294978082790066869001972981653980,
    "1": 0.0000575706525784306550253226951691299138671919079914526995564468845968509780285138181438217445325747768654888963395327,
    "2": 0.00013983872117846267474385685204204045069339078897698803263106649913123552062524167495320355555405794502954704292757242,
    "3": 0.0000426941689963260192877534971253796598229584717754184940875404289374617104195369246849959836922188990250177343243,
    "4": 0.000014119788019147281007962100224603246235274578594156507226895075173663012205895212744619363651258976965897277781291,
    "5": 0.0000338843947924857905278669090276625443159271168894355321996953499801626844336874519711236368791463411456625596167675,
    "6": 0.000453301290409216933144476686657142916063833477072853425789117331913733285399577472934317013447713346915288410765482,
    "7": 0.00001100670848437042613532589824563220272231230501493056243381372588457979159241639911212549022176128495727245639616082,
    "8": 0.0000792098288136409153695056399594442134488949140484817622669378997949766838337454622960072022171755994405262592248226,
    "9": 0.000072902716949537658106661694866945163490340463788821750951029483432846239255791600220704946583674553558677574157546,
    "10": 0.0000308755882420189654337591093477106798777557663135627443082693303760342192431310631913674118860223117955705031927983,
    "11": 0.000009120982531302943180605271771683394720466842564078428898107905358256432205426389880968510491980383512496642270261,
    "12": 0.0000164288033410680667582321542382123848534333798942881068397932741253106961589917147247819640288445408185599608,
    "13": 0.0010965501485674201522847029797596279614877700983544866465845420127720282203834809737813826693838649882672572225749926
  },
  "setupType": "Multi Region Model Local Bidder",
  "population": 0,
  "id": 2,
  "worldId": 440,
  "setup": {
    "numberOfRegionsInterval": {
      "minValue": 3,
      "maxValue": 7
    },
    "alphaInterval": {
      "minValue": 60.0,
      "maxValue": 100.0
    },
    "betaInterval": {
      "minValue": 0.05,
      "maxValue": 0.12
    },
    "setupName": "Multi Region Model Local Bidder",
    "numberOfBidders": 3
  },
  "implementation": "org.spectrumauctions.sats.core.model.mrvm.MRVMLocalBidder"
}