{
  "gammaValues": {
    "1": 0.93951,
    "2": 0.75805
  },
  "alpha": 1002.375295776035500239231623709201812744140625,
  "beta": {
    "0": 0.13803773544844177845192234599380753934383392333984375,
    "1": 0.1549019063283396391295099192575435154139995574951171875,
    "2": 0.161364400487183701216054032556712627410888671875,
    "3": 0.1279173268214807979159530759716290049254894256591796875,
    "4": 0.2143424142921064312616863389848731458187103271484375,
    "5": 0.202838228447583091007544453532318584620952606201171875,
    "6": 0.18361459220421572080539363014395348727703094482421875,
    "7": 0.1351414696481208765899140189503668807446956634521484375,
    "8": 0.1977151269663697530365453758349758572876453399658203125,
    "9": 0.08926904350458352010999618642017594538629055023193359375,
    "10": 0.1357463440540653543120441781866247765719890594482421875,
    "11": 0.114274204503921505970964744847151450812816619873046875,
    "12": 0.131657804957908741716465783611056394875049591064453125,
    "13": 0.1227979738877726934020984117523767054080963134765625
  },
  "zLow": {
    "0": 0.000002395745913,
    "1": 0.000001034812458,
    "2": 0.000001407185657,
    "3": 7.975270175E-7,
    "4": 1.397354354E-7,
    "5": 3.574672521E-7,
    "6": 0.000004872167815,
    "7": 1.248180092E-7,
    "8": 0.000001113587157,
    "9": 0.000001578131789,
    "10": 6.089270079E-7,
    "11": 2.041216755E-7,
    "12": 2.938474949E-7,
    "13": 0.00001324876386
  },
  "zHigh": {
    "0": 0.0001049427114391533222243501897766202821163286625338003926259129957803452378763539661929200423783781969138581090679,
    "1": 0.000047073815961422569541105552998463511597822788304567803555068033765475415371699506440343781076384096377500067944454,
    "2": 0.00006492253667624761511048503128411013255023856907127736366523143070115036538164311418323461224538354948746868,
    "3": 0.000034127562938931201837238106074025323202057242994523487397465147432381155526637312574496139048354796482030119571020,
    "4": 0.000007187186115495766698882796727287479848529621194239080518599643205291448113626180349651519270125968022262921450,
    "5": 0.00001797481997503235019491869784988973990202989388154408472563588446362126417249802654849222010221977841178377419870,
    "6": 0.0002356251450583208587678579223013653526169996203124220394416414657358439975598663414215108123157609524855990502871,
    "7": 0.000005431349193158130278981563531620392532645680229600546770382544409596272256218858524845943292084448818499025859298,
    "8": 0.000055424917293600583716526637000962978214333837123012840152498454206216625771983767109594012758997847683317425352142,
    "9": 0.0000614317851936913458132736884556346485767349564012267356526483299451128597586935705679641571274156522287301662827756,
    "10": 0.000026533771747576820460655464921671839863288647550509330869883551111199926863626568832027298200262279391789435086868,
    "11": 0.00000845623447089239209078535879274211314489653781473908792583211826625974415324657862660224863150743045685090095198,
    "12": 0.00001268415646257029416008648473617123129340280737548194051831899516288526517478315644909727568151507467350598802806,
    "13": 0.000560155051551266537665571944297987772820031577111225599037678057435795035477848781076998431567896470580430366881
  },
  "setupType": "Multi Region Model National Bidder",
  "population": 0,
  "id": 9,
  "worldId": 440,
  "setup": {
    "bInterval": {
      "minValue": 0.1,
      "maxValue": 0.3
    },
    "kMax": 2.0,
    "alphaInterval": {
      "minValue": 700.0,
      "maxValue": 1200.0
    },
    "betaInterval": {
      "minValue": 0.08,
      "maxValue": 0.22
    },
    "setupName": "Multi Region Model National Bidder",
    "numberOfBidders": 3
  },
  "implementation": "org.spectrumauctions.sats.core.model.mrvm.MRVMNationalBidder"
}