{
  "gammaValues": {
    "1": 0.91373,
    "2": 0.65491
  },
  "alpha": 1122.72772345509338265401311218738555908203125,
  "beta": {
    "0": 0.205783337852694481195925391148193739354610443115234375,
    "1": 0.21330372305156564127770479899481870234012603759765625,
    "2": 0.214279513028428458820684454622096382081508636474609375,
    "3": 0.1891251634989969676592380665169912390410900115966796875,
    "4": 0.1764542656738760928458731314094620756804943084716796875,
    "5": 0.176929285616676257308910180654493160545825958251953125,
    "6": 0.1851942956869519762985731858861981891095638275146484375,
    "7": 0.202955913140323296328659807841177098453044891357421875,
    "8": 0.0980570444237830185496562762637040577828884124755859375,
    "9": 0.1120754460198293001038649663314572535455226898193359375,
    "10": 0.1264622829824410266130740865264669992029666900634765625,
    "11": 0.1356194501000700103343632463293033652007579803466796875,
    "12": 0.16805970249689206053034240540000610053539276123046875,
    "13": 0.1888345132770453405068877827943651936948299407958984375
  },
  "zLow": {
    "0": 0.000001607046246,
    "1": 7.514844095E-7,
    "2": 0.000001059689126,
    "3": 5.394180355E-7,
    "4": 1.697393399E-7,
    "5": 4.098135811E-7,
    "6": 0.000004830608325,
    "7": 8.311208544E-8,
    "8": 0.000002245356541,
    "9": 0.000001256995358,
    "10": 6.536305780E-7,
    "11": 1.719948140E-7,
    "12": 2.301998373E-7,
    "13": 0.000008615593252
  },
  "zHigh": {
    "0": 0.00008128172142367353195283735843635876694897394229382657046404888240884552431448666387673518483970627206092553082507,
    "1": 0.0000385739745209786837697392523701381192568896486242324425940559083093105594547708547709476214722857132486829193886,
    "2": 0.00005449764075524168369056943574144917500383018136186604863301844053166266696228198132877580327220080926871543821242,
    "3": 0.000026384293477232711074788992111028610835274390549377051135811897968684484734922235412513388837192757277979427832455,
    "4": 0.000008087303251180402615036357434804693394488851114511999519553480127315792072773949911458516390660690436662639233479,
    "5": 0.00001954520984549615472879866318598341525782778282901253107177972632357813936978017864606108856505600641807949950361,
    "6": 0.000234378360360782329386337216718545699121438580390781627170249725583316552383336175058314347508045296697451889253214,
    "7": 0.00000418017148229224433820164630718932355994375000905758104586904253436683069404289272978335940458612278490246526402,
    "8": 0.000089377998809489425490271997585975367792051305421936266055105076103089651987657691860769403564810832353718297078524,
    "9": 0.000051797692247858505343828370865718944812999173735009975739008119736854697304121208870664469426529683191664740649691,
    "10": 0.000027874878849848179369577441563070303468832057027603395185217812356175515563715885129526341150603545397196710620115,
    "11": 0.000007492428625143741413630866312955898409051977074011921495529962622335215384432732030149117297926785470669468395193,
    "12": 0.0000107747267346999100538737854008274488875637794923585698537867339535788865189675896890413640387770819953184235307,
    "13": 0.000421159933366764585858278798325996540439942027347837608290090065822193965819996777329661402585868170435853672291778
  },
  "setupType": "Multi Region Model National Bidder",
  "population": 0,
  "id": 7,
  "worldId": 440,
  "setup": {
    "bInterval": {
      "minValue": 0.1,
      "maxValue": 0.3
    },
    "kMax": 2.0,
    "alphaInterval": {
      "minValue": 700.0,
      "maxValue": 1200.0
    },
    "betaInterval": {
      "minValue": 0.08,
      "maxValue": 0.22
    },
    "setupName": "Multi Region Model National Bidder",
    "numberOfBidders": 3
  },
  "implementation": "org.spectrumauctions.sats.core.model.mrvm.MRVMNationalBidder"
}