{
  "bidderPosition": -1,
  "values": {
    "0": 4.751137741856378937654881156049668788909912109375,
    "1": 0.649865187444096381597091749426908791065216064453125,
    "2": 6.562705815146291143946655211038887500762939453125,
    "3": 0.7125878715822864251094870269298553466796875,
    "4": 12.982494639258931101721827872097492218017578125,
    "5": 10.46674917600754639579463400878012180328369140625,
    "6": 13.922735822706698627371224574744701385498046875,
    "7": 2.819350700014455757269615787663497030735015869140625,
    "8": 5.53193455786551790964722385979257524013519287109375,
    "9": 0.2553036988103996041132859318167902529239654541015625,
    "10": 0.7458067537570201022134597224066965281963348388671875,
    "11": 3.84813751137666226753708542673848569393157958984375
  },
  "setupType": "National Bidder Setup",
  "population": 0,
  "id": 6,
  "worldId": 329,
  "setup": {
    "lowNationalValueInterval": {
      "minValue": 0.0,
      "maxValue": 10.0
    },
    "highNationalValueInterval": {
      "minValue": 0.0,
      "maxValue": 20.0
    },
    "regionalValueInterval": {
      "minValue": 0.0,
      "maxValue": 0.0
    },
    "setupName": "National Bidder Setup",
    "numberOfBidders": 1
  },
  "implementation": "org.spectrumauctions.sats.core.model.gsvm.GSVMBidder"
}