{
  "bidderPosition": 5,
  "values": {
    "0": 6.31901137504971899261363432742655277252197265625,
    "1": 8.857521907644947845028582378290593624114990234375,
    "17": 18.124765157243874824644080945290625095367431640625,
    "10": 13.565502429566748787692631594836711883544921875,
    "11": 19.39710887922267801286579924635589122772216796875,
    "12": 15.35389407656710858418591669760644435882568359375
  },
  "setupType": "Regional Bidder Setup",
  "population": 0,
  "id": 5,
  "worldId": 329,
  "setup": {
    "lowNationalValueInterval": {
      "minValue": 0.0,
      "maxValue": 20.0
    },
    "highNationalValueInterval": {
      "minValue": 0.0,
      "maxValue": 40.0
    },
    "regionalValueInterval": {
      "minValue": 0.0,
      "maxValue": 20.0
    },
    "setupName": "Regional Bidder Setup",
    "numberOfBidders": 6
  },
  "implementation": "org.spectrumauctions.sats.core.model.gsvm.GSVMBidder"
}