{
  "bidderPosition": 0,
  "values": {
    "0": 1.599621720751549514005773744429461658000946044921875,
    "1": 7.249764415460173694327750126831233501434326171875,
    "2": 3.383972749774721844318037256016395986080169677734375,
    "3": 7.2884469669789364587586533161811530590057373046875,
    "12": 17.6555194995644200162132619880139827728271484375,
    "13": 2.520278315871227192701553576625883579254150390625
  },
  "setupType": "Regional Bidder Setup",
  "population": 0,
  "id": 0,
  "worldId": 500,
  "setup": {
    "lowNationalValueInterval": {
      "minValue": 0.0,
      "maxValue": 20.0
    },
    "highNationalValueInterval": {
      "minValue": 0.0,
      "maxValue": 40.0
    },
    "regionalValueInterval": {
      "minValue": 0.0,
      "maxValue": 20.0
    },
    "setupName": "Regional Bidder Setup",
    "numberOfBidders": 6
  },
  "implementation": "org.spectrumauctions.sats.core.model.gsvm.GSVMBidder"
}