{
  "bidderPosition": -1,
  "values": {
    "0": 2.050663907374781214087988701066933572292327880859375,
    "1": 4.2684939081621511292041759588755667209625244140625,
    "2": 6.18875524283583189344426500611007213592529296875,
    "3": 5.27564425582906526557280812994576990604400634765625,
    "4": 9.4256760567419828333868281333707273006439208984375,
    "5": 0.97919447291744621253428704221732914447784423828125,
    "6": 14.2065294994070967504740110598504543304443359375,
    "7": 10.598224876331329369349987246096134185791015625,
    "8": 8.6623858432682663277546453173272311687469482421875,
    "9": 6.5217128292894717134231541422195732593536376953125,
    "10": 1.18711735075131219474542376701720058917999267578125,
    "11": 1.72965445215800261991034858510829508304595947265625
  },
  "setupType": "National Bidder Setup",
  "population": 0,
  "id": 6,
  "worldId": 500,
  "setup": {
    "lowNationalValueInterval": {
      "minValue": 0.0,
      "maxValue": 10.0
    },
    "highNationalValueInterval": {
      "minValue": 0.0,
      "maxValue": 20.0
    },
    "regionalValueInterval": {
      "minValue": 0.0,
      "maxValue": 0.0
    },
    "setupName": "National Bidder Setup",
    "numberOfBidders": 1
  },
  "implementation": "org.spectrumauctions.sats.core.model.gsvm.GSVMBidder"
}