{
  "bidderPosition": 4,
  "values": {
    "16": 16.860186376502468874605256132781505584716796875,
    "17": 18.939910326222236136572973919101059436798095703125,
    "8": 0.163158622173551481893127856892533600330352783203125,
    "9": 4.1453458325548542262595219654031097888946533203125,
    "10": 5.063624053060589602637264761142432689666748046875,
    "11": 11.3373486299649446351622827933169901371002197265625
  },
  "setupType": "Regional Bidder Setup",
  "population": 0,
  "id": 4,
  "worldId": 828,
  "setup": {
    "lowNationalValueInterval": {
      "minValue": 0.0,
      "maxValue": 20.0
    },
    "highNationalValueInterval": {
      "minValue": 0.0,
      "maxValue": 40.0
    },
    "regionalValueInterval": {
      "minValue": 0.0,
      "maxValue": 20.0
    },
    "setupName": "Regional Bidder Setup",
    "numberOfBidders": 6
  },
  "implementation": "org.spectrumauctions.sats.core.model.gsvm.GSVMBidder"
}