{
  "bidderPosition": -1,
  "values": {
    "0": 8.28884525670293470511751365847885608673095703125,
    "1": 6.081488965678357061506176250986754894256591796875,
    "2": 7.63986623473028458874978241510689258575439453125,
    "3": 2.531764450884477213321588351391255855560302734375,
    "4": 0.4257476960143691258053877390921115875244140625,
    "5": 4.6563907245519686739498865790665149688720703125,
    "6": 7.97751936817692186565409429022110998630523681640625,
    "7": 7.968083595351256320782340480946004390716552734375,
    "8": 6.88889115456574518958632324938662350177764892578125,
    "9": 0.582018818584504327162676418083719909191131591796875,
    "10": 7.5074880642511967465679845190607011318206787109375,
    "11": 3.103346006434166692855569635867141187191009521484375
  },
  "setupType": "National Bidder Setup",
  "population": 0,
  "id": 6,
  "worldId": 828,
  "setup": {
    "lowNationalValueInterval": {
      "minValue": 0.0,
      "maxValue": 10.0
    },
    "highNationalValueInterval": {
      "minValue": 0.0,
      "maxValue": 20.0
    },
    "regionalValueInterval": {
      "minValue": 0.0,
      "maxValue": 0.0
    },
    "setupName": "National Bidder Setup",
    "numberOfBidders": 1
  },
  "implementation": "org.spectrumauctions.sats.core.model.gsvm.GSVMBidder"
}