{
  "bidderPosition": 0,
  "values": {
    "0": 2.05921596662433703528449768782593309879302978515625,
    "1": 10.279406034852886620001299888826906681060791015625,
    "2": 16.019431436474718566387309692800045013427734375,
    "3": 2.720317592300458553467024103156290948390960693359375,
    "12": 1.19670625392483742643889854662120342254638671875,
    "13": 0.065261740997419881438190714106895029544830322265625
  },
  "setupType": "Regional Bidder Setup",
  "population": 0,
  "id": 0,
  "worldId": 828,
  "setup": {
    "lowNationalValueInterval": {
      "minValue": 0.0,
      "maxValue": 20.0
    },
    "highNationalValueInterval": {
      "minValue": 0.0,
      "maxValue": 40.0
    },
    "regionalValueInterval": {
      "minValue": 0.0,
      "maxValue": 20.0
    },
    "setupName": "Regional Bidder Setup",
    "numberOfBidders": 6
  },
  "implementation": "org.spectrumauctions.sats.core.model.gsvm.GSVMBidder"
}