{
  "bidderPosition": -1,
  "values": {
    "0": 7.673453992223510766734762000851333141326904296875,
    "1": 2.917757551604018839697118892217986285686492919921875,
    "2": 9.0409692738313491844337477232329547405242919921875,
    "3": 8.693413192023367486171991913579404354095458984375,
    "4": 16.817805541223862064725835807621479034423828125,
    "5": 9.0813555871523288232083359616808593273162841796875,
    "6": 16.817705428948524826182620017789304256439208984375,
    "7": 13.7899108144623454563770792447030544281005859375,
    "8": 8.14162593576811133289083954878151416778564453125,
    "9": 3.887071967664355032212597507168538868427276611328125,
    "10": 6.0160266880034907188701254199258983135223388671875,
    "11": 9.8348973406375446160154751851223409175872802734375
  },
  "setupType": "National Bidder Setup",
  "population": 0,
  "id": 6,
  "worldId": 663,
  "setup": {
    "lowNationalValueInterval": {
      "minValue": 0.0,
      "maxValue": 10.0
    },
    "highNationalValueInterval": {
      "minValue": 0.0,
      "maxValue": 20.0
    },
    "regionalValueInterval": {
      "minValue": 0.0,
      "maxValue": 0.0
    },
    "setupName": "National Bidder Setup",
    "numberOfBidders": 1
  },
  "implementation": "org.spectrumauctions.sats.core.model.gsvm.GSVMBidder"
}