{
  "bidderPosition": 1,
  "values": {
    "2": 7.0961035108626919765129059669561684131622314453125,
    "3": 14.528285826317752338354694074951112270355224609375,
    "4": 27.11340804217493172245667665265500545501708984375,
    "5": 22.7083056923885777678151498548686504364013671875,
    "13": 13.71813439763976560925584635697305202484130859375,
    "14": 4.272313460964046072376731899566948413848876953125
  },
  "setupType": "Regional Bidder Setup",
  "population": 0,
  "id": 1,
  "worldId": 663,
  "setup": {
    "lowNationalValueInterval": {
      "minValue": 0.0,
      "maxValue": 20.0
    },
    "highNationalValueInterval": {
      "minValue": 0.0,
      "maxValue": 40.0
    },
    "regionalValueInterval": {
      "minValue": 0.0,
      "maxValue": 20.0
    },
    "setupName": "Regional Bidder Setup",
    "numberOfBidders": 6
  },
  "implementation": "org.spectrumauctions.sats.core.model.gsvm.GSVMBidder"
}