{
  "bidderPosition": 2,
  "values": {
    "4": 33.71498574131265257847189786843955516815185546875,
    "5": 0.53900026329255723567257518880069255828857421875,
    "6": 22.310010466733928069515968672931194305419921875,
    "7": 6.0670779350433434728984138928353786468505859375,
    "14": 8.990431173470113890289212577044963836669921875,
    "15": 6.4350534017843212808429598226211965084075927734375
  },
  "setupType": "Regional Bidder Setup",
  "population": 0,
  "id": 2,
  "worldId": 663,
  "setup": {
    "lowNationalValueInterval": {
      "minValue": 0.0,
      "maxValue": 20.0
    },
    "highNationalValueInterval": {
      "minValue": 0.0,
      "maxValue": 40.0
    },
    "regionalValueInterval": {
      "minValue": 0.0,
      "maxValue": 20.0
    },
    "setupName": "Regional Bidder Setup",
    "numberOfBidders": 6
  },
  "implementation": "org.spectrumauctions.sats.core.model.gsvm.GSVMBidder"
}