{
  "bidderPosition": 3,
  "values": {
    "16": 9.73507421899316938151969225145876407623291015625,
    "6": 17.12721956263315092883203760720789432525634765625,
    "7": 9.2515821146320309509292201255448162555694580078125,
    "8": 12.54260243046766021279836422763764858245849609375,
    "9": 11.265337324107985494947570259682834148406982421875,
    "15": 1.532551386902110124310638639144599437713623046875
  },
  "setupType": "Regional Bidder Setup",
  "population": 0,
  "id": 3,
  "worldId": 478,
  "setup": {
    "lowNationalValueInterval": {
      "minValue": 0.0,
      "maxValue": 20.0
    },
    "highNationalValueInterval": {
      "minValue": 0.0,
      "maxValue": 40.0
    },
    "regionalValueInterval": {
      "minValue": 0.0,
      "maxValue": 20.0
    },
    "setupName": "Regional Bidder Setup",
    "numberOfBidders": 6
  },
  "implementation": "org.spectrumauctions.sats.core.model.gsvm.GSVMBidder"
}