{
  "bidderPosition": 0,
  "values": {
    "0": 6.25530361074148544275885797105729579925537109375,
    "1": 2.554231766129515523999771176022477447986602783203125,
    "2": 3.286335885207740670210796452010981738567352294921875,
    "3": 10.2127776882639249578232920612208545207977294921875,
    "12": 4.8983751176170375885021712747402489185333251953125,
    "13": 1.214306822111892447679792894632555544376373291015625
  },
  "setupType": "Regional Bidder Setup",
  "population": 0,
  "id": 0,
  "worldId": 745,
  "setup": {
    "lowNationalValueInterval": {
      "minValue": 0.0,
      "maxValue": 20.0
    },
    "highNationalValueInterval": {
      "minValue": 0.0,
      "maxValue": 40.0
    },
    "regionalValueInterval": {
      "minValue": 0.0,
      "maxValue": 20.0
    },
    "setupName": "Regional Bidder Setup",
    "numberOfBidders": 6
  },
  "implementation": "org.spectrumauctions.sats.core.model.gsvm.GSVMBidder"
}