{
  "bidderPosition": 3,
  "values": {
    "16": 17.790020774814561121957012801431119441986083984375,
    "6": 35.498657887139842159740510396659374237060546875,
    "7": 3.00860252820293272435492326621897518634796142578125,
    "8": 16.2574556077494065675637102685868740081787109375,
    "9": 19.337753501089085972353132092393934726715087890625,
    "15": 7.47006694523073999647522214218042790889739990234375
  },
  "setupType": "Regional Bidder Setup",
  "population": 0,
  "id": 3,
  "worldId": 859,
  "setup": {
    "lowNationalValueInterval": {
      "minValue": 0.0,
      "maxValue": 20.0
    },
    "highNationalValueInterval": {
      "minValue": 0.0,
      "maxValue": 40.0
    },
    "regionalValueInterval": {
      "minValue": 0.0,
      "maxValue": 20.0
    },
    "setupName": "Regional Bidder Setup",
    "numberOfBidders": 6
  },
  "implementation": "org.spectrumauctions.sats.core.model.gsvm.GSVMBidder"
}