{
  "bidderPosition": 1,
  "values": {
    "2": 5.510222607988620069363605580292642116546630859375,
    "3": 15.7618344363421130083224852569401264190673828125,
    "4": 2.81258239470963733452890664921142160892486572265625,
    "5": 3.73678767323232019492706967866979539394378662109375,
    "13": 17.46260679171802365772236953489482402801513671875,
    "14": 19.0756252686774274707204313017427921295166015625
  },
  "setupType": "Regional Bidder Setup",
  "population": 0,
  "id": 1,
  "worldId": 475,
  "setup": {
    "lowNationalValueInterval": {
      "minValue": 0.0,
      "maxValue": 20.0
    },
    "highNationalValueInterval": {
      "minValue": 0.0,
      "maxValue": 40.0
    },
    "regionalValueInterval": {
      "minValue": 0.0,
      "maxValue": 20.0
    },
    "setupName": "Regional Bidder Setup",
    "numberOfBidders": 6
  },
  "implementation": "org.spectrumauctions.sats.core.model.gsvm.GSVMBidder"
}