{
  "bidderPosition": -1,
  "values": {
    "0": 7.6892241711730431319438139325939118862152099609375,
    "1": 2.50378597577230355142319240258075296878814697265625,
    "2": 6.24714641888702626459917155443690717220306396484375,
    "3": 9.532996882501901581008496577851474285125732421875,
    "4": 1.689156136406826380635948225972242653369903564453125,
    "5": 19.10466659650460741204369696788489818572998046875,
    "6": 16.84847263142199125240949797444045543670654296875,
    "7": 3.439023764349860012856652247137390077114105224609375,
    "8": 9.821034647886715873710272717289626598358154296875,
    "9": 0.10136981112728538079181817010976374149322509765625,
    "10": 7.16060097843051668320413227775134146213531494140625,
    "11": 1.3295994979602532293228023263509385287761688232421875
  },
  "setupType": "National Bidder Setup",
  "population": 0,
  "id": 6,
  "worldId": 475,
  "setup": {
    "lowNationalValueInterval": {
      "minValue": 0.0,
      "maxValue": 10.0
    },
    "highNationalValueInterval": {
      "minValue": 0.0,
      "maxValue": 20.0
    },
    "regionalValueInterval": {
      "minValue": 0.0,
      "maxValue": 0.0
    },
    "setupName": "National Bidder Setup",
    "numberOfBidders": 1
  },
  "implementation": "org.spectrumauctions.sats.core.model.gsvm.GSVMBidder"
}