{
  "bidderPosition": 3,
  "values": {
    "16": 0.5961500145761977620395555277355015277862548828125,
    "6": 3.27476315644897209011787708732299506664276123046875,
    "7": 24.446261417484066669203457422554492950439453125,
    "8": 2.576582774245093077070123399607837200164794921875,
    "9": 5.3817765752819095581571673392318189144134521484375,
    "15": 6.42326893049661062917721210396848618984222412109375
  },
  "setupType": "Regional Bidder Setup",
  "population": 0,
  "id": 3,
  "worldId": 549,
  "setup": {
    "lowNationalValueInterval": {
      "minValue": 0.0,
      "maxValue": 20.0
    },
    "highNationalValueInterval": {
      "minValue": 0.0,
      "maxValue": 40.0
    },
    "regionalValueInterval": {
      "minValue": 0.0,
      "maxValue": 20.0
    },
    "setupName": "Regional Bidder Setup",
    "numberOfBidders": 6
  },
  "implementation": "org.spectrumauctions.sats.core.model.gsvm.GSVMBidder"
}