{
  "bidderPosition": 4,
  "values": {
    "16": 11.0044803205887635755289011285640299320220947265625,
    "17": 13.8728534885812138099936419166624546051025390625,
    "8": 7.698243389091654620415283716283738613128662109375,
    "9": 17.03459625303048596833832561969757080078125,
    "10": 14.0367194921616427194521747878752648830413818359375,
    "11": 10.36795804532741982484367326833307743072509765625
  },
  "setupType": "Regional Bidder Setup",
  "population": 0,
  "id": 4,
  "worldId": 902,
  "setup": {
    "lowNationalValueInterval": {
      "minValue": 0.0,
      "maxValue": 20.0
    },
    "highNationalValueInterval": {
      "minValue": 0.0,
      "maxValue": 40.0
    },
    "regionalValueInterval": {
      "minValue": 0.0,
      "maxValue": 20.0
    },
    "setupName": "Regional Bidder Setup",
    "numberOfBidders": 6
  },
  "implementation": "org.spectrumauctions.sats.core.model.gsvm.GSVMBidder"
}