{
  "bidderPosition": 2,
  "values": {
    "4": 23.63294989145236257854776340536773204803466796875,
    "5": 15.73644999805056698960470384918153285980224609375,
    "6": 10.31560658403255814619114971719682216644287109375,
    "7": 21.420251538532323110075594740919768810272216796875,
    "14": 10.1600099056417736420598885160870850086212158203125,
    "15": 17.371886953753598703542593284510076045989990234375
  },
  "setupType": "Regional Bidder Setup",
  "population": 0,
  "id": 2,
  "worldId": 902,
  "setup": {
    "lowNationalValueInterval": {
      "minValue": 0.0,
      "maxValue": 20.0
    },
    "highNationalValueInterval": {
      "minValue": 0.0,
      "maxValue": 40.0
    },
    "regionalValueInterval": {
      "minValue": 0.0,
      "maxValue": 20.0
    },
    "setupName": "Regional Bidder Setup",
    "numberOfBidders": 6
  },
  "implementation": "org.spectrumauctions.sats.core.model.gsvm.GSVMBidder"
}