{
  "bidderPosition": -1,
  "values": {
    "0": 3.243236206544981570232266676612198352813720703125,
    "1": 2.130202413736126398902115397504530847072601318359375,
    "2": 4.20857723829868834997114390716888010501861572265625,
    "3": 9.0422057081865201411119414842687547206878662109375,
    "4": 2.75493651483964985260399771505035459995269775390625,
    "5": 14.181743438676814861310049309395253658294677734375,
    "6": 18.226668047095319735717566800303757190704345703125,
    "7": 7.11198158678825631540121321449987590312957763671875,
    "8": 3.924396697621748142381647994625382125377655029296875,
    "9": 6.5856576605107459698729144292883574962615966796875,
    "10": 9.057715558209427086922005400992929935455322265625,
    "11": 2.123650763362103788267631898634135723114013671875
  },
  "setupType": "National Bidder Setup",
  "population": 0,
  "id": 6,
  "worldId": 902,
  "setup": {
    "lowNationalValueInterval": {
      "minValue": 0.0,
      "maxValue": 10.0
    },
    "highNationalValueInterval": {
      "minValue": 0.0,
      "maxValue": 20.0
    },
    "regionalValueInterval": {
      "minValue": 0.0,
      "maxValue": 0.0
    },
    "setupName": "National Bidder Setup",
    "numberOfBidders": 1
  },
  "implementation": "org.spectrumauctions.sats.core.model.gsvm.GSVMBidder"
}