{
  "bidderPosition": 0,
  "values": {
    "0": 13.5487382054706841927327332086861133575439453125,
    "1": 3.73824276101933694604895208613015711307525634765625,
    "2": 0.474585115108043797960135634639300405979156494140625,
    "3": 14.084860598940213805008170311339199542999267578125,
    "12": 16.6625276904298544877747190184891223907470703125,
    "13": 9.5326389278917655900613681296817958354949951171875
  },
  "setupType": "Regional Bidder Setup",
  "population": 0,
  "id": 0,
  "worldId": 902,
  "setup": {
    "lowNationalValueInterval": {
      "minValue": 0.0,
      "maxValue": 20.0
    },
    "highNationalValueInterval": {
      "minValue": 0.0,
      "maxValue": 40.0
    },
    "regionalValueInterval": {
      "minValue": 0.0,
      "maxValue": 20.0
    },
    "setupName": "Regional Bidder Setup",
    "numberOfBidders": 6
  },
  "implementation": "org.spectrumauctions.sats.core.model.gsvm.GSVMBidder"
}