{
  "bidderPosition": 2,
  "values": {
    "4": 35.44905654735327260596022824756801128387451171875,
    "5": 25.048747384976906005249475128948688507080078125,
    "6": 38.939248141180343054656987078487873077392578125,
    "7": 24.2298132088214259738379041664302349090576171875,
    "14": 11.589406239372589624281317810527980327606201171875,
    "15": 5.09326955593024166546456399373710155487060546875
  },
  "setupType": "Regional Bidder Setup",
  "population": 0,
  "id": 2,
  "worldId": 956,
  "setup": {
    "lowNationalValueInterval": {
      "minValue": 0.0,
      "maxValue": 20.0
    },
    "highNationalValueInterval": {
      "minValue": 0.0,
      "maxValue": 40.0
    },
    "regionalValueInterval": {
      "minValue": 0.0,
      "maxValue": 20.0
    },
    "setupName": "Regional Bidder Setup",
    "numberOfBidders": 6
  },
  "implementation": "org.spectrumauctions.sats.core.model.gsvm.GSVMBidder"
}