{
  "bidderPosition": 3,
  "values": {
    "16": 6.1993533663923283683061526971869170665740966796875,
    "6": 7.13586830834654239907877126825042068958282470703125,
    "7": 10.7654048534530346614701556973159313201904296875,
    "8": 16.844507646561705627163973986171185970306396484375,
    "9": 4.575354116705579343715726281516253948211669921875,
    "15": 4.566729871415677877166672260500490665435791015625
  },
  "setupType": "Regional Bidder Setup",
  "population": 0,
  "id": 3,
  "worldId": 460,
  "setup": {
    "lowNationalValueInterval": {
      "minValue": 0.0,
      "maxValue": 20.0
    },
    "highNationalValueInterval": {
      "minValue": 0.0,
      "maxValue": 40.0
    },
    "regionalValueInterval": {
      "minValue": 0.0,
      "maxValue": 20.0
    },
    "setupName": "Regional Bidder Setup",
    "numberOfBidders": 6
  },
  "implementation": "org.spectrumauctions.sats.core.model.gsvm.GSVMBidder"
}