{
  "bidderPosition": -1,
  "values": {
    "0": 7.4203382144643175166720538982190191745758056640625,
    "1": 1.685419850199656455203012228594161570072174072265625,
    "2": 3.065752651161584907413271139375865459442138671875,
    "3": 0.1169420624993822155346379076945595443248748779296875,
    "4": 5.1896997091674297308827590313740074634552001953125,
    "5": 2.537758173687072460467106793657876551151275634765625,
    "6": 5.9638010304093835856065197731368243694305419921875,
    "7": 12.252430701546732194628930301405489444732666015625,
    "8": 4.9715840070138366257879170007072389125823974609375,
    "9": 4.03706361706364180719219802995212376117706298828125,
    "10": 2.376975244589691893537519717938266694545745849609375,
    "11": 8.232478294811254926344190607778728008270263671875
  },
  "setupType": "National Bidder Setup",
  "population": 0,
  "id": 6,
  "worldId": 368,
  "setup": {
    "lowNationalValueInterval": {
      "minValue": 0.0,
      "maxValue": 10.0
    },
    "highNationalValueInterval": {
      "minValue": 0.0,
      "maxValue": 20.0
    },
    "regionalValueInterval": {
      "minValue": 0.0,
      "maxValue": 0.0
    },
    "setupName": "National Bidder Setup",
    "numberOfBidders": 1
  },
  "implementation": "org.spectrumauctions.sats.core.model.gsvm.GSVMBidder"
}