{
  "bidderPosition": 4,
  "values": {
    "16": 11.4278941896953529777647418086417019367218017578125,
    "17": 1.143544110133689617470054145087487995624542236328125,
    "8": 10.4415458500584552581358366296626627445220947265625,
    "9": 19.2699136999640217027263133786618709564208984375,
    "10": 7.408918296530071501138081657700240612030029296875,
    "11": 1.3869271486605416754400721401907503604888916015625
  },
  "setupType": "Regional Bidder Setup",
  "population": 0,
  "id": 4,
  "worldId": 876,
  "setup": {
    "lowNationalValueInterval": {
      "minValue": 0.0,
      "maxValue": 20.0
    },
    "highNationalValueInterval": {
      "minValue": 0.0,
      "maxValue": 40.0
    },
    "regionalValueInterval": {
      "minValue": 0.0,
      "maxValue": 20.0
    },
    "setupName": "Regional Bidder Setup",
    "numberOfBidders": 6
  },
  "implementation": "org.spectrumauctions.sats.core.model.gsvm.GSVMBidder"
}