{
  "bidderPosition": 5,
  "values": {
    "0": 15.6199001484502648651186973438598215579986572265625,
    "1": 19.9625853230892715828304062597453594207763671875,
    "17": 11.362517924010518299837713129818439483642578125,
    "10": 7.7870216726872332202447068993933498859405517578125,
    "11": 12.0325267185132300795658011338673532009124755859375,
    "12": 8.15213795082301118100076564587652683258056640625
  },
  "setupType": "Regional Bidder Setup",
  "population": 0,
  "id": 5,
  "worldId": 876,
  "setup": {
    "lowNationalValueInterval": {
      "minValue": 0.0,
      "maxValue": 20.0
    },
    "highNationalValueInterval": {
      "minValue": 0.0,
      "maxValue": 40.0
    },
    "regionalValueInterval": {
      "minValue": 0.0,
      "maxValue": 20.0
    },
    "setupName": "Regional Bidder Setup",
    "numberOfBidders": 6
  },
  "implementation": "org.spectrumauctions.sats.core.model.gsvm.GSVMBidder"
}