{
  "bidderPosition": 3,
  "values": {
    "16": 17.502225989621283730457435012795031070709228515625,
    "6": 39.4190003828190782542151282541453838348388671875,
    "7": 35.17695781321884851422510109841823577880859375,
    "8": 18.093978635871369675669484422542154788970947265625,
    "9": 7.3335371293075457543864104081876575946807861328125,
    "15": 6.9021038346636753857410440105013549327850341796875
  },
  "setupType": "Regional Bidder Setup",
  "population": 0,
  "id": 3,
  "worldId": 876,
  "setup": {
    "lowNationalValueInterval": {
      "minValue": 0.0,
      "maxValue": 20.0
    },
    "highNationalValueInterval": {
      "minValue": 0.0,
      "maxValue": 40.0
    },
    "regionalValueInterval": {
      "minValue": 0.0,
      "maxValue": 20.0
    },
    "setupName": "Regional Bidder Setup",
    "numberOfBidders": 6
  },
  "implementation": "org.spectrumauctions.sats.core.model.gsvm.GSVMBidder"
}