{
  "bidderPosition": -1,
  "values": {
    "0": 1.249981912762059277355319864000193774700164794921875,
    "1": 4.74542891573678016214898889302276074886322021484375,
    "2": 8.4327521544169457001771661452949047088623046875,
    "3": 8.58445224166319320602269726805388927459716796875,
    "4": 16.29334161149274251556562376208603382110595703125,
    "5": 0.241905941577560401611890483764000236988067626953125,
    "6": 19.37262858922074570955373928882181644439697265625,
    "7": 11.362432837308329425241026910953223705291748046875,
    "8": 9.977742814387394076902637607418000698089599609375,
    "9": 0.3157354242141874323124284273944795131683349609375,
    "10": 8.840397988583372779203273239545524120330810546875,
    "11": 4.1724053684195183677729801274836063385009765625
  },
  "setupType": "National Bidder Setup",
  "population": 0,
  "id": 6,
  "worldId": 876,
  "setup": {
    "lowNationalValueInterval": {
      "minValue": 0.0,
      "maxValue": 10.0
    },
    "highNationalValueInterval": {
      "minValue": 0.0,
      "maxValue": 20.0
    },
    "regionalValueInterval": {
      "minValue": 0.0,
      "maxValue": 0.0
    },
    "setupName": "National Bidder Setup",
    "numberOfBidders": 1
  },
  "implementation": "org.spectrumauctions.sats.core.model.gsvm.GSVMBidder"
}