{
  "bidderPosition": 2,
  "values": {
    "4": 6.56345266862078613456787934410385787487030029296875,
    "5": 36.98114545961558263797996914945542812347412109375,
    "6": 23.758629916446661667350781499408185482025146484375,
    "7": 28.56584037430963718406928819604218006134033203125,
    "14": 3.188000857817063771193488719291053712368011474609375,
    "15": 0.599174585004866866455586205120198428630828857421875
  },
  "setupType": "Regional Bidder Setup",
  "population": 0,
  "id": 2,
  "worldId": 939,
  "setup": {
    "lowNationalValueInterval": {
      "minValue": 0.0,
      "maxValue": 20.0
    },
    "highNationalValueInterval": {
      "minValue": 0.0,
      "maxValue": 40.0
    },
    "regionalValueInterval": {
      "minValue": 0.0,
      "maxValue": 20.0
    },
    "setupName": "Regional Bidder Setup",
    "numberOfBidders": 6
  },
  "implementation": "org.spectrumauctions.sats.core.model.gsvm.GSVMBidder"
}