{
  "bidderPosition": 5,
  "values": {
    "0": 3.001107877875821561275415660929866135120391845703125,
    "1": 7.4713365410459804394349703215993940830230712890625,
    "17": 8.482849454905046826524994685314595699310302734375,
    "10": 6.353827342319416260352227254770696163177490234375,
    "11": 18.872293555761107342050308943726122379302978515625,
    "12": 7.3223283027117957999507780186831951141357421875
  },
  "setupType": "Regional Bidder Setup",
  "population": 0,
  "id": 5,
  "worldId": 939,
  "setup": {
    "lowNationalValueInterval": {
      "minValue": 0.0,
      "maxValue": 20.0
    },
    "highNationalValueInterval": {
      "minValue": 0.0,
      "maxValue": 40.0
    },
    "regionalValueInterval": {
      "minValue": 0.0,
      "maxValue": 20.0
    },
    "setupName": "Regional Bidder Setup",
    "numberOfBidders": 6
  },
  "implementation": "org.spectrumauctions.sats.core.model.gsvm.GSVMBidder"
}