{
  "bidderPosition": 0,
  "values": {
    "0": 12.6042415415413362467234037467278540134429931640625,
    "1": 8.16072925955399597341966000385582447052001953125,
    "2": 17.83692420969769187877318472601473331451416015625,
    "3": 11.87394001804339183081538067199289798736572265625,
    "12": 15.07631463193008158896191162057220935821533203125,
    "13": 5.1649698408324535847668812493793666362762451171875
  },
  "setupType": "Regional Bidder Setup",
  "population": 0,
  "id": 0,
  "worldId": 869,
  "setup": {
    "lowNationalValueInterval": {
      "minValue": 0.0,
      "maxValue": 20.0
    },
    "highNationalValueInterval": {
      "minValue": 0.0,
      "maxValue": 40.0
    },
    "regionalValueInterval": {
      "minValue": 0.0,
      "maxValue": 20.0
    },
    "setupName": "Regional Bidder Setup",
    "numberOfBidders": 6
  },
  "implementation": "org.spectrumauctions.sats.core.model.gsvm.GSVMBidder"
}