{
  "bidderPosition": 2,
  "values": {
    "4": 33.80894954399222029906013631261885166168212890625,
    "5": 22.38525205902708847816029447130858898162841796875,
    "6": 2.92262355347460367482881338219158351421356201171875,
    "7": 3.93766590254186699127103565842844545841217041015625,
    "14": 8.2355571772865214796865984681062400341033935546875,
    "15": 0.947129811310805092006148697691969573497772216796875
  },
  "setupType": "Regional Bidder Setup",
  "population": 0,
  "id": 2,
  "worldId": 869,
  "setup": {
    "lowNationalValueInterval": {
      "minValue": 0.0,
      "maxValue": 20.0
    },
    "highNationalValueInterval": {
      "minValue": 0.0,
      "maxValue": 40.0
    },
    "regionalValueInterval": {
      "minValue": 0.0,
      "maxValue": 20.0
    },
    "setupName": "Regional Bidder Setup",
    "numberOfBidders": 6
  },
  "implementation": "org.spectrumauctions.sats.core.model.gsvm.GSVMBidder"
}