{
  "bidderPosition": 0,
  "values": {
    "0": 2.03196026178101618597793276421725749969482421875,
    "1": 6.145986736463289190623981994576752185821533203125,
    "2": 4.15335260258009153488956144428811967372894287109375,
    "3": 11.968543640796173832541171577759087085723876953125,
    "12": 15.8003994513624750339886304573155939579010009765625,
    "13": 11.3575200568398297917838135617785155773162841796875
  },
  "setupType": "Regional Bidder Setup",
  "population": 0,
  "id": 0,
  "worldId": 892,
  "setup": {
    "lowNationalValueInterval": {
      "minValue": 0.0,
      "maxValue": 20.0
    },
    "highNationalValueInterval": {
      "minValue": 0.0,
      "maxValue": 40.0
    },
    "regionalValueInterval": {
      "minValue": 0.0,
      "maxValue": 20.0
    },
    "setupName": "Regional Bidder Setup",
    "numberOfBidders": 6
  },
  "implementation": "org.spectrumauctions.sats.core.model.gsvm.GSVMBidder"
}