{
  "bidderPosition": -1,
  "values": {
    "0": 9.04948096587282435621091281063854694366455078125,
    "1": 2.59470954004552201155320290126837790012359619140625,
    "2": 5.062363474718811318098232732154428958892822265625,
    "3": 9.6887585697314762001042254269123077392578125,
    "4": 18.673209232890879860633503994904458522796630859375,
    "5": 2.902517218207003590890735722496174275875091552734375,
    "6": 0.316729802522515146989690038026310503482818603515625,
    "7": 5.8500724896441429478954887599684298038482666015625,
    "8": 7.2605493233278277642739340080879628658294677734375,
    "9": 1.033601235440995136372066554031334817409515380859375,
    "10": 1.5462554489524549250489826590637676417827606201171875,
    "11": 3.8006819180443915939804355730302631855010986328125
  },
  "setupType": "National Bidder Setup",
  "population": 0,
  "id": 6,
  "worldId": 892,
  "setup": {
    "lowNationalValueInterval": {
      "minValue": 0.0,
      "maxValue": 10.0
    },
    "highNationalValueInterval": {
      "minValue": 0.0,
      "maxValue": 20.0
    },
    "regionalValueInterval": {
      "minValue": 0.0,
      "maxValue": 0.0
    },
    "setupName": "National Bidder Setup",
    "numberOfBidders": 1
  },
  "implementation": "org.spectrumauctions.sats.core.model.gsvm.GSVMBidder"
}