{
  "bidderPosition": 1,
  "values": {
    "2": 16.215685802755960054355455213226377964019775390625,
    "3": 6.4054756878692415966725093312561511993408203125,
    "4": 8.0193774329400024925007528509013354778289794921875,
    "5": 0.09364916132025058459475985728204250335693359375,
    "13": 6.8958083352411865263320578378625214099884033203125,
    "14": 0.388910259713892703103965686750598251819610595703125
  },
  "setupType": "Regional Bidder Setup",
  "population": 0,
  "id": 1,
  "worldId": 892,
  "setup": {
    "lowNationalValueInterval": {
      "minValue": 0.0,
      "maxValue": 20.0
    },
    "highNationalValueInterval": {
      "minValue": 0.0,
      "maxValue": 40.0
    },
    "regionalValueInterval": {
      "minValue": 0.0,
      "maxValue": 20.0
    },
    "setupName": "Regional Bidder Setup",
    "numberOfBidders": 6
  },
  "implementation": "org.spectrumauctions.sats.core.model.gsvm.GSVMBidder"
}