{
  "bidderPosition": 0,
  "values": {
    "0": 17.65052914642875947492939303629100322723388671875,
    "1": 16.2685948357335661285105743445456027984619140625,
    "2": 12.52940410181755481744403368793427944183349609375,
    "3": 2.3755812807647291862167548970319330692291259765625,
    "12": 11.9563013478022579505477551720105111598968505859375,
    "13": 11.832113869426560626152422628365457057952880859375
  },
  "setupType": "Regional Bidder Setup",
  "population": 0,
  "id": 0,
  "worldId": 492,
  "setup": {
    "lowNationalValueInterval": {
      "minValue": 0.0,
      "maxValue": 20.0
    },
    "highNationalValueInterval": {
      "minValue": 0.0,
      "maxValue": 40.0
    },
    "regionalValueInterval": {
      "minValue": 0.0,
      "maxValue": 20.0
    },
    "setupName": "Regional Bidder Setup",
    "numberOfBidders": 6
  },
  "implementation": "org.spectrumauctions.sats.core.model.gsvm.GSVMBidder"
}