{
  "bidderPosition": 2,
  "values": {
    "4": 3.8101386595380137833899425459094345569610595703125,
    "5": 35.8246807723993612171398126520216464996337890625,
    "6": 33.54738265879661440749259782023727893829345703125,
    "7": 5.5249780278498139551857093465514481067657470703125,
    "14": 3.87070972344755848126851560664363205432891845703125,
    "15": 9.025393105677220972893337602727115154266357421875
  },
  "setupType": "Regional Bidder Setup",
  "population": 0,
  "id": 2,
  "worldId": 492,
  "setup": {
    "lowNationalValueInterval": {
      "minValue": 0.0,
      "maxValue": 20.0
    },
    "highNationalValueInterval": {
      "minValue": 0.0,
      "maxValue": 40.0
    },
    "regionalValueInterval": {
      "minValue": 0.0,
      "maxValue": 20.0
    },
    "setupName": "Regional Bidder Setup",
    "numberOfBidders": 6
  },
  "implementation": "org.spectrumauctions.sats.core.model.gsvm.GSVMBidder"
}