{
  "gammaValues": {
    "1": 0.94887,
    "2": 0.79548
  },
  "alpha": 947.4129380125044690430513583123683929443359375,
  "beta": {
    "0": 0.1007876974018376559083520760395913384854793548583984375,
    "1": 0.20089396256244584915151563109247945249080657958984375,
    "2": 0.218462440595512175089965012375614605844020843505859375,
    "3": 0.0964344632860352490855149198978324420750141143798828125,
    "4": 0.160884565487254882487633267373894341289997100830078125,
    "5": 0.205690317841749903404746646629064343869686126708984375,
    "6": 0.130063568815160734981617451921920292079448699951171875,
    "7": 0.13384145802809255254572917692712508141994476318359375,
    "8": 0.2100747847358039877008195617236196994781494140625,
    "9": 0.188619721542460150320863476736121810972690582275390625,
    "10": 0.148790722530746266638601582599221728742122650146484375,
    "11": 0.1275215264208045262694923849267070181667804718017578125,
    "12": 0.08192297929939924838738107837343704886734485626220703125,
    "13": 0.183251560486434261765253950215992517769336700439453125
  },
  "zLow": {
    "0": 0.000002941783421,
    "1": 7.153707244E-7,
    "2": 9.318842784E-7,
    "3": 9.484668345E-7,
    "4": 1.669090657E-7,
    "5": 3.160471359E-7,
    "6": 0.000006166708248,
    "7": 1.129938659E-7,
    "8": 9.396580132E-7,
    "9": 6.696327530E-7,
    "10": 4.980777754E-7,
    "11": 1.639960796E-7,
    "12": 4.233918583E-7,
    "13": 0.000007959733303
  },
  "zHigh": {
    "0": 0.0001179030603333745120418204309957695084500544932281549146075793699901088328187697023013719433177991630552984634635077,
    "1": 0.00003583248768136782887665581461112476570665646150740157021014689712010601146448335104874121723815841905614821575669,
    "2": 0.000048314699728131685109236502604249694887803347547988682992539929327424792384506075802364326175938916230984352671686,
    "3": 0.0000376004940469758999493015869523261407215425603781689423561279975705538096654413929246925751770265082548199876247403,
    "4": 0.000007692581219778929485433303005052681627684056273630954731347433167631768145681547494670637286976991856058370831194,
    "5": 0.000015982197657736837500376696128373870243416249821541216049648248994225789675114881178183628624926788167473574994307,
    "6": 0.000265207655664406905240902763900896751507179124111004737311543972115745424212257622653026869357772778887087925386451,
    "7": 0.00000490214234933130814993779780452551525309520207261437805921088394371611234108409036714995550213657471042375607828,
    "8": 0.0000479295858807659551801801374731150866466108578991555907318620026740642123264703484361963447122859637211773729,
    "9": 0.000032719576930228270755703862175715053715722102663225128735689325741657495425271898758460300273344783706406046221605,
    "10": 0.000022353268468119463340025252541700151293919707915331685933173463060190459905220362003754248900889598909649903161492,
    "11": 0.0000070111854263374119595905857378989390157578002615795504362835803077888339311213455551317284040573264711857418250134,
    "12": 0.00001617030798952152170863022774749432241047000074480963192716826110946818329696941253523170320232127092240345387978049,
    "13": 0.000384655353948910000342634408524004854478325948094850108464380544749761695149608881098093429043047346991509231047445
  },
  "setupType": "Multi Region Model National Bidder",
  "population": 0,
  "id": 7,
  "worldId": 908,
  "setup": {
    "bInterval": {
      "minValue": 0.1,
      "maxValue": 0.3
    },
    "kMax": 2.0,
    "alphaInterval": {
      "minValue": 700.0,
      "maxValue": 1200.0
    },
    "betaInterval": {
      "minValue": 0.08,
      "maxValue": 0.22
    },
    "setupName": "Multi Region Model National Bidder",
    "numberOfBidders": 3
  },
  "implementation": "org.spectrumauctions.sats.core.model.mrvm.MRVMNationalBidder"
}