{
  "regionsOfInterest": [
    2,
    4,
    7,
    8,
    10,
    11
  ],
  "alpha": 62.873199162386214311482035554945468902587890625,
  "beta": {
    "0": 0.103653217236543415680216639884747564792633056640625,
    "1": 0.1188228579234074100412499319645576179027557373046875,
    "2": 0.0968272296742622440302028508085641078650951385498046875,
    "3": 0.0878768083717232084683956827575457282364368438720703125,
    "4": 0.07237611261586607280804628317127935588359832763671875,
    "5": 0.074570109488325153623833330129855312407016754150390625,
    "6": 0.05174868443973255904833052909452817402780055999755859375,
    "7": 0.0803481618524275464920947342761792242527008056640625,
    "8": 0.1196528873681141913465353354695253074169158935546875,
    "9": 0.1168943339052278262979456258108257316052913665771484375,
    "10": 0.114403494456555010483356227268814109265804290771484375,
    "11": 0.109836586096493882269697905940120108425617218017578125,
    "12": 0.0863940438893806283982002014454337768256664276123046875,
    "13": 0.05128965215685353518093592128934687934815883636474609375
  },
  "zLow": {
    "0": 0.000002860457062,
    "1": 0.000001209478227,
    "2": 0.000002102525442,
    "3": 0.000001040830816,
    "4": 3.710214812E-7,
    "5": 8.717680083E-7,
    "6": 0.00001549921687,
    "7": 1.882216519E-7,
    "8": 0.000001649759226,
    "9": 0.000001080513822,
    "10": 6.477892343E-7,
    "11": 1.904013147E-7,
    "12": 4.014804827E-7,
    "13": 0.00002843913904
  },
  "zHigh": {
    "0": 0.000115463269567947386640653279033900485474498210971226329870301526293247944160756346616852279874393250874095363695,
    "1": 0.0000506557127574315582425676125967757121598714413745491631766927535824189359746087674316867785439908596430540282287,
    "2": 0.0000834339346149027778713580782575977174168341884813305445804831353502584862762774698927906388557926920677005518957331,
    "3": 0.0000403714134798168294586271752550856965669100335009766553485182091405338495510334917040680450445525498828176526950381,
    "4": 0.00001381595368491519124853486147572250626328273486537689051709960685508237849398066118796120142604191886952970279695,
    "5": 0.000032653823830303276280571066430034540546775041315981247299539471965491455012090234561370061851756356962865083293566,
    "6": 0.00054518291412009639329018704237533623462620906603013819625598119985758461779268760139811814036194473873149257481715509,
    "7": 0.0000071589759310993813245030261255930405698220232560514307265188309033433405656751542000602895899710067933614307761,
    "8": 0.0000692326222635301293675752293187861527876744377556445071483667051421211109368253202932561901226858226983878901487,
    "9": 0.0000450460089765811724790191420958710560473135748424000616090165241425247593714166689850458819177899440075993474963653,
    "10": 0.000026844612235567386943340359159256262253133609577577580467643733680369905056329536303632739167395176738090583535708,
    "11": 0.000007803342479910526420878981523548795492037220376049335987178314607424239584980410644561309429306385897358205195121,
    "12": 0.0000155129667216515387575659238845162033083806637562779904389331407730767124866050082129047006794866540965047431716312,
    "13": 0.00099903752592008217883027944985711502528586159109708005213148386838605615400737041666738095715091720918411111404834287
  },
  "setupType": "Multi Region Model Local Bidder",
  "population": 0,
  "id": 0,
  "worldId": 908,
  "setup": {
    "numberOfRegionsInterval": {
      "minValue": 3,
      "maxValue": 7
    },
    "alphaInterval": {
      "minValue": 60.0,
      "maxValue": 100.0
    },
    "betaInterval": {
      "minValue": 0.05,
      "maxValue": 0.12
    },
    "setupName": "Multi Region Model Local Bidder",
    "numberOfBidders": 3
  },
  "implementation": "org.spectrumauctions.sats.core.model.mrvm.MRVMLocalBidder"
}