{
  "homeId": 13,
  "distanceDiscounts": {
    "0": 1,
    "1": 0.42045,
    "2": 0.17678,
    "3": 0.07433,
    "4": 0.03125,
    "5": 0.01314,
    "6": 0.00552,
    "7": 0.00232
  },
  "alpha": 804.9802023319253976296749897301197052001953125,
  "beta": {
    "0": 0.096338196353037808261632335415924899280071258544921875,
    "1": 0.09938134528952789759070896025150432251393795013427734375,
    "2": 0.061916327441884792814885685174886020831763744354248046875,
    "3": 0.06758455594597441440374296917070751078426837921142578125,
    "4": 0.099619623031873494323207296474720351397991180419921875,
    "5": 0.083562529604961077733804586387122981250286102294921875,
    "6": 0.09551973081748711680294405823588022030889987945556640625,
    "7": 0.040737965723208584278847155246694455854594707489013671875,
    "8": 0.0970927138372174314273621575921424664556980133056640625,
    "9": 0.09913894366219107301407831300821271724998950958251953125,
    "10": 0.0696272955939128690427963874753913842141628265380859375,
    "11": 0.09168923867533462779277897425345145165920257568359375,
    "12": 0.043564016140576443392173899837871431373059749603271484375,
    "13": 0.044517356926546756967777440650024800561368465423583984375
  },
  "zLow": {
    "0": 0.000003077653397,
    "1": 0.000001446082855,
    "2": 0.000003288013392,
    "3": 0.000001353340107,
    "4": 2.695562550E-7,
    "5": 7.779543790E-7,
    "6": 0.000008396841947,
    "7": 3.712326691E-7,
    "8": 0.000002033092362,
    "9": 0.000001274029547,
    "10": 0.000001064372118,
    "11": 2.280859859E-7,
    "12": 7.961966207E-7,
    "13": 0.00003276550203
  },
  "zHigh": {
    "0": 0.000121979159609708355382181515456691063654404432680158368424720470301676509145300103191174900954934513763528041843398,
    "1": 0.00005775385159614849914519447595068851347490987018992029127350276594423711769488688863212628300842866935343828667507776,
    "2": 0.000118998573128485289455579535520064813570686185383780441456286799084740027575777393895231825646632139918335059389477549,
    "3": 0.00004974669220130080380803903345154480500312561281453885649689847014016621712722158529374122523260571866163721531782828,
    "4": 0.000010771996898464380181278787204557545041713752723097133454211940505441431671041741512414725973374351387808907960715,
    "5": 0.000029839414951733108657109271173555778480534409967752736514564811911041133094513705398846680920291867558241289643773,
    "6": 0.00033211166665187544376723457033296819434929898177973934180406508244707229293811947946104679874201854593520406773817133,
    "7": 0.000012649306447703359956841780323371488499279800527768964393605318116475155876010836286882591483474356976169941413785034,
    "8": 0.0000807326163261747769523317389443106576272851817285673840678502848314216779184905174708793119887916265883488464820191,
    "9": 0.00005085148072656023664361652834632734976565521229249158414313847806750806323088340245735155853783658699169663635286259,
    "10": 0.0000393420987432564451606176725666458384759408604945291925178328155311025694103616895803022311973773449202200392303546,
    "11": 0.00000893388261427131171951541944484130753230012557042789947818390160282682296007717713203011778575329783023347651994,
    "12": 0.000027354450864274962634649692884118780140097618935960503435260013311980955046863059285373680369452826316979987527433831,
    "13": 0.001128828415768519277216820168065243140203352795705000713689937997145924384780691468676199567116770243925773043516119070
  },
  "setupType": "Multi Region Model Regional Bidder",
  "population": 0,
  "id": 6,
  "worldId": 908,
  "setup": {
    "exponentFactor": 1.25,
    "base": 2.0,
    "alphaInterval": {
      "minValue": 500.0,
      "maxValue": 840.0
    },
    "betaInterval": {
      "minValue": 0.04,
      "maxValue": 0.1
    },
    "setupName": "Multi Region Model Regional Bidder",
    "numberOfBidders": 4
  },
  "implementation": "org.spectrumauctions.sats.core.model.mrvm.MRVMRegionalBidder"
}