{
  "homeId": 6,
  "distanceDiscounts": {
    "0": 1,
    "1": 0.42045,
    "2": 0.17678,
    "3": 0.07433,
    "4": 0.03125,
    "5": 0.01314,
    "6": 0.00552,
    "7": 0.00232
  },
  "alpha": 514.5507511212100553166237659752368927001953125,
  "beta": {
    "0": 0.04664983251911282435830941039967001415789127349853515625,
    "1": 0.045667022952203963070960668346742750145494937896728515625,
    "2": 0.08515292065829903334073236464973888359963893890380859375,
    "3": 0.073248903141540810945997463932144455611705780029296875,
    "4": 0.0836523919894083534121165257602115161716938018798828125,
    "5": 0.06163092008207116112572521160473115742206573486328125,
    "6": 0.052124157531926999797899924260491388849914073944091796875,
    "7": 0.09638725448349531876868212521003442816436290740966796875,
    "8": 0.05619858676755672133307228932608268223702907562255859375,
    "9": 0.0958688736126230567347050737225799821317195892333984375,
    "10": 0.075618024780150727703897928222431801259517669677734375,
    "11": 0.08567968799665061363501905589146190322935581207275390625,
    "12": 0.08870171295060420846301241226683487184345722198486328125,
    "13": 0.09601580030800031806403893597234855405986309051513671875
  },
  "zLow": {
    "0": 0.000006355769383,
    "1": 0.000003146989890,
    "2": 0.000002390777818,
    "3": 0.000001248686141,
    "4": 3.210080653E-7,
    "5": 0.000001054792558,
    "6": 0.00001538756923,
    "7": 1.569010741E-7,
    "8": 0.000003512516350,
    "9": 0.000001317486466,
    "10": 9.800487687E-7,
    "11": 2.440838767E-7,
    "12": 3.910355424E-7,
    "13": 0.00001519159914
  },
  "zHigh": {
    "0": 0.00022032263918064936954476092911854389720007961692492107154664742466259411536887705334139438230243738687286232908016419,
    "1": 0.000108781062635519232828396977510124937295106442735541850209330492075970227406223599694738247626995158998264358371283267,
    "2": 0.00009208150589889775207215509384285259705558998046084390146742758872628288228431167093173584511662532314227695131842686,
    "3": 0.000046607073214429825352038275964626589659583256399756488033870472722730230672872617034078390817869168899741196863360,
    "4": 0.0000123155512066660227779062938817319191892709611491672231571393850795556910120229962897722446500570295939610894945922,
    "5": 0.00003814456031234389028141771372314778343674108668740099526409389518757926548110143613794598099468798466744379226025,
    "6": 0.000541833485089022463423127103324196996205532168865534796391664638340352234939780921408988176763926846515580516775169635,
    "7": 0.00000621935859504630674075811249870239153441384082301332888329865599851589743866429692614356962024697140136869735103465,
    "8": 0.00012511533597416667007300386760175306508159871786450848214084569478266168486934151240260842060987382904658709653927091,
    "9": 0.0000521551882922092434870841808060689123224745154891754368111317044978851069348345194188897833166296336417641805586630,
    "10": 0.000036812398266395612690466654444060287203811390702082013505530699412041563500404301066718810404263696779235183285475,
    "11": 0.00000941381933778159135601128025140452399823630794525182702716401363860602527488335242484114705442704718405799673480586,
    "12": 0.00001519961851531782598360682862915299209343802610595821270861434625758800041749213231320552039244238587018512053516656,
    "13": 0.00060161132887193046104437223807792941222280640167333114221171315042214365194314584127827665813788938370793409473646155
  },
  "setupType": "Multi Region Model Regional Bidder",
  "population": 0,
  "id": 3,
  "worldId": 908,
  "setup": {
    "exponentFactor": 1.25,
    "base": 2.0,
    "alphaInterval": {
      "minValue": 500.0,
      "maxValue": 840.0
    },
    "betaInterval": {
      "minValue": 0.04,
      "maxValue": 0.1
    },
    "setupName": "Multi Region Model Regional Bidder",
    "numberOfBidders": 4
  },
  "implementation": "org.spectrumauctions.sats.core.model.mrvm.MRVMRegionalBidder"
}