{
  "regionsOfInterest": [
    1,
    2,
    7
  ],
  "alpha": 97.55169084078306696028448641300201416015625,
  "beta": {
    "0": 0.109548074724481747654891705678892321884632110595703125,
    "1": 0.10313461376184486495422021334888995625078678131103515625,
    "2": 0.09654745488570969091934870220939046703279018402099609375,
    "3": 0.104323334879091011995200233286595903337001800537109375,
    "4": 0.0557971150209496669081232766984612680971622467041015625,
    "5": 0.09336084158514061648315163211009348742663860321044921875,
    "6": 0.099736754101079350132152967489673756062984466552734375,
    "7": 0.0935669571253202325689102281103259883821010589599609375,
    "8": 0.065864938448782606172926534782163798809051513671875,
    "9": 0.0963767744312595819877742542303167283535003662109375,
    "10": 0.11631337768563042300851151367169222794473171234130859375,
    "11": 0.101175988722067955460914845389197580516338348388671875,
    "12": 0.05045727634154702212487819679154199548065662384033203125,
    "13": 0.061598374805574014623221756892235134728252887725830078125
  },
  "zLow": {
    "0": 0.000002706533894,
    "1": 0.000001393457098,
    "2": 0.000002108618131,
    "3": 8.767443088E-7,
    "4": 4.812630993E-7,
    "5": 6.963073032E-7,
    "6": 0.000008041810562,
    "7": 1.616303898E-7,
    "8": 0.000002997018741,
    "9": 0.000001310543377,
    "10": 6.371524373E-7,
    "11": 2.066995407E-7,
    "12": 6.874235978E-7,
    "13": 0.00002367974080
  },
  "zHigh": {
    "0": 0.000110845574522861542712101563167221427789959835773709529108952798656565957547964384454216017099379905778162814004071,
    "1": 0.00005617507886716384838633478114975732441932705617639294441917422375847994236909671582824125915356350595958185568384542,
    "2": 0.00008361671528315540088549486853992726165604661892679995807666196757429204644246903082338488634423481638847860984535728,
    "3": 0.000035448818275840402929504751368085906262739038485927642768833340146803162829513953903960182188077818496558679475931,
    "4": 0.0000171232022271060991972483406121805102208602098084304731273380609049251618650808737854261389364363901285826216491987,
    "5": 0.00002739000267712227642293302929817067187934498743196337834497671518448249004763604332025507728527272313440165192507479,
    "6": 0.000321460725085504692992817218141927445925918288232001719079897870244641575745887702209989473220937304637810275121730,
    "7": 0.0000063612380677064792710847147067195046020382978821379441115202120558115568973133658655302503489683116959081419152630,
    "8": 0.000109650407688475627687418963529223440268307249530073846687018601797984244240153036105678259985191710188550086904,
    "9": 0.0000519468956434583580807267765662582839475874308464120404297294044033180207775232234062071794385663807673649944479,
    "10": 0.00002652550832358275786609602905937491727062567679438373440011630917316573212228814073457290466389045869350066557462808,
    "11": 0.000008292289258750928139213036435581468898515734785958757193299596701192780174165427577742852358125662905013526825705,
    "12": 0.00002409126017573044197706313890969576681053194428108202320109258590700688015813399472117610508592703785074016579046145,
    "13": 0.000856255578699435476239049729247450247846399407427873348819634625834939192200596119594397724560659974747874577417615037
  },
  "setupType": "Multi Region Model Local Bidder",
  "population": 0,
  "id": 2,
  "worldId": 908,
  "setup": {
    "numberOfRegionsInterval": {
      "minValue": 3,
      "maxValue": 7
    },
    "alphaInterval": {
      "minValue": 60.0,
      "maxValue": 100.0
    },
    "betaInterval": {
      "minValue": 0.05,
      "maxValue": 0.12
    },
    "setupName": "Multi Region Model Local Bidder",
    "numberOfBidders": 3
  },
  "implementation": "org.spectrumauctions.sats.core.model.mrvm.MRVMLocalBidder"
}