{
  "homeId": 2,
  "distanceDiscounts": {
    "0": 1,
    "1": 0.42045,
    "2": 0.17678,
    "3": 0.07433,
    "4": 0.03125,
    "5": 0.01314,
    "6": 0.00552,
    "7": 0.00232
  },
  "alpha": 645.4696794761484852642752230167388916015625,
  "beta": {
    "0": 0.0715605239969458184479123019627877511084079742431640625,
    "1": 0.081243825548091563870656273138592950999736785888671875,
    "2": 0.09699110702657633142909077150761731900274753570556640625,
    "3": 0.04092700302924433264362136242198175750672817230224609375,
    "4": 0.041910427562992631778104879458624054677784442901611328125,
    "5": 0.0908142306347282379785923467352404259145259857177734375,
    "6": 0.0400389774846232893157349508328479714691638946533203125,
    "7": 0.0730826076322583784161679432145319879055023193359375,
    "8": 0.07475413331890000401269702479112311266362667083740234375,
    "9": 0.0883773243253460349944106155817280523478984832763671875,
    "10": 0.098836735449360724192757743367110379040241241455078125,
    "11": 0.09311714168225281029744877514531253837049007415771484375,
    "12": 0.0865844771566928184114431132911704480648040771484375,
    "13": 0.047529496754409532310869934690344962291419506072998046875
  },
  "zLow": {
    "0": 0.000004143284044,
    "1": 0.000001768917928,
    "2": 0.000002098972989,
    "3": 0.000002234829901,
    "4": 6.407258066E-7,
    "5": 7.158331395E-7,
    "6": 0.00002003208206,
    "7": 2.069338279E-7,
    "8": 0.000002640635991,
    "9": 0.000001429166864,
    "10": 7.498158629E-7,
    "11": 2.245884057E-7,
    "12": 4.005974694E-7,
    "13": 0.00003068901732
  },
  "zHigh": {
    "0": 0.0001539480790168134536663249235262807343567401402891322431655278653437879832509504608942430288440736796585808822943267,
    "1": 0.000067438903777133118474100945221151667149154531088946954635791560763977360041980987826860221029747454173921603282885,
    "2": 0.00008332736103933312774738243785430837576437905578460411037877281086544735461756583552501541952790713880864428469709151,
    "3": 0.00007619138604209309311155578324394538346855649424455309998489448738836173486653605721510042982949353107518429296614774,
    "4": 0.000021907083446621376169781014005599022996513947809148676945231458781430157166850944572423212044342026017995375466478466,
    "5": 0.0000279757777667778053668488028328612252186066972720791448511001590011747405685002790481046915793476024337931206122911,
    "6": 0.0006811688699769465966834623894201761379437058177130776888290142385574692682405379526113525942171474949743320964397944,
    "7": 0.0000077203412113228942074113106383107104123247719131655847860132461977532137115618956571662195979492488142643976115,
    "8": 0.00009895892518675551839451884359747898208970909606853783473393350858320447983696732010925182550379105435112069597529823,
    "9": 0.0000555056002435697649533878607846358169369872752584949795498890644915614869603675498369084079883391375051904774378337,
    "10": 0.000029905411092873723649047189066800852901288937419316207453505947400440083241707599594918795270516894750062834525125,
    "11": 0.00000882895521021217563866828179783436270726821610323133790705278150429293168545599410792979665836387106510123006496688,
    "12": 0.0000154864763243279271408464298938623210165891374943063235361596828710273318735735149460013065618182936753152456646,
    "13": 0.001066533874241661084086920277350592007959903959346030227771155480726329382002187846067960586013029628600487225314270670
  },
  "setupType": "Multi Region Model Regional Bidder",
  "population": 0,
  "id": 5,
  "worldId": 908,
  "setup": {
    "exponentFactor": 1.25,
    "base": 2.0,
    "alphaInterval": {
      "minValue": 500.0,
      "maxValue": 840.0
    },
    "betaInterval": {
      "minValue": 0.04,
      "maxValue": 0.1
    },
    "setupName": "Multi Region Model Regional Bidder",
    "numberOfBidders": 4
  },
  "implementation": "org.spectrumauctions.sats.core.model.mrvm.MRVMRegionalBidder"
}