{
  "gammaValues": {
    "1": 0.98260,
    "2": 0.93041
  },
  "alpha": 720.31983746544938185252249240875244140625,
  "beta": {
    "0": 0.1460228425434571819518936308668344281613826751708984375,
    "1": 0.0927965948882566171729280313229537568986415863037109375,
    "2": 0.161637650389002185402631539545836858451366424560546875,
    "3": 0.1003132052849864674914925899429363198578357696533203125,
    "4": 0.1188379099787391368625577570128371007740497589111328125,
    "5": 0.1837864247091760550034678090014494955539703369140625,
    "6": 0.1236489350748566640181280718024936504662036895751953125,
    "7": 0.17470272187232793736910707593779079616069793701171875,
    "8": 0.20899339593849186602625422892742790281772613525390625,
    "9": 0.20011616310796842554964314331300556659698486328125,
    "10": 0.10864431283330959476796095941608655266463756561279296875,
    "11": 0.0800605141510097040313809202416450716555118560791015625,
    "12": 0.213457436521576060517446649100747890770435333251953125,
    "13": 0.212682371809966686004855773717281408607959747314453125
  },
  "zLow": {
    "0": 0.000002030473946,
    "1": 0.000001548695399,
    "2": 0.000001259494390,
    "3": 9.117931171E-7,
    "4": 2.259640254E-7,
    "5": 3.537140240E-7,
    "6": 0.000006486623456,
    "7": 8.656570194E-8,
    "8": 9.445200599E-7,
    "9": 6.311631277E-7,
    "10": 6.821282232E-7,
    "11": 2.612152897E-7,
    "12": 1.624938583E-7,
    "13": 0.000006858271969
  },
  "zHigh": {
    "0": 0.0000905637760787301291760887355865993510074037787583703650123952488595928367900016319521840698292065030357413758470226,
    "1": 0.0000608322279105172723634229502336726879146570084793542936153055612477885014066179164150499228778879704820222434348019,
    "2": 0.000058143003062876742861826107196994619523806252430136257619635175454927467321041365213755804902020811731477019545762,
    "3": 0.0000365002825239646835231037370866099437160701519355723692852613966933079162196727620723191613889456777144218321669841,
    "4": 0.0000094642300107762441641203482289996200798486178927686871820458820025668143102173606306390066815541064427589825745303,
    "5": 0.0000171122042998454577147236411752507100292920323372781983181993069781543152629644625667204492013465859023235745057,
    "6": 0.0002748051119058186188196359281220477272182357218182584558869597854489833511202759086914265208079479407867432281835151,
    "7": 0.00000410929743294611907493766983444202698101747415299878465454014747376601157930244088814165833317461855273664440786,
    "8": 0.00004807544728144057093752309195931462789299223224498475308660740092743276429416674128854412775224943278298098074304,
    "9": 0.00003156548817064708669444872313182205632391025936467493777888442634070614894781315504630167234224291900097495552,
    "10": 0.00002787478190294084351827426108503494519031644617769931604288032560765674745754985131511962739553367785481996293035959,
    "11": 0.0000099277617287945759943081539303297445075652889838229032691008984436671278749964565588667216956302083660878466788145,
    "12": 0.000008343367991328272178050588620655405533796441344391607404192865668559203951247351938429870083713259431122081874978,
    "13": 0.000351611513923347687718775681262160096784216354343196998289423010166325141279865249497913206737527619631605916667124
  },
  "setupType": "Multi Region Model National Bidder",
  "population": 0,
  "id": 9,
  "worldId": 908,
  "setup": {
    "bInterval": {
      "minValue": 0.1,
      "maxValue": 0.3
    },
    "kMax": 2.0,
    "alphaInterval": {
      "minValue": 700.0,
      "maxValue": 1200.0
    },
    "betaInterval": {
      "minValue": 0.08,
      "maxValue": 0.22
    },
    "setupName": "Multi Region Model National Bidder",
    "numberOfBidders": 3
  },
  "implementation": "org.spectrumauctions.sats.core.model.mrvm.MRVMNationalBidder"
}