{
  "regionsOfInterest": [
    0,
    3,
    9,
    10,
    13
  ],
  "alpha": 82.343795694793925576959736645221710205078125,
  "beta": {
    "0": 0.1139927794232388491568741528681130148470401763916015625,
    "1": 0.0811783854263974091747257944007287733256816864013671875,
    "2": 0.0991202731016926075202633228400372900068759918212890625,
    "3": 0.10287366570772749074791363455005921423435211181640625,
    "4": 0.066663463272711276363935439803753979504108428955078125,
    "5": 0.1077101552989205013322049353519105352461338043212890625,
    "6": 0.1104067486095248462607543160629575140774250030517578125,
    "7": 0.11305723102400279389545545427608885802328586578369140625,
    "8": 0.08062031875711726802702372651765472255647182464599609375,
    "9": 0.051215711429581582680992113409956800751388072967529296875,
    "10": 0.0699124865142893014979819099607993848621845245361328125,
    "11": 0.09294333549657872450833195898667327128350734710693359375,
    "12": 0.108948409266278301021912966461968608200550079345703125,
    "13": 0.09270481878007463816260269595659337937831878662109375
  },
  "zLow": {
    "0": 0.000002601003140,
    "1": 0.000001770343901,
    "2": 0.000002053885724,
    "3": 8.890991636E-7,
    "4": 4.028157433E-7,
    "5": 6.035441658E-7,
    "6": 0.000007264629134,
    "7": 1.337664439E-7,
    "8": 0.000002448495093,
    "9": 0.000002466156183,
    "10": 0.000001060030272,
    "11": 2.250083913E-7,
    "12": 3.183664881E-7,
    "13": 0.00001573417184
  },
  "zHigh": {
    "0": 0.0001076796519159255933649788946226290481539415787958003558050040586767225074054834000095919844549302532196270814060725,
    "1": 0.0000674816829740226717092337165943000548113148814095042254298332126040199380618346526357762067917361798369583487901151,
    "2": 0.0000819747430712139942005145584866650951390973985010081208867409918582605465008192678097126707133810335228861535927794,
    "3": 0.00003581946391780795507374550536972692434668801470921210115393655541235611187361788069428575638060142854494971495109,
    "4": 0.000014769781546486415589394754038809582707665841978324283538077590866234137337180525655476396723983084497625407196105,
    "5": 0.0000246071085554540857093013668921288186761867739397388039384280532355814465296334130211579390478986617598175837119635,
    "6": 0.0002981452822505458069164789179302628000373492147786072356845262850739543866829125251082048249432014183760407917648936,
    "7": 0.00000552531969125613281993249278895577843987169123005720795362833061555953327291532585578164971714426029308105077129296,
    "8": 0.00009319469826554218380834443616416104953544175475578149571269847048689211811265163464185026155050257063092400826862279,
    "9": 0.000086615279828212505120903343599136533846505911802526811944881930758332166931247832754246809784485484231123056040024867,
    "10": 0.0000392118433572509761497255732586668573695085805801723495549359297867670482940405898042616486899767649742976876234386,
    "11": 0.00000884155477550603831533042690899353748646450469233384456527800275964040850187832398350685166061878604475480906812008,
    "12": 0.000013019546884495043755830485009315345435463111882849729723270347974955066313539470515357716379598309077489695333972,
    "13": 0.00061788850996298886370900919817982885645088878244171731111328109915352542353796901412560222582387981716216765737791
  },
  "setupType": "Multi Region Model Local Bidder",
  "population": 0,
  "id": 1,
  "worldId": 908,
  "setup": {
    "numberOfRegionsInterval": {
      "minValue": 3,
      "maxValue": 7
    },
    "alphaInterval": {
      "minValue": 60.0,
      "maxValue": 100.0
    },
    "betaInterval": {
      "minValue": 0.05,
      "maxValue": 0.12
    },
    "setupName": "Multi Region Model Local Bidder",
    "numberOfBidders": 3
  },
  "implementation": "org.spectrumauctions.sats.core.model.mrvm.MRVMLocalBidder"
}