{
  "homeId": 9,
  "distanceDiscounts": {
    "0": 1,
    "1": 0.42045,
    "2": 0.17678,
    "3": 0.07433,
    "4": 0.03125,
    "5": 0.01314,
    "6": 0.00552,
    "7": 0.00232
  },
  "alpha": 623.7359453028897178228362463414669036865234375,
  "beta": {
    "0": 0.089099283254723771197092219154001213610172271728515625,
    "1": 0.0657023735557186461253564857543096877634525299072265625,
    "2": 0.0714400973238109582297283850493840873241424560546875,
    "3": 0.09935423086443047335780676121430587954819202423095703125,
    "4": 0.052514869980709540098207099845240009017288684844970703125,
    "5": 0.041215430991550346118135195183640462346374988555908203125,
    "6": 0.07691063210633697355689264441025443375110626220703125,
    "7": 0.087186345501371109723010022207745350897312164306640625,
    "8": 0.0933367507421130893074945333864889107644557952880859375,
    "9": 0.05134649240835957584305759837661753408610820770263671875,
    "10": 0.080011818109768151341398834119900129735469818115234375,
    "11": 0.065798507574155451482766920889844186604022979736328125,
    "12": 0.06671431483236782422618915688872220925986766815185546875,
    "13": 0.0801074206373446895401713163664680905640125274658203125
  },
  "zLow": {
    "0": 0.000003327698792,
    "1": 0.000002187343497,
    "2": 0.000002849684161,
    "3": 9.205938120E-7,
    "4": 5.113426448E-7,
    "5": 0.000001577269345,
    "6": 0.00001042852023,
    "7": 1.734590854E-7,
    "8": 0.000002114906008,
    "9": 0.000002459874813,
    "10": 9.262300723E-7,
    "11": 3.178344186E-7,
    "12": 5.199112443E-7,
    "13": 0.00001820846980
  },
  "zHigh": {
    "0": 0.000129480521462080036642190077416943160823980678024058480119573984952490857048021607919340153072710703504107037042134,
    "1": 0.0000799916708514344392482456516947858488157864740026884041096296846820658966969218732552051828116021230563287931941597,
    "2": 0.0001058486962034268126516645145337444395529351974842307665888170962057188151319405887017930661730911242405305822468,
    "3": 0.00003676430337193688393968561749404132861138185096292345977965939307053014323128946446317457949030432815076247576107408,
    "4": 0.000018025588591807651314036474485136519540014859440375494684129805264759106177670325902719261577682094115871943585730052,
    "5": 0.000053818863918303220350968240710235597898699122033666596901859035856918146942679522128758917281534689639067771667366965,
    "6": 0.00039306201501231267975705126210271545436881546453527266993199266856554635688854459223177861477764543380894511963069,
    "7": 0.000006716098936490269300421305372443592132308017213736344128437542500364385473734618445795449761211835443741384442279,
    "8": 0.0000831870257043340235274124600479962521703909428602779586581209798536939336619375936265356910829298114509217949342754,
    "9": 0.00008642683872680845198201584886391957192480438284608670860886873512342156010343974877789493116258129793748389157993792,
    "10": 0.000035197837376240722474057803471130562229641744705901918532564770952991118958136802626950760768358073318593233231998,
    "11": 0.000011626335594506215384148888504184496876208864781801871541848293341701587095243517599651000639612513357871296738801,
    "12": 0.00001906588957150925611260919488588155124950493408685481632435458622329448834873910324690836388435235970617460668919148,
    "13": 0.0006921174486147600056774947675445701416062117269217907508324562113884351812001123969809386355158186513941518620575106
  },
  "setupType": "Multi Region Model Regional Bidder",
  "population": 0,
  "id": 4,
  "worldId": 908,
  "setup": {
    "exponentFactor": 1.25,
    "base": 2.0,
    "alphaInterval": {
      "minValue": 500.0,
      "maxValue": 840.0
    },
    "betaInterval": {
      "minValue": 0.04,
      "maxValue": 0.1
    },
    "setupName": "Multi Region Model Regional Bidder",
    "numberOfBidders": 4
  },
  "implementation": "org.spectrumauctions.sats.core.model.mrvm.MRVMRegionalBidder"
}