{
  "bidderPosition": 4,
  "values": {
    "16": 15.32258286555792636818296159617602825164794921875,
    "17": 14.91418503985908472486698883585631847381591796875,
    "8": 4.1908817700735685463087065727449953556060791015625,
    "9": 18.4318568833652278726731310598552227020263671875,
    "10": 0.236757484322456246417232250678353011608123779296875,
    "11": 16.420796210419979388461797498166561126708984375
  },
  "setupType": "Regional Bidder Setup",
  "population": 0,
  "id": 4,
  "worldId": 900,
  "setup": {
    "lowNationalValueInterval": {
      "minValue": 0.0,
      "maxValue": 20.0
    },
    "highNationalValueInterval": {
      "minValue": 0.0,
      "maxValue": 40.0
    },
    "regionalValueInterval": {
      "minValue": 0.0,
      "maxValue": 20.0
    },
    "setupName": "Regional Bidder Setup",
    "numberOfBidders": 6
  },
  "implementation": "org.spectrumauctions.sats.core.model.gsvm.GSVMBidder"
}