{
  "bidderPosition": 2,
  "values": {
    "4": 13.680033009615367944888930651359260082244873046875,
    "5": 26.6884066135004189845858491025865077972412109375,
    "6": 23.1305454734175981457156012766063213348388671875,
    "7": 33.75346564642251223631319589912891387939453125,
    "14": 8.0109176294654389494098722934722900390625,
    "15": 5.02315025708477858046308028860948979854583740234375
  },
  "setupType": "Regional Bidder Setup",
  "population": 0,
  "id": 2,
  "worldId": 900,
  "setup": {
    "lowNationalValueInterval": {
      "minValue": 0.0,
      "maxValue": 20.0
    },
    "highNationalValueInterval": {
      "minValue": 0.0,
      "maxValue": 40.0
    },
    "regionalValueInterval": {
      "minValue": 0.0,
      "maxValue": 20.0
    },
    "setupName": "Regional Bidder Setup",
    "numberOfBidders": 6
  },
  "implementation": "org.spectrumauctions.sats.core.model.gsvm.GSVMBidder"
}