{
  "bidderPosition": 2,
  "values": {
    "4": 23.84325308819098410140213673003017902374267578125,
    "5": 36.155815198548253874832880683243274688720703125,
    "6": 7.1983284637241329306789339170791208744049072265625,
    "7": 34.04126506954481357070108060725033283233642578125,
    "14": 9.0782612352660851939845088054426014423370361328125,
    "15": 17.759265179381355181931212428025901317596435546875
  },
  "setupType": "Regional Bidder Setup",
  "population": 0,
  "id": 2,
  "worldId": 517,
  "setup": {
    "lowNationalValueInterval": {
      "minValue": 0.0,
      "maxValue": 20.0
    },
    "highNationalValueInterval": {
      "minValue": 0.0,
      "maxValue": 40.0
    },
    "regionalValueInterval": {
      "minValue": 0.0,
      "maxValue": 20.0
    },
    "setupName": "Regional Bidder Setup",
    "numberOfBidders": 6
  },
  "implementation": "org.spectrumauctions.sats.core.model.gsvm.GSVMBidder"
}