{
  "bidderPosition": 0,
  "values": {
    "0": 7.79732011522028045646948157809674739837646484375,
    "1": 13.1889595246351039037335795001126825809478759765625,
    "2": 4.05016505196588827431014578905887901782989501953125,
    "3": 14.300907970868340868264567689038813114166259765625,
    "12": 6.1042127948785189772706871735863387584686279296875,
    "13": 18.993904079734310386129436665214598178863525390625
  },
  "setupType": "Regional Bidder Setup",
  "population": 0,
  "id": 0,
  "worldId": 517,
  "setup": {
    "lowNationalValueInterval": {
      "minValue": 0.0,
      "maxValue": 20.0
    },
    "highNationalValueInterval": {
      "minValue": 0.0,
      "maxValue": 40.0
    },
    "regionalValueInterval": {
      "minValue": 0.0,
      "maxValue": 20.0
    },
    "setupName": "Regional Bidder Setup",
    "numberOfBidders": 6
  },
  "implementation": "org.spectrumauctions.sats.core.model.gsvm.GSVMBidder"
}