{
  "bidderPosition": 2,
  "values": {
    "4": 28.546363876546191562511012307368218898773193359375,
    "5": 23.38411080036566858098012744449079036712646484375,
    "6": 11.2104991052922553507187330978922545909881591796875,
    "7": 13.14663045770691240932137588970363140106201171875,
    "14": 19.367210180321222878774278797209262847900390625,
    "15": 5.0747128889814092644883203320205211639404296875
  },
  "setupType": "Regional Bidder Setup",
  "population": 0,
  "id": 2,
  "worldId": 608,
  "setup": {
    "lowNationalValueInterval": {
      "minValue": 0.0,
      "maxValue": 20.0
    },
    "highNationalValueInterval": {
      "minValue": 0.0,
      "maxValue": 40.0
    },
    "regionalValueInterval": {
      "minValue": 0.0,
      "maxValue": 20.0
    },
    "setupName": "Regional Bidder Setup",
    "numberOfBidders": 6
  },
  "implementation": "org.spectrumauctions.sats.core.model.gsvm.GSVMBidder"
}