{
  "bidderPosition": -1,
  "values": {
    "0": 7.00598064406133147485888912342488765716552734375,
    "1": 6.40903106023353075215709395706653594970703125,
    "2": 9.67275267042015229890239425003528594970703125,
    "3": 6.7489978024485122176656659576110541820526123046875,
    "4": 3.661040400264445882072550375596620142459869384765625,
    "5": 17.13465489096605409713447443209588527679443359375,
    "6": 17.356557799966243038625179906375706195831298828125,
    "7": 3.061688759908356427530407017911784350872039794921875,
    "8": 7.70506585260083998178970432491041719913482666015625,
    "9": 1.4549540073203814927182975225150585174560546875,
    "10": 6.406532984319948553775248001329600811004638671875,
    "11": 0.02819568405254102572143892757594585418701171875
  },
  "setupType": "National Bidder Setup",
  "population": 0,
  "id": 6,
  "worldId": 608,
  "setup": {
    "lowNationalValueInterval": {
      "minValue": 0.0,
      "maxValue": 10.0
    },
    "highNationalValueInterval": {
      "minValue": 0.0,
      "maxValue": 20.0
    },
    "regionalValueInterval": {
      "minValue": 0.0,
      "maxValue": 0.0
    },
    "setupName": "National Bidder Setup",
    "numberOfBidders": 1
  },
  "implementation": "org.spectrumauctions.sats.core.model.gsvm.GSVMBidder"
}