{
  "bidderPosition": -1,
  "values": {
    "0": 3.80683561465235431597875503939576447010040283203125,
    "1": 2.750767107535827538100647871033288538455963134765625,
    "2": 6.10229372376729717331045321770943701267242431640625,
    "3": 4.64579079317233123447294929064810276031494140625,
    "4": 11.098399692023154017306296736933290958404541015625,
    "5": 9.21212897514096340501055237837135791778564453125,
    "6": 19.171233215905008506751983077265322208404541015625,
    "7": 13.4411866600084817235938317026011645793914794921875,
    "8": 6.7510452634161399743106812820769846439361572265625,
    "9": 2.16666328658444040655695062014274299144744873046875,
    "10": 7.17091052981065768534563176217488944530487060546875,
    "11": 8.78530525397349748573105898685753345489501953125
  },
  "setupType": "National Bidder Setup",
  "population": 0,
  "id": 6,
  "worldId": 833,
  "setup": {
    "lowNationalValueInterval": {
      "minValue": 0.0,
      "maxValue": 10.0
    },
    "highNationalValueInterval": {
      "minValue": 0.0,
      "maxValue": 20.0
    },
    "regionalValueInterval": {
      "minValue": 0.0,
      "maxValue": 0.0
    },
    "setupName": "National Bidder Setup",
    "numberOfBidders": 1
  },
  "implementation": "org.spectrumauctions.sats.core.model.gsvm.GSVMBidder"
}