{
  "bidderPosition": -1,
  "values": {
    "0": 0.212988022797915288464309924165718257427215576171875,
    "1": 6.6917986479936910626520329969935119152069091796875,
    "2": 0.29265742187635890303454289096407592296600341796875,
    "3": 2.73921123197277704974794687586836516857147216796875,
    "4": 12.533477298515872888629019143991172313690185546875,
    "5": 16.14122601906901621759971021674573421478271484375,
    "6": 12.4328486017099759664006342063657939434051513671875,
    "7": 3.929004531974309433195458041154779493808746337890625,
    "8": 8.3025782019276253009820720762945711612701416015625,
    "9": 2.92803347084337861616631926153786480426788330078125,
    "10": 1.7553723445771396427517174743115901947021484375,
    "11": 9.33710442694465569957174011506140232086181640625
  },
  "setupType": "National Bidder Setup",
  "population": 0,
  "id": 6,
  "worldId": 386,
  "setup": {
    "lowNationalValueInterval": {
      "minValue": 0.0,
      "maxValue": 10.0
    },
    "highNationalValueInterval": {
      "minValue": 0.0,
      "maxValue": 20.0
    },
    "regionalValueInterval": {
      "minValue": 0.0,
      "maxValue": 0.0
    },
    "setupName": "National Bidder Setup",
    "numberOfBidders": 1
  },
  "implementation": "org.spectrumauctions.sats.core.model.gsvm.GSVMBidder"
}