{
  "bidderPosition": 5,
  "values": {
    "0": 0.71829596929848360531423168140463531017303466796875,
    "1": 9.3802584926220955452436101040802896022796630859375,
    "17": 3.879084731507163041897001676261425018310546875,
    "10": 8.372892358104923715700351749546825885772705078125,
    "11": 1.830291553617946487264589450205676257610321044921875,
    "12": 7.630243268652090904424767359159886837005615234375
  },
  "setupType": "Regional Bidder Setup",
  "population": 0,
  "id": 5,
  "worldId": 386,
  "setup": {
    "lowNationalValueInterval": {
      "minValue": 0.0,
      "maxValue": 20.0
    },
    "highNationalValueInterval": {
      "minValue": 0.0,
      "maxValue": 40.0
    },
    "regionalValueInterval": {
      "minValue": 0.0,
      "maxValue": 20.0
    },
    "setupName": "Regional Bidder Setup",
    "numberOfBidders": 6
  },
  "implementation": "org.spectrumauctions.sats.core.model.gsvm.GSVMBidder"
}