{
  "bidderPosition": 3,
  "values": {
    "16": 4.1675045520420272993078469880856573581695556640625,
    "6": 22.71719035948039078220972442068159580230712890625,
    "7": 28.8111616906981140573407174088060855865478515625,
    "8": 2.475987506450507691369011809001676738262176513671875,
    "9": 19.1980250346666565519626601599156856536865234375,
    "15": 10.8407582261860131467301471275277435779571533203125
  },
  "setupType": "Regional Bidder Setup",
  "population": 0,
  "id": 3,
  "worldId": 386,
  "setup": {
    "lowNationalValueInterval": {
      "minValue": 0.0,
      "maxValue": 20.0
    },
    "highNationalValueInterval": {
      "minValue": 0.0,
      "maxValue": 40.0
    },
    "regionalValueInterval": {
      "minValue": 0.0,
      "maxValue": 20.0
    },
    "setupName": "Regional Bidder Setup",
    "numberOfBidders": 6
  },
  "implementation": "org.spectrumauctions.sats.core.model.gsvm.GSVMBidder"
}