{
  "bidderPosition": 4,
  "values": {
    "16": 4.4855167372139614911930038942955434322357177734375,
    "17": 12.4155923093525100142642259015701711177825927734375,
    "8": 12.690154347479481344862506375648081302642822265625,
    "9": 0.937142208208516791501097031868994235992431640625,
    "10": 16.406974671086345551884733140468597412109375,
    "11": 9.8058276137391704452284102444536983966827392578125
  },
  "setupType": "Regional Bidder Setup",
  "population": 0,
  "id": 4,
  "worldId": 386,
  "setup": {
    "lowNationalValueInterval": {
      "minValue": 0.0,
      "maxValue": 20.0
    },
    "highNationalValueInterval": {
      "minValue": 0.0,
      "maxValue": 40.0
    },
    "regionalValueInterval": {
      "minValue": 0.0,
      "maxValue": 20.0
    },
    "setupName": "Regional Bidder Setup",
    "numberOfBidders": 6
  },
  "implementation": "org.spectrumauctions.sats.core.model.gsvm.GSVMBidder"
}