{
  "gammaValues": {
    "1": 0.93645,
    "2": 0.74582
  },
  "alpha": 711.078893410422097076661884784698486328125,
  "beta": {
    "0": 0.122771758561699695366797868700814433395862579345703125,
    "1": 0.1307018523098058826459322290247655473649501800537109375,
    "2": 0.1595689094363124949094157045692554675042629241943359375,
    "3": 0.1283744432774939492336585544762783683836460113525390625,
    "4": 0.2127517162453080867834387390757910907268524169921875,
    "5": 0.14439081226276051506118847100879065692424774169921875,
    "6": 0.133123139603078144421743900238652713596820831298828125,
    "7": 0.10434630602195638093832030790508724749088287353515625,
    "8": 0.20543500342784304368848324884311296045780181884765625,
    "9": 0.183601196545968126105918827306595630943775177001953125,
    "10": 0.140085975395454254144311789787025190889835357666015625,
    "11": 0.18032377336662064326588961193920113146305084228515625,
    "12": 0.183797969678346106991995156931807287037372589111328125,
    "13": 0.1643357265769025687962567872091312892735004425048828125
  },
  "zLow": {
    "0": 0.000002725407087,
    "1": 0.000001240874741,
    "2": 0.000001439799861,
    "3": 8.040581936E-7,
    "4": 1.424402981E-7,
    "5": 5.080866533E-7,
    "6": 0.000006799346207,
    "7": 1.635611236E-7,
    "8": 0.000001084378613,
    "9": 7.763542197E-7,
    "10": 5.970215340E-7,
    "11": 1.308807033E-7,
    "12": 2.129703618E-7,
    "13": 0.00001001672722
  },
  "zHigh": {
    "0": 0.000115222514670679903191075594291080214772818653558926350583469174845094615255983930879777860001456053670134915079382,
    "1": 0.0000534447049067205602344260034382727070593070800844434068990459909672761036297465765643325258271189413301821244193072,
    "2": 0.0000661687251713944907402880500099197378401410105756441379743673871379459148052784840494189721747652061377759639021130,
    "3": 0.0000344437981013560152501538371960033321329676037563827610760312865239471407414220445688965190043811699214328458646782,
    "4": 0.0000073036507289131051489632346508511634447547198605549621208256461886116616077885844289846615243165310880839088856,
    "5": 0.00002257890405290960409914903189474031697343186995832712981188003051506736972679771808814150416478432513384004090297,
    "6": 0.000294495417604798556966201247218650098441684520689091992335742105559308791674929851510864983526166571404287155377459,
    "7": 0.00000661353361138296038100889427934221630864726965896828800196981973980034680586229426798251791730281737699847253680,
    "8": 0.00005480829076993272881475923420300318574148888280099100476878725460722285105942233592739297856781687802229367503548,
    "9": 0.000037544582958867812172331506918911590020143288360707595483766234298374660781169122132816337165102888062824314248769,
    "10": 0.000026274080409362895398438207405325776565783923646258661561530030344150739059210342679465371133731594748049907194612,
    "11": 0.00000628651132661063721270641085957221553657561525776596387523800121817090065036469027492130487764653995613663775607,
    "12": 0.000010303462862792457220546486593514945919332717897801279215685038145492055881661078002612051759309416650911001542616,
    "13": 0.0004651124310247679840331667694176618293191219071756501571547626337972257922424213240032527266591246473096994489017791
  },
  "setupType": "Multi Region Model National Bidder",
  "population": 0,
  "id": 7,
  "worldId": 907,
  "setup": {
    "bInterval": {
      "minValue": 0.1,
      "maxValue": 0.3
    },
    "kMax": 2.0,
    "alphaInterval": {
      "minValue": 700.0,
      "maxValue": 1200.0
    },
    "betaInterval": {
      "minValue": 0.08,
      "maxValue": 0.22
    },
    "setupName": "Multi Region Model National Bidder",
    "numberOfBidders": 3
  },
  "implementation": "org.spectrumauctions.sats.core.model.mrvm.MRVMNationalBidder"
}