{
  "homeId": 0,
  "distanceDiscounts": {
    "0": 1,
    "1": 0.42045,
    "2": 0.17678,
    "3": 0.07433,
    "4": 0.03125,
    "5": 0.01314,
    "6": 0.00552,
    "7": 0.00232
  },
  "alpha": 707.2350431794047835865058004856109619140625,
  "beta": {
    "0": 0.0650709130105600053184389253146946430206298828125,
    "1": 0.09252982367268421104444797720134374685585498809814453125,
    "2": 0.0734894072069643133904293108571437187492847442626953125,
    "3": 0.0952742250763465581275823979012784548103809356689453125,
    "4": 0.09748104052810378783444633654653443954885005950927734375,
    "5": 0.098930649377330148741549464830313809216022491455078125,
    "6": 0.06544813606900566627100346295264898799359798431396484375,
    "7": 0.0864266005598599285075778198006446473300457000732421875,
    "8": 0.05614130910550303721340270612927270121872425079345703125,
    "9": 0.060508187160348503308426870717084966599941253662109375,
    "10": 0.0455884023864605858467058396854554302990436553955078125,
    "11": 0.0420341943025217268381510393737698905169963836669921875,
    "12": 0.053795792556233935910459109663861454464495182037353515625,
    "13": 0.05478544824385138400923977997081237845122814178466796875
  },
  "zLow": {
    "0": 0.000005142128877,
    "1": 0.000001752782191,
    "2": 0.000003126264074,
    "3": 0.000001083404488,
    "4": 3.108749939E-7,
    "5": 7.415603256E-7,
    "6": 0.00001383003961,
    "7": 1.974739136E-7,
    "8": 0.000003968010856,
    "9": 0.000002355707060,
    "10": 0.000001834553078,
    "11": 5.614691247E-7,
    "12": 7.276316276E-7,
    "13": 0.00003004641192
  },
  "zHigh": {
    "0": 0.0001877241683649498515228058995535486098341449923411558415348371849266916183608427684627706374033929954678795092,
    "1": 0.00006880192841672816667019439088209338795984705596006566050863610538299601284680009673696829818387406927056521556272662,
    "2": 0.0001167626515678670160334696895938218409962003926209811931147419562550167631695099264740200888500990970254991137447324,
    "3": 0.0000428241869097892644451244322965581260428014711518408634032543421386294911335955858148088717451022942459658498314149,
    "4": 0.00001235669160239058309693522006834334406204263320446427952028641094006659260699294880525997263862841246931162321263289,
    "5": 0.000029583114222708854518760734442479714190004333285322788548026400102015532737328972238296328722697196151143442884051,
    "6": 0.00050541621970870212712825288101302563715129379751934920834505592752836731460829162360267538866464109726913953845648506,
    "7": 0.0000076309173126874841891046792825085267098980334482947546108766037276160335043604310774643156156485657047121406001736,
    "8": 0.00014131725805753693435834914922811348085951776227581731265155609600129431111795307971634420555635321127052596400445933,
    "9": 0.000084925168167149309853370002565561110624985166856011973748846644179098141056209851051252408598638851681607359046222,
    "10": 0.0000634000267274554481848216786735410914693350808653686677314315922080707632655663805977765787130165234752346374645606,
    "11": 0.0000192041639659876031131046084956597889831911205440441155198877787667877217639020904811027731225828101306627089155691,
    "12": 0.000025743300837572306133706434233199520607631720305047888680750324149264546026561669514983401326459937046457072361274422,
    "13": 0.00106600297210178792453867369829603395804559420302267665341457689562421157111178840636210018017613177093190893322520379
  },
  "setupType": "Multi Region Model Regional Bidder",
  "population": 0,
  "id": 3,
  "worldId": 907,
  "setup": {
    "exponentFactor": 1.25,
    "base": 2.0,
    "alphaInterval": {
      "minValue": 500.0,
      "maxValue": 840.0
    },
    "betaInterval": {
      "minValue": 0.04,
      "maxValue": 0.1
    },
    "setupName": "Multi Region Model Regional Bidder",
    "numberOfBidders": 4
  },
  "implementation": "org.spectrumauctions.sats.core.model.mrvm.MRVMRegionalBidder"
}