{
  "homeId": 10,
  "distanceDiscounts": {
    "0": 1,
    "1": 0.42045,
    "2": 0.17678,
    "3": 0.07433,
    "4": 0.03125,
    "5": 0.01314,
    "6": 0.00552,
    "7": 0.00232
  },
  "alpha": 717.981279016132020842633210122585296630859375,
  "beta": {
    "0": 0.0934940927599673676784419740215525962412357330322265625,
    "1": 0.0878444026087787099843495752793387509882450103759765625,
    "2": 0.06369603153057674937986831764646922238171100616455078125,
    "3": 0.0807876345753844316011083037665230222046375274658203125,
    "4": 0.05694411260070671165767208776742336340248584747314453125,
    "5": 0.0803269571671827165015855598539928905665874481201171875,
    "6": 0.0752153182653607921270833003291045315563678741455078125,
    "7": 0.07809050692185222353192131095056538470089435577392578125,
    "8": 0.07100264595824611058016984088681056164205074310302734375,
    "9": 0.06607937213052206271157729133847169578075408935546875,
    "10": 0.04671459363974868328472922485161689110100269317626953125,
    "11": 0.051171514042456657522794927217546501196920871734619140625,
    "12": 0.070297970909298401753773077871301211416721343994140625,
    "13": 0.092925654448527073014929555938579142093658447265625
  },
  "zLow": {
    "0": 0.000003578868044,
    "1": 0.000001846271615,
    "2": 0.000003606932615,
    "3": 0.000001277677253,
    "4": 5.321782445E-7,
    "5": 9.133054102E-7,
    "6": 0.00001203412198,
    "7": 2.185540820E-7,
    "8": 0.000003137479188,
    "9": 0.000002157096218,
    "10": 0.000001790325837,
    "11": 4.612117254E-7,
    "12": 5.568229010E-7,
    "13": 0.00001771422709
  },
  "zHigh": {
    "0": 0.0001408263433704233212239907777447089135251140344155804448082165618653266650643968483932078055831798425748659517307711,
    "1": 0.0000716066111347518490487938007664156694786553304227662674975404740796696505586606253138969776594430840218499938921284,
    "2": 0.00013118270779530989113246326911128450416504936459835049816090116710400909223714117224385227259174124842726234893942981,
    "3": 0.0000486523698617612005344821868524343506443334120552519329443302714290184094999966035792816117656059558793604395633705,
    "4": 0.00001899578911958516685160377556584622861514143559979673166636131417527290522618881787096902552040393818348637595190031,
    "5": 0.0000347354667598083046269692543924611205847612995069290686243133502573669337263512914295275740195204774296635721153282,
    "6": 0.0004515386905969499390414515381598180853351578622083817899567377170107906246811028482219617842849861039936934312217435,
    "7": 0.00000826332236406334460895340342613148427146613238573237146180161176944748894398417654376489379497967470319363016032005,
    "8": 0.00011640130802732268323908671612749093813073245924152973995389993598499907223993959765102942266942332867058744168434382,
    "9": 0.00007896684289399431475923141003735005537106683499613214095244887655361895505327943897339739879728999790477246717021,
    "10": 0.00006207320947249406990884293218902227818861647902058754743571739091222918874534807957702651359197422654993174426118385,
    "11": 0.000016196441987296300818785164766745143769462315740459479314518548783690185282995579070297629758686882809865003964100370,
    "12": 0.000020619039039399634620544181104359368641240517706471374820215477833792659983464266191882160669573908715553833586207,
    "13": 0.000696037427131872261974258827291125960770532144553384914940243844914225586738940350714744930590173572940073474202
  },
  "setupType": "Multi Region Model Regional Bidder",
  "population": 0,
  "id": 5,
  "worldId": 907,
  "setup": {
    "exponentFactor": 1.25,
    "base": 2.0,
    "alphaInterval": {
      "minValue": 500.0,
      "maxValue": 840.0
    },
    "betaInterval": {
      "minValue": 0.04,
      "maxValue": 0.1
    },
    "setupName": "Multi Region Model Regional Bidder",
    "numberOfBidders": 4
  },
  "implementation": "org.spectrumauctions.sats.core.model.mrvm.MRVMRegionalBidder"
}