{
  "regionsOfInterest": [
    6,
    10,
    11
  ],
  "alpha": 83.113040153895013872897834517061710357666015625,
  "beta": {
    "0": 0.07735957573968328671032423926590126939117908477783203125,
    "1": 0.114422247803713295066785349263227544724941253662109375,
    "2": 0.06328707686492164585789765851586707867681980133056640625,
    "3": 0.0739491881390669514306779319667839445173740386962890625,
    "4": 0.0908478665215495528872935437902924604713916778564453125,
    "5": 0.09801865362884405741272786372064729221165180206298828125,
    "6": 0.05607697603978019362802598379857954569160938262939453125,
    "7": 0.081992027280871238037462944703293032944202423095703125,
    "8": 0.05247584588569231822674510112847201526165008544921875,
    "9": 0.0705955381559979777694735503246192820370197296142578125,
    "10": 0.08971127034333521710340875188194331713020801544189453125,
    "11": 0.057510758909667093752293709485456929542124271392822265625,
    "12": 0.056219777786287873644344159629326895810663700103759765625,
    "13": 0.06824613496001745438501728813207591883838176727294921875
  },
  "zLow": {
    "0": 0.000004325295448,
    "1": 0.000001417422138,
    "2": 0.000003630240248,
    "3": 0.000001395830375,
    "4": 3.335732477E-7,
    "5": 7.484600313E-7,
    "6": 0.00001614121121,
    "7": 2.081543733E-7,
    "8": 0.000004245178334,
    "9": 0.000002019101595,
    "10": 9.322612822E-7,
    "11": 4.103736888E-7,
    "12": 6.962588904E-7,
    "13": 0.00002412013730
  },
  "zHigh": {
    "0": 0.00016321916551364855139214767999560582438796235875475211578912249191169984437985337408263490687218200370615319345527779,
    "1": 0.000058741126817405808389255041344339482410922861738854161262499961084531748578013385986381085141349095374839217433678,
    "2": 0.00013188193676647278180456240730163382468876885541781104258863991701351503974844636875411054001278902682818919540292263,
    "3": 0.0000521969635234259457445270586271772735575411668327599214883003399807375374754101417422245036720011840907787112005472,
    "4": 0.0000130376392153678014943515559371560398712216288382215573984533848709259378693389321517171984107675083889166341402437,
    "5": 0.00002979010539401647161862436674297750867074925200170771948943224176531327445574994234312801180737501622668422748974074,
    "6": 0.00057475136768463958835659333051218275068174420649774695753662197591758217156016317838168623935030656446988161027550791,
    "7": 0.000007951331102735392316151338725478032275775207682986213015028582496091098143513416934742664269773601067023601038078,
    "8": 0.00014963228238959306159164503885908176023708286099527536291369585220841121226982990537258752606020302259115859763423,
    "9": 0.0000748270042133474874883576913374151456792734797057824727416403783636846014754635758826944797871506600167013587666969,
    "10": 0.00003633127285573386509173958160096775680186214333485180793283518959346549575461223323856937928825441019342526573716686,
    "11": 0.000014671300891353527533057150897617001126571617285952063014252315344144580708691124517690482010414207668885075557505329,
    "12": 0.000024802118719282601074805030159014140318262027823178729068341210101756396301022540441549884331057996009153733978311482,
    "13": 0.00088821473338394009433001750127564655653588306163244246572206902057489397209265727137944536017431209999087542431542376
  },
  "setupType": "Multi Region Model Local Bidder",
  "population": 0,
  "id": 1,
  "worldId": 907,
  "setup": {
    "numberOfRegionsInterval": {
      "minValue": 3,
      "maxValue": 7
    },
    "alphaInterval": {
      "minValue": 60.0,
      "maxValue": 100.0
    },
    "betaInterval": {
      "minValue": 0.05,
      "maxValue": 0.12
    },
    "setupName": "Multi Region Model Local Bidder",
    "numberOfBidders": 3
  },
  "implementation": "org.spectrumauctions.sats.core.model.mrvm.MRVMLocalBidder"
}