{
  "homeId": 0,
  "distanceDiscounts": {
    "0": 1,
    "1": 0.42045,
    "2": 0.17678,
    "3": 0.07433,
    "4": 0.03125,
    "5": 0.01314,
    "6": 0.00552,
    "7": 0.00232
  },
  "alpha": 547.955384737089843838475644588470458984375,
  "beta": {
    "0": 0.061904622033014167215014822431840002536773681640625,
    "1": 0.069848164555412817211532683359109796583652496337890625,
    "2": 0.0960354218442241724940089397932752035558223724365234375,
    "3": 0.055023469053067021461433938611662597395479679107666015625,
    "4": 0.0919344788310031690858892261530854739248752593994140625,
    "5": 0.0768548226399649869744479246946866624057292938232421875,
    "6": 0.0665273442334957387789273752787266857922077178955078125,
    "7": 0.0646206431702820160989375608551199547946453094482421875,
    "8": 0.06954355601586963142590747111171367578208446502685546875,
    "9": 0.0757154179763939449987475427406025119125843048095703125,
    "10": 0.07884444859679308470479242032524780370295047760009765625,
    "11": 0.044160546055603842885428633735500625334680080413818359375,
    "12": 0.08950645893473112291172100185576709918677806854248046875,
    "13": 0.09561595661919593258648575329061714000999927520751953125
  },
  "zLow": {
    "0": 0.000005405137934,
    "1": 0.000002321959755,
    "2": 0.000002392318263,
    "3": 0.000001875936301,
    "4": 3.296306050E-7,
    "5": 9.545665717E-7,
    "6": 0.00001360568838,
    "7": 2.641106343E-7,
    "8": 0.000003203306485,
    "9": 0.000001882569859,
    "10": 0.000001060751206,
    "11": 5.344341135E-7,
    "12": 4.373262060E-7,
    "13": 0.00001721581004
  },
  "zHigh": {
    "0": 0.000195614440075541671536765263270970653114313605261358068238988792709408190038360194709513492596769370609314294416,
    "1": 0.000085877255336668012167410067620436173918064752495269166949991648865255590494758091203938029412391847126082120470087,
    "2": 0.0000947442772389283111134278711180757823371578849104459983493986656373474378383101085420008575822963779358758506553499,
    "3": 0.000066600141299876482653275274184593753968813482882447594193743401704080818877221009338118517655797436820232171409312638,
    "4": 0.0000129193599359645609684086983081981623337762854800656203060386208265432420208511873049067296849263753277227723189508,
    "5": 0.0000359733016045727975728181653536854152632555031941426274198386516197229699194579189727182099753380435547656345601396,
    "6": 0.0004986856827390415056867226832634027805445281829771030075530595843471918266269159328910837058132039249939098107534021,
    "7": 0.0000096300189312966496777103026378258968188885896096175077892719504894156276611955914799862660205381568904813028711955,
    "8": 0.00011837612694201888941189331292475601891825463607292085940501863100934772616971720904943131320503195077281295011374643,
    "9": 0.0000707310521125470505674591860614782000905550671886444678729438433884554782471692998562993428203948446393846141989945,
    "10": 0.00004018597056289909611353660731941849250778806717418091998262654627181578970827385315795566897820594004312243798394825,
    "11": 0.000018393113629856420363222671426785487032362481455887954839405592351106470779915943144130589264635328254723346750112604,
    "12": 0.00001703413818866863097235858430181181057774537857752473060499439370994805740289893388426192383541895151198434993969919,
    "13": 0.00068108491545819033175452509727711238565643204922433548380740569687199226870653828938639919113577100945103579186119968
  },
  "setupType": "Multi Region Model Regional Bidder",
  "population": 0,
  "id": 6,
  "worldId": 907,
  "setup": {
    "exponentFactor": 1.25,
    "base": 2.0,
    "alphaInterval": {
      "minValue": 500.0,
      "maxValue": 840.0
    },
    "betaInterval": {
      "minValue": 0.04,
      "maxValue": 0.1
    },
    "setupName": "Multi Region Model Regional Bidder",
    "numberOfBidders": 4
  },
  "implementation": "org.spectrumauctions.sats.core.model.mrvm.MRVMRegionalBidder"
}