{
  "homeId": 12,
  "distanceDiscounts": {
    "0": 1,
    "1": 0.42045,
    "2": 0.17678,
    "3": 0.07433,
    "4": 0.03125,
    "5": 0.01314,
    "6": 0.00552,
    "7": 0.00232
  },
  "alpha": 710.6320408250858235987834632396697998046875,
  "beta": {
    "0": 0.06400032395823991582251011323023703880608081817626953125,
    "1": 0.060891419456375626972910453105214401148259639739990234375,
    "2": 0.08908585454210767029525896987252053804695606231689453125,
    "3": 0.089852269069260526368481123427045531570911407470703125,
    "4": 0.06569119580934235091973505404894240200519561767578125,
    "5": 0.08848687951639089277477978612296283245086669921875,
    "6": 0.0470630324016073353643463406115188263356685638427734375,
    "7": 0.09508035372740641921751603149459697306156158447265625,
    "8": 0.09093827178575282499384258017016691155731678009033203125,
    "9": 0.0580217153952748143641571232365095056593418121337890625,
    "10": 0.0420001917018008874560308640866423957049846649169921875,
    "11": 0.06428439839615114614890245547940139658749103546142578125,
    "12": 0.0917945293346530688527451502523035742342472076416015625,
    "13": 0.0742766362085929277014884064556099474430084228515625
  },
  "zLow": {
    "0": 0.000005627844352,
    "1": 0.000002867133934,
    "2": 0.000002776106011,
    "3": 0.000001236606141,
    "4": 4.965845129E-7,
    "5": 8.924684226E-7,
    "6": 0.00002070309108,
    "7": 1.932238665E-7,
    "8": 0.000002636957213,
    "9": 0.000002644473707,
    "10": 0.000002143521157,
    "11": 3.952004363E-7,
    "12": 4.590261967E-7,
    "13": 0.00002385613048
  },
  "zHigh": {
    "0": 0.0002048537167193980038431913449678431855630773065359342466665903272534778651652615120722634884729036648225210105077798,
    "1": 0.00010347240352013705027528940496920159197089412631048154893873163739709740643095611419631176424270630280703328872022998,
    "2": 0.0001080143579348470540025934701301780691873932878525488400433523022349538836894857155544955044928493715948160365834642,
    "3": 0.00004820937097747158822090201754959346008736052852786934809986378159355480541633568347629605611636471099024528640605,
    "4": 0.0000181596584306410741803030056918786751737855608978092350915409523669415644270599681485106213864420078598060036442,
    "5": 0.0000346712272550042772214197010012758732348100309368299519891233591916982085454679357037302640957527134112670713,
    "6": 0.000718527756721541450792713025189374801235394580661913922520754893378343579209070192768374000872571888906166268653604,
    "7": 0.0000076338953499044893166072749810830717803315865774681669684698559642431168958178625060314004998311124857645383446,
    "8": 0.0001030887495509299465782308341046191505891587876421804045176230000874482227730607898725319440313390459341718070436387,
    "9": 0.000094677901257279678018768633357267304680182385431547057468088885308285764517151483906925256074296761610071347439985,
    "10": 0.000073308464631387954369219355968959046351762851165533328860514211333840735148676253980080903197515912516112300719347,
    "11": 0.0000143965353163854472971954181684933169471345885972466466452617749233801041191417466017909535712090919179918514719857,
    "12": 0.000017984395267822805542072054272608175840573432551966882564344377766678406257799397262200376065469408616464873054139,
    "13": 0.000892879226573832635359589221543818406505226483608490017291765192132311998609522046320404880696883229847737239983
  },
  "setupType": "Multi Region Model Regional Bidder",
  "population": 0,
  "id": 6,
  "worldId": 856,
  "setup": {
    "exponentFactor": 1.25,
    "base": 2.0,
    "alphaInterval": {
      "minValue": 500.0,
      "maxValue": 840.0
    },
    "betaInterval": {
      "minValue": 0.04,
      "maxValue": 0.1
    },
    "setupName": "Multi Region Model Regional Bidder",
    "numberOfBidders": 4
  },
  "implementation": "org.spectrumauctions.sats.core.model.mrvm.MRVMRegionalBidder"
}