{
  "bidderPosition": -1,
  "values": {
    "0": 7.88871282307812560219417719054035842418670654296875,
    "1": 2.55146597053252843778636815841309726238250732421875,
    "2": 4.024434199977417137006341363303363323211669921875,
    "3": 4.04585036521018270860849952441640198230743408203125,
    "4": 1.879183461721944947697693351074121892452239990234375,
    "5": 15.6608088089480101956496582715772092342376708984375,
    "6": 5.65174563309046362746812519617378711700439453125,
    "7": 17.0278553467348530148228746838867664337158203125,
    "8": 9.0263793840003483381906335125677287578582763671875,
    "9": 1.865812353938671730446685614879243075847625732421875,
    "10": 8.4775896570909043958863549050875008106231689453125,
    "11": 8.9532420399178871406320467940531671047210693359375
  },
  "setupType": "National Bidder Setup",
  "population": 0,
  "id": 6,
  "worldId": 570,
  "setup": {
    "lowNationalValueInterval": {
      "minValue": 0.0,
      "maxValue": 10.0
    },
    "highNationalValueInterval": {
      "minValue": 0.0,
      "maxValue": 20.0
    },
    "regionalValueInterval": {
      "minValue": 0.0,
      "maxValue": 0.0
    },
    "setupName": "National Bidder Setup",
    "numberOfBidders": 1
  },
  "implementation": "org.spectrumauctions.sats.core.model.gsvm.GSVMBidder"
}