{
  "bidderPosition": 0,
  "values": {
    "0": 2.95681302837632831170822100830264389514923095703125,
    "1": 17.04814999883893023024938884191215038299560546875,
    "2": 15.071886468677138992688924190588295459747314453125,
    "3": 9.53590170955732219226774759590625762939453125,
    "12": 10.4305920358494770283641628338955342769622802734375,
    "13": 9.23463013139416233343581552617251873016357421875
  },
  "setupType": "Regional Bidder Setup",
  "population": 0,
  "id": 0,
  "worldId": 570,
  "setup": {
    "lowNationalValueInterval": {
      "minValue": 0.0,
      "maxValue": 20.0
    },
    "highNationalValueInterval": {
      "minValue": 0.0,
      "maxValue": 40.0
    },
    "regionalValueInterval": {
      "minValue": 0.0,
      "maxValue": 20.0
    },
    "setupName": "Regional Bidder Setup",
    "numberOfBidders": 6
  },
  "implementation": "org.spectrumauctions.sats.core.model.gsvm.GSVMBidder"
}