{
  "bidderPosition": -1,
  "values": {
    "0": 3.436000931345597475541353560402058064937591552734375,
    "1": 9.1584345272790272929341881535947322845458984375,
    "2": 0.367000922913709448636154775158502161502838134765625,
    "3": 8.682882136220658964020913117565214633941650390625,
    "4": 3.72967470632861175516836738097481429576873779296875,
    "5": 9.701451898908540982802151120267808437347412109375,
    "6": 5.64023173715887793377987691201269626617431640625,
    "7": 10.34525012876887473112219595350325107574462890625,
    "8": 3.20757533597653132773075412842445075511932373046875,
    "9": 3.325469586725466886178992353961803019046783447265625,
    "10": 2.83191689766007836936978492303751409053802490234375,
    "11": 8.3324215204624021424706370453350245952606201171875
  },
  "setupType": "National Bidder Setup",
  "population": 0,
  "id": 6,
  "worldId": 879,
  "setup": {
    "lowNationalValueInterval": {
      "minValue": 0.0,
      "maxValue": 10.0
    },
    "highNationalValueInterval": {
      "minValue": 0.0,
      "maxValue": 20.0
    },
    "regionalValueInterval": {
      "minValue": 0.0,
      "maxValue": 0.0
    },
    "setupName": "National Bidder Setup",
    "numberOfBidders": 1
  },
  "implementation": "org.spectrumauctions.sats.core.model.gsvm.GSVMBidder"
}