{
  "bidderPosition": 2,
  "values": {
    "4": 4.3022864653324699446557133342139422893524169921875,
    "5": 22.4938960290146923171050730161368846893310546875,
    "6": 25.1040885600984182701722602359950542449951171875,
    "7": 31.682074819070212612359682680107653141021728515625,
    "14": 5.86915722566896835843408553046174347400665283203125,
    "15": 17.219307208117417218318223604001104831695556640625
  },
  "setupType": "Regional Bidder Setup",
  "population": 0,
  "id": 2,
  "worldId": 879,
  "setup": {
    "lowNationalValueInterval": {
      "minValue": 0.0,
      "maxValue": 20.0
    },
    "highNationalValueInterval": {
      "minValue": 0.0,
      "maxValue": 40.0
    },
    "regionalValueInterval": {
      "minValue": 0.0,
      "maxValue": 20.0
    },
    "setupName": "Regional Bidder Setup",
    "numberOfBidders": 6
  },
  "implementation": "org.spectrumauctions.sats.core.model.gsvm.GSVMBidder"
}