{
  "homeId": 4,
  "distanceDiscounts": {
    "0": 1,
    "1": 0.42045,
    "2": 0.17678,
    "3": 0.07433,
    "4": 0.03125,
    "5": 0.01314,
    "6": 0.00552,
    "7": 0.00232
  },
  "alpha": 653.40704508106909997877664864063262939453125,
  "beta": {
    "0": 0.064429957017498151738976730484864674508571624755859375,
    "1": 0.0841993194799564859120977189377299509942531585693359375,
    "2": 0.05876722991479364777145377729539177380502223968505859375,
    "3": 0.06448994111426743780501880110023193992674350738525390625,
    "4": 0.09370593542327808334047034577451995573937892913818359375,
    "5": 0.096340878930436912863655152250430546700954437255859375,
    "6": 0.0614282800406464046805155021502287127077579498291015625,
    "7": 0.06310267842007914740332097380814957432448863983154296875,
    "8": 0.05173155348874040881934632807315210811793804168701171875,
    "9": 0.052743991529297838682932564324801205657422542572021484375,
    "10": 0.07329081712045419638723586785999941639602184295654296875,
    "11": 0.0992175241378933370217652054634527303278446197509765625,
    "12": 0.044253353226061921399381304809139692224562168121337890625,
    "13": 0.0835884857902424727171819540672004222869873046875
  },
  "zLow": {
    "0": 0.000005540080585,
    "1": 0.000002054826562,
    "2": 0.000004170510800,
    "3": 0.000001707450574,
    "4": 3.449950880E-7,
    "5": 8.123455546E-7,
    "6": 0.00001571905441,
    "7": 2.885249916E-7,
    "8": 0.000004593819561,
    "9": 0.000002882945937,
    "10": 0.000001217332332,
    "11": 2.537548124E-7,
    "12": 9.435996262E-7,
    "13": 0.00002100803558
  },
  "zHigh": {
    "0": 0.00020189713293679027025029495702252161482612277895594205566386081133254010183497153259623489788938739786959344734083,
    "1": 0.000078946296676633941466922218919620312349412633039516549271849206806744803314914954524109718195651065953112624564975,
    "2": 0.0001496242606742230684227068425718653954779593941654480396827950711902323920206038945099273791810434370024595447976141,
    "3": 0.0000622348558962829415851840647636682740678539807522268137482176725413229562037608481438271487960280052447682664476469,
    "4": 0.0000135826613823705232200354406022946472281687945647774403687464817292241539305545785784008888542793560774003860741857,
    "5": 0.00003219657510809327801043132331287324985006447970103577090874287601594951648315202289000697237086437260680701337717,
    "6": 0.000568131079806482461115106794385103946613180372934463249317730711877985671062354701320878040559799150161041405569662,
    "7": 0.0000104764197221131559734173079852316683725524937488889058110172567030367736238575014908197518078592632760127973159797,
    "8": 0.0001615791290328351521886006123534844569701554008238441561358837369503394294426456059305232762988028565350999798113647,
    "9": 0.00010169418569430920001847768872236367378203348416191156725484220397191575787789550601774861522164741040769690503824768,
    "10": 0.0000454418980764062882650605189419696466797122969132192594711538506836541130967193560382683574201804703068975345103074,
    "11": 0.000010130336793453188643883196010333773653092493271730710569990400942088422011499388601058885474510638626299178463812,
    "12": 0.00003248373353942929287324065513457607051420456315896857053973024867892826675143068885039933105767696405729347994906240,
    "13": 0.000805844055704290712598503748033555850572891262481024036653098762900743723266243924413010346076016574078839517
  },
  "setupType": "Multi Region Model Regional Bidder",
  "population": 0,
  "id": 3,
  "worldId": 250,
  "setup": {
    "exponentFactor": 1.25,
    "base": 2.0,
    "alphaInterval": {
      "minValue": 500.0,
      "maxValue": 840.0
    },
    "betaInterval": {
      "minValue": 0.04,
      "maxValue": 0.1
    },
    "setupName": "Multi Region Model Regional Bidder",
    "numberOfBidders": 4
  },
  "implementation": "org.spectrumauctions.sats.core.model.mrvm.MRVMRegionalBidder"
}