{
  "bidderPosition": 5,
  "values": {
    "0": 8.238826413576756380052756867371499538421630859375,
    "1": 2.036225641917377426892699077143333852291107177734375,
    "17": 19.400183742241498663361198850907385349273681640625,
    "10": 14.76777351429843321284351986832916736602783203125,
    "11": 2.741849285141266800991388663533143699169158935546875,
    "12": 10.5574498710222304254102709819562733173370361328125
  },
  "setupType": "Regional Bidder Setup",
  "population": 0,
  "id": 5,
  "worldId": 674,
  "setup": {
    "lowNationalValueInterval": {
      "minValue": 0.0,
      "maxValue": 20.0
    },
    "highNationalValueInterval": {
      "minValue": 0.0,
      "maxValue": 40.0
    },
    "regionalValueInterval": {
      "minValue": 0.0,
      "maxValue": 20.0
    },
    "setupName": "Regional Bidder Setup",
    "numberOfBidders": 6
  },
  "implementation": "org.spectrumauctions.sats.core.model.gsvm.GSVMBidder"
}