{
  "bidderPosition": 3,
  "values": {
    "16": 14.301247690031633652552045532502233982086181640625,
    "6": 32.6943652549095276071966509334743022918701171875,
    "7": 15.5280566892270286416533053852617740631103515625,
    "8": 7.67288629893617013522089109756052494049072265625,
    "9": 3.310259049624526550559266979689709842205047607421875,
    "15": 16.76909031785936576852691359817981719970703125
  },
  "setupType": "Regional Bidder Setup",
  "population": 0,
  "id": 3,
  "worldId": 674,
  "setup": {
    "lowNationalValueInterval": {
      "minValue": 0.0,
      "maxValue": 20.0
    },
    "highNationalValueInterval": {
      "minValue": 0.0,
      "maxValue": 40.0
    },
    "regionalValueInterval": {
      "minValue": 0.0,
      "maxValue": 20.0
    },
    "setupName": "Regional Bidder Setup",
    "numberOfBidders": 6
  },
  "implementation": "org.spectrumauctions.sats.core.model.gsvm.GSVMBidder"
}