{
  "bidderPosition": 2,
  "values": {
    "4": 29.854730439647806150560427340678870677947998046875,
    "5": 22.20538397243500838840191136114299297332763671875,
    "6": 36.4776814586237350113151478581130504608154296875,
    "7": 2.1149669678029159314291973714716732501983642578125,
    "14": 14.88164537898220629585921415127813816070556640625,
    "15": 11.1122008753599761377017784980125725269317626953125
  },
  "setupType": "Regional Bidder Setup",
  "population": 0,
  "id": 2,
  "worldId": 674,
  "setup": {
    "lowNationalValueInterval": {
      "minValue": 0.0,
      "maxValue": 20.0
    },
    "highNationalValueInterval": {
      "minValue": 0.0,
      "maxValue": 40.0
    },
    "regionalValueInterval": {
      "minValue": 0.0,
      "maxValue": 20.0
    },
    "setupName": "Regional Bidder Setup",
    "numberOfBidders": 6
  },
  "implementation": "org.spectrumauctions.sats.core.model.gsvm.GSVMBidder"
}