{
  "bidderPosition": 1,
  "values": {
    "2": 18.05663284380545263729800353758037090301513671875,
    "3": 16.531969473641463963531350600533187389373779296875,
    "4": 6.99584896201045136621132769505493342876434326171875,
    "5": 19.49472481858061456705399905331432819366455078125,
    "13": 1.2222267488590699002770634251646697521209716796875,
    "14": 12.947807588819618018760593258775770664215087890625
  },
  "setupType": "Regional Bidder Setup",
  "population": 0,
  "id": 1,
  "worldId": 674,
  "setup": {
    "lowNationalValueInterval": {
      "minValue": 0.0,
      "maxValue": 20.0
    },
    "highNationalValueInterval": {
      "minValue": 0.0,
      "maxValue": 40.0
    },
    "regionalValueInterval": {
      "minValue": 0.0,
      "maxValue": 20.0
    },
    "setupName": "Regional Bidder Setup",
    "numberOfBidders": 6
  },
  "implementation": "org.spectrumauctions.sats.core.model.gsvm.GSVMBidder"
}