{
  "bidderPosition": 4,
  "values": {
    "16": 7.4281295520517431896223570220172405242919921875,
    "17": 7.7463947070430645425176408025436103343963623046875,
    "8": 11.41432327434844040681127808056771755218505859375,
    "9": 18.371489001951029962356187752448022365570068359375,
    "10": 9.296587571805588368079042993485927581787109375,
    "11": 6.52084994855847366324042013729922473430633544921875
  },
  "setupType": "Regional Bidder Setup",
  "population": 0,
  "id": 4,
  "worldId": 674,
  "setup": {
    "lowNationalValueInterval": {
      "minValue": 0.0,
      "maxValue": 20.0
    },
    "highNationalValueInterval": {
      "minValue": 0.0,
      "maxValue": 40.0
    },
    "regionalValueInterval": {
      "minValue": 0.0,
      "maxValue": 20.0
    },
    "setupName": "Regional Bidder Setup",
    "numberOfBidders": 6
  },
  "implementation": "org.spectrumauctions.sats.core.model.gsvm.GSVMBidder"
}