{
  "bidderPosition": 0,
  "values": {
    "0": 9.0508608674950270511772032477892935276031494140625,
    "1": 8.0777550391452042077844453160651028156280517578125,
    "2": 8.652176234591568260157146141864359378814697265625,
    "3": 7.3888635785848322257152176462113857269287109375,
    "12": 11.4277080893326736799053833237849175930023193359375,
    "13": 18.638598343334734863674384541809558868408203125
  },
  "setupType": "Regional Bidder Setup",
  "population": 0,
  "id": 0,
  "worldId": 674,
  "setup": {
    "lowNationalValueInterval": {
      "minValue": 0.0,
      "maxValue": 20.0
    },
    "highNationalValueInterval": {
      "minValue": 0.0,
      "maxValue": 40.0
    },
    "regionalValueInterval": {
      "minValue": 0.0,
      "maxValue": 20.0
    },
    "setupName": "Regional Bidder Setup",
    "numberOfBidders": 6
  },
  "implementation": "org.spectrumauctions.sats.core.model.gsvm.GSVMBidder"
}