{
  "bidderPosition": -1,
  "values": {
    "0": 9.8571057319861239420788479037582874298095703125,
    "1": 0.3851800157600615559516654684557579457759857177734375,
    "2": 0.2331457371274014978013155996450223028659820556640625,
    "3": 8.4422529388054439181132693192921578884124755859375,
    "4": 17.367874609545904007745775743387639522552490234375,
    "5": 13.62668215766924362242207280360162258148193359375,
    "6": 17.991446708552135902436930336989462375640869140625,
    "7": 17.492780513677988807330621057190001010894775390625,
    "8": 3.12172234140288740178448279039002954959869384765625,
    "9": 9.61172415663045143219278543256223201751708984375,
    "10": 7.44414960535865066759697583620436489582061767578125,
    "11": 3.371798517932484973158580032759346067905426025390625
  },
  "setupType": "National Bidder Setup",
  "population": 0,
  "id": 6,
  "worldId": 674,
  "setup": {
    "lowNationalValueInterval": {
      "minValue": 0.0,
      "maxValue": 10.0
    },
    "highNationalValueInterval": {
      "minValue": 0.0,
      "maxValue": 20.0
    },
    "regionalValueInterval": {
      "minValue": 0.0,
      "maxValue": 0.0
    },
    "setupName": "National Bidder Setup",
    "numberOfBidders": 1
  },
  "implementation": "org.spectrumauctions.sats.core.model.gsvm.GSVMBidder"
}