{
  "bidderPosition": -1,
  "values": {
    "0": 3.651064090862015110161564734880812466144561767578125,
    "1": 9.718947948224187172172605642117559909820556640625,
    "2": 9.729014012818506529356454848311841487884521484375,
    "3": 3.549000374935722401659177194233052432537078857421875,
    "4": 2.5217339609606614914127931115217506885528564453125,
    "5": 7.962431115160580219480834784917533397674560546875,
    "6": 10.704961252272244820460400660522282123565673828125,
    "7": 8.2655844549357500028463618946261703968048095703125,
    "8": 8.81772226644733336797798983752727508544921875,
    "9": 2.839212960967177679094675113447010517120361328125,
    "10": 3.510072714853688324865288450382649898529052734375,
    "11": 4.37114118420053454627804967458359897136688232421875
  },
  "setupType": "National Bidder Setup",
  "population": 0,
  "id": 6,
  "worldId": 579,
  "setup": {
    "lowNationalValueInterval": {
      "minValue": 0.0,
      "maxValue": 10.0
    },
    "highNationalValueInterval": {
      "minValue": 0.0,
      "maxValue": 20.0
    },
    "regionalValueInterval": {
      "minValue": 0.0,
      "maxValue": 0.0
    },
    "setupName": "National Bidder Setup",
    "numberOfBidders": 1
  },
  "implementation": "org.spectrumauctions.sats.core.model.gsvm.GSVMBidder"
}