{
  "bidderPosition": -1,
  "values": {
    "0": 7.4386826946410593563996371813118457794189453125,
    "1": 0.769206418642049971623464443837292492389678955078125,
    "2": 4.9577183557446797834700191742740571498870849609375,
    "3": 4.3788313972539025797914291615597903728485107421875,
    "4": 0.41342779372464999454450662597082555294036865234375,
    "5": 11.165348852029371329308560234494507312774658203125,
    "6": 13.73973559732741023253765888512134552001953125,
    "7": 18.77008059997213962333262315951287746429443359375,
    "8": 3.41867823898415412742224361863918602466583251953125,
    "9": 9.1975911002288608386834312113933265209197998046875,
    "10": 7.3381001680753055183004107675515115261077880859375,
    "11": 8.9023368705940892908756723045371472835540771484375
  },
  "setupType": "National Bidder Setup",
  "population": 0,
  "id": 6,
  "worldId": 862,
  "setup": {
    "lowNationalValueInterval": {
      "minValue": 0.0,
      "maxValue": 10.0
    },
    "highNationalValueInterval": {
      "minValue": 0.0,
      "maxValue": 20.0
    },
    "regionalValueInterval": {
      "minValue": 0.0,
      "maxValue": 0.0
    },
    "setupName": "National Bidder Setup",
    "numberOfBidders": 1
  },
  "implementation": "org.spectrumauctions.sats.core.model.gsvm.GSVMBidder"
}