{
  "bidderPosition": 5,
  "values": {
    "0": 17.778742199239911059294172446243464946746826171875,
    "1": 19.225169911476523765259116771630942821502685546875,
    "17": 11.98300375598024203327440773136913776397705078125,
    "10": 11.105500802868863985395364579744637012481689453125,
    "11": 2.143660188647851239096553399576805531978607177734375,
    "12": 19.65798657951098249441201915033161640167236328125
  },
  "setupType": "Regional Bidder Setup",
  "population": 0,
  "id": 5,
  "worldId": 862,
  "setup": {
    "lowNationalValueInterval": {
      "minValue": 0.0,
      "maxValue": 20.0
    },
    "highNationalValueInterval": {
      "minValue": 0.0,
      "maxValue": 40.0
    },
    "regionalValueInterval": {
      "minValue": 0.0,
      "maxValue": 20.0
    },
    "setupName": "Regional Bidder Setup",
    "numberOfBidders": 6
  },
  "implementation": "org.spectrumauctions.sats.core.model.gsvm.GSVMBidder"
}