{
  "bidderPosition": 2,
  "values": {
    "4": 34.329639801468687210217467509210109710693359375,
    "5": 4.9263718459292160645190961076878011226654052734375,
    "6": 26.898474150147791306153521873056888580322265625,
    "7": 38.0791674669147965914817177690565586090087890625,
    "14": 6.531009903579853670407828758470714092254638671875,
    "15": 3.07440360549450009131078331847675144672393798828125
  },
  "setupType": "Regional Bidder Setup",
  "population": 0,
  "id": 2,
  "worldId": 886,
  "setup": {
    "lowNationalValueInterval": {
      "minValue": 0.0,
      "maxValue": 20.0
    },
    "highNationalValueInterval": {
      "minValue": 0.0,
      "maxValue": 40.0
    },
    "regionalValueInterval": {
      "minValue": 0.0,
      "maxValue": 20.0
    },
    "setupName": "Regional Bidder Setup",
    "numberOfBidders": 6
  },
  "implementation": "org.spectrumauctions.sats.core.model.gsvm.GSVMBidder"
}