{
  "bidderPosition": 3,
  "values": {
    "16": 15.64321916073665619251187308691442012786865234375,
    "6": 0.81461490664799018901476301834918558597564697265625,
    "7": 28.159311679450826915172001463361084461212158203125,
    "8": 16.4173658237878470345094683580100536346435546875,
    "9": 4.605374311502739459456279291771352291107177734375,
    "15": 12.250229965858938641076747444458305835723876953125
  },
  "setupType": "Regional Bidder Setup",
  "population": 0,
  "id": 3,
  "worldId": 886,
  "setup": {
    "lowNationalValueInterval": {
      "minValue": 0.0,
      "maxValue": 20.0
    },
    "highNationalValueInterval": {
      "minValue": 0.0,
      "maxValue": 40.0
    },
    "regionalValueInterval": {
      "minValue": 0.0,
      "maxValue": 20.0
    },
    "setupName": "Regional Bidder Setup",
    "numberOfBidders": 6
  },
  "implementation": "org.spectrumauctions.sats.core.model.gsvm.GSVMBidder"
}