{
  "bidderPosition": 3,
  "values": {
    "16": 18.6958255582099326375100645236670970916748046875,
    "6": 35.86790561583988079519258462823927402496337890625,
    "7": 15.70345324641503026441569090820848941802978515625,
    "8": 8.0559917167789034664338032598607242107391357421875,
    "9": 18.6350458410363586381208733655512332916259765625,
    "15": 15.98818347960045826994246453978121280670166015625
  },
  "setupType": "Regional Bidder Setup",
  "population": 0,
  "id": 3,
  "worldId": 767,
  "setup": {
    "lowNationalValueInterval": {
      "minValue": 0.0,
      "maxValue": 20.0
    },
    "highNationalValueInterval": {
      "minValue": 0.0,
      "maxValue": 40.0
    },
    "regionalValueInterval": {
      "minValue": 0.0,
      "maxValue": 20.0
    },
    "setupName": "Regional Bidder Setup",
    "numberOfBidders": 6
  },
  "implementation": "org.spectrumauctions.sats.core.model.gsvm.GSVMBidder"
}