{
  "bidderPosition": 1,
  "values": {
    "2": 5.6569683860985957579714522580616176128387451171875,
    "3": 4.12840778918460049595751115703023970127105712890625,
    "4": 0.3198058248398805147871826193295419216156005859375,
    "5": 17.90311564402706068221959867514669895172119140625,
    "13": 3.844517887395555444385308874188922345638275146484375,
    "14": 0.832848818575058214008777213166467845439910888671875
  },
  "setupType": "Regional Bidder Setup",
  "population": 0,
  "id": 1,
  "worldId": 550,
  "setup": {
    "lowNationalValueInterval": {
      "minValue": 0.0,
      "maxValue": 20.0
    },
    "highNationalValueInterval": {
      "minValue": 0.0,
      "maxValue": 40.0
    },
    "regionalValueInterval": {
      "minValue": 0.0,
      "maxValue": 20.0
    },
    "setupName": "Regional Bidder Setup",
    "numberOfBidders": 6
  },
  "implementation": "org.spectrumauctions.sats.core.model.gsvm.GSVMBidder"
}