{
  "bidderPosition": 5,
  "values": {
    "0": 18.6217600615042329081916250288486480712890625,
    "1": 14.94894367873710194771774695254862308502197265625,
    "17": 11.9004323439916248617009841836988925933837890625,
    "10": 15.639685027236083669777144677937030792236328125,
    "11": 2.696612885507876367086055324762128293514251708984375,
    "12": 17.6236140317012228706516907550394535064697265625
  },
  "setupType": "Regional Bidder Setup",
  "population": 0,
  "id": 5,
  "worldId": 550,
  "setup": {
    "lowNationalValueInterval": {
      "minValue": 0.0,
      "maxValue": 20.0
    },
    "highNationalValueInterval": {
      "minValue": 0.0,
      "maxValue": 40.0
    },
    "regionalValueInterval": {
      "minValue": 0.0,
      "maxValue": 20.0
    },
    "setupName": "Regional Bidder Setup",
    "numberOfBidders": 6
  },
  "implementation": "org.spectrumauctions.sats.core.model.gsvm.GSVMBidder"
}