{
  "bidderPosition": -1,
  "values": {
    "0": 1.981018586095537603597449560766108334064483642578125,
    "1": 0.8245273510772122005363371499697677791118621826171875,
    "2": 2.0256896524790715119479500572197139263153076171875,
    "3": 9.6279701959971504265922703780233860015869140625,
    "4": 4.55681437615552464848178715328685939311981201171875,
    "5": 5.13792765897012504439089752850122749805450439453125,
    "6": 10.1713038969968909697172421147115528583526611328125,
    "7": 11.795392181575689249939387082122266292572021484375,
    "8": 6.35289652599762799667360013700090348720550537109375,
    "9": 3.0451012843143541175550126354210078716278076171875,
    "10": 9.84456922251689547920250333845615386962890625,
    "11": 1.3542696835954581846550581758492626249790191650390625
  },
  "setupType": "National Bidder Setup",
  "population": 0,
  "id": 6,
  "worldId": 918,
  "setup": {
    "lowNationalValueInterval": {
      "minValue": 0.0,
      "maxValue": 10.0
    },
    "highNationalValueInterval": {
      "minValue": 0.0,
      "maxValue": 20.0
    },
    "regionalValueInterval": {
      "minValue": 0.0,
      "maxValue": 0.0
    },
    "setupName": "National Bidder Setup",
    "numberOfBidders": 1
  },
  "implementation": "org.spectrumauctions.sats.core.model.gsvm.GSVMBidder"
}