{
  "bidderPosition": 0,
  "values": {
    "0": 4.4648224108680185651110150502063333988189697265625,
    "1": 10.41765723763245432564872317016124725341796875,
    "2": 16.67872028267228046161108068190515041351318359375,
    "3": 16.7068287589954564964500605128705501556396484375,
    "12": 17.721993475130194184430365567095577716827392578125,
    "13": 9.9383646701116479249549229280091822147369384765625
  },
  "setupType": "Regional Bidder Setup",
  "population": 0,
  "id": 0,
  "worldId": 918,
  "setup": {
    "lowNationalValueInterval": {
      "minValue": 0.0,
      "maxValue": 20.0
    },
    "highNationalValueInterval": {
      "minValue": 0.0,
      "maxValue": 40.0
    },
    "regionalValueInterval": {
      "minValue": 0.0,
      "maxValue": 20.0
    },
    "setupName": "Regional Bidder Setup",
    "numberOfBidders": 6
  },
  "implementation": "org.spectrumauctions.sats.core.model.gsvm.GSVMBidder"
}