{
  "bidderPosition": 5,
  "values": {
    "0": 15.8973275977836063788117826334200799465179443359375,
    "1": 13.2455866460130149420137968263588845729827880859375,
    "17": 2.994648302889466595644307744805701076984405517578125,
    "10": 10.28402429373710447180201299488544464111328125,
    "11": 8.483875539590311376514364383183419704437255859375,
    "12": 4.69483923796623958679674615268595516681671142578125
  },
  "setupType": "Regional Bidder Setup",
  "population": 0,
  "id": 5,
  "worldId": 816,
  "setup": {
    "lowNationalValueInterval": {
      "minValue": 0.0,
      "maxValue": 20.0
    },
    "highNationalValueInterval": {
      "minValue": 0.0,
      "maxValue": 40.0
    },
    "regionalValueInterval": {
      "minValue": 0.0,
      "maxValue": 20.0
    },
    "setupName": "Regional Bidder Setup",
    "numberOfBidders": 6
  },
  "implementation": "org.spectrumauctions.sats.core.model.gsvm.GSVMBidder"
}