{
  "bidderPosition": 1,
  "values": {
    "2": 14.7313373247168382107474826625548303127288818359375,
    "3": 13.433763893513940956836449913680553436279296875,
    "4": 7.39811652694539301222675931057892739772796630859375,
    "5": 36.7860622908147689713587169535458087921142578125,
    "13": 17.0868594798637758458426105789840221405029296875,
    "14": 4.40159090244195194685516980825923383235931396484375
  },
  "setupType": "Regional Bidder Setup",
  "population": 0,
  "id": 1,
  "worldId": 668,
  "setup": {
    "lowNationalValueInterval": {
      "minValue": 0.0,
      "maxValue": 20.0
    },
    "highNationalValueInterval": {
      "minValue": 0.0,
      "maxValue": 40.0
    },
    "regionalValueInterval": {
      "minValue": 0.0,
      "maxValue": 20.0
    },
    "setupName": "Regional Bidder Setup",
    "numberOfBidders": 6
  },
  "implementation": "org.spectrumauctions.sats.core.model.gsvm.GSVMBidder"
}