{
  "bidderPosition": 5,
  "values": {
    "0": 8.543898749845734386099138646386563777923583984375,
    "1": 4.4855557141115003361164781381376087665557861328125,
    "17": 19.408298014698278421974464436061680316925048828125,
    "10": 9.5467836089836026758348452858626842498779296875,
    "11": 4.83414304924721260903197617153637111186981201171875,
    "12": 7.099064009394606244995884480886161327362060546875
  },
  "setupType": "Regional Bidder Setup",
  "population": 0,
  "id": 5,
  "worldId": 334,
  "setup": {
    "lowNationalValueInterval": {
      "minValue": 0.0,
      "maxValue": 20.0
    },
    "highNationalValueInterval": {
      "minValue": 0.0,
      "maxValue": 40.0
    },
    "regionalValueInterval": {
      "minValue": 0.0,
      "maxValue": 20.0
    },
    "setupName": "Regional Bidder Setup",
    "numberOfBidders": 6
  },
  "implementation": "org.spectrumauctions.sats.core.model.gsvm.GSVMBidder"
}