{
  "bidderPosition": 0,
  "values": {
    "0": 6.1850298292759990914646550663746893405914306640625,
    "1": 8.175053180325331680933231837116181850433349609375,
    "2": 19.47159796697001610255028936080634593963623046875,
    "3": 13.5172638371418702973869585548527538776397705078125,
    "12": 15.1741157328583842200941944611258804798126220703125,
    "13": 10.51840163580201448212392278946936130523681640625
  },
  "setupType": "Regional Bidder Setup",
  "population": 0,
  "id": 0,
  "worldId": 334,
  "setup": {
    "lowNationalValueInterval": {
      "minValue": 0.0,
      "maxValue": 20.0
    },
    "highNationalValueInterval": {
      "minValue": 0.0,
      "maxValue": 40.0
    },
    "regionalValueInterval": {
      "minValue": 0.0,
      "maxValue": 20.0
    },
    "setupName": "Regional Bidder Setup",
    "numberOfBidders": 6
  },
  "implementation": "org.spectrumauctions.sats.core.model.gsvm.GSVMBidder"
}