{
  "bidderPosition": 4,
  "values": {
    "16": 0.60938921259175771183436154387891292572021484375,
    "17": 15.162114515841064843471031053923070430755615234375,
    "8": 8.7960906272987511300698315608315169811248779296875,
    "9": 11.4272631962578490316673196502961218357086181640625,
    "10": 17.412293735420657725398996262811124324798583984375,
    "11": 10.4197635566958552999494713731110095977783203125
  },
  "setupType": "Regional Bidder Setup",
  "population": 0,
  "id": 4,
  "worldId": 377,
  "setup": {
    "lowNationalValueInterval": {
      "minValue": 0.0,
      "maxValue": 20.0
    },
    "highNationalValueInterval": {
      "minValue": 0.0,
      "maxValue": 40.0
    },
    "regionalValueInterval": {
      "minValue": 0.0,
      "maxValue": 20.0
    },
    "setupName": "Regional Bidder Setup",
    "numberOfBidders": 6
  },
  "implementation": "org.spectrumauctions.sats.core.model.gsvm.GSVMBidder"
}