{
  "bidderPosition": 0,
  "values": {
    "0": 4.77583002655645127987327214214019477367401123046875,
    "1": 2.90338562683218892601644256501458585262298583984375,
    "2": 1.822474980956110268692782483412884175777435302734375,
    "3": 4.27424354435544717745187881519086658954620361328125,
    "12": 7.1491041919393811809868566342629492282867431640625,
    "13": 9.324074252098650816833469434641301631927490234375
  },
  "setupType": "Regional Bidder Setup",
  "population": 0,
  "id": 0,
  "worldId": 377,
  "setup": {
    "lowNationalValueInterval": {
      "minValue": 0.0,
      "maxValue": 20.0
    },
    "highNationalValueInterval": {
      "minValue": 0.0,
      "maxValue": 40.0
    },
    "regionalValueInterval": {
      "minValue": 0.0,
      "maxValue": 20.0
    },
    "setupName": "Regional Bidder Setup",
    "numberOfBidders": 6
  },
  "implementation": "org.spectrumauctions.sats.core.model.gsvm.GSVMBidder"
}