{
  "bidderPosition": 4,
  "values": {
    "16": 5.9259688813864190848335056216455996036529541015625,
    "17": 12.81731756100972319245556718669831752777099609375,
    "8": 14.5314194429405887376560713164508342742919921875,
    "9": 19.1501486488173640054810675792396068572998046875,
    "10": 16.007234350736922579017118550837039947509765625,
    "11": 9.9893659565131631694612224237062036991119384765625
  },
  "setupType": "Regional Bidder Setup",
  "population": 0,
  "id": 4,
  "worldId": 937,
  "setup": {
    "lowNationalValueInterval": {
      "minValue": 0.0,
      "maxValue": 20.0
    },
    "highNationalValueInterval": {
      "minValue": 0.0,
      "maxValue": 40.0
    },
    "regionalValueInterval": {
      "minValue": 0.0,
      "maxValue": 20.0
    },
    "setupName": "Regional Bidder Setup",
    "numberOfBidders": 6
  },
  "implementation": "org.spectrumauctions.sats.core.model.gsvm.GSVMBidder"
}