{
  "bidderPosition": 3,
  "values": {
    "16": 11.89638198561910797934615402482450008392333984375,
    "6": 21.833879500893932146254883264191448688507080078125,
    "7": 38.30063891253190178076692973263561725616455078125,
    "8": 8.30135949793216099124038009904325008392333984375,
    "9": 11.3422634280604857082153102965094149112701416015625,
    "15": 4.0100640522956592093350991490297019481658935546875
  },
  "setupType": "Regional Bidder Setup",
  "population": 0,
  "id": 3,
  "worldId": 937,
  "setup": {
    "lowNationalValueInterval": {
      "minValue": 0.0,
      "maxValue": 20.0
    },
    "highNationalValueInterval": {
      "minValue": 0.0,
      "maxValue": 40.0
    },
    "regionalValueInterval": {
      "minValue": 0.0,
      "maxValue": 20.0
    },
    "setupName": "Regional Bidder Setup",
    "numberOfBidders": 6
  },
  "implementation": "org.spectrumauctions.sats.core.model.gsvm.GSVMBidder"
}