{
  "gammaValues": {
    "1": 0.95772,
    "2": 0.83089
  },
  "alpha": 1039.76235727293897070921957492828369140625,
  "beta": {
    "0": 0.1908558154846657917147467742324806749820709228515625,
    "1": 0.0949503237101280983534223878450575284659862518310546875,
    "2": 0.1847036849382807377484283506419160403311252593994140625,
    "3": 0.1801428350258744703893398764193989336490631103515625,
    "4": 0.1368366144768114744945108895990415476262569427490234375,
    "5": 0.09218995862302760413431457209298969246447086334228515625,
    "6": 0.158218553797111416425735797020024619996547698974609375,
    "7": 0.13006241480331592885733016373706050217151641845703125,
    "8": 0.138463366166528489831222259454079903662204742431640625,
    "9": 0.203356381710956046759974924498237669467926025390625,
    "10": 0.1589083692398775837784086206738720647990703582763671875,
    "11": 0.10784755288263447869923083999310620129108428955078125,
    "12": 0.11404248990043179545761375948131899349391460418701171875,
    "13": 0.08921510999324271107280281967177870683372020721435546875
  },
  "zLow": {
    "0": 0.000001887204018,
    "1": 0.000001838686254,
    "2": 0.000001338965037,
    "3": 6.167987067E-7,
    "4": 2.383954806E-7,
    "5": 8.566198202E-7,
    "6": 0.000006158255290,
    "7": 1.412536712E-7,
    "8": 0.000001731868424,
    "9": 7.545221815E-7,
    "10": 5.665422149E-7,
    "11": 2.355660524E-7,
    "12": 3.694771459E-7,
    "13": 0.00001986158090
  },
  "zHigh": {
    "0": 0.000092634506686075212474002751537913065393715166246377220155916701274213035623002804362621114040449520750660192427,
    "1": 0.000072618973118626298794727503170572038631604410841224203641238721617607740809808352146855336042166060977369778143426,
    "2": 0.000064900128716667461638727773434389970932528471906046807463196526768887172647859210747560663203593627722356385969263,
    "3": 0.000029615147965787987205712091525822549943308686936211084276699276910932947739561381111388487410091630983478179411,
    "4": 0.000010413987463395891241320173798350270766768730460011586629135337854501332686656618718725947160488649315544834577399,
    "5": 0.0000335957691839830569874964069317240058075705359895945589846215982737991728339156940152413853361202058340335416540820,
    "6": 0.00028218268328810522403413897969542418451164439553594018913160941206600105654293612908087696722944120419618976852847,
    "7": 0.0000060747894912792848120896918102661044472959813292071912895991182427454559576270255384204984239770204437274255730,
    "8": 0.00007593608587930077162966666638051685327721207073198156197224715829131453687470377310485473351064038632491873777989,
    "9": 0.00003797935551872961097041105806085579040834600588331285529731995851692187279381099759984689188300536032341247193,
    "10": 0.000025999096394266945683433650681216814309028655370787837635728272085438576998095242904529472602214153186554921945896,
    "11": 0.0000096075038000035109370046782261744108392331442317791497017698820679552424669033708920783726302859164366757270794,
    "12": 0.0000152979237436087201064901618599353362805365743910078271757307169335199126969561101416252271431579843007751118070869,
    "13": 0.0007730427393436423759381900770692199630771399252433788462655483618965587330014290974869533797711025610364321410251272
  },
  "setupType": "Multi Region Model National Bidder",
  "population": 0,
  "id": 7,
  "worldId": 1163,
  "setup": {
    "bInterval": {
      "minValue": 0.1,
      "maxValue": 0.3
    },
    "kMax": 2.0,
    "alphaInterval": {
      "minValue": 700.0,
      "maxValue": 1200.0
    },
    "betaInterval": {
      "minValue": 0.08,
      "maxValue": 0.22
    },
    "setupName": "Multi Region Model National Bidder",
    "numberOfBidders": 3
  },
  "implementation": "org.spectrumauctions.sats.core.model.mrvm.MRVMNationalBidder"
}