{
  "gammaValues": {
    "1": 0.96457,
    "2": 0.85827
  },
  "alpha": 823.583161019992303408798761665821075439453125,
  "beta": {
    "0": 0.1554402042841989128874047310091555118560791015625,
    "1": 0.15813434923717561986222790437750518321990966796875,
    "2": 0.190077969224913434498347442058729939162731170654296875,
    "3": 0.1458173167369170297735792019011569209396839141845703125,
    "4": 0.1019751492742488607756712326590786688029766082763671875,
    "5": 0.1329966842072714261480115283120539970695972442626953125,
    "6": 0.10532903002155803717787563300589681603014469146728515625,
    "7": 0.1929855426269982132669866814467241056263446807861328125,
    "8": 0.12803498567332660673656619110261090099811553955078125,
    "9": 0.1582442603242519840733848468516953289508819580078125,
    "10": 0.195745964079095891019477448935504071414470672607421875,
    "11": 0.178342999341110919342412444166257046163082122802734375,
    "12": 0.1204502396501258287830893323189229704439640045166015625,
    "13": 0.119698000225331668833206322233309037983417510986328125
  },
  "zLow": {
    "0": 0.000001800992048,
    "1": 8.580819506E-7,
    "2": 0.000001011262533,
    "3": 5.922461537E-7,
    "4": 2.486319250E-7,
    "5": 4.615107578E-7,
    "6": 0.000007189818346,
    "7": 7.399079354E-8,
    "8": 0.000001455700483,
    "9": 7.536205883E-7,
    "10": 3.574679700E-7,
    "11": 1.107178992E-7,
    "12": 2.718926741E-7,
    "13": 0.00001150578456
  },
  "zHigh": {
    "0": 0.0000820244186160429577340131997200647951884666061575424410864502092848345352173270175931790262410425944456907199,
    "1": 0.00003931168160020044222134884773640571636383232449369676384103239377302920195712942610525829162248721113379260701,
    "2": 0.000049559748825361686955567725456014938125936399878807073103947714225343467718547678764338121632308968853680970811854,
    "3": 0.0000264033591073729360941063548311274810689189692400512576597441343863350611389354581272421879610238205051502542243883,
    "4": 0.0000099943855137902080718969541590431063954174890926992846058228547928439841997018175901795634636836868470869903430350,
    "5": 0.0000199832627822819050008779892441253724156052879430484885752984022078393791295484025263988272749915955827521506702172,
    "6": 0.00029142420960959146884606640204363173170170606828462672441912502112378158895271866398954755673821754588351720863035367,
    "7": 0.0000036476391502050560116245595362978781487919652047751867353374903958457452747263043426953746197730519039102028422314,
    "8": 0.00006230907349652935951668798917850727486067881182605987491654418586781917700729473371610300237455952633366340226436,
    "9": 0.0000345342309038063738423082388967313537638512685435766934258880638542542864431520768088413593581092798046635936281,
    "10": 0.000017721330339622907965832312173028223376534947644906691207563051870510505369920447347874087408008958357896372184136,
    "11": 0.000005296113195827484073057131832097829442226573083645056348676963477271228355500277159939467940675526473487162413941,
    "12": 0.0000114317339960502700571757407040327139568868972087357519917358003828456227750967348054746191228167062286425753724329,
    "13": 0.000482895476769869417154579567044418380351782314705705785307370632258576537845798200803145964617967159023644891026605
  },
  "setupType": "Multi Region Model National Bidder",
  "population": 0,
  "id": 8,
  "worldId": 574,
  "setup": {
    "bInterval": {
      "minValue": 0.1,
      "maxValue": 0.3
    },
    "kMax": 2.0,
    "alphaInterval": {
      "minValue": 700.0,
      "maxValue": 1200.0
    },
    "betaInterval": {
      "minValue": 0.08,
      "maxValue": 0.22
    },
    "setupName": "Multi Region Model National Bidder",
    "numberOfBidders": 3
  },
  "implementation": "org.spectrumauctions.sats.core.model.mrvm.MRVMNationalBidder"
}