{
  "homeId": 1,
  "distanceDiscounts": {
    "0": 1,
    "1": 0.42045,
    "2": 0.17678,
    "3": 0.07433,
    "4": 0.03125,
    "5": 0.01314,
    "6": 0.00552,
    "7": 0.00232
  },
  "alpha": 502.07068397820211202997597865760326385498046875,
  "beta": {
    "0": 0.0969701875847148453413382185317459516227245330810546875,
    "1": 0.07788702252128409941889231049572117626667022705078125,
    "2": 0.0960262260519548493942210143359261564910411834716796875,
    "3": 0.0966352819001468910098395781460567377507686614990234375,
    "4": 0.07903996364475300573371185919313575141131877899169921875,
    "5": 0.06017852221881499208411270274154958315193653106689453125,
    "6": 0.042456353570145315134976016224754857830703258514404296875,
    "7": 0.088756014971517915856935587726184166967868804931640625,
    "8": 0.04239446179029858485787229938068776391446590423583984375,
    "9": 0.050854940557396637046405629689616034738719463348388671875,
    "10": 0.05763435671927609471598685786375426687300205230712890625,
    "11": 0.0701529070049037584144713264322490431368350982666015625,
    "12": 0.0973917214095341987611931244828156195580959320068359375,
    "13": 0.07242318103361287950914260136414668522775173187255859375
  },
  "zLow": {
    "0": 0.000002886934416,
    "1": 0.000001742167392,
    "2": 0.000002001731573,
    "3": 8.936668190E-7,
    "4": 3.207779520E-7,
    "5": 0.000001019955264,
    "6": 0.00001783706157,
    "7": 1.608809662E-7,
    "8": 0.000004396342883,
    "9": 0.000002345025503,
    "10": 0.000001214083342,
    "11": 2.814674838E-7,
    "12": 3.362661351E-7,
    "13": 0.00001901627880
  },
  "zHigh": {
    "0": 0.0001146026896495040815235034197059810170469002235754617696121524802669263513790854788152936836241811824244746039422078,
    "1": 0.00006583424482247598258181299572349388314124604044632276678696419556158469546696124007117958367310950032473909328596,
    "2": 0.0000792738200407943317865574068477230645366733506292049622886446820133772573739042333734454697494868904648713284938876,
    "3": 0.0000354459790662468438815747829136789276197792406984044421038142191538635350962202356070833739477175771891290728009627,
    "4": 0.00001215876632397424456267568640093163720841832992981813869962411997277956156294123645643950010922558786958071598994343,
    "5": 0.00003673659796400634709047244687652279617820122675626086110927726242030531064549843977371224745919119386168035896594128,
    "6": 0.000610841506137733360499514954538910121387290953762437820903971936634365632961310821215088914246434079321004005474199899,
    "7": 0.000006254344328618653539676530072368115400867772766006955556133859450836601932475383694093397477135265170517878487933,
    "8": 0.00015052834551852200300532033089197602961262900781879812747529383161945116349567412848182831360801539634734894678541401,
    "9": 0.000082276378343074853270317894313223283565214921342087333568075842890276167473156716526816437571029784647092901177891665,
    "10": 0.00004341979149444152402627292152813657163059210355411540697953711917329552207738395561104064504073656519865801675931911,
    "11": 0.0000104186007348169431324931757514398771781726543630657629922205696925258138653698244958573150819254433676682177205707,
    "12": 0.0000133629378272900385214528309202699359113548740407360577350886807341285927926935444437010139596280915731863243812741,
    "13": 0.00070821030412804819069918947109670202218599662795400476152383286415848820697407926125545838515578415407096568897038618
  },
  "setupType": "Multi Region Model Regional Bidder",
  "population": 0,
  "id": 5,
  "worldId": 574,
  "setup": {
    "exponentFactor": 1.25,
    "base": 2.0,
    "alphaInterval": {
      "minValue": 500.0,
      "maxValue": 840.0
    },
    "betaInterval": {
      "minValue": 0.04,
      "maxValue": 0.1
    },
    "setupName": "Multi Region Model Regional Bidder",
    "numberOfBidders": 4
  },
  "implementation": "org.spectrumauctions.sats.core.model.mrvm.MRVMRegionalBidder"
}