{
  "gammaValues": {
    "1": 0.92347,
    "2": 0.69389
  },
  "alpha": 1099.724044098383956225006841123104095458984375,
  "beta": {
    "0": 0.207673382387617511124489055873709730803966522216796875,
    "1": 0.09388324663554693805256334826481179334223270416259765625,
    "2": 0.1287555235553012600302480450409348122775554656982421875,
    "3": 0.1905904647465831158736904171746573410928249359130859375,
    "4": 0.11570047079392538347253349684251588769257068634033203125,
    "5": 0.213168781830930853526950841114739887416362762451171875,
    "6": 0.09663237051044759606810430341283790767192840576171875,
    "7": 0.14267324265940828365017978285322897136211395263671875,
    "8": 0.13902708950716924363177895429544150829315185546875,
    "9": 0.13388631783611637526831827926798723638057708740234375,
    "10": 0.10211261174992357358970451741697615943849086761474609375,
    "11": 0.1866203529557141915784512775644543580710887908935546875,
    "12": 0.08492048253806673552279704608736210502684116363525390625,
    "13": 0.1852549553003274007689782365559949539601802825927734375
  },
  "zLow": {
    "0": 0.000001348013735,
    "1": 0.000001445329553,
    "2": 0.000001492896951,
    "3": 4.531168183E-7,
    "4": 2.191372039E-7,
    "5": 2.879380366E-7,
    "6": 0.000007836883111,
    "7": 1.000829110E-7,
    "8": 0.000001340606288,
    "9": 8.907268083E-7,
    "10": 6.852524014E-7,
    "11": 1.058071208E-7,
    "12": 3.856494543E-7,
    "13": 0.000007434183878
  },
  "zHigh": {
    "0": 0.000068435069228037488832973268798602142368299660216942567534310988610549030285886811269225885277827100691389288007845,
    "1": 0.00005692910965698543794131671546657287551585253201230116336576847958102315883058058046090440431530099927402656069524731,
    "2": 0.0000640087813774068634889659584685983661325310081170170919788637723127151507667282314361669134930204274803124547841338,
    "3": 0.0000222294790450057465258011809737600810909438364729157826014923916538893707977059461428209368920480478642677887383065,
    "4": 0.00000910954388273262706999921004636380593872387985008972361741379948736836634120998790844857283876847456641132554888386,
    "5": 0.000014776081148284916308475252359065798938973461749984507147971621050998906912027285088177422766571026336711461907899,
    "6": 0.00031083615255449946504445629103299162802753611621907185211193514068016961119332828588293576804459271975449467941302,
    "7": 0.00000443040267263575300708528968309088063551320658741355671925029182838531334259466930016963363098448838611274787011,
    "8": 0.00005885624766825943533142702791216927010235417414459212120643660522291074899351658594009146319564257537397491047,
    "9": 0.00003864741750353484814636345635951710280163575116652678074953237381466961359616335449967598447985504537094889857804,
    "10": 0.00002755486328063343310445332558118969153983321207369637504920576406606063356164459462221016048228956827993259709433176,
    "11": 0.0000051487898431197388636021060761804020586985873943908905702091211208732458808500128631035113502144518674463781219628,
    "12": 0.00001484443740301684845588865873389548605191157366102210906831710554484325777530400341117599777743848338231951022821635,
    "13": 0.0003607474565261043917244280411253995310078855392083753019138140527613792348557419526341874065153055074648660763963314
  },
  "setupType": "Multi Region Model National Bidder",
  "population": 0,
  "id": 7,
  "worldId": 574,
  "setup": {
    "bInterval": {
      "minValue": 0.1,
      "maxValue": 0.3
    },
    "kMax": 2.0,
    "alphaInterval": {
      "minValue": 700.0,
      "maxValue": 1200.0
    },
    "betaInterval": {
      "minValue": 0.08,
      "maxValue": 0.22
    },
    "setupName": "Multi Region Model National Bidder",
    "numberOfBidders": 3
  },
  "implementation": "org.spectrumauctions.sats.core.model.mrvm.MRVMNationalBidder"
}