{
  "gammaValues": {
    "1": 0.98692,
    "2": 0.94767
  },
  "alpha": 812.553767696996146696619689464569091796875,
  "beta": {
    "0": 0.1387814724145284561718227678284165449440479278564453125,
    "1": 0.09799339252783012543801532956422306597232818603515625,
    "2": 0.119247069570188990450532173781539313495159149169921875,
    "3": 0.1407129299741567418635668218485079705715179443359375,
    "4": 0.180283703917887339063241824987926520407199859619140625,
    "5": 0.10714372597903654149575913834269158542156219482421875,
    "6": 0.1546652074423662259761158566107042133808135986328125,
    "7": 0.156875199484559801899052899898379109799861907958984375,
    "8": 0.1097190238657159422341891286123427562415599822998046875,
    "9": 0.1561250117557639038867733916049473918974399566650390625,
    "10": 0.190645289956813235310306708925054408609867095947265625,
    "11": 0.151801857119496563797156341024674475193023681640625,
    "12": 0.1607840306133770658103543382821953855454921722412109375,
    "13": 0.203051434207396741538076412325608544051647186279296875
  },
  "zLow": {
    "0": 0.000002017175398,
    "1": 0.000001384707962,
    "2": 0.000001611936706,
    "3": 6.137299891E-7,
    "4": 1.406354380E-7,
    "5": 5.728697593E-7,
    "6": 0.000004896360371,
    "7": 9.102237631E-8,
    "8": 0.000001698708062,
    "9": 7.638502712E-7,
    "10": 3.670319494E-7,
    "11": 1.300758936E-7,
    "12": 2.036865081E-7,
    "13": 0.000006782613516
  },
  "zHigh": {
    "0": 0.0000885099191158405901404641391733836183738633983603556532130234060384389107272342548330761865540622329757767325056602,
    "1": 0.00005511046193911007801860243783340461214965997923446247698418053285137021244450119715542478619814515247660817841752,
    "2": 0.000067579974031313849436393712485980738661610077876974190121013732340632517055156169521856035177135759327314044598210,
    "3": 0.0000270478741695511310700223498424093256218035873509445191250084928550981570411268322871634290269094354808046615352,
    "4": 0.000006754490904951846958371047348580416480217741988151126829612230127514592799306918819598942695875274817962199260059,
    "5": 0.00002332403282712630947088671026296073687412681028239874530272163992668574536666731198713211105066247722035334236928,
    "6": 0.0002226204703472993719221263966198924858815190268184872791528533505461244672198737543597024258799937650229474777159,
    "7": 0.000004158586633205653061446313252544488755832106167607055362451109660577317316921286408977555390185134301637767094428,
    "8": 0.0000695993008862471862457348823401624288728693522647540844441904481890990419460001550703736349818770380964559496341613,
    "9": 0.0000348411213888578244655064951464288278141468369503834870565373395481759166261485674391052377578603086441753484772197,
    "10": 0.000018008249721320194776305757647244588635146366601410156391760050948292683837361754657232988143641130487895365821342,
    "11": 0.000005876853029346284187118487279222977223568090865348777542206325173202564667054452917301191594152316469029396966,
    "12": 0.0000093855490165865863552708079451988178650745229847749136670052032198629698559966917135043909936545304213483680848852,
    "13": 0.000341200345654375561713705155379142791844414888595872407711336591415340529728614588649725362409353291721301236168285
  },
  "setupType": "Multi Region Model National Bidder",
  "population": 0,
  "id": 9,
  "worldId": 574,
  "setup": {
    "bInterval": {
      "minValue": 0.1,
      "maxValue": 0.3
    },
    "kMax": 2.0,
    "alphaInterval": {
      "minValue": 700.0,
      "maxValue": 1200.0
    },
    "betaInterval": {
      "minValue": 0.08,
      "maxValue": 0.22
    },
    "setupName": "Multi Region Model National Bidder",
    "numberOfBidders": 3
  },
  "implementation": "org.spectrumauctions.sats.core.model.mrvm.MRVMNationalBidder"
}