{
  "regionsOfInterest": [
    3,
    4,
    7,
    12
  ],
  "alpha": 73.80321948240629126303247176110744476318359375,
  "beta": {
    "0": 0.1029004235129713229479619940320844762027263641357421875,
    "1": 0.07301509687000018455904637448838911950588226318359375,
    "2": 0.1094902115055165492396582749279332347214221954345703125,
    "3": 0.06080714007409561416839238745524198748171329498291015625,
    "4": 0.07937145831112431271225915452305343933403491973876953125,
    "5": 0.0712757960812039625952962751398445107042789459228515625,
    "6": 0.06884317389812465159959486982188536785542964935302734375,
    "7": 0.1115792277700549395280660291973617859184741973876953125,
    "8": 0.11163994234589784404487744495781953446567058563232421875,
    "9": 0.1047582086275913315631669320282526314258575439453125,
    "10": 0.09010901124477964374559491034233360551297664642333984375,
    "11": 0.0676556396765383982749852975757676176726818084716796875,
    "12": 0.0912170569181900703359389126489986665546894073486328125,
    "13": 0.070169992197232744501889101229608058929443359375
  },
  "zLow": {
    "0": 0.000002720558014,
    "1": 0.000001858413351,
    "2": 0.000001755579115,
    "3": 0.000001420223758,
    "4": 3.194382238E-7,
    "5": 8.611534894E-7,
    "6": 0.00001100031492,
    "7": 1.279732234E-7,
    "8": 0.000001669479458,
    "9": 0.000001138394157,
    "10": 7.765362359E-7,
    "11": 2.918568550E-7,
    "12": 3.590286604E-7,
    "13": 0.00001962689975
  },
  "zHigh": {
    "0": 0.0001096113975995942426945445225944955119712997242224602127207115882929854421765151634417498345980268079571888089571160,
    "1": 0.00006932162361108037574889761359435271947994702325031998110788417268317078291730725362162263359678086391211498572286,
    "2": 0.0000718892462757974168738819023969910584106190039852507802067929676984475069986301079343186288287873696279690839314767,
    "3": 0.00005124268723038879322970641823442489518450185307320297515235563454844123803071590345638095448383481553640802529946127,
    "4": 0.00001211857447828355401941773104110342412853584475876249488757897468183466046137289627629286587431033512624575919216139,
    "5": 0.0000319725447319387756424730958529058691358575763534532450475201993110652718663364658628360576993029954021690005176526,
    "6": 0.00040573910658247922188642116720264686849469251715128493008682048047352047951923343767421911558732165851669730094268910,
    "7": 0.0000052671120455727107382865378972204653571630312792650082371728912769726214318607733166285173887197555755328337874874,
    "8": 0.00006872244275477408929678004714048149531446108088113314302587041815936172104881078469058741746454868272121234882868486,
    "9": 0.0000460774379532809209563954611085358138754394963289972707363180754859055845192818447502888061357682347169247319540,
    "10": 0.00003029337831607205786838528394928429368894375640526674666133005568343105205298100651366784301943545194967697729159878,
    "11": 0.0000107302818694270869039597513038103456040353726049330522472860785065044379179436945543647115564979317550653412621548,
    "12": 0.0000140458135856503607514206570248517483050200846765967291850757306754834962668481263916480561847860721168361242832997,
    "13": 0.000726528932542378238733615183334561516975632380834332981144499326148977911180173887587478052072410716963741721
  },
  "setupType": "Multi Region Model Local Bidder",
  "population": 0,
  "id": 1,
  "worldId": 574,
  "setup": {
    "numberOfRegionsInterval": {
      "minValue": 3,
      "maxValue": 7
    },
    "alphaInterval": {
      "minValue": 60.0,
      "maxValue": 100.0
    },
    "betaInterval": {
      "minValue": 0.05,
      "maxValue": 0.12
    },
    "setupName": "Multi Region Model Local Bidder",
    "numberOfBidders": 3
  },
  "implementation": "org.spectrumauctions.sats.core.model.mrvm.MRVMLocalBidder"
}