{
  "regionsOfInterest": [
    0,
    4,
    5,
    6,
    8,
    13
  ],
  "alpha": 70.092070807271198873422690667212009429931640625,
  "beta": {
    "0": 0.06460995769287510015477238312087138183414936065673828125,
    "1": 0.107052305866597474715007365375640802085399627685546875,
    "2": 0.1170492428024311470924345712774083949625492095947265625,
    "3": 0.1116115766589690083687713695326237939298152923583984375,
    "4": 0.0997891515208333412800811856868676841259002685546875,
    "5": 0.1160532829290076006767407079678378067910671234130859375,
    "6": 0.05111353319055429722528316460739006288349628448486328125,
    "7": 0.0524317734810793301125642074111965484917163848876953125,
    "8": 0.067795122470648838675089109528926201164722442626953125,
    "9": 0.11713257467563931157883416744880378246307373046875,
    "10": 0.11325819111941247407937538582700653932988643646240234375,
    "11": 0.1036824554253137076198498789381119422614574432373046875,
    "12": 0.0945952305018577244144495352884405292570590972900390625,
    "13": 0.06555850547846943376928408042658702470362186431884765625
  },
  "zLow": {
    "0": 0.000004332870379,
    "1": 0.000001267532070,
    "2": 0.000001642203947,
    "3": 7.737525763E-7,
    "4": 2.540784973E-7,
    "5": 5.288898251E-7,
    "6": 0.00001481597036,
    "7": 2.723377924E-7,
    "8": 0.000002749174035,
    "9": 0.000001018129525,
    "10": 6.178176759E-7,
    "11": 1.904445852E-7,
    "12": 3.462070717E-7,
    "13": 0.00002100748625
  },
  "zHigh": {
    "0": 0.00015798076852770591825916121868191001206138077813532329305982170416606631498404633307670849547575842575761600623965267,
    "1": 0.000051595185180457699642842251855083219082405760476811712481465290434346696406207549889244616557349260371608741124131,
    "2": 0.0000684879912612003491805719070490837740262284151712434386706806417236982066067635115206736712872193913126302065280151,
    "3": 0.0000318485517838248739465349123386277942267140082094706251442734792536641207236393703626368626499232559393776513179377,
    "4": 0.0000101577826830335746878501153570683354269160260059725853958991927011922916724769797989376380496605470844018715068,
    "5": 0.0000220046348016917378348585904693632347437339649592400258322553238744032463539766138933986223121835277034299522717193,
    "6": 0.00052020876982608825500470557090312930599512572207280095961097433956765493492711362592853887616011737458549444483475421,
    "7": 0.0000095980491154755005165174339619641988744540117378803533883550892643967309369690211406590059118285713794970653755577,
    "8": 0.000101113280070008334746536831054991864648145321203235954107501095466039780458466554579031642568392312634730568771866,
    "9": 0.00004246949899020631854816810536495381127212644783466511950381848429255348097974512180528634305014216833625481478,
    "10": 0.00002553182151606207498333111620078156277317790737747601065725525433974447822179762554474244670400823066039758504871778,
    "11": 0.0000076879137770012206773527405303062749186572452790781126797438850619689067255497418298171483335318441040724653707700,
    "12": 0.0000136611659253666397614499803795459330350928832228253074849898042531001552978511976803357526542574359023540026813461,
    "13": 0.00076794652748761783561823615707090692340624004295017475512069602197468708351755793256720165939788882731505742227221889
  },
  "setupType": "Multi Region Model Local Bidder",
  "population": 0,
  "id": 0,
  "worldId": 574,
  "setup": {
    "numberOfRegionsInterval": {
      "minValue": 3,
      "maxValue": 7
    },
    "alphaInterval": {
      "minValue": 60.0,
      "maxValue": 100.0
    },
    "betaInterval": {
      "minValue": 0.05,
      "maxValue": 0.12
    },
    "setupName": "Multi Region Model Local Bidder",
    "numberOfBidders": 3
  },
  "implementation": "org.spectrumauctions.sats.core.model.mrvm.MRVMLocalBidder"
}