{
  "bidderPosition": 4,
  "values": {
    "16": 11.722773889305937444760274956934154033660888671875,
    "17": 1.19560369710210334659450381877832114696502685546875,
    "8": 11.7422755052688021493167980224825441837310791015625,
    "9": 19.953948901638131729896485921926796436309814453125,
    "10": 13.8341049155652484614620334468781948089599609375,
    "11": 15.5766733036471887174911898910067975521087646484375
  },
  "setupType": "Regional Bidder Setup",
  "population": 0,
  "id": 4,
  "worldId": 1147,
  "setup": {
    "lowNationalValueInterval": {
      "minValue": 0.0,
      "maxValue": 20.0
    },
    "highNationalValueInterval": {
      "minValue": 0.0,
      "maxValue": 40.0
    },
    "regionalValueInterval": {
      "minValue": 0.0,
      "maxValue": 20.0
    },
    "setupName": "Regional Bidder Setup",
    "numberOfBidders": 6
  },
  "implementation": "org.spectrumauctions.sats.core.model.gsvm.GSVMBidder"
}