{
  "bidderPosition": -1,
  "values": {
    "0": 4.717579092355293823857209645211696624755859375,
    "1": 1.9270366129043436931311816806555725634098052978515625,
    "2": 9.021899829364219414173930999822914600372314453125,
    "3": 7.52713119755928783405352078261785209178924560546875,
    "4": 18.7450268843695511122859898023307323455810546875,
    "5": 10.728591859777026229494367726147174835205078125,
    "6": 1.556632452968156332673288488877005875110626220703125,
    "7": 1.820285663946015208836115562007762491703033447265625,
    "8": 8.277853320167569250997985363937914371490478515625,
    "9": 1.173961192022516808464160931180231273174285888671875,
    "10": 9.1299945707151390905664811725728213787078857421875,
    "11": 7.285582418490687217627055360935628414154052734375
  },
  "setupType": "National Bidder Setup",
  "population": 0,
  "id": 6,
  "worldId": 1147,
  "setup": {
    "lowNationalValueInterval": {
      "minValue": 0.0,
      "maxValue": 10.0
    },
    "highNationalValueInterval": {
      "minValue": 0.0,
      "maxValue": 20.0
    },
    "regionalValueInterval": {
      "minValue": 0.0,
      "maxValue": 0.0
    },
    "setupName": "National Bidder Setup",
    "numberOfBidders": 1
  },
  "implementation": "org.spectrumauctions.sats.core.model.gsvm.GSVMBidder"
}