{
  "bidderPosition": 2,
  "values": {
    "4": 14.2633717124333880832409704453311860561370849609375,
    "5": 5.7742367711008935060590374632738530635833740234375,
    "6": 9.567505409757966816641783225350081920623779296875,
    "7": 10.1118120866863758777753901085816323757171630859375,
    "14": 14.48575007137691272873780690133571624755859375,
    "15": 9.93037173376671233882007072679698467254638671875
  },
  "setupType": "Regional Bidder Setup",
  "population": 0,
  "id": 2,
  "worldId": 662,
  "setup": {
    "lowNationalValueInterval": {
      "minValue": 0.0,
      "maxValue": 20.0
    },
    "highNationalValueInterval": {
      "minValue": 0.0,
      "maxValue": 40.0
    },
    "regionalValueInterval": {
      "minValue": 0.0,
      "maxValue": 20.0
    },
    "setupName": "Regional Bidder Setup",
    "numberOfBidders": 6
  },
  "implementation": "org.spectrumauctions.sats.core.model.gsvm.GSVMBidder"
}