{
  "bidderPosition": 4,
  "values": {
    "16": 17.83913072578400971224255044944584369659423828125,
    "17": 0.368536241843864242895278948708437383174896240234375,
    "8": 9.0646779824409673409491006168536841869354248046875,
    "9": 14.95507983231114934596917009912431240081787109375,
    "10": 1.05877584781833622429303431999869644641876220703125,
    "11": 19.703332396761965128462179563939571380615234375
  },
  "setupType": "Regional Bidder Setup",
  "population": 0,
  "id": 4,
  "worldId": 662,
  "setup": {
    "lowNationalValueInterval": {
      "minValue": 0.0,
      "maxValue": 20.0
    },
    "highNationalValueInterval": {
      "minValue": 0.0,
      "maxValue": 40.0
    },
    "regionalValueInterval": {
      "minValue": 0.0,
      "maxValue": 20.0
    },
    "setupName": "Regional Bidder Setup",
    "numberOfBidders": 6
  },
  "implementation": "org.spectrumauctions.sats.core.model.gsvm.GSVMBidder"
}