{
  "bidderPosition": 1,
  "values": {
    "2": 7.6728475605320038965828643995337188243865966796875,
    "3": 11.9242141452303211934804494376294314861297607421875,
    "4": 17.311161577732928407158397021703422069549560546875,
    "5": 5.385209902026613093539708643220365047454833984375,
    "13": 14.3322699963029531744496125611476600170135498046875,
    "14": 18.2410700103289542539641843177378177642822265625
  },
  "setupType": "Regional Bidder Setup",
  "population": 0,
  "id": 1,
  "worldId": 662,
  "setup": {
    "lowNationalValueInterval": {
      "minValue": 0.0,
      "maxValue": 20.0
    },
    "highNationalValueInterval": {
      "minValue": 0.0,
      "maxValue": 40.0
    },
    "regionalValueInterval": {
      "minValue": 0.0,
      "maxValue": 20.0
    },
    "setupName": "Regional Bidder Setup",
    "numberOfBidders": 6
  },
  "implementation": "org.spectrumauctions.sats.core.model.gsvm.GSVMBidder"
}