{
  "bidderPosition": 5,
  "values": {
    "0": 11.20462141848002346478097024373710155487060546875,
    "1": 1.207195196635064693424510551267303526401519775390625,
    "17": 3.749493656713553946246975101530551910400390625,
    "10": 9.556200138285792178294286713935434818267822265625,
    "11": 19.24307025726142938992779818363487720489501953125,
    "12": 1.627088091150767912296259964932687580585479736328125
  },
  "setupType": "Regional Bidder Setup",
  "population": 0,
  "id": 5,
  "worldId": 483,
  "setup": {
    "lowNationalValueInterval": {
      "minValue": 0.0,
      "maxValue": 20.0
    },
    "highNationalValueInterval": {
      "minValue": 0.0,
      "maxValue": 40.0
    },
    "regionalValueInterval": {
      "minValue": 0.0,
      "maxValue": 20.0
    },
    "setupName": "Regional Bidder Setup",
    "numberOfBidders": 6
  },
  "implementation": "org.spectrumauctions.sats.core.model.gsvm.GSVMBidder"
}