{
  "bidderPosition": 3,
  "values": {
    "16": 11.7106241420147849652266813791356980800628662109375,
    "6": 12.2387102083269017072097994969226419925689697265625,
    "7": 7.89749950701907454941874675569124519824981689453125,
    "8": 16.65307117793012281481423997320234775543212890625,
    "9": 19.7493213191615808455026126466691493988037109375,
    "15": 18.29834440248500726511338143609464168548583984375
  },
  "setupType": "Regional Bidder Setup",
  "population": 0,
  "id": 3,
  "worldId": 372,
  "setup": {
    "lowNationalValueInterval": {
      "minValue": 0.0,
      "maxValue": 20.0
    },
    "highNationalValueInterval": {
      "minValue": 0.0,
      "maxValue": 40.0
    },
    "regionalValueInterval": {
      "minValue": 0.0,
      "maxValue": 20.0
    },
    "setupName": "Regional Bidder Setup",
    "numberOfBidders": 6
  },
  "implementation": "org.spectrumauctions.sats.core.model.gsvm.GSVMBidder"
}