{
  "regionsOfInterest": [
    1,
    7,
    10,
    12
  ],
  "alpha": 75.603431210967499964681337587535381317138671875,
  "beta": {
    "0": 0.055248160362859004279822983107806066982448101043701171875,
    "1": 0.1072158293086351854572768615980749018490314483642578125,
    "2": 0.09184039716507337580697623025116627104580402374267578125,
    "3": 0.1109395852162557150055732790860929526388645172119140625,
    "4": 0.0841920964932082183107553419176838360726833343505859375,
    "5": 0.07208194855314763171971748079158714972436428070068359375,
    "6": 0.112633958148800672471878669966827146708965301513671875,
    "7": 0.1119489623321433258151813561198650859296321868896484375,
    "8": 0.11681953136984289665090130938551737926900386810302734375,
    "9": 0.0860089015932376799167258241141098551452159881591796875,
    "10": 0.1067944962760419558289726182920276187360286712646484375,
    "11": 0.0708719028193412203808776439473149366676807403564453125,
    "12": 0.0968291851064846664787211238945019431412220001220703125,
    "13": 0.05815053998688392289384552213959977962076663970947265625
  },
  "zLow": {
    "0": 0.000006763748120,
    "1": 0.000001689375407,
    "2": 0.000002793778953,
    "3": 0.000001039094169,
    "4": 4.019851522E-7,
    "5": 0.000001136648593,
    "6": 0.000008974840739,
    "7": 1.702599425E-7,
    "8": 0.000002129684733,
    "9": 0.000001850833766,
    "10": 8.746034237E-7,
    "11": 3.719031903E-7,
    "12": 4.514700985E-7,
    "13": 0.00003161400187
  },
  "zHigh": {
    "0": 0.00024028090765254096331725032856028060506546998498942017840329075034996050160074103985009249416672272946313788856687450,
    "1": 0.000068794040715999488773779450261122248946321438477533799517917421327669947772117957023578876770803237074625077487129,
    "2": 0.0001094715454387362304240519147715248211829142960417661888861530216261875971789259204675805502372256558584832582828525,
    "3": 0.000042700492664989834940409151486003214667514746462637380008911660654335468642397521964114475179032252933384500813206,
    "4": 0.000015443951834669153045419360822652233397481707770645414728533162319404859132329326413083364221332670253899292660273,
    "5": 0.0000422926422985084875292380887632409477392411383717749414611636267142484227040286848898527002940370867812187779380339,
    "6": 0.00037033240575044871240568301730950679865606085470910236216570605336034076153798373579695983749370636047832537548155,
    "7": 0.000007013840661569071589249228159188933224610783278551738301618865823765092445413612368809722077600687042188178739141,
    "8": 0.0000887694192228371629864888247887608380108078921106386717371613357112380783463303237002966785026055571562858306721503,
    "9": 0.000071443830899254472839690086070924232032275458791433880738628720280966374427020324413652477954195652849269577624246,
    "10": 0.000035578385914467750695206693784315296182511050739319047657215672201259312584249024242596225341941083220919935326390,
    "11": 0.000013792844382744980037783949651926459394442213619490627876316549546897574880690403053186669802176947586252277481911,
    "12": 0.000017915651128449865825387318438605025636532396872734564209290394391358885824140666111290387801867847359799354847754,
    "13": 0.0011322571838846483139235930562475131158409334309537515942426681332068054087161424087628029080967344977995485137089947
  },
  "setupType": "Multi Region Model Local Bidder",
  "population": 0,
  "id": 1,
  "worldId": 1215,
  "setup": {
    "numberOfRegionsInterval": {
      "minValue": 3,
      "maxValue": 7
    },
    "alphaInterval": {
      "minValue": 60.0,
      "maxValue": 100.0
    },
    "betaInterval": {
      "minValue": 0.05,
      "maxValue": 0.12
    },
    "setupName": "Multi Region Model Local Bidder",
    "numberOfBidders": 3
  },
  "implementation": "org.spectrumauctions.sats.core.model.mrvm.MRVMLocalBidder"
}