{
  "regionsOfInterest": [
    0,
    1,
    3,
    6,
    11,
    12
  ],
  "alpha": 85.6027177022742904455299139954149723052978515625,
  "beta": {
    "0": 0.1164843528663049576632460002656443975865840911865234375,
    "1": 0.059096835283898731250307179152514436282217502593994140625,
    "2": 0.0845972886603372220548635596060194075107574462890625,
    "3": 0.1096671692844733703164905591620481573045253753662109375,
    "4": 0.09681597540092477804929416151935583911836147308349609375,
    "5": 0.07808172374516668401422947454193490557372570037841796875,
    "6": 0.0621051539604758617851842927848338149487972259521484375,
    "7": 0.0768132728507449902277670616967952810227870941162109375,
    "8": 0.107973105095362231775624195506679825484752655029296875,
    "9": 0.0990525334722503758566602982682525180280208587646484375,
    "10": 0.06215812066267782654005458198298583738505840301513671875,
    "11": 0.06018068843356054464788229552141274325549602508544921875,
    "12": 0.1172331677157917584342072814251878298819065093994140625,
    "13": 0.07410438641427841144349031310412101447582244873046875
  },
  "zLow": {
    "0": 0.000003208024354,
    "1": 0.000003064932062,
    "2": 0.000003032978630,
    "3": 0.000001051150284,
    "4": 3.495701260E-7,
    "5": 0.000001049308871,
    "6": 0.00001627677853,
    "7": 2.481397183E-7,
    "8": 0.000002304173546,
    "9": 0.000001607108609,
    "10": 0.000001502664995,
    "11": 4.379725032E-7,
    "12": 3.728934618E-7,
    "13": 0.00002480786049
  },
  "zHigh": {
    "0": 0.000133609194666857082958866372947176083925374875482997181446655353469018466067123077896140758819543646390755440829826,
    "1": 0.00011006074037886504583623166521220054131484538403898696202070416182710123623506597591439204355566169167840279205391460,
    "2": 0.000116647535737909903792417555359261698609199249369070503833407204546537834072627589360347263970567320409062549662,
    "3": 0.000043062176106822989212873016515784690447618279958581664366698524432074076911999606248644284324169924596920971148251,
    "4": 0.0000138715010500119983480796958342948760236724367548636208765156205443797538220596289359835540366940236020178613351887,
    "5": 0.0000396724506461909981302307879241082554031061235580217148296071464409640109339595318888732751962295370810648021507189,
    "6": 0.000589390539265690489331655731356566905441068915683527713340900097407133992979961221864462899504787086672493049975823,
    "7": 0.000009350233935834952845649456555276970401292914185448673808957821615665537931783580720624379589780230162420286845441,
    "8": 0.00009400408362152118446821593016416520377457823989153807305195537968415485952135700398331671036543032145361479468162,
    "9": 0.000064132076177322957861709382308488477875656095767428652676583803066805052402605095615185492784785543319996292979475,
    "10": 0.0000544202330515800944065422730292995775838137965878533200336241822033150594972019037715999202651319009904840007841511,
    "11": 0.0000157749237711984584556614865253085282618992041224351755902201205875784177814272728667857555825191568356190469236694,
    "12": 0.000015558352025029650715292123275461072579554943583874001853547422645319851100171402756148852055342960214059862212550,
    "13": 0.0009280729425313162462879368065115672199315299515541215786133260267833116637144101141551561564853297852385340542830
  },
  "setupType": "Multi Region Model Local Bidder",
  "population": 0,
  "id": 2,
  "worldId": 1215,
  "setup": {
    "numberOfRegionsInterval": {
      "minValue": 3,
      "maxValue": 7
    },
    "alphaInterval": {
      "minValue": 60.0,
      "maxValue": 100.0
    },
    "betaInterval": {
      "minValue": 0.05,
      "maxValue": 0.12
    },
    "setupName": "Multi Region Model Local Bidder",
    "numberOfBidders": 3
  },
  "implementation": "org.spectrumauctions.sats.core.model.mrvm.MRVMLocalBidder"
}