{
  "bidderPosition": 2,
  "values": {
    "4": 16.550523526801015350429224781692028045654296875,
    "5": 15.264677045443715286410224507562816143035888671875,
    "6": 18.64540322308442199528144556097686290740966796875,
    "7": 34.41698594881145112367448746226727962493896484375,
    "14": 9.242931715968051520349035854451358318328857421875,
    "15": 9.8439543930042017194637082866393029689788818359375
  },
  "setupType": "Regional Bidder Setup",
  "population": 0,
  "id": 2,
  "worldId": 315,
  "setup": {
    "lowNationalValueInterval": {
      "minValue": 0.0,
      "maxValue": 20.0
    },
    "highNationalValueInterval": {
      "minValue": 0.0,
      "maxValue": 40.0
    },
    "regionalValueInterval": {
      "minValue": 0.0,
      "maxValue": 20.0
    },
    "setupName": "Regional Bidder Setup",
    "numberOfBidders": 6
  },
  "implementation": "org.spectrumauctions.sats.core.model.gsvm.GSVMBidder"
}