{
  "bidderPosition": 5,
  "values": {
    "0": 16.149771745354573937447639764286577701568603515625,
    "1": 12.348432663400952691290513030253350734710693359375,
    "17": 15.0645034947009435200016014277935028076171875,
    "10": 7.156184264960192109583658748306334018707275390625,
    "11": 2.8762705672019439617770331096835434436798095703125,
    "12": 18.825960171096166817505945800803601741790771484375
  },
  "setupType": "Regional Bidder Setup",
  "population": 0,
  "id": 5,
  "worldId": 1134,
  "setup": {
    "lowNationalValueInterval": {
      "minValue": 0.0,
      "maxValue": 20.0
    },
    "highNationalValueInterval": {
      "minValue": 0.0,
      "maxValue": 40.0
    },
    "regionalValueInterval": {
      "minValue": 0.0,
      "maxValue": 20.0
    },
    "setupName": "Regional Bidder Setup",
    "numberOfBidders": 6
  },
  "implementation": "org.spectrumauctions.sats.core.model.gsvm.GSVMBidder"
}