{
  "bidderPosition": 5,
  "values": {
    "0": 14.22692037385763086376755381934344768524169921875,
    "1": 2.43718159184607596756677594385109841823577880859375,
    "17": 0.127281938435983565938158790231682360172271728515625,
    "10": 1.607163493118586305996586816036142408847808837890625,
    "11": 4.3477214189828483625888111419044435024261474609375,
    "12": 3.97168630180142034902246450656093657016754150390625
  },
  "setupType": "Regional Bidder Setup",
  "population": 0,
  "id": 5,
  "worldId": 389,
  "setup": {
    "lowNationalValueInterval": {
      "minValue": 0.0,
      "maxValue": 20.0
    },
    "highNationalValueInterval": {
      "minValue": 0.0,
      "maxValue": 40.0
    },
    "regionalValueInterval": {
      "minValue": 0.0,
      "maxValue": 20.0
    },
    "setupName": "Regional Bidder Setup",
    "numberOfBidders": 6
  },
  "implementation": "org.spectrumauctions.sats.core.model.gsvm.GSVMBidder"
}