{
  "bidderPosition": -1,
  "values": {
    "0": 4.0067872663852295289643734577111899852752685546875,
    "1": 7.840087837250298008484605816192924976348876953125,
    "2": 9.4133794911911348179955894011072814464569091796875,
    "3": 7.41012463521706354896423363243229687213897705078125,
    "4": 13.138613555921626385725176078267395496368408203125,
    "5": 3.624006354419992970150588007527403533458709716796875,
    "6": 11.558524500285106029195958399213850498199462890625,
    "7": 15.4543975092960153006060863845050334930419921875,
    "8": 1.001713817093528025026216710102744400501251220703125,
    "9": 0.3670330077143246771953499774099327623844146728515625,
    "10": 8.1536629464020453639250263222493231296539306640625,
    "11": 2.977871860894170108480238923220895230770111083984375
  },
  "setupType": "National Bidder Setup",
  "population": 0,
  "id": 6,
  "worldId": 389,
  "setup": {
    "lowNationalValueInterval": {
      "minValue": 0.0,
      "maxValue": 10.0
    },
    "highNationalValueInterval": {
      "minValue": 0.0,
      "maxValue": 20.0
    },
    "regionalValueInterval": {
      "minValue": 0.0,
      "maxValue": 0.0
    },
    "setupName": "National Bidder Setup",
    "numberOfBidders": 1
  },
  "implementation": "org.spectrumauctions.sats.core.model.gsvm.GSVMBidder"
}