{
  "bidderPosition": 2,
  "values": {
    "4": 24.5025551195686119854144635610282421112060546875,
    "5": 32.2349430879066431998580810613930225372314453125,
    "6": 38.365046272308489960778388194739818572998046875,
    "7": 31.630682090304020448456867597997188568115234375,
    "14": 10.03608172412649679472451680339872837066650390625,
    "15": 1.492516380370225714813159356708638370037078857421875
  },
  "setupType": "Regional Bidder Setup",
  "population": 0,
  "id": 2,
  "worldId": 389,
  "setup": {
    "lowNationalValueInterval": {
      "minValue": 0.0,
      "maxValue": 20.0
    },
    "highNationalValueInterval": {
      "minValue": 0.0,
      "maxValue": 40.0
    },
    "regionalValueInterval": {
      "minValue": 0.0,
      "maxValue": 20.0
    },
    "setupName": "Regional Bidder Setup",
    "numberOfBidders": 6
  },
  "implementation": "org.spectrumauctions.sats.core.model.gsvm.GSVMBidder"
}