{
  "bidderPosition": 2,
  "values": {
    "4": 27.935528380929373071239751880057156085968017578125,
    "5": 17.747593632459842893922541406936943531036376953125,
    "6": 23.8181221432481748934151255525648593902587890625,
    "7": 11.790214321079158565908073796890676021575927734375,
    "14": 1.55475719360887776332447174354456365108489990234375,
    "15": 3.761622747321931026220909188850782811641693115234375
  },
  "setupType": "Regional Bidder Setup",
  "population": 0,
  "id": 2,
  "worldId": 519,
  "setup": {
    "lowNationalValueInterval": {
      "minValue": 0.0,
      "maxValue": 20.0
    },
    "highNationalValueInterval": {
      "minValue": 0.0,
      "maxValue": 40.0
    },
    "regionalValueInterval": {
      "minValue": 0.0,
      "maxValue": 20.0
    },
    "setupName": "Regional Bidder Setup",
    "numberOfBidders": 6
  },
  "implementation": "org.spectrumauctions.sats.core.model.gsvm.GSVMBidder"
}