{
  "bidderPosition": -1,
  "values": {
    "0": 5.38131243143835291675713961012661457061767578125,
    "1": 0.04241238294615978787760468549095094203948974609375,
    "2": 7.65095105285006571449457624112255871295928955078125,
    "3": 8.116541679475513859642887837253510951995849609375,
    "4": 9.8903460016105082530657455208711326122283935546875,
    "5": 5.32766248631696637261256910278461873531341552734375,
    "6": 3.98031116898633019474118555081076920032501220703125,
    "7": 1.128970502345814086453401614562608301639556884765625,
    "8": 5.5969048093946707211898683453910052776336669921875,
    "9": 2.1526503529104079603939680964685976505279541015625,
    "10": 2.2851079211660287882068587350659072399139404296875,
    "11": 6.0322015560644306475523990229703485965728759765625
  },
  "setupType": "National Bidder Setup",
  "population": 0,
  "id": 6,
  "worldId": 519,
  "setup": {
    "lowNationalValueInterval": {
      "minValue": 0.0,
      "maxValue": 10.0
    },
    "highNationalValueInterval": {
      "minValue": 0.0,
      "maxValue": 20.0
    },
    "regionalValueInterval": {
      "minValue": 0.0,
      "maxValue": 0.0
    },
    "setupName": "National Bidder Setup",
    "numberOfBidders": 1
  },
  "implementation": "org.spectrumauctions.sats.core.model.gsvm.GSVMBidder"
}