{
  "bidderPosition": 5,
  "values": {
    "0": 0.55887755317674869814936755574308335781097412109375,
    "1": 13.956864358760327604613848961889743804931640625,
    "17": 5.4986039805439901329009444452822208404541015625,
    "10": 3.4922144747692218658130514086224138736724853515625,
    "11": 16.871587633709193454478736384771764278411865234375,
    "12": 0.516126339517819499036477282061241567134857177734375
  },
  "setupType": "Regional Bidder Setup",
  "population": 0,
  "id": 5,
  "worldId": 572,
  "setup": {
    "lowNationalValueInterval": {
      "minValue": 0.0,
      "maxValue": 20.0
    },
    "highNationalValueInterval": {
      "minValue": 0.0,
      "maxValue": 40.0
    },
    "regionalValueInterval": {
      "minValue": 0.0,
      "maxValue": 20.0
    },
    "setupName": "Regional Bidder Setup",
    "numberOfBidders": 6
  },
  "implementation": "org.spectrumauctions.sats.core.model.gsvm.GSVMBidder"
}