{
  "bidderPosition": 3,
  "values": {
    "16": 4.1735448684756164539066958241164684295654296875,
    "6": 23.3542894680497994386314530856907367706298828125,
    "7": 24.036921337057751912880121381022036075592041015625,
    "8": 13.270894171816852491474492126144468784332275390625,
    "9": 15.22742909956372869828555849380791187286376953125,
    "15": 16.4656039786866728036329732276499271392822265625
  },
  "setupType": "Regional Bidder Setup",
  "population": 0,
  "id": 3,
  "worldId": 572,
  "setup": {
    "lowNationalValueInterval": {
      "minValue": 0.0,
      "maxValue": 20.0
    },
    "highNationalValueInterval": {
      "minValue": 0.0,
      "maxValue": 40.0
    },
    "regionalValueInterval": {
      "minValue": 0.0,
      "maxValue": 20.0
    },
    "setupName": "Regional Bidder Setup",
    "numberOfBidders": 6
  },
  "implementation": "org.spectrumauctions.sats.core.model.gsvm.GSVMBidder"
}