{
  "bidderPosition": 0,
  "values": {
    "0": 15.769613517319388762416565441526472568511962890625,
    "1": 3.895591601155257155397748647374100983142852783203125,
    "2": 10.6433578056539914769018650986254215240478515625,
    "3": 15.8861434140213564347732244641520082950592041015625,
    "12": 16.8996572698507776522092171944677829742431640625,
    "13": 12.3663216917958092011531334719620645046234130859375
  },
  "setupType": "Regional Bidder Setup",
  "population": 0,
  "id": 0,
  "worldId": 572,
  "setup": {
    "lowNationalValueInterval": {
      "minValue": 0.0,
      "maxValue": 20.0
    },
    "highNationalValueInterval": {
      "minValue": 0.0,
      "maxValue": 40.0
    },
    "regionalValueInterval": {
      "minValue": 0.0,
      "maxValue": 20.0
    },
    "setupName": "Regional Bidder Setup",
    "numberOfBidders": 6
  },
  "implementation": "org.spectrumauctions.sats.core.model.gsvm.GSVMBidder"
}