{
  "bidderPosition": -1,
  "values": {
    "0": 9.633211554900068307460969663225114345550537109375,
    "1": 9.433932060425302523753998684696853160858154296875,
    "2": 4.161683286893918420901172794401645660400390625,
    "3": 6.9928369105190455456977360881865024566650390625,
    "4": 8.60134307573031975380217772908508777618408203125,
    "5": 12.169171810869887195849514682777225971221923828125,
    "6": 4.7573945855347261613133014179766178131103515625,
    "7": 12.3611979278625145894920933642424643039703369140625,
    "8": 3.395641122337724748803111651795916259288787841796875,
    "9": 0.2271880203168585854456296146963723003864288330078125,
    "10": 3.868896187932711061563395560369826853275299072265625,
    "11": 7.5132840402708414018206894979812204837799072265625
  },
  "setupType": "National Bidder Setup",
  "population": 0,
  "id": 6,
  "worldId": 572,
  "setup": {
    "lowNationalValueInterval": {
      "minValue": 0.0,
      "maxValue": 10.0
    },
    "highNationalValueInterval": {
      "minValue": 0.0,
      "maxValue": 20.0
    },
    "regionalValueInterval": {
      "minValue": 0.0,
      "maxValue": 0.0
    },
    "setupName": "National Bidder Setup",
    "numberOfBidders": 1
  },
  "implementation": "org.spectrumauctions.sats.core.model.gsvm.GSVMBidder"
}