{
  "bidderPosition": 2,
  "values": {
    "4": 12.105062294572665138048250810243189334869384765625,
    "5": 35.14482457349843258498367504216730594635009765625,
    "6": 8.0626077626496428507607561186887323856353759765625,
    "7": 23.31173334138219388478319160640239715576171875,
    "14": 4.08647532894421061655521043576300144195556640625,
    "15": 0.82178929637124031870598628302104771137237548828125
  },
  "setupType": "Regional Bidder Setup",
  "population": 0,
  "id": 2,
  "worldId": 572,
  "setup": {
    "lowNationalValueInterval": {
      "minValue": 0.0,
      "maxValue": 20.0
    },
    "highNationalValueInterval": {
      "minValue": 0.0,
      "maxValue": 40.0
    },
    "regionalValueInterval": {
      "minValue": 0.0,
      "maxValue": 20.0
    },
    "setupName": "Regional Bidder Setup",
    "numberOfBidders": 6
  },
  "implementation": "org.spectrumauctions.sats.core.model.gsvm.GSVMBidder"
}