{
  "bidderPosition": 1,
  "values": {
    "2": 5.279679988866046613793514552526175975799560546875,
    "3": 19.693601756850018347222430747933685779571533203125,
    "4": 8.9819476156317445969534674077294766902923583984375,
    "5": 16.820973881289059903565430431626737117767333984375,
    "13": 1.09287566338570396595741840428672730922698974609375,
    "14": 13.6052962331148847852091421373188495635986328125
  },
  "setupType": "Regional Bidder Setup",
  "population": 0,
  "id": 1,
  "worldId": 572,
  "setup": {
    "lowNationalValueInterval": {
      "minValue": 0.0,
      "maxValue": 20.0
    },
    "highNationalValueInterval": {
      "minValue": 0.0,
      "maxValue": 40.0
    },
    "regionalValueInterval": {
      "minValue": 0.0,
      "maxValue": 20.0
    },
    "setupName": "Regional Bidder Setup",
    "numberOfBidders": 6
  },
  "implementation": "org.spectrumauctions.sats.core.model.gsvm.GSVMBidder"
}