{
  "bidderPosition": 0,
  "values": {
    "0": 14.5142057921615315052576988819055259227752685546875,
    "1": 3.926186024593365520019005998619832098484039306640625,
    "2": 12.965109355623535947188429418019950389862060546875,
    "3": 7.342918406697602762278620502911508083343505859375,
    "12": 17.342020215750661549236610881052911281585693359375,
    "13": 7.6815598880156787942041773931123316287994384765625
  },
  "setupType": "Regional Bidder Setup",
  "population": 0,
  "id": 0,
  "worldId": 576,
  "setup": {
    "lowNationalValueInterval": {
      "minValue": 0.0,
      "maxValue": 20.0
    },
    "highNationalValueInterval": {
      "minValue": 0.0,
      "maxValue": 40.0
    },
    "regionalValueInterval": {
      "minValue": 0.0,
      "maxValue": 20.0
    },
    "setupName": "Regional Bidder Setup",
    "numberOfBidders": 6
  },
  "implementation": "org.spectrumauctions.sats.core.model.gsvm.GSVMBidder"
}