{
  "bidderPosition": 4,
  "values": {
    "16": 5.9454779244335735910453877295367419719696044921875,
    "17": 10.2885880550516422005102867842651903629302978515625,
    "8": 2.9675429283864662721725835581310093402862548828125,
    "9": 12.3415364798654376699005297268740832805633544921875,
    "10": 12.8763089372465184823113304446451365947723388671875,
    "11": 7.617991368646254812801998923532664775848388671875
  },
  "setupType": "Regional Bidder Setup",
  "population": 0,
  "id": 4,
  "worldId": 585,
  "setup": {
    "lowNationalValueInterval": {
      "minValue": 0.0,
      "maxValue": 20.0
    },
    "highNationalValueInterval": {
      "minValue": 0.0,
      "maxValue": 40.0
    },
    "regionalValueInterval": {
      "minValue": 0.0,
      "maxValue": 20.0
    },
    "setupName": "Regional Bidder Setup",
    "numberOfBidders": 6
  },
  "implementation": "org.spectrumauctions.sats.core.model.gsvm.GSVMBidder"
}