{
  "bidderPosition": 3,
  "values": {
    "16": 9.4293139590334451582975816563703119754791259765625,
    "6": 0.7581497110311463671905585215426981449127197265625,
    "7": 5.83091032452407009856187869445420801639556884765625,
    "8": 2.275980898383418438157832497381605207920074462890625,
    "9": 1.253286057019724619721046110498718917369842529296875,
    "15": 16.755161875197511989199483650736510753631591796875
  },
  "setupType": "Regional Bidder Setup",
  "population": 0,
  "id": 3,
  "worldId": 585,
  "setup": {
    "lowNationalValueInterval": {
      "minValue": 0.0,
      "maxValue": 20.0
    },
    "highNationalValueInterval": {
      "minValue": 0.0,
      "maxValue": 40.0
    },
    "regionalValueInterval": {
      "minValue": 0.0,
      "maxValue": 20.0
    },
    "setupName": "Regional Bidder Setup",
    "numberOfBidders": 6
  },
  "implementation": "org.spectrumauctions.sats.core.model.gsvm.GSVMBidder"
}