{
  "gammaValues": {
    "1": 0.96816,
    "2": 0.87265
  },
  "alpha": 942.624971999636500186170451343059539794921875,
  "beta": {
    "0": 0.184312991303486051197779715948854573071002960205078125,
    "1": 0.0982062495574947680321287180049694143235683441162109375,
    "2": 0.211048495412790415581838487923960201442241668701171875,
    "3": 0.0817298494902136962725336388757568784058094024658203125,
    "4": 0.127367651119839553341961391197401098906993865966796875,
    "5": 0.214396387914657815532137874470208771526813507080078125,
    "6": 0.2023569661524966256660462704530800692737102508544921875,
    "7": 0.201211895801106932513135916451574303209781646728515625,
    "8": 0.1107491587689712619901882817430305294692516326904296875,
    "9": 0.2006555319763382583264643699294538237154483795166015625,
    "10": 0.206024949501152632169720391175360418856143951416015625,
    "11": 0.1685938268628408842619847973764990456402301788330078125,
    "12": 0.21991091142909180433662186260335147380828857421875,
    "13": 0.14093974053981972449633985888794995844364166259765625
  },
  "zLow": {
    "0": 0.000001767408115,
    "1": 0.000001607805445,
    "2": 0.000001059817481,
    "3": 0.000001229555936,
    "4": 2.316379650E-7,
    "5": 3.331369587E-7,
    "6": 0.000004354772599,
    "7": 8.257839659E-8,
    "8": 0.000001958293965,
    "9": 6.915876387E-7,
    "10": 3.952098613E-7,
    "11": 1.362855693E-7,
    "12": 1.732910106E-7,
    "13": 0.00001137070267
  },
  "zHigh": {
    "0": 0.000085597871060332384650256478335584605902994958531485192722484374328233700835950892886145363297749230840223870551,
    "1": 0.0000640238176257181097005319469114972594013567937478686701935421822188696052710753685389041931816523174035728022188,
    "2": 0.000054161812862500186412364160944422005977036640498938441833117232099016341287734442346148487336701480789499520071,
    "3": 0.0000469358202048395715771522024557196609442203916249950789087571602342822630598844859731220280233085107157677194102,
    "4": 0.000009899457298923551147803477700091839067693105157124834331637854419148052832771565948784045743064388822769877542,
    "5": 0.000017136444822314223917481914353098751522368126253566378856572677147177669524166386276668828501173297909676031587,
    "6": 0.0002187650350636880912723309075062858506996755372923486731669365691126241296126342895779642896299753826794949006810,
    "7": 0.000004138927470314476908412220719426692901717459459952764399112154502410395380641551479588439851814712215736529513,
    "8": 0.0000804367598552107682424082118367368823122637940709776047790097997600973256660491771636055145276161908789616123597,
    "9": 0.0000346247177130578485776866357348368233000926056282326277556004466282353365420952340168069835030941684683924801107,
    "10": 0.000019998605009947462934976287596615139889392511345351349111897215096772683557426737566388438526093159544069992749,
    "11": 0.0000063862576448100688252075276404784898733209110723131588109227314008690224281547887124759015781876927645763055002,
    "12": 0.00000900958872483581795057687143776007950112997176947193676483973687278081025325157949754640444956882269190184,
    "13": 0.00050137946819265231519930483431550007341075589647933870424721599583658750280813262433101819036676112103152819025
  },
  "setupType": "Multi Region Model National Bidder",
  "population": 0,
  "id": 9,
  "worldId": 254,
  "setup": {
    "bInterval": {
      "minValue": 0.1,
      "maxValue": 0.3
    },
    "kMax": 2.0,
    "alphaInterval": {
      "minValue": 700.0,
      "maxValue": 1200.0
    },
    "betaInterval": {
      "minValue": 0.08,
      "maxValue": 0.22
    },
    "setupName": "Multi Region Model National Bidder",
    "numberOfBidders": 3
  },
  "implementation": "org.spectrumauctions.sats.core.model.mrvm.MRVMNationalBidder"
}