{
  "gammaValues": {
    "1": 0.98922,
    "2": 0.95689
  },
  "alpha": 873.26695935377438217983581125736236572265625,
  "beta": {
    "0": 0.196487592932546528690096465652459301054477691650390625,
    "1": 0.0873441228129545610414652401232160627841949462890625,
    "2": 0.1860034448813238372455458602416911162436008453369140625,
    "3": 0.124987304093083173572864552625105716288089752197265625,
    "4": 0.137590788129466512490495233578258194029331207275390625,
    "5": 0.10974289955489317793801973266454297117888927459716796875,
    "6": 0.165842460311670880646062187224742956459522247314453125,
    "7": 0.150808357924625269230745061577181331813335418701171875,
    "8": 0.152756543649553655495054726998205296695232391357421875,
    "9": 0.15804754999868431131204715711646713316440582275390625,
    "10": 0.189618822610398363170958191403769887983798980712890625,
    "11": 0.1940780339841054191740710166413919068872928619384765625,
    "12": 0.121502318715314083785727916620089672505855560302734375,
    "13": 0.21652354251039762633723739781999029219150543212890625
  },
  "zLow": {
    "0": 0.000001657897436,
    "1": 0.000001807752345,
    "2": 0.000001202520119,
    "3": 8.040130336E-7,
    "4": 2.144270261E-7,
    "5": 6.508244353E-7,
    "6": 0.000005313588388,
    "7": 1.101779501E-7,
    "8": 0.000001419771645,
    "9": 8.780325007E-7,
    "10": 4.294040571E-7,
    "11": 1.183900373E-7,
    "12": 3.136449122E-7,
    "13": 0.000007401430184
  },
  "zHigh": {
    "0": 0.000082312550692125383179739544735197538215551847598776756798862046524624316440555460054250205040941351809851636894,
    "1": 0.0000700222246030800181602260713651192823798242576730921906734662023567709163969352729765727318252627097960839881,
    "2": 0.0000584428920157196183080490589510481091645693281407704812351626415642673698920154247227751485204573640331527115514,
    "3": 0.000034169533157398717515505518948361649050821356688180740353122772480176509712423644130623463041517016405181028097,
    "4": 0.000009383129130925584261338479615534388350070651010661838970319304395274509091980540622397785781857823822982972266,
    "5": 0.00002666706911826649916055457953222871135626660199806707637953755569258899661602678736209298129206107245185695184448,
    "6": 0.000247529508739706674170108621297556970350074083339648799891992967279169214980511007700908804103448179952243010309,
    "7": 0.000004966914074741294502233069436004361967111997442425003089031129317849504128378405732187099885420022710592794290,
    "8": 0.000064281090256016386197015151983663591433930436196464819025193727041117407156970775373820271966046026449214817864,
    "9": 0.00004021806357194064582927821460208370761423356593849673803349128591590325456715352971365629942868120886498660802,
    "10": 0.000021024430881578367636662549701801193347967604682453071659042472235271749613319396738948187161659214088526075941,
    "11": 0.0000058493916837077982324189158780406639976354227101321085935409823905013428503868583881612680095071812599115809582,
    "12": 0.000013220205771622147162580782604983988950333487492424229162909108246082009858850209201136139278907511811158097331,
    "13": 0.00038230129382327991136807570536687659986011224816116196749148538571190471597450824386914829736724866961333723907
  },
  "setupType": "Multi Region Model National Bidder",
  "population": 0,
  "id": 8,
  "worldId": 254,
  "setup": {
    "bInterval": {
      "minValue": 0.1,
      "maxValue": 0.3
    },
    "kMax": 2.0,
    "alphaInterval": {
      "minValue": 700.0,
      "maxValue": 1200.0
    },
    "betaInterval": {
      "minValue": 0.08,
      "maxValue": 0.22
    },
    "setupName": "Multi Region Model National Bidder",
    "numberOfBidders": 3
  },
  "implementation": "org.spectrumauctions.sats.core.model.mrvm.MRVMNationalBidder"
}