{
  "homeId": 12,
  "distanceDiscounts": {
    "0": 1,
    "1": 0.42045,
    "2": 0.17678,
    "3": 0.07433,
    "4": 0.03125,
    "5": 0.01314,
    "6": 0.00552,
    "7": 0.00232
  },
  "alpha": 820.291440298945190079393796622753143310546875,
  "beta": {
    "0": 0.0574873216006649145892737351459800265729427337646484375,
    "1": 0.0951008598434430474366507723971153609454631805419921875,
    "2": 0.0901431702473597107339031708761467598378658294677734375,
    "3": 0.091591710008348814486822675462462939321994781494140625,
    "4": 0.043087231481318065406949102680300711654126644134521484375,
    "5": 0.042432865121771336236466964919600286521017551422119140625,
    "6": 0.07704251579046582365517537027699290774762630462646484375,
    "7": 0.04816499362301747411141406018941779620945453643798828125,
    "8": 0.09456989042859438587829146172225591726601123809814453125,
    "9": 0.07514765105644742593238305516933905892074108123779296875,
    "10": 0.0707192004997564682700073035448440350592136383056640625,
    "11": 0.054759459651380286426824994805429014377295970916748046875,
    "12": 0.08575528181881235390005002727775718085467815399169921875,
    "13": 0.06528564191509413083824853174519375897943973541259765625
  },
  "zLow": {
    "0": 0.000005666575991,
    "1": 0.000001660306154,
    "2": 0.000002481307059,
    "3": 0.000001097167217,
    "4": 6.847314736E-7,
    "5": 0.000001683208533,
    "6": 0.00001143808146,
    "7": 3.449757694E-7,
    "8": 0.000002293324104,
    "9": 0.000001846643024,
    "10": 0.000001151357639,
    "11": 4.195970124E-7,
    "12": 4.443876024E-7,
    "13": 0.00002454726394
  },
  "zHigh": {
    "0": 0.0002025729073658128445416070873398414085474124398571800634908208889695197215306671555672347168406061751357610956482,
    "1": 0.0000655988388713324493226185386542735906218229882193460398980145504489459668736571164740136803944357223353467121815,
    "2": 0.0000968065002074334212797731956554877992998343148375325012438086184923548173119060805500797808687406860425437506348,
    "3": 0.000042964158643928540619651953996911355885270658904169743571665550637293365500112041171456302481882857139720644921,
    "4": 0.000023492262558418948348200136801265168945485844574090085848648657264226804242588471411348375166476438518383477009914,
    "5": 0.000057638592029539293147544243862601101994145450334177377830330151706960432085405763639977837359138305958656463279195,
    "6": 0.00043126430081699507627658657644760900719266732852693584405209356530019655972901673907046944207525486232285654553690,
    "7": 0.00001201084865189785222985233305893481881338846136582817915798329750276370267697551315019258250949178675153749030472,
    "8": 0.00009048766402709110354187571380788075690641042939452818110857428554466690540411912308271176029280284674355095978427,
    "9": 0.00006927637925227859644154919625809543897678471934208005958450674736168899355071301110772404888712397995287439504770,
    "10": 0.0000426830383389933195490302985636013557500121649218961334240228651445627300196803093248063182991756411305809763779,
    "11": 0.000014885600937883667754991425688223155195996818592044719694426356956685970209203462664491361470710195007446602351475,
    "12": 0.00001714248647848781349491287921993436440866351397230720428942256932829664025294116353152806083521849651893773640534,
    "13": 0.00089667630626718076192274261506934321787796098753121866261687349790758712070831169825431924591775263327452437943699
  },
  "setupType": "Multi Region Model Regional Bidder",
  "population": 0,
  "id": 6,
  "worldId": 254,
  "setup": {
    "exponentFactor": 1.25,
    "base": 2.0,
    "alphaInterval": {
      "minValue": 500.0,
      "maxValue": 840.0
    },
    "betaInterval": {
      "minValue": 0.04,
      "maxValue": 0.1
    },
    "setupName": "Multi Region Model Regional Bidder",
    "numberOfBidders": 4
  },
  "implementation": "org.spectrumauctions.sats.core.model.mrvm.MRVMRegionalBidder"
}