{
  "bidderPosition": 5,
  "values": {
    "0": 14.42933198202981515123610734008252620697021484375,
    "1": 16.21457342069431462050488335080444812774658203125,
    "17": 8.419153138686180426475402782671153545379638671875,
    "10": 7.6735632487885911956482232199050486087799072265625,
    "11": 19.060997161737400773517947527579963207244873046875,
    "12": 0.879742933804392723828868838609196245670318603515625
  },
  "setupType": "Regional Bidder Setup",
  "population": 0,
  "id": 5,
  "worldId": 566,
  "setup": {
    "lowNationalValueInterval": {
      "minValue": 0.0,
      "maxValue": 20.0
    },
    "highNationalValueInterval": {
      "minValue": 0.0,
      "maxValue": 40.0
    },
    "regionalValueInterval": {
      "minValue": 0.0,
      "maxValue": 20.0
    },
    "setupName": "Regional Bidder Setup",
    "numberOfBidders": 6
  },
  "implementation": "org.spectrumauctions.sats.core.model.gsvm.GSVMBidder"
}