{
  "bidderPosition": 3,
  "values": {
    "16": 2.736055786836171233034065153333358466625213623046875,
    "6": 26.736736090894108741622403613291680812835693359375,
    "7": 3.36439903670690210191196456435136497020721435546875,
    "8": 9.959190350459724783149795257486402988433837890625,
    "9": 16.015674763702268279530471772886812686920166015625,
    "15": 19.5796824447176049943664111196994781494140625
  },
  "setupType": "Regional Bidder Setup",
  "population": 0,
  "id": 3,
  "worldId": 566,
  "setup": {
    "lowNationalValueInterval": {
      "minValue": 0.0,
      "maxValue": 20.0
    },
    "highNationalValueInterval": {
      "minValue": 0.0,
      "maxValue": 40.0
    },
    "regionalValueInterval": {
      "minValue": 0.0,
      "maxValue": 20.0
    },
    "setupName": "Regional Bidder Setup",
    "numberOfBidders": 6
  },
  "implementation": "org.spectrumauctions.sats.core.model.gsvm.GSVMBidder"
}