{
  "gammaValues": {
    "1": 0.98298,
    "2": 0.93190
  },
  "alpha": 818.59782007289823013707064092159271240234375,
  "beta": {
    "0": 0.174986209538178172362421491925488226115703582763671875,
    "1": 0.131463422798207385522317736104014329612255096435546875,
    "2": 0.122832099504948610846355450121336616575717926025390625,
    "3": 0.115907875735663468130809405920444987714290618896484375,
    "4": 0.1134082743731906484097038401159807108342647552490234375,
    "5": 0.1455950650214339059385082464359584264457225799560546875,
    "6": 0.173247419015117032348172187994350679218769073486328125,
    "7": 0.165173828356388885385541698269662447273731231689453125,
    "8": 0.134270635610504118773178561241365969181060791015625,
    "9": 0.203468144452946919642499779001809656620025634765625,
    "10": 0.11616741488380523394940979642342426814138889312744140625,
    "11": 0.1252003713080984403926976256116176955401897430419921875,
    "12": 0.20446391761172211243291485516238026320934295654296875,
    "13": 0.1276871075037840641552833176319836638867855072021484375
  },
  "zLow": {
    "0": 0.000001636557685,
    "1": 0.000001055868990,
    "2": 0.000001600824834,
    "3": 7.621814813E-7,
    "4": 2.287001702E-7,
    "5": 4.312568193E-7,
    "6": 0.000004471561592,
    "7": 8.843439589E-8,
    "8": 0.000001419971495,
    "9": 5.995760609E-7,
    "10": 6.161771844E-7,
    "11": 1.613348813E-7,
    "12": 1.638507692E-7,
    "13": 0.00001103357042
  },
  "zHigh": {
    "0": 0.00007773423311278310413307166006207247847526945905778627574744642186772835978513392681562747880882348402828113007257,
    "1": 0.00004555688481628816060388576895121834298498866672502104454304617429691426348698393283609907503836770978719771914225,
    "2": 0.00006768801253939280893604117081494220725315679188797477876868872387175995749553244614165732080728284588837694264290,
    "3": 0.00003169972807929502528983502628932933595949287702531143718787978914755081488431585455312240603890395989150830580055,
    "4": 0.000009454654267584965689465834240886833885843697915869419387973653284187410974915140494312305753610916877641603880394,
    "5": 0.000019216591043455311052304165594010224745764449679473942753333780421852181114769444381668583503684082055192926182969,
    "6": 0.00021161549821232830908147827312135497585327887156472032077388618168203883631026723115593361778019211557385360818409,
    "7": 0.00000411373664938487818567307442764201131176568631128808805967363167726477751253795038435740317474792772675665805148,
    "8": 0.00006166519233803925997861166480720078327220860884984416541181867326071543333064335157789371989409994758683090425,
    "9": 0.00003018674467987461479438843815074996181309328907566250659822117646708418808836798560958638095197394223650239008,
    "10": 0.0000256432865931779179031758390149374377402562408133853807420342444102485461383995471770809862715185805056638823954681,
    "11": 0.000006859965141199430239552170028163787552209778172293766690764023845355933789166899956058748602861821534075148786926,
    "12": 0.0000082656800918848461885636135536320808425093926792763051589635909162281157480531777144452587574949640630516544650,
    "13": 0.000471891581818123646434458355286264449027964291909264995244029570187967083383426087462520239863782999845010836876018
  },
  "setupType": "Multi Region Model National Bidder",
  "population": 0,
  "id": 7,
  "worldId": 905,
  "setup": {
    "bInterval": {
      "minValue": 0.1,
      "maxValue": 0.3
    },
    "kMax": 2.0,
    "alphaInterval": {
      "minValue": 700.0,
      "maxValue": 1200.0
    },
    "betaInterval": {
      "minValue": 0.08,
      "maxValue": 0.22
    },
    "setupName": "Multi Region Model National Bidder",
    "numberOfBidders": 3
  },
  "implementation": "org.spectrumauctions.sats.core.model.mrvm.MRVMNationalBidder"
}