{
  "homeId": 10,
  "distanceDiscounts": {
    "0": 1,
    "1": 0.42045,
    "2": 0.17678,
    "3": 0.07433,
    "4": 0.03125,
    "5": 0.01314,
    "6": 0.00552,
    "7": 0.00232
  },
  "alpha": 733.71531317932704041595570743083953857421875,
  "beta": {
    "0": 0.0824003251276594073093662018436589278280735015869140625,
    "1": 0.07209601043306822221179430698612122796475887298583984375,
    "2": 0.06909330314767243852447364815816399641335010528564453125,
    "3": 0.058961841670893140598952442132940632291138172149658203125,
    "4": 0.087307853923765554871039284989819861948490142822265625,
    "5": 0.05054933007498239871946310586281470023095607757568359375,
    "6": 0.08706542801245864549031239221221767365932464599609375,
    "7": 0.0414348691260023327398442916091880761086940765380859375,
    "8": 0.06976481146032147140356727277321624569594860076904296875,
    "9": 0.066458571058170823331323617821908555924892425537109375,
    "10": 0.0952230760321487179620447705019614659249782562255859375,
    "11": 0.0862930941660257910807985126666608266532421112060546875,
    "12": 0.09437342306181252526986469320036121644079685211181640625,
    "13": 0.061782618973435989018216929480331600643694400787353515625
  },
  "zLow": {
    "0": 0.000003475411359,
    "1": 0.000001925323615,
    "2": 0.000002845900635,
    "3": 0.000001498305242,
    "4": 2.970693985E-7,
    "5": 0.000001242130501,
    "6": 0.000008897751064,
    "7": 3.525303214E-7,
    "8": 0.000002732903180,
    "9": 0.000001835649287,
    "10": 7.517055068E-7,
    "11": 2.340765184E-7,
    "12": 3.549894566E-7,
    "13": 0.00002280325302
  },
  "zHigh": {
    "0": 0.000132899843327110199585157523670557089169649457777595876548491253882582774194902083773678479646459550555162196136202,
    "1": 0.0000716405235571536151249414406891856966734452491118407537631508523402750034762229459277657014396872214032119929241393,
    "2": 0.0001050402865625353636177166120521967402033839176460082747366924620307607571646206311087146283542557900559960304638446,
    "3": 0.00005378344088319325106172274510429095732242927537933792571778299689794476208635476116111632407934519418089042411294401,
    "4": 0.00001150573111642825503980572636491339547614308466884861251149033259842332121528868174903110485675960232906400768002,
    "5": 0.0000435428014678455226777282143189750816325222322807916205456163371572154709369614929246292611869553904532072802857673,
    "6": 0.0003444011823718813936104716470364820570557676455011980765178849708908586258108686300824916391423798859950653109810,
    "7": 0.000012036614412655074511258312656134486255254958197767928243907601528305258347259106808377532602051835152909473857045,
    "8": 0.0001010531429076342452132265446884135542982403451085556509372693884613774220536735464620783550920248390923366693621329,
    "9": 0.00006726894145412042354308537470312128523170788610228762002988055355521065396625983738657624057945454181001299627724,
    "10": 0.000029709136263226993603256003950067897874463761645375062832661579173609510852508922664642692458977934718526241855748,
    "11": 0.000009042214253286649077189471730403355769010264760539289671199412093313908040858730630407016204182629857162220573119,
    "12": 0.0000139998407141244158684349501130117679109878748492047575775481245628643479806226948581846067428455514683862347880770,
    "13": 0.00082498205964848743653321611702398195802397250130368136991953627167488140177721880663192538437096055551781424424032306
  },
  "setupType": "Multi Region Model Regional Bidder",
  "population": 0,
  "id": 3,
  "worldId": 905,
  "setup": {
    "exponentFactor": 1.25,
    "base": 2.0,
    "alphaInterval": {
      "minValue": 500.0,
      "maxValue": 840.0
    },
    "betaInterval": {
      "minValue": 0.04,
      "maxValue": 0.1
    },
    "setupName": "Multi Region Model Regional Bidder",
    "numberOfBidders": 4
  },
  "implementation": "org.spectrumauctions.sats.core.model.mrvm.MRVMRegionalBidder"
}