{
  "bidderPosition": 3,
  "values": {
    "16": 17.45462276320909467131059500388801097869873046875,
    "6": 21.03540740201724901226043584756553173065185546875,
    "7": 3.14871502061057295662749311304651200771331787109375,
    "8": 16.050436338061732755022603669203817844390869140625,
    "9": 19.613876791011119138374851900152862071990966796875,
    "15": 16.679221338233663374239768018014729022979736328125
  },
  "setupType": "Regional Bidder Setup",
  "population": 0,
  "id": 3,
  "worldId": 951,
  "setup": {
    "lowNationalValueInterval": {
      "minValue": 0.0,
      "maxValue": 20.0
    },
    "highNationalValueInterval": {
      "minValue": 0.0,
      "maxValue": 40.0
    },
    "regionalValueInterval": {
      "minValue": 0.0,
      "maxValue": 20.0
    },
    "setupName": "Regional Bidder Setup",
    "numberOfBidders": 6
  },
  "implementation": "org.spectrumauctions.sats.core.model.gsvm.GSVMBidder"
}