{
  "bidderPosition": 1,
  "values": {
    "2": 18.795230947897163531479236553423106670379638671875,
    "3": 3.106389898191175280572906558518297970294952392578125,
    "4": 16.1001142757274777750353678129613399505615234375,
    "5": 7.72060092873024128579118041670881211757659912109375,
    "13": 4.395650729578914450712545658461749553680419921875,
    "14": 9.4460718038544655428268015384674072265625
  },
  "setupType": "Regional Bidder Setup",
  "population": 0,
  "id": 1,
  "worldId": 671,
  "setup": {
    "lowNationalValueInterval": {
      "minValue": 0.0,
      "maxValue": 20.0
    },
    "highNationalValueInterval": {
      "minValue": 0.0,
      "maxValue": 40.0
    },
    "regionalValueInterval": {
      "minValue": 0.0,
      "maxValue": 20.0
    },
    "setupName": "Regional Bidder Setup",
    "numberOfBidders": 6
  },
  "implementation": "org.spectrumauctions.sats.core.model.gsvm.GSVMBidder"
}