{
  "bidderPosition": -1,
  "values": {
    "0": 7.91857657891035682240499227191321551799774169921875,
    "1": 1.685282060343051835360483892145566642284393310546875,
    "2": 9.8680299184196798023549490608274936676025390625,
    "3": 0.968701785576160379065413508214987814426422119140625,
    "4": 0.893703118046331734802834034780971705913543701171875,
    "5": 2.5409801779863183668339843279682099819183349609375,
    "6": 3.225779606269496557757747723371721804141998291015625,
    "7": 15.6929813604277352823146429727785289287567138671875,
    "8": 2.287202121019365819165614084340631961822509765625,
    "9": 6.505141229778697464780634618364274501800537109375,
    "10": 1.1573167973080700221544248051941394805908203125,
    "11": 0.917123260442931353964013396762311458587646484375
  },
  "setupType": "National Bidder Setup",
  "population": 0,
  "id": 6,
  "worldId": 671,
  "setup": {
    "lowNationalValueInterval": {
      "minValue": 0.0,
      "maxValue": 10.0
    },
    "highNationalValueInterval": {
      "minValue": 0.0,
      "maxValue": 20.0
    },
    "regionalValueInterval": {
      "minValue": 0.0,
      "maxValue": 0.0
    },
    "setupName": "National Bidder Setup",
    "numberOfBidders": 1
  },
  "implementation": "org.spectrumauctions.sats.core.model.gsvm.GSVMBidder"
}