{
  "regionsOfInterest": [
    3,
    4,
    6,
    7,
    9,
    12,
    13
  ],
  "alpha": 67.7591555271554994988036924041807651519775390625,
  "beta": {
    "0": 0.0869010331804668523236756527694524265825748443603515625,
    "1": 0.055997576697900251774253632675026892684400081634521484375,
    "2": 0.0699040489287437727394802777780569158494472503662109375,
    "3": 0.08794317137361436220732713309189421124756336212158203125,
    "4": 0.08608614150999549519127640451188199222087860107421875,
    "5": 0.0945334528185249600706896444535232149064540863037109375,
    "6": 0.069596536113219864549961357624852098524570465087890625,
    "7": 0.055795328346689855580908812271445640362799167633056640625,
    "8": 0.10054755993273263581233578634055447764694690704345703125,
    "9": 0.11938577223703805696430890748160891234874725341796875,
    "10": 0.087945722827722228043256791352177970111370086669921875,
    "11": 0.08960108027796227780914506411136244423687458038330078125,
    "12": 0.07531127126390664561217391792524722404778003692626953125,
    "13": 0.078978413437847672096125961616053245961666107177734375
  },
  "zLow": {
    "0": 0.000003249620982,
    "1": 0.000002444377322,
    "2": 0.000002773804609,
    "3": 9.905849484E-7,
    "4": 2.970985252E-7,
    "5": 6.549673004E-7,
    "6": 0.00001097642399,
    "7": 2.581589104E-7,
    "8": 0.000001869870990,
    "9": 0.000001007652171,
    "10": 8.025973552E-7,
    "11": 2.223018892E-7,
    "12": 4.386596546E-7,
    "13": 0.00001759046110
  },
  "zHigh": {
    "0": 0.00012572817153191163340015163752752914036745886779391265800291011095691445229384310599319444502166158453869589649880,
    "1": 0.0000870192402954924650147391820980995541862208937109123699161774346831139797868766270262698349781789455207317184382186,
    "2": 0.00010260415554806959704303227929004810485624530410053604731006268934718674165302736100202127606791594997624656722268,
    "3": 0.000038429066638510730923056166779238847196739538895864237733654680894985973179780694815649035069262317495391161815186,
    "4": 0.000011470562322918459682872723454372620001023486266692230424078320039932824668740845714941164210250796211280408035,
    "5": 0.00002584065104900997507989154688762716538557569300643608819778663463545095958941387147239968656771470840645774808574,
    "6": 0.0004056848284683542094436890173447352190613359767123995484935365476652467507526412580607964847015340182456197416573,
    "7": 0.0000091851734263004538807177192120841630066415925169726835309224208072382141530136000923241390620286867067029328011129,
    "8": 0.000074897226242238130275481686614851034445824355742034467284235078643071904799238320121675010485411101793474183424582,
    "9": 0.000042259498367519398061966611188641075414430732825012937816932079079355372234470916245366684498170902774940894303,
    "10": 0.0000311364211068055547954735162552012720709769872169811868802862992360967917387787301757146498890303056389723283340,
    "11": 0.000008660905617783677076635837255343408556985953316574452114162843558803366826626076390852406011094358975739525618922,
    "12": 0.000016463391260314246197633958352927827778248320160186996468079508851232599682664522176073615828996846995998305565769,
    "13": 0.0006666405037296972552702283438714935511869324555684904925957921772970068195336903787590389213539620165314329540303
  },
  "setupType": "Multi Region Model Local Bidder",
  "population": 0,
  "id": 1,
  "worldId": 248,
  "setup": {
    "numberOfRegionsInterval": {
      "minValue": 3,
      "maxValue": 7
    },
    "alphaInterval": {
      "minValue": 60.0,
      "maxValue": 100.0
    },
    "betaInterval": {
      "minValue": 0.05,
      "maxValue": 0.12
    },
    "setupName": "Multi Region Model Local Bidder",
    "numberOfBidders": 3
  },
  "implementation": "org.spectrumauctions.sats.core.model.mrvm.MRVMLocalBidder"
}