{
  "bidderPosition": 3,
  "values": {
    "16": 6.446424124353001161580323241651058197021484375,
    "6": 1.7296217603885555291753917117603123188018798828125,
    "7": 38.9020933046402745958403102122247219085693359375,
    "8": 11.0861163639110689160816036746837198734283447265625,
    "9": 9.137444344349745506406179629266262054443359375,
    "15": 18.40920227380235729697233182378113269805908203125
  },
  "setupType": "Regional Bidder Setup",
  "population": 0,
  "id": 3,
  "worldId": 938,
  "setup": {
    "lowNationalValueInterval": {
      "minValue": 0.0,
      "maxValue": 20.0
    },
    "highNationalValueInterval": {
      "minValue": 0.0,
      "maxValue": 40.0
    },
    "regionalValueInterval": {
      "minValue": 0.0,
      "maxValue": 20.0
    },
    "setupName": "Regional Bidder Setup",
    "numberOfBidders": 6
  },
  "implementation": "org.spectrumauctions.sats.core.model.gsvm.GSVMBidder"
}