{
  "bidderPosition": 5,
  "values": {
    "0": 5.2884170536922976424420994590036571025848388671875,
    "1": 18.08395517708114397237295634113252162933349609375,
    "17": 10.2298017082846666170325988787226378917694091796875,
    "10": 18.57351381559583813896097126416862010955810546875,
    "11": 9.969572773044784952389818499796092510223388671875,
    "12": 15.24331095065259233933829818852245807647705078125
  },
  "setupType": "Regional Bidder Setup",
  "population": 0,
  "id": 5,
  "worldId": 938,
  "setup": {
    "lowNationalValueInterval": {
      "minValue": 0.0,
      "maxValue": 20.0
    },
    "highNationalValueInterval": {
      "minValue": 0.0,
      "maxValue": 40.0
    },
    "regionalValueInterval": {
      "minValue": 0.0,
      "maxValue": 20.0
    },
    "setupName": "Regional Bidder Setup",
    "numberOfBidders": 6
  },
  "implementation": "org.spectrumauctions.sats.core.model.gsvm.GSVMBidder"
}