{
  "bidderPosition": -1,
  "values": {
    "0": 4.20659659975510269447340760962106287479400634765625,
    "1": 7.14394487849835702064638098818250000476837158203125,
    "2": 4.16240021559582817900491136242635548114776611328125,
    "3": 0.29088250588593655976410445873625576496124267578125,
    "4": 11.330567683889523067364279995672404766082763671875,
    "5": 5.758306892575777879983434104360640048980712890625,
    "6": 17.441108200029997732372066820971667766571044921875,
    "7": 11.790376507915308224028194672428071498870849609375,
    "8": 3.32142576858926030780594373936764895915985107421875,
    "9": 0.99608044751024582552645370014943182468414306640625,
    "10": 0.0523931229223906225200835251598618924617767333984375,
    "11": 3.862339294695893432418642987613566219806671142578125
  },
  "setupType": "National Bidder Setup",
  "population": 0,
  "id": 6,
  "worldId": 1196,
  "setup": {
    "lowNationalValueInterval": {
      "minValue": 0.0,
      "maxValue": 10.0
    },
    "highNationalValueInterval": {
      "minValue": 0.0,
      "maxValue": 20.0
    },
    "regionalValueInterval": {
      "minValue": 0.0,
      "maxValue": 0.0
    },
    "setupName": "National Bidder Setup",
    "numberOfBidders": 1
  },
  "implementation": "org.spectrumauctions.sats.core.model.gsvm.GSVMBidder"
}