{
  "regionsOfInterest": [
    1,
    5,
    11,
    13
  ],
  "alpha": 73.8106214504444011481609777547419071197509765625,
  "beta": {
    "0": 0.07300742454436071060541735278093256056308746337890625,
    "1": 0.10224151408883748459732743185668368823826313018798828125,
    "2": 0.09077492442425676155703939684826764278113842010498046875,
    "3": 0.07923995572328974834608317223683116026222705841064453125,
    "4": 0.11518139549515375719135334975362638942897319793701171875,
    "5": 0.07107111579009932345041278267672169022262096405029296875,
    "6": 0.05703098388279946584500379458404495380818843841552734375,
    "7": 0.054971425138627093287535529952947399578988552093505859375,
    "8": 0.0800933459876763398366250612525618635118007659912109375,
    "9": 0.08304895571044978996866348097682930529117584228515625,
    "10": 0.07189366104557619319148642489381018094718456268310546875,
    "11": 0.11428490764327407791522972502207267098128795623779296875,
    "12": 0.0670046090284664719316509717828012071549892425537109375,
    "13": 0.10590585707904127954481765527816605754196643829345703125
  },
  "zLow": {
    "0": 0.000003922546613,
    "1": 0.000001357649607,
    "2": 0.000002166156310,
    "3": 0.000001114877408,
    "4": 2.251795226E-7,
    "5": 8.834653002E-7,
    "6": 0.00001358360758,
    "7": 2.657207393E-7,
    "8": 0.000002380478338,
    "9": 0.000001468948376,
    "10": 9.956331279E-7,
    "11": 1.767441341E-7,
    "12": 4.999890404E-7,
    "13": 0.00001330280243
  },
  "zHigh": {
    "0": 0.0001463139009695925257379676187333963532239150571796843962117443429468608412878957396234159567202155126045553155039,
    "1": 0.0000546103033293742337802267275990044870662278578675775110394426585002665022105562353804269058295251535071956932176902,
    "2": 0.0000846479568063289896723355514099266668485785755484035019992513758388836744081512086336857164976097304500907953747253,
    "3": 0.0000422806058704518046277331124300318581808849461784028253364287760384149790407770873663124119474206617748344259733373,
    "4": 0.0000093490348399465510061640269235926625146640906347918364144506588945157093238638375512642250440029986684715915471523,
    "5": 0.0000327828454702338351964052914781681099336994650408379827185266646612185643562967847230687695315513324704099903358072,
    "6": 0.0004849768777221651836576575504048762155918597397001815095319132464581722677459526287994060049343915378220646278336633,
    "7": 0.00000943232695122779374280342289253699029428648581453121762888275730465929892089030283110319547759115575661540465906244,
    "8": 0.000090480397629223716505551942313002414053094893544235482464242816382103870805759441767411742948450604536487097107729,
    "9": 0.0000562679141114052679984190457668628098937063157930936797175807112554846034191414126667713862851158637389193199700,
    "10": 0.0000370269648973597141081518354548245214599736239087811009522288485176451002873148786747385272498634293079869063935630,
    "11": 0.0000073222427254728573157345654488675524919242794227243258911605036980012334805358008119933875520895218486697020101349,
    "12": 0.000018349828227700618808289683007119158468884426160628871811560839515127815913215047835027591012085439898756302451390,
    "13": 0.0005399685419643759834293559606810729553420070287764685998664767941305543189785547501690792598968094759975533601935976
  },
  "setupType": "Multi Region Model Local Bidder",
  "population": 0,
  "id": 1,
  "worldId": 252,
  "setup": {
    "numberOfRegionsInterval": {
      "minValue": 3,
      "maxValue": 7
    },
    "alphaInterval": {
      "minValue": 60.0,
      "maxValue": 100.0
    },
    "betaInterval": {
      "minValue": 0.05,
      "maxValue": 0.12
    },
    "setupName": "Multi Region Model Local Bidder",
    "numberOfBidders": 3
  },
  "implementation": "org.spectrumauctions.sats.core.model.mrvm.MRVMLocalBidder"
}