{
  "homeId": 11,
  "distanceDiscounts": {
    "0": 1,
    "1": 0.42045,
    "2": 0.17678,
    "3": 0.07433,
    "4": 0.03125,
    "5": 0.01314,
    "6": 0.00552,
    "7": 0.00232
  },
  "alpha": 739.4682482656384081565192900598049163818359375,
  "beta": {
    "0": 0.07917841941335070077290225754040875472128391265869140625,
    "1": 0.0892989479727990531632286774765816517174243927001953125,
    "2": 0.08287788219791307475770025803285534493625164031982421875,
    "3": 0.06380940888589881065939835025346837937831878662109375,
    "4": 0.05409196523727792527136415401400881819427013397216796875,
    "5": 0.0934220948022882746730743974694632925093173980712890625,
    "6": 0.0774030742397871229787398306143586523830890655517578125,
    "7": 0.0422802365244635824925722999978461302816867828369140625,
    "8": 0.0765822371488373010439687504913308657705783843994140625,
    "9": 0.0735603681587721769385979087019222788512706756591796875,
    "10": 0.04319330578239548301677785957508604042232036590576171875,
    "11": 0.0733168534674489558167209679595544002950191497802734375,
    "12": 0.0936880042993036010745555586254340596497058868408203125,
    "13": 0.070523843916923067975943695273599587380886077880859375
  },
  "zLow": {
    "0": 0.000004719526401,
    "1": 0.000002028330561,
    "2": 0.000003095901607,
    "3": 0.000001806578028,
    "4": 6.256746740E-7,
    "5": 8.770071525E-7,
    "6": 0.00001305984092,
    "7": 4.508116664E-7,
    "8": 0.000003248648534,
    "9": 0.000002164048159,
    "10": 0.000002162437683,
    "11": 3.595010630E-7,
    "12": 4.666070333E-7,
    "13": 0.00002606737208
  },
  "zHigh": {
    "0": 0.0001789542560805169563006175047042022063586295866795904802176139373684160934141032222366218716086780666835105504676530,
    "1": 0.000078962695345162759990328909949246309059433719193615276432880760931832964420620953120181766993333859297143865021023,
    "2": 0.0001185352250407428263983062799390046220048716096703935970889654021216875710416029480505941939966390937580321524646947,
    "3": 0.0000657250084435718600928919129822519352795517211487517576420333196892551468354776980642483660200663898491612232112,
    "4": 0.0000221546374909833039277294483419092486287803722189526679616092127447232811234145772096092592231089498545428619482868,
    "5": 0.000034503399108801301863456314826449401783343467763196801895006795051639164887733045935319905350850144274950434490837,
    "6": 0.000492882411128243498476076805033362820022520264015744313106239092512041560817648568929625416864223859390779061569195,
    "7": 0.000015430392380116867040602972982403462852394332001726762450131068056936885838748084372665962244507153647527352925349,
    "8": 0.000122338333259279385185091511884107049672417987477034173036984738374380862755901445461531704354589673435551442203874,
    "9": 0.000080840262670608513348868129602974181270626945014144937923327149670078815117897100483822413792025294771516563063447,
    "10": 0.0000742134136877664762098528196995901904255657973110926477770914560543054264236680775156743210596480606631273054153121,
    "11": 0.000013420780565356192878730398173541501064107980711992458167283571904345583162707465785647759585751053886143987979069,
    "12": 0.000018369759171098037789799373810099314780893476568653399106513158048772384326016042550765501591973772657566098218273,
    "13": 0.00096585829021147766791126860188962109498177341685303151174881176572038987127963091047889650695228176641121587626795
  },
  "setupType": "Multi Region Model Regional Bidder",
  "population": 0,
  "id": 5,
  "worldId": 303,
  "setup": {
    "exponentFactor": 1.25,
    "base": 2.0,
    "alphaInterval": {
      "minValue": 500.0,
      "maxValue": 840.0
    },
    "betaInterval": {
      "minValue": 0.04,
      "maxValue": 0.1
    },
    "setupName": "Multi Region Model Regional Bidder",
    "numberOfBidders": 4
  },
  "implementation": "org.spectrumauctions.sats.core.model.mrvm.MRVMRegionalBidder"
}