{
  "gammaValues": {
    "1": 0.95760,
    "2": 0.83040
  },
  "alpha": 970.32010164705343413515947759151458740234375,
  "beta": {
    "0": 0.11158093417541954661675873694548499770462512969970703125,
    "1": 0.18769135567122219310220998522709123790264129638671875,
    "2": 0.20026968451568005757934542998555116355419158935546875,
    "3": 0.10888189528947155026994408899554400704801082611083984375,
    "4": 0.094356189233792242543330530679668299853801727294921875,
    "5": 0.1182785585626097424327696217005723156034946441650390625,
    "6": 0.1143949774675079300578772745211608707904815673828125,
    "7": 0.09259558291135559782158992447875789366662502288818359375,
    "8": 0.2075838543706323147119974237284623086452484130859375,
    "9": 0.09463692050315063164500628545283689163625240325927734375,
    "10": 0.09332603119198211449880631107589579187333583831787109375,
    "11": 0.08926149057335806824564627959261997602880001068115234375,
    "12": 0.080070505888966192475919569915276952087879180908203125,
    "13": 0.11144277549860016895966197125744656659662723541259765625
  },
  "zLow": {
    "0": 0.000003349000827,
    "1": 9.650299801E-7,
    "2": 0.000001281181270,
    "3": 0.000001058731351,
    "4": 3.586831240E-7,
    "5": 6.927024335E-7,
    "6": 0.000008836680233,
    "7": 2.058459301E-7,
    "8": 0.000001198497702,
    "9": 0.000001682093822,
    "10": 0.000001000822931,
    "11": 2.952839639E-7,
    "12": 5.459623522E-7,
    "13": 0.00001649610100
  },
  "zHigh": {
    "0": 0.0001378384888621196468589088150122466783491462699483650214722187018878232519651114792318236572905222714179078139641953,
    "1": 0.0000470636779232713200375326396980388272987556241570881265234780453435195721995150658074075407188413801167210885543,
    "2": 0.0000640936149375736945755985964077312719858633798842458501791221985146732043165355227592016694241019063822026114737,
    "3": 0.0000432896081275875249833147801893802394425603844196185989092969981756069142453265542315929412402891848462975778594848,
    "4": 0.00001414489098889313585156706989503892864327792529409006335263294753888679210404284703902522430328933139573674387925,
    "5": 0.000028974257537855680609400211861040515445861966112595415075355392324163124982825038412158177328802901946470091654186,
    "6": 0.000366187590583222665432971692217198095751769625536564897224591550003859604048758671911967775807461134417818444003,
    "7": 0.0000080814202898743401522389640439834866044093094544332148309362211031535842505923653139830587819985579290418752504521,
    "8": 0.000060833808303083428075140401442636255715552856571846668668334455410600980942033226524675048743736297606834936185,
    "9": 0.0000663816325586686355177662754235959238801902105184907076901981227497106289991065853416135311327615746966815957766420,
    "10": 0.0000393649711327733593684604283495006988479300036703154006236602801001045289431085986814087942774972393677563501384359,
    "11": 0.0000114942675914829720993098519134217131002937478446890619852463989891791788136783472327355584940785368099490431175451,
    "12": 0.00002075041873966727184485480361962276994769758535522075640218520882569874175570817563142854390191145415993360653042,
    "13": 0.0006787201577429844950999064466827128183079148913170232687998019999888562619555648824227288693654540249151778630339692
  },
  "setupType": "Multi Region Model National Bidder",
  "population": 0,
  "id": 7,
  "worldId": 303,
  "setup": {
    "bInterval": {
      "minValue": 0.1,
      "maxValue": 0.3
    },
    "kMax": 2.0,
    "alphaInterval": {
      "minValue": 700.0,
      "maxValue": 1200.0
    },
    "betaInterval": {
      "minValue": 0.08,
      "maxValue": 0.22
    },
    "setupName": "Multi Region Model National Bidder",
    "numberOfBidders": 3
  },
  "implementation": "org.spectrumauctions.sats.core.model.mrvm.MRVMNationalBidder"
}