{
  "bidderPosition": 2,
  "values": {
    "4": 9.6868611836230087419608025811612606048583984375,
    "5": 25.299109159746624442277607158757746219635009765625,
    "6": 18.11325444513226301523900474421679973602294921875,
    "7": 23.530189146904913144453530549071729183197021484375,
    "14": 11.0682214868934298834801666089333593845367431640625,
    "15": 3.54527923945743506095595876104198396205902099609375
  },
  "setupType": "Regional Bidder Setup",
  "population": 0,
  "id": 2,
  "worldId": 1132,
  "setup": {
    "lowNationalValueInterval": {
      "minValue": 0.0,
      "maxValue": 20.0
    },
    "highNationalValueInterval": {
      "minValue": 0.0,
      "maxValue": 40.0
    },
    "regionalValueInterval": {
      "minValue": 0.0,
      "maxValue": 20.0
    },
    "setupName": "Regional Bidder Setup",
    "numberOfBidders": 6
  },
  "implementation": "org.spectrumauctions.sats.core.model.gsvm.GSVMBidder"
}