{
  "bidderPosition": -1,
  "values": {
    "0": 9.997337027650306851001005270518362522125244140625,
    "1": 9.821251900830073822135091177187860012054443359375,
    "2": 6.502916851716069146505105891264975070953369140625,
    "3": 9.6612062586594777968684866209514439105987548828125,
    "4": 0.331599100991810669114556731074117124080657958984375,
    "5": 11.58786124389670391110485070385038852691650390625,
    "6": 17.759268721315851990993905928917229175567626953125,
    "7": 9.4135225515676079766080874833278357982635498046875,
    "8": 6.963296126944921837775837047956883907318115234375,
    "9": 5.35033796291357699459467767155729234218597412109375,
    "10": 0.2067258478354039308300116317695938050746917724609375,
    "11": 9.40857858430553051221068017184734344482421875
  },
  "setupType": "National Bidder Setup",
  "population": 0,
  "id": 6,
  "worldId": 823,
  "setup": {
    "lowNationalValueInterval": {
      "minValue": 0.0,
      "maxValue": 10.0
    },
    "highNationalValueInterval": {
      "minValue": 0.0,
      "maxValue": 20.0
    },
    "regionalValueInterval": {
      "minValue": 0.0,
      "maxValue": 0.0
    },
    "setupName": "National Bidder Setup",
    "numberOfBidders": 1
  },
  "implementation": "org.spectrumauctions.sats.core.model.gsvm.GSVMBidder"
}