{
  "bidderPosition": 2,
  "values": {
    "4": 18.472887901587530024016814422793686389923095703125,
    "5": 5.7446327856222278995801389100961387157440185546875,
    "6": 10.7747439139802470009499302250333130359649658203125,
    "7": 18.67661598100252007270682952366769313812255859375,
    "14": 16.97366046148808749194358824752271175384521484375,
    "15": 19.326411859490907119152325321920216083526611328125
  },
  "setupType": "Regional Bidder Setup",
  "population": 0,
  "id": 2,
  "worldId": 880,
  "setup": {
    "lowNationalValueInterval": {
      "minValue": 0.0,
      "maxValue": 20.0
    },
    "highNationalValueInterval": {
      "minValue": 0.0,
      "maxValue": 40.0
    },
    "regionalValueInterval": {
      "minValue": 0.0,
      "maxValue": 20.0
    },
    "setupName": "Regional Bidder Setup",
    "numberOfBidders": 6
  },
  "implementation": "org.spectrumauctions.sats.core.model.gsvm.GSVMBidder"
}