{
  "bidderPosition": 2,
  "values": {
    "4": 30.3095738436026067574857734143733978271484375,
    "5": 38.808774073186924624678795225918292999267578125,
    "6": 14.0479501178664190064182548667304217815399169921875,
    "7": 30.334902808940572782603339874185621738433837890625,
    "14": 9.955754780043907459230467793531715869903564453125,
    "15": 14.55294365442187398684836807660758495330810546875
  },
  "setupType": "Regional Bidder Setup",
  "population": 0,
  "id": 2,
  "worldId": 750,
  "setup": {
    "lowNationalValueInterval": {
      "minValue": 0.0,
      "maxValue": 20.0
    },
    "highNationalValueInterval": {
      "minValue": 0.0,
      "maxValue": 40.0
    },
    "regionalValueInterval": {
      "minValue": 0.0,
      "maxValue": 20.0
    },
    "setupName": "Regional Bidder Setup",
    "numberOfBidders": 6
  },
  "implementation": "org.spectrumauctions.sats.core.model.gsvm.GSVMBidder"
}