{
  "bidderPosition": 0,
  "values": {
    "0": 13.986586344855954422428112593479454517364501953125,
    "1": 6.6479148735311515139301263843663036823272705078125,
    "2": 1.014513160437624517129506784840486943721771240234375,
    "3": 13.6152180523709898096740289474837481975555419921875,
    "12": 7.110100559177539025768055580556392669677734375,
    "13": 3.347548307475431972335400132578797638416290283203125
  },
  "setupType": "Regional Bidder Setup",
  "population": 0,
  "id": 0,
  "worldId": 465,
  "setup": {
    "lowNationalValueInterval": {
      "minValue": 0.0,
      "maxValue": 20.0
    },
    "highNationalValueInterval": {
      "minValue": 0.0,
      "maxValue": 40.0
    },
    "regionalValueInterval": {
      "minValue": 0.0,
      "maxValue": 20.0
    },
    "setupName": "Regional Bidder Setup",
    "numberOfBidders": 6
  },
  "implementation": "org.spectrumauctions.sats.core.model.gsvm.GSVMBidder"
}