{
  "bidderPosition": 4,
  "values": {
    "16": 0.633466845498096287059297537780366837978363037109375,
    "17": 1.34995728664102809801761395647190511226654052734375,
    "8": 4.07067583489163720145143088302575051784515380859375,
    "9": 8.24569952842552567062739399261772632598876953125,
    "10": 16.813258836452131816940891440026462078094482421875,
    "11": 17.24477484219816147970050224103033542633056640625
  },
  "setupType": "Regional Bidder Setup",
  "population": 0,
  "id": 4,
  "worldId": 1138,
  "setup": {
    "lowNationalValueInterval": {
      "minValue": 0.0,
      "maxValue": 20.0
    },
    "highNationalValueInterval": {
      "minValue": 0.0,
      "maxValue": 40.0
    },
    "regionalValueInterval": {
      "minValue": 0.0,
      "maxValue": 20.0
    },
    "setupName": "Regional Bidder Setup",
    "numberOfBidders": 6
  },
  "implementation": "org.spectrumauctions.sats.core.model.gsvm.GSVMBidder"
}