{
  "bidderPosition": -1,
  "values": {
    "0": 8.0091849214143717716751780244521796703338623046875,
    "1": 6.32480006826065022096372558735311031341552734375,
    "2": 2.0587833676340192567977283033542335033416748046875,
    "3": 8.17164494430530652380184619687497615814208984375,
    "4": 10.66229279797001794349853298626840114593505859375,
    "5": 11.5934809470398096920007446897216141223907470703125,
    "6": 15.140002715749204753592493943870067596435546875,
    "7": 15.3640712882303205333300866186618804931640625,
    "8": 1.2299437343396502075876242088270373642444610595703125,
    "9": 7.45301770054150747313315150677226483821868896484375,
    "10": 4.81963531134968814484409449505619704723358154296875,
    "11": 9.73714163828930168165243230760097503662109375
  },
  "setupType": "National Bidder Setup",
  "population": 0,
  "id": 6,
  "worldId": 477,
  "setup": {
    "lowNationalValueInterval": {
      "minValue": 0.0,
      "maxValue": 10.0
    },
    "highNationalValueInterval": {
      "minValue": 0.0,
      "maxValue": 20.0
    },
    "regionalValueInterval": {
      "minValue": 0.0,
      "maxValue": 0.0
    },
    "setupName": "National Bidder Setup",
    "numberOfBidders": 1
  },
  "implementation": "org.spectrumauctions.sats.core.model.gsvm.GSVMBidder"
}