{
  "bidderPosition": 2,
  "values": {
    "4": 33.138887770103650609598844312131404876708984375,
    "5": 6.4043399324399263861096187611110508441925048828125,
    "6": 0.7316028065056645601771379006095230579376220703125,
    "7": 24.401828744309174368254389264620840549468994140625,
    "14": 10.0936979596301217299014751915819942951202392578125,
    "15": 14.1699715672578552272398155764676630496978759765625
  },
  "setupType": "Regional Bidder Setup",
  "population": 0,
  "id": 2,
  "worldId": 477,
  "setup": {
    "lowNationalValueInterval": {
      "minValue": 0.0,
      "maxValue": 20.0
    },
    "highNationalValueInterval": {
      "minValue": 0.0,
      "maxValue": 40.0
    },
    "regionalValueInterval": {
      "minValue": 0.0,
      "maxValue": 20.0
    },
    "setupName": "Regional Bidder Setup",
    "numberOfBidders": 6
  },
  "implementation": "org.spectrumauctions.sats.core.model.gsvm.GSVMBidder"
}