{
  "bidderPosition": 0,
  "values": {
    "0": 8.8632101407697216899350678431801497936248779296875,
    "1": 18.58299263268664702763999230228364467620849609375,
    "2": 1.307241251494264400179190488415770232677459716796875,
    "3": 14.6544012572881143796621472574770450592041015625,
    "12": 9.8980289328087049938176278374157845973968505859375,
    "13": 8.7220155551771210156175584415905177593231201171875
  },
  "setupType": "Regional Bidder Setup",
  "population": 0,
  "id": 0,
  "worldId": 1050,
  "setup": {
    "lowNationalValueInterval": {
      "minValue": 0.0,
      "maxValue": 20.0
    },
    "highNationalValueInterval": {
      "minValue": 0.0,
      "maxValue": 40.0
    },
    "regionalValueInterval": {
      "minValue": 0.0,
      "maxValue": 20.0
    },
    "setupName": "Regional Bidder Setup",
    "numberOfBidders": 6
  },
  "implementation": "org.spectrumauctions.sats.core.model.gsvm.GSVMBidder"
}