{
  "gammaValues": {
    "1": 0.97629,
    "2": 0.90518
  },
  "alpha": 1198.532230413397655865992419421672821044921875,
  "beta": {
    "0": 0.082062003368436664541007985462783835828304290771484375,
    "1": 0.14988507861171640467290444576065056025981903076171875,
    "2": 0.201841444841701189716332009993493556976318359375,
    "3": 0.13559600672429150680642351289861835539340972900390625,
    "4": 0.217198188442712603052342501541716046631336212158203125,
    "5": 0.122203328792992615969836833755834959447383880615234375,
    "6": 0.1232763821681270854924150626175105571746826171875,
    "7": 0.1550558448018122259526307971100322902202606201171875,
    "8": 0.176273448074657335116199874391895718872547149658203125,
    "9": 0.11736523412695899770685770135969505645334720611572265625,
    "10": 0.16973404949624892879000981338322162628173828125,
    "11": 0.1844148057258523376589209874509833753108978271484375,
    "12": 0.1769876428651517841217355453409254550933837890625,
    "13": 0.11360165897332878681691425981625798158347606658935546875
  },
  "zLow": {
    "0": 0.000004349725078,
    "1": 0.000001154317694,
    "2": 0.000001214266809,
    "3": 8.120695410E-7,
    "4": 1.488414230E-7,
    "5": 6.404251463E-7,
    "6": 0.000007832761305,
    "7": 1.174202739E-7,
    "8": 0.000001348163464,
    "9": 0.000001295597263,
    "10": 5.256416232E-7,
    "11": 1.365233346E-7,
    "12": 2.359342545E-7,
    "13": 0.00001545778380
  },
  "zHigh": {
    "0": 0.00016618646771476850234969984074327610785686272848867122043567104983081271375550939281175084461358240678711151260310,
    "1": 0.0000519310306090597289388564177529275399578922416376655611280190391849115214134141001657508985630411444755923926919,
    "2": 0.00006093694094643495391554584709150940603775682162148249977674355235679365798807216305561470619520869090282681,
    "3": 0.0000353734249221489361270820158007397592444952689051937573867950669923705407916685202197303010607256213666072016502,
    "4": 0.00000769805143250313624345737503262432818289734781728558189163276363884230433155630951906947328566229723285387045247,
    "5": 0.00002703896286066303315011333005095874309561760551867050501165821601552727837858410617705899064923606334975953506647,
    "6": 0.000331542286756562833312411430737669959737564854765551736807412789510090280155974701077069811755471697871470971,
    "7": 0.000005343278191059117247922107821905574059342857538071533079805562368412782750073359250337198065342964947024993787,
    "8": 0.00006420944613634841761680467457100291349022266079682039606317658934581869745485561726894068244283781200452788479488,
    "9": 0.0000540737254788619035185724079162981410644207757182346993751376463619982121619129934088030614783458370423002280238478,
    "10": 0.0000246911768247875399580388625672212443582865072425887053109199424489226233871116005174789273450998630423394,
    "11": 0.000006613392459323988984485137342568884059130657460464496215491966447878136494993546277952959368293090958294990664,
    "12": 0.000011253772388068292779907930005203904678477473929775266768281310607593574602409916306616208448865240843841631,
    "13": 0.0006393365022697305916573973082928156683165872517377097616639645991374180895325812884966811372781454685070701780005650
  },
  "setupType": "Multi Region Model National Bidder",
  "population": 0,
  "id": 7,
  "worldId": 742,
  "setup": {
    "bInterval": {
      "minValue": 0.1,
      "maxValue": 0.3
    },
    "kMax": 2.0,
    "alphaInterval": {
      "minValue": 700.0,
      "maxValue": 1200.0
    },
    "betaInterval": {
      "minValue": 0.08,
      "maxValue": 0.22
    },
    "setupName": "Multi Region Model National Bidder",
    "numberOfBidders": 3
  },
  "implementation": "org.spectrumauctions.sats.core.model.mrvm.MRVMNationalBidder"
}