{
  "homeId": 2,
  "distanceDiscounts": {
    "0": 1,
    "1": 0.42045,
    "2": 0.17678,
    "3": 0.07433,
    "4": 0.03125,
    "5": 0.01314,
    "6": 0.00552,
    "7": 0.00232
  },
  "alpha": 608.397832729725223543937318027019500732421875,
  "beta": {
    "0": 0.0971525349595218357112713647438795305788516998291015625,
    "1": 0.080356131054307111671874963576556183397769927978515625,
    "2": 0.047806529321256251152671978843500255607068538665771484375,
    "3": 0.09378643359924858369236488897513481788337230682373046875,
    "4": 0.065053682068190121778883394654258154332637786865234375,
    "5": 0.04261614651322324920368345146926003508269786834716796875,
    "6": 0.052021684731109178734254072651310707442462444305419921875,
    "7": 0.048906937639116743188338887193822301924228668212890625,
    "8": 0.0460478901762730596924910742018255405128002166748046875,
    "9": 0.0641362109486554310411321466744993813335895538330078125,
    "10": 0.0736297624927653437953978254881803877651691436767578125,
    "11": 0.0921781803167416036171033510981942526996135711669921875,
    "12": 0.0991138281041657187575566467785392887890338897705078125,
    "13": 0.0760304117447414828934171282526222057640552520751953125
  },
  "zLow": {
    "0": 0.000003674089967,
    "1": 0.000002153102644,
    "2": 0.000005126692326,
    "3": 0.000001174086515,
    "4": 4.969447756E-7,
    "5": 0.000001836442080,
    "6": 0.00001856138419,
    "7": 3.722723327E-7,
    "8": 0.000005160831938,
    "9": 0.000002370861543,
    "10": 0.000001211728495,
    "11": 2.731332311E-7,
    "12": 4.213079886E-7,
    "13": 0.00002309641423
  },
  "zHigh": {
    "0": 0.000145917414399986553335866164132378966723953648456817449538643822666952637432167022068961898498698188525708574724938,
    "1": 0.00008189457911239140853742928528934717596370718406176825226226737625245662689812186141962760041687985639438409172986,
    "2": 0.00017830970647460482406047843286614939242059715073293021047486099448719875153295928189439651585804760465889076081914232,
    "3": 0.0000462339341297493587032541202925866135908889487623876722032673312444275818387781361194576386038448209679438635069097,
    "4": 0.00001814115200997552662133081414110433044942460029224411314159642566189398302649261437132122231160954349073803249047,
    "5": 0.0000629194708544320145158151221800875702977777421015209002639407487860006387894629600582697875705189194107945405316352,
    "6": 0.00065340097305369317878904342057415855979729361149795824769698320485260150921729166277322175887850207845175477669141012,
    "7": 0.00001298883995522546843634664443871560708074828787342011675702437779529672452284643004884947597442815281457449386933,
    "8": 0.000178589500364511437121697931768361749539267618189189884818293556471325231814113468712463796687688079420873202350414,
    "9": 0.000086331653891297063730633682852800387285986537090890657524613996126589127916541293613446327243763072673552329009461,
    "10": 0.000045273782977408539073843516028692300625340760497949576763312323284605004057457285640469781796832195653974874153817,
    "11": 0.000010711689353606830036437943028694099887801936574888592978785494873761227465295178128945457302928095885744368108364,
    "12": 0.000016814984413137947777666550708698355028048057939073561679788481209550180106349536245970997303194140967566434875180,
    "13": 0.000868495415131510047753174471696243143546672154823727597908345155088757986271382318334446924604339271357110171523111
  },
  "setupType": "Multi Region Model Regional Bidder",
  "population": 0,
  "id": 6,
  "worldId": 742,
  "setup": {
    "exponentFactor": 1.25,
    "base": 2.0,
    "alphaInterval": {
      "minValue": 500.0,
      "maxValue": 840.0
    },
    "betaInterval": {
      "minValue": 0.04,
      "maxValue": 0.1
    },
    "setupName": "Multi Region Model Regional Bidder",
    "numberOfBidders": 4
  },
  "implementation": "org.spectrumauctions.sats.core.model.mrvm.MRVMRegionalBidder"
}