{
  "bidderPosition": 1,
  "values": {
    "2": 2.796280772716011053802276364876888692378997802734375,
    "3": 13.9818333686095481738220769329927861690521240234375,
    "4": 29.92751948459000033153643016703426837921142578125,
    "5": 24.319921813087216122539757634513080120086669921875,
    "13": 3.871030106632515899178770268918015062808990478515625,
    "14": 14.443916722429634091895422898232936859130859375
  },
  "setupType": "Regional Bidder Setup",
  "population": 0,
  "id": 1,
  "worldId": 335,
  "setup": {
    "lowNationalValueInterval": {
      "minValue": 0.0,
      "maxValue": 20.0
    },
    "highNationalValueInterval": {
      "minValue": 0.0,
      "maxValue": 40.0
    },
    "regionalValueInterval": {
      "minValue": 0.0,
      "maxValue": 20.0
    },
    "setupName": "Regional Bidder Setup",
    "numberOfBidders": 6
  },
  "implementation": "org.spectrumauctions.sats.core.model.gsvm.GSVMBidder"
}