{
  "bidderPosition": 5,
  "values": {
    "0": 1.252686932612372405770884142839349806308746337890625,
    "1": 7.73229558294392660400262684561312198638916015625,
    "17": 10.078429478761673721010083681903779506683349609375,
    "10": 19.910562424729729258388033485971391201019287109375,
    "11": 17.158969480061472268062061630189418792724609375,
    "12": 8.5835545491637077475388650782406330108642578125
  },
  "setupType": "Regional Bidder Setup",
  "population": 0,
  "id": 5,
  "worldId": 335,
  "setup": {
    "lowNationalValueInterval": {
      "minValue": 0.0,
      "maxValue": 20.0
    },
    "highNationalValueInterval": {
      "minValue": 0.0,
      "maxValue": 40.0
    },
    "regionalValueInterval": {
      "minValue": 0.0,
      "maxValue": 20.0
    },
    "setupName": "Regional Bidder Setup",
    "numberOfBidders": 6
  },
  "implementation": "org.spectrumauctions.sats.core.model.gsvm.GSVMBidder"
}