{
  "bidderPosition": 4,
  "values": {
    "16": 5.26187382037816231417082235566340386867523193359375,
    "17": 11.879068606947004838048087549395859241485595703125,
    "8": 19.629986414196306299118077731691300868988037109375,
    "9": 8.0128575676333557709085653186775743961334228515625,
    "10": 6.8123094367574825724886977695859968662261962890625,
    "11": 1.969140517200178575052404994494281709194183349609375
  },
  "setupType": "Regional Bidder Setup",
  "population": 0,
  "id": 4,
  "worldId": 889,
  "setup": {
    "lowNationalValueInterval": {
      "minValue": 0.0,
      "maxValue": 20.0
    },
    "highNationalValueInterval": {
      "minValue": 0.0,
      "maxValue": 40.0
    },
    "regionalValueInterval": {
      "minValue": 0.0,
      "maxValue": 20.0
    },
    "setupName": "Regional Bidder Setup",
    "numberOfBidders": 6
  },
  "implementation": "org.spectrumauctions.sats.core.model.gsvm.GSVMBidder"
}