{
  "bidderPosition": 0,
  "values": {
    "0": 12.7462506188653446059788620914332568645477294921875,
    "1": 3.353409482871285707261677089263685047626495361328125,
    "2": 5.38680749899606237107718698098324239253997802734375,
    "3": 9.65484080940218092337090638466179370880126953125,
    "12": 9.1311444946070725592335293185897171497344970703125,
    "13": 11.2158282003662979064984028809703886508941650390625
  },
  "setupType": "Regional Bidder Setup",
  "population": 0,
  "id": 0,
  "worldId": 889,
  "setup": {
    "lowNationalValueInterval": {
      "minValue": 0.0,
      "maxValue": 20.0
    },
    "highNationalValueInterval": {
      "minValue": 0.0,
      "maxValue": 40.0
    },
    "regionalValueInterval": {
      "minValue": 0.0,
      "maxValue": 20.0
    },
    "setupName": "Regional Bidder Setup",
    "numberOfBidders": 6
  },
  "implementation": "org.spectrumauctions.sats.core.model.gsvm.GSVMBidder"
}