{
  "bidderPosition": 3,
  "values": {
    "16": 16.43618169241596405072414199821650981903076171875,
    "6": 36.05567789507272635773915681056678295135498046875,
    "7": 1.8516707334454540756496498943306505680084228515625,
    "8": 0.75380022653109168828677866258658468723297119140625,
    "9": 9.227133399610483621700041112489998340606689453125,
    "15": 17.39980318118109181568797794170677661895751953125
  },
  "setupType": "Regional Bidder Setup",
  "population": 0,
  "id": 3,
  "worldId": 889,
  "setup": {
    "lowNationalValueInterval": {
      "minValue": 0.0,
      "maxValue": 20.0
    },
    "highNationalValueInterval": {
      "minValue": 0.0,
      "maxValue": 40.0
    },
    "regionalValueInterval": {
      "minValue": 0.0,
      "maxValue": 20.0
    },
    "setupName": "Regional Bidder Setup",
    "numberOfBidders": 6
  },
  "implementation": "org.spectrumauctions.sats.core.model.gsvm.GSVMBidder"
}