{
  "bidderPosition": 2,
  "values": {
    "4": 25.04570643849299216299186809919774532318115234375,
    "5": 31.51598067808118486254898016341030597686767578125,
    "6": 0.34280942455499285870246239937841892242431640625,
    "7": 27.873081797132055470456180046312510967254638671875,
    "14": 8.752819900953415555022729677148163318634033203125,
    "15": 17.582115911341841041348743601702153682708740234375
  },
  "setupType": "Regional Bidder Setup",
  "population": 0,
  "id": 2,
  "worldId": 472,
  "setup": {
    "lowNationalValueInterval": {
      "minValue": 0.0,
      "maxValue": 20.0
    },
    "highNationalValueInterval": {
      "minValue": 0.0,
      "maxValue": 40.0
    },
    "regionalValueInterval": {
      "minValue": 0.0,
      "maxValue": 20.0
    },
    "setupName": "Regional Bidder Setup",
    "numberOfBidders": 6
  },
  "implementation": "org.spectrumauctions.sats.core.model.gsvm.GSVMBidder"
}