{
  "bidderPosition": 3,
  "values": {
    "16": 1.926932334648909783680892360280267894268035888671875,
    "6": 26.568379005013088800524201360531151294708251953125,
    "7": 3.42125997644261214958305572508834302425384521484375,
    "8": 4.6787102377205176395591479376889765262603759765625,
    "9": 13.20805920226899132785547408275306224822998046875,
    "15": 7.631408702641639507646686979569494724273681640625
  },
  "setupType": "Regional Bidder Setup",
  "population": 0,
  "id": 3,
  "worldId": 472,
  "setup": {
    "lowNationalValueInterval": {
      "minValue": 0.0,
      "maxValue": 20.0
    },
    "highNationalValueInterval": {
      "minValue": 0.0,
      "maxValue": 40.0
    },
    "regionalValueInterval": {
      "minValue": 0.0,
      "maxValue": 20.0
    },
    "setupName": "Regional Bidder Setup",
    "numberOfBidders": 6
  },
  "implementation": "org.spectrumauctions.sats.core.model.gsvm.GSVMBidder"
}