{
  "bidderPosition": -1,
  "values": {
    "0": 9.5492793230087595901522945496253669261932373046875,
    "1": 6.4813825996958005504211541847325861454010009765625,
    "2": 4.77009770475046668281038364511914551258087158203125,
    "3": 0.029140158668479188008859637193381786346435546875,
    "4": 18.280556323558027287390359560959041118621826171875,
    "5": 13.2905918784939718335635916446335613727569580078125,
    "6": 16.205409000887119219669330050237476825714111328125,
    "7": 9.7853462801122415015697697526775300502777099609375,
    "8": 8.5891163105917396336508318199776113033294677734375,
    "9": 4.9379701057190867885537954862229526042938232421875,
    "10": 5.495825030923779053182443021796643733978271484375,
    "11": 3.738089794055527992355791866430081427097320556640625
  },
  "setupType": "National Bidder Setup",
  "population": 0,
  "id": 6,
  "worldId": 822,
  "setup": {
    "lowNationalValueInterval": {
      "minValue": 0.0,
      "maxValue": 10.0
    },
    "highNationalValueInterval": {
      "minValue": 0.0,
      "maxValue": 20.0
    },
    "regionalValueInterval": {
      "minValue": 0.0,
      "maxValue": 0.0
    },
    "setupName": "National Bidder Setup",
    "numberOfBidders": 1
  },
  "implementation": "org.spectrumauctions.sats.core.model.gsvm.GSVMBidder"
}