{
  "bidderPosition": 1,
  "values": {
    "2": 11.6460986881077843690945883281528949737548828125,
    "3": 14.8413925768514474157200311310589313507080078125,
    "4": 17.723799712434686881579182227142155170440673828125,
    "5": 15.6346675438299342886239173822104930877685546875,
    "13": 13.6832869973296045174038226832635700702667236328125,
    "14": 18.093532064937047465491559705697000026702880859375
  },
  "setupType": "Regional Bidder Setup",
  "population": 0,
  "id": 1,
  "worldId": 822,
  "setup": {
    "lowNationalValueInterval": {
      "minValue": 0.0,
      "maxValue": 20.0
    },
    "highNationalValueInterval": {
      "minValue": 0.0,
      "maxValue": 40.0
    },
    "regionalValueInterval": {
      "minValue": 0.0,
      "maxValue": 20.0
    },
    "setupName": "Regional Bidder Setup",
    "numberOfBidders": 6
  },
  "implementation": "org.spectrumauctions.sats.core.model.gsvm.GSVMBidder"
}