{
  "bidderPosition": 0,
  "values": {
    "0": 2.044567101013254895036652669659815728664398193359375,
    "1": 17.972144491987393166709807701408863067626953125,
    "2": 9.5250887866467000009151888662017881870269775390625,
    "3": 3.882802430938514515190718157100491225719451904296875,
    "12": 2.06705540475569993219551179208792746067047119140625,
    "13": 16.352795106231599930879383464343845844268798828125
  },
  "setupType": "Regional Bidder Setup",
  "population": 0,
  "id": 0,
  "worldId": 822,
  "setup": {
    "lowNationalValueInterval": {
      "minValue": 0.0,
      "maxValue": 20.0
    },
    "highNationalValueInterval": {
      "minValue": 0.0,
      "maxValue": 40.0
    },
    "regionalValueInterval": {
      "minValue": 0.0,
      "maxValue": 20.0
    },
    "setupName": "Regional Bidder Setup",
    "numberOfBidders": 6
  },
  "implementation": "org.spectrumauctions.sats.core.model.gsvm.GSVMBidder"
}