{
  "bidderPosition": 2,
  "values": {
    "4": 26.99543487264082841647905297577381134033203125,
    "5": 15.22597696167064640349053661338984966278076171875,
    "6": 26.78619646289438804842575336806476116180419921875,
    "7": 18.166031176102027444585473858751356601715087890625,
    "14": 0.20784402560045212027262095944024622440338134765625,
    "15": 19.559077318042032089806525618769228458404541015625
  },
  "setupType": "Regional Bidder Setup",
  "population": 0,
  "id": 2,
  "worldId": 822,
  "setup": {
    "lowNationalValueInterval": {
      "minValue": 0.0,
      "maxValue": 20.0
    },
    "highNationalValueInterval": {
      "minValue": 0.0,
      "maxValue": 40.0
    },
    "regionalValueInterval": {
      "minValue": 0.0,
      "maxValue": 20.0
    },
    "setupName": "Regional Bidder Setup",
    "numberOfBidders": 6
  },
  "implementation": "org.spectrumauctions.sats.core.model.gsvm.GSVMBidder"
}