{
  "bidderPosition": 1,
  "values": {
    "2": 14.6633059512188506090524242608807981014251708984375,
    "3": 5.07744426831288730994629077031277120113372802734375,
    "4": 28.962136911404510186685001826845109462738037109375,
    "5": 2.975692779744623095439237658865749835968017578125,
    "13": 15.545505789580776223601787933148443698883056640625,
    "14": 16.850772110220102462108116014860570430755615234375
  },
  "setupType": "Regional Bidder Setup",
  "population": 0,
  "id": 1,
  "worldId": 894,
  "setup": {
    "lowNationalValueInterval": {
      "minValue": 0.0,
      "maxValue": 20.0
    },
    "highNationalValueInterval": {
      "minValue": 0.0,
      "maxValue": 40.0
    },
    "regionalValueInterval": {
      "minValue": 0.0,
      "maxValue": 20.0
    },
    "setupName": "Regional Bidder Setup",
    "numberOfBidders": 6
  },
  "implementation": "org.spectrumauctions.sats.core.model.gsvm.GSVMBidder"
}