{
  "bidderPosition": 4,
  "values": {
    "16": 19.64190523449821768053880077786743640899658203125,
    "17": 7.6493163842560196741260369890369474887847900390625,
    "8": 8.132426636344423087621180457063019275665283203125,
    "9": 1.464871206069247033809688218752853572368621826171875,
    "10": 13.0031523059038391920694266445934772491455078125,
    "11": 7.6553391291743277946579837589524686336517333984375
  },
  "setupType": "Regional Bidder Setup",
  "population": 0,
  "id": 4,
  "worldId": 894,
  "setup": {
    "lowNationalValueInterval": {
      "minValue": 0.0,
      "maxValue": 20.0
    },
    "highNationalValueInterval": {
      "minValue": 0.0,
      "maxValue": 40.0
    },
    "regionalValueInterval": {
      "minValue": 0.0,
      "maxValue": 20.0
    },
    "setupName": "Regional Bidder Setup",
    "numberOfBidders": 6
  },
  "implementation": "org.spectrumauctions.sats.core.model.gsvm.GSVMBidder"
}