{
  "bidderPosition": 0,
  "values": {
    "0": 7.073232287682440500020675244741141796112060546875,
    "1": 5.4408765167385464422977747744880616664886474609375,
    "2": 7.9414494248853468860716020571999251842498779296875,
    "3": 18.159394507308348920560092665255069732666015625,
    "12": 19.4723347965689725924676167778670787811279296875,
    "13": 9.79032699525379968008564901538193225860595703125
  },
  "setupType": "Regional Bidder Setup",
  "population": 0,
  "id": 0,
  "worldId": 894,
  "setup": {
    "lowNationalValueInterval": {
      "minValue": 0.0,
      "maxValue": 20.0
    },
    "highNationalValueInterval": {
      "minValue": 0.0,
      "maxValue": 40.0
    },
    "regionalValueInterval": {
      "minValue": 0.0,
      "maxValue": 20.0
    },
    "setupName": "Regional Bidder Setup",
    "numberOfBidders": 6
  },
  "implementation": "org.spectrumauctions.sats.core.model.gsvm.GSVMBidder"
}