{
  "bidderPosition": -1,
  "values": {
    "0": 3.21655800412121362086281806114129722118377685546875,
    "1": 9.3409385228301200498890466406010091304779052734375,
    "2": 0.720991525800427357495436808676458895206451416015625,
    "3": 3.34017159620809334086288799881003797054290771484375,
    "4": 9.3098785902606238096268498338758945465087890625,
    "5": 13.03891441955226326854244689457118511199951171875,
    "6": 3.6266432630209255449926786241121590137481689453125,
    "7": 14.457932822236497116819009534083306789398193359375,
    "8": 4.28000382317202632265207284945063292980194091796875,
    "9": 9.099214337351778425500015146099030971527099609375,
    "10": 3.6376377013067848764649170334450900554656982421875,
    "11": 1.9693633453043968284390530243399553000926971435546875
  },
  "setupType": "National Bidder Setup",
  "population": 0,
  "id": 6,
  "worldId": 894,
  "setup": {
    "lowNationalValueInterval": {
      "minValue": 0.0,
      "maxValue": 10.0
    },
    "highNationalValueInterval": {
      "minValue": 0.0,
      "maxValue": 20.0
    },
    "regionalValueInterval": {
      "minValue": 0.0,
      "maxValue": 0.0
    },
    "setupName": "National Bidder Setup",
    "numberOfBidders": 1
  },
  "implementation": "org.spectrumauctions.sats.core.model.gsvm.GSVMBidder"
}