{
  "bidderPosition": 5,
  "values": {
    "0": 17.004311409932189036453564767725765705108642578125,
    "1": 3.8677525292869230355563558987341821193695068359375,
    "17": 11.374318141213823452062570140697062015533447265625,
    "10": 13.7053838614511587223887545405887067317962646484375,
    "11": 12.9741668367185329913127134204842150211334228515625,
    "12": 12.8453641319380267304950393736362457275390625
  },
  "setupType": "Regional Bidder Setup",
  "population": 0,
  "id": 5,
  "worldId": 894,
  "setup": {
    "lowNationalValueInterval": {
      "minValue": 0.0,
      "maxValue": 20.0
    },
    "highNationalValueInterval": {
      "minValue": 0.0,
      "maxValue": 40.0
    },
    "regionalValueInterval": {
      "minValue": 0.0,
      "maxValue": 20.0
    },
    "setupName": "Regional Bidder Setup",
    "numberOfBidders": 6
  },
  "implementation": "org.spectrumauctions.sats.core.model.gsvm.GSVMBidder"
}