{
  "bidderPosition": 5,
  "values": {
    "0": 9.35831321690557871306737069971859455108642578125,
    "1": 6.5526172409549783282045609666965901851654052734375,
    "17": 15.40594673125078628572737216018140316009521484375,
    "10": 6.1749515936751304678864471497945487499237060546875,
    "11": 5.3815309009186318434103668550960719585418701171875,
    "12": 16.186431541281283585931305424310266971588134765625
  },
  "setupType": "Regional Bidder Setup",
  "population": 0,
  "id": 5,
  "worldId": 370,
  "setup": {
    "lowNationalValueInterval": {
      "minValue": 0.0,
      "maxValue": 20.0
    },
    "highNationalValueInterval": {
      "minValue": 0.0,
      "maxValue": 40.0
    },
    "regionalValueInterval": {
      "minValue": 0.0,
      "maxValue": 20.0
    },
    "setupName": "Regional Bidder Setup",
    "numberOfBidders": 6
  },
  "implementation": "org.spectrumauctions.sats.core.model.gsvm.GSVMBidder"
}