{
  "bidderPosition": 1,
  "values": {
    "2": 2.788301340456502686038220417685806751251220703125,
    "3": 1.7729283467635870152889765449799597263336181640625,
    "4": 30.250049417291901221460648230277001857757568359375,
    "5": 36.532584270034249129821546375751495361328125,
    "13": 1.40049760241769849500315103796310722827911376953125,
    "14": 17.98558979119906098276260308921337127685546875
  },
  "setupType": "Regional Bidder Setup",
  "population": 0,
  "id": 1,
  "worldId": 480,
  "setup": {
    "lowNationalValueInterval": {
      "minValue": 0.0,
      "maxValue": 20.0
    },
    "highNationalValueInterval": {
      "minValue": 0.0,
      "maxValue": 40.0
    },
    "regionalValueInterval": {
      "minValue": 0.0,
      "maxValue": 20.0
    },
    "setupName": "Regional Bidder Setup",
    "numberOfBidders": 6
  },
  "implementation": "org.spectrumauctions.sats.core.model.gsvm.GSVMBidder"
}