{
  "bidderPosition": 2,
  "values": {
    "4": 20.771627262844614136838572449050843715667724609375,
    "5": 22.22811410922235353382347966544330120086669921875,
    "6": 5.805737070999992255337929236702620983123779296875,
    "7": 11.30232080892336199440251220948994159698486328125,
    "14": 7.38894071125641094255342977703548967838287353515625,
    "15": 9.93798184117797944736594217829406261444091796875
  },
  "setupType": "Regional Bidder Setup",
  "population": 0,
  "id": 2,
  "worldId": 480,
  "setup": {
    "lowNationalValueInterval": {
      "minValue": 0.0,
      "maxValue": 20.0
    },
    "highNationalValueInterval": {
      "minValue": 0.0,
      "maxValue": 40.0
    },
    "regionalValueInterval": {
      "minValue": 0.0,
      "maxValue": 20.0
    },
    "setupName": "Regional Bidder Setup",
    "numberOfBidders": 6
  },
  "implementation": "org.spectrumauctions.sats.core.model.gsvm.GSVMBidder"
}