{
  "bidderPosition": 5,
  "values": {
    "0": 8.7640336554724296291851715068332850933074951171875,
    "1": 3.232408602845968648153984759119339287281036376953125,
    "17": 19.138624714860956288475790643133223056793212890625,
    "10": 2.272909690228142043366688085370697081089019775390625,
    "11": 4.6559709279894150313339196145534515380859375,
    "12": 19.728250605511018278548363014124333858489990234375
  },
  "setupType": "Regional Bidder Setup",
  "population": 0,
  "id": 5,
  "worldId": 480,
  "setup": {
    "lowNationalValueInterval": {
      "minValue": 0.0,
      "maxValue": 20.0
    },
    "highNationalValueInterval": {
      "minValue": 0.0,
      "maxValue": 40.0
    },
    "regionalValueInterval": {
      "minValue": 0.0,
      "maxValue": 20.0
    },
    "setupName": "Regional Bidder Setup",
    "numberOfBidders": 6
  },
  "implementation": "org.spectrumauctions.sats.core.model.gsvm.GSVMBidder"
}