{
  "bidderPosition": 0,
  "values": {
    "0": 1.880632955348990886790261356509290635585784912109375,
    "1": 19.6098020141600528631897759623825550079345703125,
    "2": 17.445043319505405321478974656201899051666259765625,
    "3": 2.05183377020627943920771940611302852630615234375,
    "12": 11.5149986391940206686967940186150372028350830078125,
    "13": 5.810096733618454578618184314109385013580322265625
  },
  "setupType": "Regional Bidder Setup",
  "population": 0,
  "id": 0,
  "worldId": 480,
  "setup": {
    "lowNationalValueInterval": {
      "minValue": 0.0,
      "maxValue": 20.0
    },
    "highNationalValueInterval": {
      "minValue": 0.0,
      "maxValue": 40.0
    },
    "regionalValueInterval": {
      "minValue": 0.0,
      "maxValue": 20.0
    },
    "setupName": "Regional Bidder Setup",
    "numberOfBidders": 6
  },
  "implementation": "org.spectrumauctions.sats.core.model.gsvm.GSVMBidder"
}