{
  "gammaValues": {
    "1": 0.98170,
    "2": 0.92679
  },
  "alpha": 1030.46019399083388634608127176761627197265625,
  "beta": {
    "0": 0.11911113991644095566613259506993927061557769775390625,
    "1": 0.1325438895409307982209412557494943030178546905517578125,
    "2": 0.158568194200860268505692829421604983508586883544921875,
    "3": 0.12255593824209853881512799489428289234638214111328125,
    "4": 0.176427917482725848952185287998872809112071990966796875,
    "5": 0.097587595583159270073991820027003996074199676513671875,
    "6": 0.215266636050735760132823770618415437638759613037109375,
    "7": 0.1540911351609113300042963601299561560153961181640625,
    "8": 0.18544566277722662750448989754659123718738555908203125,
    "9": 0.200013620360393995500913888463401235640048980712890625,
    "10": 0.1011842154897567291893523133694543503224849700927734375,
    "11": 0.1257382690036607242323185573695809580385684967041015625,
    "12": 0.1424476245911101834895617912479792721569538116455078125,
    "13": 0.1483793678203016164207639349115197546780109405517578125
  },
  "zLow": {
    "0": 0.000002715129217,
    "1": 0.000001182668425,
    "2": 0.000001400384678,
    "3": 8.140380824E-7,
    "4": 1.660166571E-7,
    "5": 7.266006049E-7,
    "6": 0.000004064030971,
    "7": 1.070514457E-7,
    "8": 0.000001161052167,
    "9": 6.887932473E-7,
    "10": 7.988861870E-7,
    "11": 1.814154022E-7,
    "12": 2.655936537E-7,
    "13": 0.00001072253189
  },
  "zHigh": {
    "0": 0.0001137940901024653194967567276649517101272475863033309143359754884536694354362015327616146240573186080930779069393,
    "1": 0.000051155600046987531161928228265643007590202912175824058329849193648086822330270157868587940202260122054326767946140,
    "2": 0.00006421718727419057290297324442906235638564495868825676480334739245720536646289268132500133978265605978791700264410,
    "3": 0.0000343976625634792791472747109158782723220302118351043315859558265632168690298363076433399481734713006277189713482,
    "4": 0.00000790949702071530306991360272916441762836547533376566773220896269932487338230083037068019263233273143011690183827,
    "5": 0.00002888873874302422476793138132080789062346017726310754495579513467253176670098500390033339251385799145970587339621,
    "6": 0.00020940595669904492130686494697491472279812389496408118055860592483681799534255128708399257992634235923567625469536,
    "7": 0.000004861111246120468726998859239370969231828221793468573052604557464903320197442710564279022656668407388200446414,
    "8": 0.0000563627738274296697118627107723561504720971158058332118944217735073362923305113585496191618976029271071794714248,
    "9": 0.00003444060052325314482158813620874169721704246502273740844316666315982650390238028348124174147285389268203619400591,
    "10": 0.000032050052817019562941214551477726069908771491606354218658589760520358782406231349625413372162775556410657376889114,
    "11": 0.000007723547930298721230854703913845641880114202498135198608874629515448666005364270635716928373323799975898015640771,
    "12": 0.000011751128116437000091266951310463811780098436579087690003378305333806675641070602035276170963342989192662275777595,
    "13": 0.000480776206819268257888164346139972369483863267888745513063435960699982935915296699667317164934516401148621890355434
  },
  "setupType": "Multi Region Model National Bidder",
  "population": 0,
  "id": 9,
  "worldId": 402,
  "setup": {
    "bInterval": {
      "minValue": 0.1,
      "maxValue": 0.3
    },
    "kMax": 2.0,
    "alphaInterval": {
      "minValue": 700.0,
      "maxValue": 1200.0
    },
    "betaInterval": {
      "minValue": 0.08,
      "maxValue": 0.22
    },
    "setupName": "Multi Region Model National Bidder",
    "numberOfBidders": 3
  },
  "implementation": "org.spectrumauctions.sats.core.model.mrvm.MRVMNationalBidder"
}