{
  "bidderPosition": -1,
  "values": {
    "0": 4.679444464796173264176104567013680934906005859375,
    "1": 5.98595422025259171761035759118385612964630126953125,
    "2": 4.098961990589042869714830885641276836395263671875,
    "3": 2.5695196602000702768009432475082576274871826171875,
    "4": 14.26502670183123910874201101250946521759033203125,
    "5": 16.6320159781959517886207322590053081512451171875,
    "6": 15.498095662376446313146516331471502780914306640625,
    "7": 4.164591401724589303512402693741023540496826171875,
    "8": 1.3111530097117485293978234039968810975551605224609375,
    "9": 6.7939272500919525299423185060732066631317138671875,
    "10": 7.9923262759391544562959097675047814846038818359375,
    "11": 0.9085385196732709278677475595031864941120147705078125
  },
  "setupType": "National Bidder Setup",
  "population": 0,
  "id": 6,
  "worldId": 867,
  "setup": {
    "lowNationalValueInterval": {
      "minValue": 0.0,
      "maxValue": 10.0
    },
    "highNationalValueInterval": {
      "minValue": 0.0,
      "maxValue": 20.0
    },
    "regionalValueInterval": {
      "minValue": 0.0,
      "maxValue": 0.0
    },
    "setupName": "National Bidder Setup",
    "numberOfBidders": 1
  },
  "implementation": "org.spectrumauctions.sats.core.model.gsvm.GSVMBidder"
}