{
  "bidderPosition": 4,
  "values": {
    "16": 2.74949139587775892579202263732440769672393798828125,
    "17": 19.8491786508479748363242833875119686126708984375,
    "8": 3.8764407877733209062398600508458912372589111328125,
    "9": 11.6109211265400489310195553116500377655029296875,
    "10": 3.92724968452594414003442579996772110462188720703125,
    "11": 9.5901586997251087041149730794131755828857421875
  },
  "setupType": "Regional Bidder Setup",
  "population": 0,
  "id": 4,
  "worldId": 867,
  "setup": {
    "lowNationalValueInterval": {
      "minValue": 0.0,
      "maxValue": 20.0
    },
    "highNationalValueInterval": {
      "minValue": 0.0,
      "maxValue": 40.0
    },
    "regionalValueInterval": {
      "minValue": 0.0,
      "maxValue": 20.0
    },
    "setupName": "Regional Bidder Setup",
    "numberOfBidders": 6
  },
  "implementation": "org.spectrumauctions.sats.core.model.gsvm.GSVMBidder"
}