{
  "bidderPosition": 0,
  "values": {
    "0": 17.8576374533204074168679653666913509368896484375,
    "1": 2.86713509678681699455182751989923417568206787109375,
    "2": 6.3276048070538930545581024489365518093109130859375,
    "3": 1.101305555792977397544518680660985410213470458984375,
    "12": 2.640602199228225810401227136026136577129364013671875,
    "13": 17.188088483007323503670704667456448078155517578125
  },
  "setupType": "Regional Bidder Setup",
  "population": 0,
  "id": 0,
  "worldId": 867,
  "setup": {
    "lowNationalValueInterval": {
      "minValue": 0.0,
      "maxValue": 20.0
    },
    "highNationalValueInterval": {
      "minValue": 0.0,
      "maxValue": 40.0
    },
    "regionalValueInterval": {
      "minValue": 0.0,
      "maxValue": 20.0
    },
    "setupName": "Regional Bidder Setup",
    "numberOfBidders": 6
  },
  "implementation": "org.spectrumauctions.sats.core.model.gsvm.GSVMBidder"
}