{
  "bidderPosition": 5,
  "values": {
    "0": 12.8744359268448693711661690031178295612335205078125,
    "1": 4.70154611195212179808322616736404597759246826171875,
    "17": 2.725882048918750744093131288536824285984039306640625,
    "10": 1.05879472626406734292459077551029622554779052734375,
    "11": 6.21040865884686610343123902566730976104736328125,
    "12": 6.3284977939589577289325461606495082378387451171875
  },
  "setupType": "Regional Bidder Setup",
  "population": 0,
  "id": 5,
  "worldId": 867,
  "setup": {
    "lowNationalValueInterval": {
      "minValue": 0.0,
      "maxValue": 20.0
    },
    "highNationalValueInterval": {
      "minValue": 0.0,
      "maxValue": 40.0
    },
    "regionalValueInterval": {
      "minValue": 0.0,
      "maxValue": 20.0
    },
    "setupName": "Regional Bidder Setup",
    "numberOfBidders": 6
  },
  "implementation": "org.spectrumauctions.sats.core.model.gsvm.GSVMBidder"
}