{
  "bidderPosition": 4,
  "values": {
    "16": 0.933091733749298324340770705020986497402191162109375,
    "17": 0.2981731719976377092962138704024255275726318359375,
    "8": 10.3865117785509770698126885690726339817047119140625,
    "9": 19.734497261554519553783393348567187786102294921875,
    "10": 1.254731641164517075281992219970561563968658447265625,
    "11": 6.1031655196764855730862109339796006679534912109375
  },
  "setupType": "Regional Bidder Setup",
  "population": 0,
  "id": 4,
  "worldId": 968,
  "setup": {
    "lowNationalValueInterval": {
      "minValue": 0.0,
      "maxValue": 20.0
    },
    "highNationalValueInterval": {
      "minValue": 0.0,
      "maxValue": 40.0
    },
    "regionalValueInterval": {
      "minValue": 0.0,
      "maxValue": 20.0
    },
    "setupName": "Regional Bidder Setup",
    "numberOfBidders": 6
  },
  "implementation": "org.spectrumauctions.sats.core.model.gsvm.GSVMBidder"
}