{
  "bidderPosition": -1,
  "values": {
    "0": 3.80075053538792584362226989469490945339202880859375,
    "1": 7.56708935045870756397334844223223626613616943359375,
    "2": 9.424043147987816837485297583043575286865234375,
    "3": 7.053366930329826089973721536807715892791748046875,
    "4": 15.907663270422897738853862392716109752655029296875,
    "5": 7.87105717687021755324394689523614943027496337890625,
    "6": 15.9052431195671939434532760060392320156097412109375,
    "7": 14.94970963081161841046196059323847293853759765625,
    "8": 2.57157225473484718492045431048609316349029541015625,
    "9": 7.02778173645055037610518411383964121341705322265625,
    "10": 7.765698041121677164255743264220654964447021484375,
    "11": 5.92623067045224871662867371924221515655517578125
  },
  "setupType": "National Bidder Setup",
  "population": 0,
  "id": 6,
  "worldId": 561,
  "setup": {
    "lowNationalValueInterval": {
      "minValue": 0.0,
      "maxValue": 10.0
    },
    "highNationalValueInterval": {
      "minValue": 0.0,
      "maxValue": 20.0
    },
    "regionalValueInterval": {
      "minValue": 0.0,
      "maxValue": 0.0
    },
    "setupName": "National Bidder Setup",
    "numberOfBidders": 1
  },
  "implementation": "org.spectrumauctions.sats.core.model.gsvm.GSVMBidder"
}