{
  "bidderPosition": 1,
  "values": {
    "2": 9.413964996234565063559784903191030025482177734375,
    "3": 6.84645562068170843161851735203526914119720458984375,
    "4": 33.7375832509104753853534930385649204254150390625,
    "5": 1.4896152723641886694849745254032313823699951171875,
    "13": 12.222076348517962429696126491762697696685791015625,
    "14": 16.034077539372344034518391708843410015106201171875
  },
  "setupType": "Regional Bidder Setup",
  "population": 0,
  "id": 1,
  "worldId": 561,
  "setup": {
    "lowNationalValueInterval": {
      "minValue": 0.0,
      "maxValue": 20.0
    },
    "highNationalValueInterval": {
      "minValue": 0.0,
      "maxValue": 40.0
    },
    "regionalValueInterval": {
      "minValue": 0.0,
      "maxValue": 20.0
    },
    "setupName": "Regional Bidder Setup",
    "numberOfBidders": 6
  },
  "implementation": "org.spectrumauctions.sats.core.model.gsvm.GSVMBidder"
}