{
  "bidderPosition": 2,
  "values": {
    "4": 39.494730002634383936310769058763980865478515625,
    "5": 22.9442453310803813337770407088100910186767578125,
    "6": 38.91328558636174506091265357099473476409912109375,
    "7": 36.42932731117773670348469750024378299713134765625,
    "14": 13.1137931657806579011094072484411299228668212890625,
    "15": 16.819068509917546094811768853105604648590087890625
  },
  "setupType": "Regional Bidder Setup",
  "population": 0,
  "id": 2,
  "worldId": 561,
  "setup": {
    "lowNationalValueInterval": {
      "minValue": 0.0,
      "maxValue": 20.0
    },
    "highNationalValueInterval": {
      "minValue": 0.0,
      "maxValue": 40.0
    },
    "regionalValueInterval": {
      "minValue": 0.0,
      "maxValue": 20.0
    },
    "setupName": "Regional Bidder Setup",
    "numberOfBidders": 6
  },
  "implementation": "org.spectrumauctions.sats.core.model.gsvm.GSVMBidder"
}