{
  "bidderPosition": 5,
  "values": {
    "0": 7.771366466724796140397302224300801753997802734375,
    "1": 16.536315726046598939547038753516972064971923828125,
    "17": 11.730622510104542044473419082351028919219970703125,
    "10": 3.80633200717963138259847255540080368518829345703125,
    "11": 2.662793204464488638905095285736024379730224609375,
    "12": 16.6186365910189550731956842355430126190185546875
  },
  "setupType": "Regional Bidder Setup",
  "population": 0,
  "id": 5,
  "worldId": 561,
  "setup": {
    "lowNationalValueInterval": {
      "minValue": 0.0,
      "maxValue": 20.0
    },
    "highNationalValueInterval": {
      "minValue": 0.0,
      "maxValue": 40.0
    },
    "regionalValueInterval": {
      "minValue": 0.0,
      "maxValue": 20.0
    },
    "setupName": "Regional Bidder Setup",
    "numberOfBidders": 6
  },
  "implementation": "org.spectrumauctions.sats.core.model.gsvm.GSVMBidder"
}