{
  "bidderPosition": 5,
  "values": {
    "0": 6.524979592446211285050594597123563289642333984375,
    "1": 3.815986355886427094930013481643982231616973876953125,
    "17": 12.375384548701955367278060293756425380706787109375,
    "10": 10.472575577271026503467510337941348552703857421875,
    "11": 17.83919235705044314954648143611848354339599609375,
    "12": 0.657927426721369723594534661970101296901702880859375
  },
  "setupType": "Regional Bidder Setup",
  "population": 0,
  "id": 5,
  "worldId": 948,
  "setup": {
    "lowNationalValueInterval": {
      "minValue": 0.0,
      "maxValue": 20.0
    },
    "highNationalValueInterval": {
      "minValue": 0.0,
      "maxValue": 40.0
    },
    "regionalValueInterval": {
      "minValue": 0.0,
      "maxValue": 20.0
    },
    "setupName": "Regional Bidder Setup",
    "numberOfBidders": 6
  },
  "implementation": "org.spectrumauctions.sats.core.model.gsvm.GSVMBidder"
}