{
  "bidderPosition": 2,
  "values": {
    "4": 37.89814016628616855086875148117542266845703125,
    "5": 2.00430413302692844723651433014310896396636962890625,
    "6": 36.07642988219917157266536378301680088043212890625,
    "7": 12.878219922332437619161282782442867755889892578125,
    "14": 12.815686824556411949060930055566132068634033203125,
    "15": 19.482482428960377518478708225302398204803466796875
  },
  "setupType": "Regional Bidder Setup",
  "population": 0,
  "id": 2,
  "worldId": 948,
  "setup": {
    "lowNationalValueInterval": {
      "minValue": 0.0,
      "maxValue": 20.0
    },
    "highNationalValueInterval": {
      "minValue": 0.0,
      "maxValue": 40.0
    },
    "regionalValueInterval": {
      "minValue": 0.0,
      "maxValue": 20.0
    },
    "setupName": "Regional Bidder Setup",
    "numberOfBidders": 6
  },
  "implementation": "org.spectrumauctions.sats.core.model.gsvm.GSVMBidder"
}