{
  "bidderPosition": -1,
  "values": {
    "0": 9.9358134366339658782862898078747093677520751953125,
    "1": 2.95701186177615227279602549970149993896484375,
    "2": 6.736005350708648364843611489050090312957763671875,
    "3": 2.04304717900951260389774688519537448883056640625,
    "4": 6.42029052415769019290792130050249397754669189453125,
    "5": 14.411623044166464779891612124629318714141845703125,
    "6": 5.452422873805602421271032653748989105224609375,
    "7": 18.3507052899904437026634695939719676971435546875,
    "8": 7.0223688450555190598834087722934782505035400390625,
    "9": 9.5386360518850228373821664717979729175567626953125,
    "10": 8.4798508867410600231551143224351108074188232421875,
    "11": 3.49966656372935691621250953176058828830718994140625
  },
  "setupType": "National Bidder Setup",
  "population": 0,
  "id": 6,
  "worldId": 948,
  "setup": {
    "lowNationalValueInterval": {
      "minValue": 0.0,
      "maxValue": 10.0
    },
    "highNationalValueInterval": {
      "minValue": 0.0,
      "maxValue": 20.0
    },
    "regionalValueInterval": {
      "minValue": 0.0,
      "maxValue": 0.0
    },
    "setupName": "National Bidder Setup",
    "numberOfBidders": 1
  },
  "implementation": "org.spectrumauctions.sats.core.model.gsvm.GSVMBidder"
}