{
  "bidderPosition": 3,
  "values": {
    "16": 14.492186825073549272246964392252266407012939453125,
    "6": 23.021630989987844628785751410759985446929931640625,
    "7": 3.68968760980093346546482280245982110500335693359375,
    "8": 18.006148358678469634241992025636136531829833984375,
    "9": 13.323737931995783156935431179590523242950439453125,
    "15": 9.633171985291287597874543280340731143951416015625
  },
  "setupType": "Regional Bidder Setup",
  "population": 0,
  "id": 3,
  "worldId": 948,
  "setup": {
    "lowNationalValueInterval": {
      "minValue": 0.0,
      "maxValue": 20.0
    },
    "highNationalValueInterval": {
      "minValue": 0.0,
      "maxValue": 40.0
    },
    "regionalValueInterval": {
      "minValue": 0.0,
      "maxValue": 20.0
    },
    "setupName": "Regional Bidder Setup",
    "numberOfBidders": 6
  },
  "implementation": "org.spectrumauctions.sats.core.model.gsvm.GSVMBidder"
}