{
  "bidderPosition": 0,
  "values": {
    "0": 15.17826413534816509809388662688434123992919921875,
    "1": 3.611252587834916649711658465093933045864105224609375,
    "2": 19.56319990207928327663466916419565677642822265625,
    "3": 5.11579586919278295198409978183917701244354248046875,
    "12": 4.222039647155593655725169810466468334197998046875,
    "13": 6.16235481535353901705320822657085955142974853515625
  },
  "setupType": "Regional Bidder Setup",
  "population": 0,
  "id": 0,
  "worldId": 948,
  "setup": {
    "lowNationalValueInterval": {
      "minValue": 0.0,
      "maxValue": 20.0
    },
    "highNationalValueInterval": {
      "minValue": 0.0,
      "maxValue": 40.0
    },
    "regionalValueInterval": {
      "minValue": 0.0,
      "maxValue": 20.0
    },
    "setupName": "Regional Bidder Setup",
    "numberOfBidders": 6
  },
  "implementation": "org.spectrumauctions.sats.core.model.gsvm.GSVMBidder"
}