{
  "bidderPosition": -1,
  "values": {
    "0": 3.696803762369565760081968619488179683685302734375,
    "1": 5.05867665335729110864804169978015124797821044921875,
    "2": 4.112133671042531801731456653214991092681884765625,
    "3": 3.60596287243286184320822940208017826080322265625,
    "4": 2.39457040195557357975530976545996963977813720703125,
    "5": 16.34973902331454809200295130722224712371826171875,
    "6": 18.770516330664140269846029696054756641387939453125,
    "7": 15.362411712809073804919535177759826183319091796875,
    "8": 6.84121395805449150628874122048728168010711669921875,
    "9": 9.851588505130219886041231802664697170257568359375,
    "10": 5.046621416518380698335022316314280033111572265625,
    "11": 8.6581180287969434772321619675494730472564697265625
  },
  "setupType": "National Bidder Setup",
  "population": 0,
  "id": 6,
  "worldId": 961,
  "setup": {
    "lowNationalValueInterval": {
      "minValue": 0.0,
      "maxValue": 10.0
    },
    "highNationalValueInterval": {
      "minValue": 0.0,
      "maxValue": 20.0
    },
    "regionalValueInterval": {
      "minValue": 0.0,
      "maxValue": 0.0
    },
    "setupName": "National Bidder Setup",
    "numberOfBidders": 1
  },
  "implementation": "org.spectrumauctions.sats.core.model.gsvm.GSVMBidder"
}