{
  "bidderPosition": 1,
  "values": {
    "2": 17.5462817615010777672068797983229160308837890625,
    "3": 0.816285344054186179363341580028645694255828857421875,
    "4": 15.60353760448631277313324972055852413177490234375,
    "5": 20.673067440499405478249173029325902462005615234375,
    "13": 3.027418819835585583888359906268306076526641845703125,
    "14": 0.4939277674804021245336116407997906208038330078125
  },
  "setupType": "Regional Bidder Setup",
  "population": 0,
  "id": 1,
  "worldId": 1118,
  "setup": {
    "lowNationalValueInterval": {
      "minValue": 0.0,
      "maxValue": 20.0
    },
    "highNationalValueInterval": {
      "minValue": 0.0,
      "maxValue": 40.0
    },
    "regionalValueInterval": {
      "minValue": 0.0,
      "maxValue": 20.0
    },
    "setupName": "Regional Bidder Setup",
    "numberOfBidders": 6
  },
  "implementation": "org.spectrumauctions.sats.core.model.gsvm.GSVMBidder"
}