{
  "bidderPosition": 1,
  "values": {
    "2": 3.8074488169826992134403553791344165802001953125,
    "3": 12.3112154441285159833796569728292524814605712890625,
    "4": 14.9751093091229225962024429463781416416168212890625,
    "5": 28.177465717147764934225051547400653362274169921875,
    "13": 8.6489420877108802443444801610894501209259033203125,
    "14": 13.7292122027131231476460015983320772647857666015625
  },
  "setupType": "Regional Bidder Setup",
  "population": 0,
  "id": 1,
  "worldId": 932,
  "setup": {
    "lowNationalValueInterval": {
      "minValue": 0.0,
      "maxValue": 20.0
    },
    "highNationalValueInterval": {
      "minValue": 0.0,
      "maxValue": 40.0
    },
    "regionalValueInterval": {
      "minValue": 0.0,
      "maxValue": 20.0
    },
    "setupName": "Regional Bidder Setup",
    "numberOfBidders": 6
  },
  "implementation": "org.spectrumauctions.sats.core.model.gsvm.GSVMBidder"
}