{
  "bidderPosition": 0,
  "values": {
    "0": 2.684164533510369210489443503320217132568359375,
    "1": 12.287298998845766817566982354037463665008544921875,
    "2": 2.956120083468063430842676098109222948551177978515625,
    "3": 12.1716121498522138466569231241010129451751708984375,
    "12": 11.776086293999437515367390005849301815032958984375,
    "13": 1.579131018120809581972707746899686753749847412109375
  },
  "setupType": "Regional Bidder Setup",
  "population": 0,
  "id": 0,
  "worldId": 932,
  "setup": {
    "lowNationalValueInterval": {
      "minValue": 0.0,
      "maxValue": 20.0
    },
    "highNationalValueInterval": {
      "minValue": 0.0,
      "maxValue": 40.0
    },
    "regionalValueInterval": {
      "minValue": 0.0,
      "maxValue": 20.0
    },
    "setupName": "Regional Bidder Setup",
    "numberOfBidders": 6
  },
  "implementation": "org.spectrumauctions.sats.core.model.gsvm.GSVMBidder"
}