{
  "bidderPosition": 5,
  "values": {
    "0": 9.3650176374616922458926637773402035236358642578125,
    "1": 15.7428777921335498746202574693597853183746337890625,
    "17": 11.61333062708905572435469366610050201416015625,
    "10": 6.68738104698575597240051138214766979217529296875,
    "11": 17.62562101848862994302180595695972442626953125,
    "12": 15.046413480249128724608453921973705291748046875
  },
  "setupType": "Regional Bidder Setup",
  "population": 0,
  "id": 5,
  "worldId": 932,
  "setup": {
    "lowNationalValueInterval": {
      "minValue": 0.0,
      "maxValue": 20.0
    },
    "highNationalValueInterval": {
      "minValue": 0.0,
      "maxValue": 40.0
    },
    "regionalValueInterval": {
      "minValue": 0.0,
      "maxValue": 20.0
    },
    "setupName": "Regional Bidder Setup",
    "numberOfBidders": 6
  },
  "implementation": "org.spectrumauctions.sats.core.model.gsvm.GSVMBidder"
}