{
  "bidderPosition": 1,
  "values": {
    "2": 5.25419036052411581039223165134899318218231201171875,
    "3": 8.75105358416457335124505334533751010894775390625,
    "4": 24.211961152889610815464038751088082790374755859375,
    "5": 25.81902738642151717840533819980919361114501953125,
    "13": 1.920338523035678424122352225822396576404571533203125,
    "14": 17.37741906627891097514293505810201168060302734375
  },
  "setupType": "Regional Bidder Setup",
  "population": 0,
  "id": 1,
  "worldId": 898,
  "setup": {
    "lowNationalValueInterval": {
      "minValue": 0.0,
      "maxValue": 20.0
    },
    "highNationalValueInterval": {
      "minValue": 0.0,
      "maxValue": 40.0
    },
    "regionalValueInterval": {
      "minValue": 0.0,
      "maxValue": 20.0
    },
    "setupName": "Regional Bidder Setup",
    "numberOfBidders": 6
  },
  "implementation": "org.spectrumauctions.sats.core.model.gsvm.GSVMBidder"
}