{
  "bidderPosition": 5,
  "values": {
    "0": 6.644932791208450595377144054509699344635009765625,
    "1": 11.4581854051092069113337856833823025226593017578125,
    "17": 12.614761299156416640698807896114885807037353515625,
    "10": 18.085499394806195283535998896695673465728759765625,
    "11": 19.035636601806544376813690178096294403076171875,
    "12": 16.68948622805704218308164854533970355987548828125
  },
  "setupType": "Regional Bidder Setup",
  "population": 0,
  "id": 5,
  "worldId": 898,
  "setup": {
    "lowNationalValueInterval": {
      "minValue": 0.0,
      "maxValue": 20.0
    },
    "highNationalValueInterval": {
      "minValue": 0.0,
      "maxValue": 40.0
    },
    "regionalValueInterval": {
      "minValue": 0.0,
      "maxValue": 20.0
    },
    "setupName": "Regional Bidder Setup",
    "numberOfBidders": 6
  },
  "implementation": "org.spectrumauctions.sats.core.model.gsvm.GSVMBidder"
}