{
  "bidderPosition": 3,
  "values": {
    "16": 3.2816547008158369891361871850676834583282470703125,
    "6": 19.69914046759017622889587073586881160736083984375,
    "7": 11.9884729684811208727523990091867744922637939453125,
    "8": 6.03560561548544871612875795108266174793243408203125,
    "9": 6.0911865711359798325474912417121231555938720703125,
    "15": 8.7443178383438517897729980177246034145355224609375
  },
  "setupType": "Regional Bidder Setup",
  "population": 0,
  "id": 3,
  "worldId": 898,
  "setup": {
    "lowNationalValueInterval": {
      "minValue": 0.0,
      "maxValue": 20.0
    },
    "highNationalValueInterval": {
      "minValue": 0.0,
      "maxValue": 40.0
    },
    "regionalValueInterval": {
      "minValue": 0.0,
      "maxValue": 20.0
    },
    "setupName": "Regional Bidder Setup",
    "numberOfBidders": 6
  },
  "implementation": "org.spectrumauctions.sats.core.model.gsvm.GSVMBidder"
}