{
  "bidderPosition": -1,
  "values": {
    "0": 3.477667907227794952262911465368233621120452880859375,
    "1": 4.62781103197777543556412638281472027301788330078125,
    "2": 1.7727265421634330611055929693975485861301422119140625,
    "3": 3.211097937397726642672068919637240469455718994140625,
    "4": 2.046800091627416495754232528270222246646881103515625,
    "5": 7.4709325292238730753524578176438808441162109375,
    "6": 9.3117704836740440299536203383468091487884521484375,
    "7": 1.451847710928018120313254257780499756336212158203125,
    "8": 9.6339135768347414767731606843881309032440185546875,
    "9": 8.9015708562882736032406683079898357391357421875,
    "10": 1.8563399659683221809558517634286545217037200927734375,
    "11": 8.1999799823218637584432144649326801300048828125
  },
  "setupType": "National Bidder Setup",
  "population": 0,
  "id": 6,
  "worldId": 898,
  "setup": {
    "lowNationalValueInterval": {
      "minValue": 0.0,
      "maxValue": 10.0
    },
    "highNationalValueInterval": {
      "minValue": 0.0,
      "maxValue": 20.0
    },
    "regionalValueInterval": {
      "minValue": 0.0,
      "maxValue": 0.0
    },
    "setupName": "National Bidder Setup",
    "numberOfBidders": 1
  },
  "implementation": "org.spectrumauctions.sats.core.model.gsvm.GSVMBidder"
}