{
  "bidderPosition": 3,
  "values": {
    "16": 18.134840824397077341245676507242023944854736328125,
    "6": 38.5019841680662437966020661406219005584716796875,
    "7": 17.136429017991194001524490886367857456207275390625,
    "8": 14.17936679793759680023867986164987087249755859375,
    "9": 1.758427625878902222922306464170105755329132080078125,
    "15": 9.8195825656698492167606673319824039936065673828125
  },
  "setupType": "Regional Bidder Setup",
  "population": 0,
  "id": 3,
  "worldId": 935,
  "setup": {
    "lowNationalValueInterval": {
      "minValue": 0.0,
      "maxValue": 20.0
    },
    "highNationalValueInterval": {
      "minValue": 0.0,
      "maxValue": 40.0
    },
    "regionalValueInterval": {
      "minValue": 0.0,
      "maxValue": 20.0
    },
    "setupName": "Regional Bidder Setup",
    "numberOfBidders": 6
  },
  "implementation": "org.spectrumauctions.sats.core.model.gsvm.GSVMBidder"
}