{
  "bidderPosition": -1,
  "values": {
    "0": 7.24729792921739690569893355132080614566802978515625,
    "1": 8.2950187212385468882303030113689601421356201171875,
    "2": 6.99450986097128168950121107627637684345245361328125,
    "3": 2.05830001055035349821764611988328397274017333984375,
    "4": 10.9181553485752740328962318017147481441497802734375,
    "5": 11.3313528751023113727569580078125,
    "6": 3.5634192748798643179952705395407974720001220703125,
    "7": 11.022316148906224242409734870307147502899169921875,
    "8": 6.826571616972604061857055057771503925323486328125,
    "9": 6.792114024359097612659752485342323780059814453125,
    "10": 2.21179822544561233144122525118291378021240234375,
    "11": 0.2712418503020230797773137965123169124126434326171875
  },
  "setupType": "National Bidder Setup",
  "population": 0,
  "id": 6,
  "worldId": 935,
  "setup": {
    "lowNationalValueInterval": {
      "minValue": 0.0,
      "maxValue": 10.0
    },
    "highNationalValueInterval": {
      "minValue": 0.0,
      "maxValue": 20.0
    },
    "regionalValueInterval": {
      "minValue": 0.0,
      "maxValue": 0.0
    },
    "setupName": "National Bidder Setup",
    "numberOfBidders": 1
  },
  "implementation": "org.spectrumauctions.sats.core.model.gsvm.GSVMBidder"
}