{
  "bidderPosition": 0,
  "values": {
    "0": 18.999890143956900345756366732530295848846435546875,
    "1": 5.23495460828925018859081319533288478851318359375,
    "2": 9.201607443999563429315458051860332489013671875,
    "3": 15.979658354806300479822311899624764919281005859375,
    "12": 2.9607907164048885562124269199557602405548095703125,
    "13": 16.00715108078617987530378741212189197540283203125
  },
  "setupType": "Regional Bidder Setup",
  "population": 0,
  "id": 0,
  "worldId": 935,
  "setup": {
    "lowNationalValueInterval": {
      "minValue": 0.0,
      "maxValue": 20.0
    },
    "highNationalValueInterval": {
      "minValue": 0.0,
      "maxValue": 40.0
    },
    "regionalValueInterval": {
      "minValue": 0.0,
      "maxValue": 20.0
    },
    "setupName": "Regional Bidder Setup",
    "numberOfBidders": 6
  },
  "implementation": "org.spectrumauctions.sats.core.model.gsvm.GSVMBidder"
}