{
  "bidderPosition": 4,
  "values": {
    "16": 13.0007877596724341628942056559026241302490234375,
    "17": 6.1350793524231317377370942267589271068572998046875,
    "8": 13.2082024041308070394507012679241597652435302734375,
    "9": 13.569243752234473987527962890453636646270751953125,
    "10": 6.9742147737472297563954271026886999607086181640625,
    "11": 11.061532140953477920675140921957790851593017578125
  },
  "setupType": "Regional Bidder Setup",
  "population": 0,
  "id": 4,
  "worldId": 935,
  "setup": {
    "lowNationalValueInterval": {
      "minValue": 0.0,
      "maxValue": 20.0
    },
    "highNationalValueInterval": {
      "minValue": 0.0,
      "maxValue": 40.0
    },
    "regionalValueInterval": {
      "minValue": 0.0,
      "maxValue": 20.0
    },
    "setupName": "Regional Bidder Setup",
    "numberOfBidders": 6
  },
  "implementation": "org.spectrumauctions.sats.core.model.gsvm.GSVMBidder"
}