{
  "regionsOfInterest": [
    2,
    5,
    7,
    8,
    10,
    12,
    13
  ],
  "alpha": 88.167148566573217749464674852788448333740234375,
  "beta": {
    "0": 0.05826378631581703715358599993123789317905902862548828125,
    "1": 0.1151432804506376805786516115404083393514156341552734375,
    "2": 0.0719382546059716687647522803672472946345806121826171875,
    "3": 0.07335945931908638417695556199760176241397857666015625,
    "4": 0.10518445600806580753072694278671406209468841552734375,
    "5": 0.064407170629905474701359935352229513227939605712890625,
    "6": 0.067404329974085130938732390859513543546199798583984375,
    "7": 0.05203170738259943473025259663700126111507415771484375,
    "8": 0.0870058053212578730306603347344207577407360076904296875,
    "9": 0.093219803528354516775067395428777672350406646728515625,
    "10": 0.0970483863351776221417566148375044576823711395263671875,
    "11": 0.0738082618654885835862700105280964635312557220458984375,
    "12": 0.07247463105623901113983009736330132000148296356201171875,
    "13": 0.067013543864329727650641643776907585561275482177734375
  },
  "zLow": {
    "0": 0.000005864638256,
    "1": 0.000001438404933,
    "2": 0.000003261373839,
    "3": 0.000001436878376,
    "4": 2.942147601E-7,
    "5": 0.000001163196806,
    "6": 0.00001371333187,
    "7": 3.349647935E-7,
    "8": 0.000002614672092,
    "9": 0.000001561483206,
    "10": 8.800481037E-7,
    "11": 3.265379819E-7,
    "12": 5.515487959E-7,
    "13": 0.00002508449295
  },
  "zHigh": {
    "0": 0.0002101087506695297554556252139438243670216377652977533963349779874203313754716226712622733592614766744249882569717087,
    "1": 0.000059714414231031770361302949705407518475824103426920171866113690240785406286828184181313492939817599675046078434033,
    "2": 0.000121302969313909699846046007087549106888154826319691625835805784648703271700503557254654170697332086176255963763760,
    "3": 0.0000536472133480054655537870141898666203290209093344690783064301301982771331647751651238261166059132713219573998143,
    "4": 0.0000119211247486161179901859887726192892117185067859974800699813552166517133157189398937132514305165281265270862386,
    "5": 0.00004238772566034645449451976758358287392576367085217373185755500042136866219722857784349052030019111711485320496044,
    "6": 0.00050383375062437774676722853475262028278300721901145779396857364132068889984391520241344373711743064479726554106775,
    "7": 0.0000117918228152497115180664769387679167921684569784442122752880410877321065370138902198821147579792324545375350604,
    "8": 0.000101189327858060000972948861254129591783349423996922995578646436399072903978978817668975618677108167065198827723996,
    "9": 0.00006140061191791618840956208825323851467338705558554864092218494170121562031950518270872083793998203884684304614993,
    "10": 0.000034942167944530136578372878833919548904698769593785375463631409529381179414449530732654207845759874372935796184642,
    "11": 0.000012206259541218304041779635915501419951725461109262953846766067661453455932349706860515630453068411437242428541804,
    "12": 0.0000205437934246971609772287018898989751836222597453789552387585342834463928083993792008435520229730084727150709942427,
    "13": 0.00092063486506781976107284429583631672475520434515672195714306081345917341589181330339549507358853629104667356073499
  },
  "setupType": "Multi Region Model Local Bidder",
  "population": 0,
  "id": 2,
  "worldId": 394,
  "setup": {
    "numberOfRegionsInterval": {
      "minValue": 3,
      "maxValue": 7
    },
    "alphaInterval": {
      "minValue": 60.0,
      "maxValue": 100.0
    },
    "betaInterval": {
      "minValue": 0.05,
      "maxValue": 0.12
    },
    "setupName": "Multi Region Model Local Bidder",
    "numberOfBidders": 3
  },
  "implementation": "org.spectrumauctions.sats.core.model.mrvm.MRVMLocalBidder"
}