{
  "gammaValues": {
    "1": 0.97123,
    "2": 0.88491
  },
  "alpha": 803.3801701665624932502396404743194580078125,
  "beta": {
    "0": 0.10074015483402944115542965164422639645636081695556640625,
    "1": 0.10883536188760721541424203451242647133767604827880859375,
    "2": 0.11252424000071627185892708666870021261274814605712890625,
    "3": 0.1977553538324847426377317560763913206756114959716796875,
    "4": 0.20664599573745245919553781277500092983245849609375,
    "5": 0.17043087091414477196593679764191620051860809326171875,
    "6": 0.099603213369612253469398410743451677262783050537109375,
    "7": 0.1882001603442191584036891072173602879047393798828125,
    "8": 0.10890781075799915722512878346606157720088958740234375,
    "9": 0.147208607662834112250749285522033460438251495361328125,
    "10": 0.18919493962543987297664216384873725473880767822265625,
    "11": 0.135288218789982150891404444337240420281887054443359375,
    "12": 0.159916621035087469504532009523245505988597869873046875,
    "13": 0.1897460850962728873270179974497295916080474853515625
  },
  "zLow": {
    "0": 0.000003391855321,
    "1": 0.000001521772517,
    "2": 0.000002085040002,
    "3": 5.330253706E-7,
    "4": 1.497576538E-7,
    "5": 4.395812490E-7,
    "6": 0.000009280202064,
    "7": 9.260773256E-8,
    "8": 0.000002088846057,
    "9": 9.888087383E-7,
    "10": 4.514245917E-7,
    "11": 1.781470781E-7,
    "12": 2.499633574E-7,
    "13": 0.000008859211864
  },
  "zHigh": {
    "0": 0.0001359252626157222989527578709523123407033547200936320093819502296329701351174702811394089539906545406265668056708116,
    "1": 0.0000622154417512460232125478539938906519681951818632534906258546409911914875993464247426610602291102235134637569259915,
    "2": 0.0000860129542082110071168347461292468072609355064512750863876552637081948795960854400263487549516347834473407987509805,
    "3": 0.000026531623191487409266106169847931669563030360539082458801714517367119795340326044146058027643418542915764310363992,
    "4": 0.0000075874115611398421086982922185808673862597589608794606623968855610976073414643640750116978846488011534565820,
    "5": 0.0000206792589784044067665682565674688317871628060000087815126861412815158753110546035170083696362663365176818038087,
    "6": 0.00037083985651006320441016030185422046138535439181581273394138296451754008914901693604964548697496396593975037287952,
    "7": 0.000004521110988371087346033625067666049440128740985740829358735101177577421006186742461014321562540260334851661666,
    "8": 0.0000854145467912852273070169812777985719373694169755424640155950286170872569030746212744180451638263560958186610862,
    "9": 0.00004422037790870852892029294060959054176058672291981003239006381296826073438852407649472774552488908730314179261260,
    "10": 0.0000220834625837942046601561304911200032322418633403542356616298910255382537454123020421916090444756485745804140197,
    "11": 0.00000775453242811812818993972897654833599712660371994919036721569838851358384820919425680078045180238277659414599705,
    "12": 0.00001149623026931920361980357904438771582888304893654435004477711171355482890218321127886021122631237372389344037147,
    "13": 0.000433876432704483378837913632278972552526636483216136513220650774460241763372198841722950057557108998163250694838
  },
  "setupType": "Multi Region Model National Bidder",
  "population": 0,
  "id": 7,
  "worldId": 394,
  "setup": {
    "bInterval": {
      "minValue": 0.1,
      "maxValue": 0.3
    },
    "kMax": 2.0,
    "alphaInterval": {
      "minValue": 700.0,
      "maxValue": 1200.0
    },
    "betaInterval": {
      "minValue": 0.08,
      "maxValue": 0.22
    },
    "setupName": "Multi Region Model National Bidder",
    "numberOfBidders": 3
  },
  "implementation": "org.spectrumauctions.sats.core.model.mrvm.MRVMNationalBidder"
}