{
  "homeId": 13,
  "distanceDiscounts": {
    "0": 1,
    "1": 0.42045,
    "2": 0.17678,
    "3": 0.07433,
    "4": 0.03125,
    "5": 0.01314,
    "6": 0.00552,
    "7": 0.00232
  },
  "alpha": 739.62236578558395194704644381999969482421875,
  "beta": {
    "0": 0.045899484609603892482088127735551097430288791656494140625,
    "1": 0.059514166788716238443157635629177093505859375,
    "2": 0.043500841551376935589789951563943759538233280181884765625,
    "3": 0.096590081847494679845311793542350642383098602294921875,
    "4": 0.0628642111897852184920765239439788274466991424560546875,
    "5": 0.06099911130169573258985593611214426346123218536376953125,
    "6": 0.08974071265682280473807708176536834798753261566162109375,
    "7": 0.079678020539105831598902796031325124204158782958984375,
    "8": 0.0856788420962069363628899054674548096954822540283203125,
    "9": 0.068341027982630364601135397606412880122661590576171875,
    "10": 0.05543345135670647849668313256188412196934223175048828125,
    "11": 0.0934698181144390793928522498390520922839641571044921875,
    "12": 0.0627032989812779939509113091844483278691768646240234375,
    "13": 0.05308936488431516276254029662595712579786777496337890625
  },
  "zLow": {
    "0": 0.000007444441546,
    "1": 0.000002782911557,
    "2": 0.000005393402362,
    "3": 0.000001091298597,
    "4": 4.922804072E-7,
    "5": 0.000001228185354,
    "6": 0.00001030009590,
    "7": 2.187402499E-7,
    "8": 0.000002655167197,
    "9": 0.000002129923443,
    "10": 0.000001540716775,
    "11": 2.578500885E-7,
    "12": 6.374990813E-7,
    "13": 0.00003166360668
  },
  "zHigh": {
    "0": 0.00025750284936302314166446128106708225047332593184387745826909500151627444653769786824463361782493053994776255023928049,
    "1": 0.00010004961295847723662638429242309262435917489794152509024228257657578935351160569833323773567752310376045,
    "2": 0.00018526382501157512043836624253210602063325248351981507584330845835584154937542009184943668027998656510766661633829386,
    "3": 0.00004327981996930814253357600997588020185306810775232746461141244818688772166890703869117012114724779699156404185357,
    "4": 0.000017863094163641583683104641290202414623576977660272848268916377477330749598515331796058243146212219037381971771780,
    "5": 0.0000443373821244983519471935662433611445561850859214483979361499738076295679165540943774743756103711019971718867330197,
    "6": 0.0004014366715179848646687059239908381237786383025044930564822881520239137809960061318013900828549211488397152900593127,
    "7": 0.00000830508650570182644813608419323626523954767437039929619245927908290818753686127470210743162053392189279066104015,
    "8": 0.000102404181009659143647937743986457711151962176263354948823296874711942240760766320606615820421621811008629643062111,
    "9": 0.00007845381904478677099490386397287251946552432861325065950988171404865063668813202022980213629515362201784341472256,
    "10": 0.0000547622280603978418637230846168433240658973070842857227582343662805476540017254503738797783832591019820194771472785,
    "11": 0.000010145622741161099142951279629011541723250161993030908705056972386867093129135815579040129436792331316539760972939,
    "12": 0.000023122301985222402064477548206774700032715471078406008184741951053158833598230911955843838877764552255880628112243,
    "13": 0.0011180082769224734418374249124940984039253744000806026663513095986837830897432012720337118442906926664587834500633366
  },
  "setupType": "Multi Region Model Regional Bidder",
  "population": 0,
  "id": 4,
  "worldId": 394,
  "setup": {
    "exponentFactor": 1.25,
    "base": 2.0,
    "alphaInterval": {
      "minValue": 500.0,
      "maxValue": 840.0
    },
    "betaInterval": {
      "minValue": 0.04,
      "maxValue": 0.1
    },
    "setupName": "Multi Region Model Regional Bidder",
    "numberOfBidders": 4
  },
  "implementation": "org.spectrumauctions.sats.core.model.mrvm.MRVMRegionalBidder"
}