{
  "regionsOfInterest": [
    0,
    5,
    10,
    11
  ],
  "alpha": 88.7658461759346693042971310205757617950439453125,
  "beta": {
    "0": 0.055963265727527543302866064323097816668450832366943359375,
    "1": 0.08358131759731025900439504994210437871515750885009765625,
    "2": 0.10705116279752913133194169859052635729312896728515625,
    "3": 0.089297445525477525674062917460105381906032562255859375,
    "4": 0.06613501222857927352993812064596568234264850616455078125,
    "5": 0.08984561815545187568599061478380463086068630218505859375,
    "6": 0.0856062231424527808609781232007662765681743621826171875,
    "7": 0.05968272333398343121313445180931012146174907684326171875,
    "8": 0.057547181351417175942941639732453040778636932373046875,
    "9": 0.08609428020915159407433492333439062349498271942138671875,
    "10": 0.1041530601112710396893845654631149955093860626220703125,
    "11": 0.054884510912970363438745380335603840649127960205078125,
    "12": 0.0978887136592345996621844506080378778278827667236328125,
    "13": 0.060419152036027247432148357120240689255297183990478515625
  },
  "zLow": {
    "0": 0.000006105719988,
    "1": 0.000001981575158,
    "2": 0.000002191639357,
    "3": 0.000001180421457,
    "4": 4.679339799E-7,
    "5": 8.338549686E-7,
    "6": 0.00001079755551,
    "7": 2.920240422E-7,
    "8": 0.000003953132815,
    "9": 0.000001690718098,
    "10": 8.200166972E-7,
    "11": 4.391257291E-7,
    "12": 4.083544875E-7,
    "13": 0.00002782231646
  },
  "zHigh": {
    "0": 0.00021734120263976001864667215568167330676422702222237675640076048901210359600803152981777944807559082470107478837405138,
    "1": 0.0000760095209679984155298256290833379200603010933277448440561807511495765180804172494271202278015044733944083834245460,
    "2": 0.0000892109348567957890948401443801340373540011356153300032377537065110624108485824135981707128801520789313045911286,
    "3": 0.00004595350578504434700520174017961149323936691852298480262933508476808271419188944892286005610705477194435977876268,
    "4": 0.0000171327013446495992275355093407121257914945190913634637357797522384050714735945061223636469754519903727875860443551,
    "5": 0.0000325074705648065957151460459941318126063094978082983174812537915555939627386675111100709654355758661781577530269621,
    "6": 0.000416360459854268773166752724638321081490355768967170137178282335640788362367254100091663810855091830567583101148899,
    "7": 0.0000105036002771175391752618662437335558532325342948039260839921877321438402845691651071870212577033541781713430387195,
    "8": 0.00014134314954898787078802161821394673967315212579888795273653245240328644981826368555209840994764241547378301500938,
    "9": 0.0000652776586733401609956603294002603435723356296617014010053511536839467773841564839604592883044187430596221949998420,
    "10": 0.000033141225751306706955945396643778659157533020871763352491230300122641078726747602692477207969829989813943353419461,
    "11": 0.00001558389195961271696295773818738972855294572753484186533637000113190916799743280209157272616871742512378391007405,
    "12": 0.000016247964171184637055083565933455768327900949456443179818626579056056962241761076503417066117554092695695295040909,
    "13": 0.00100276957055414146125678181331951204765118201682128457769730726278266473162327625578120197066117708983792394986974685
  },
  "setupType": "Multi Region Model Local Bidder",
  "population": 0,
  "id": 1,
  "worldId": 394,
  "setup": {
    "numberOfRegionsInterval": {
      "minValue": 3,
      "maxValue": 7
    },
    "alphaInterval": {
      "minValue": 60.0,
      "maxValue": 100.0
    },
    "betaInterval": {
      "minValue": 0.05,
      "maxValue": 0.12
    },
    "setupName": "Multi Region Model Local Bidder",
    "numberOfBidders": 3
  },
  "implementation": "org.spectrumauctions.sats.core.model.mrvm.MRVMLocalBidder"
}