{
  "gammaValues": {
    "1": 0.97133,
    "2": 0.88533
  },
  "alpha": 967.005297986908090024371631443500518798828125,
  "beta": {
    "0": 0.1823706412031695922593144132406450808048248291015625,
    "1": 0.112163418517075508251679138993495143949985504150390625,
    "2": 0.13217904654764256466847882620641030371189117431640625,
    "3": 0.100689966216667203813273090418078936636447906494140625,
    "4": 0.216428565369652881056339310816838406026363372802734375,
    "5": 0.10956509496407330905842769652736023999750614166259765625,
    "6": 0.155640819369393723636818549493909813463687896728515625,
    "7": 0.1378142298474373805827752903496730141341686248779296875,
    "8": 0.21838044257834232642068172935978509485721588134765625,
    "9": 0.1761732471533025978782660558863426558673381805419921875,
    "10": 0.2125018288263216259537102814647369086742401123046875,
    "11": 0.1375441744352766393344467132919817231595516204833984375,
    "12": 0.12401181375730939426826893168254173360764980316162109375,
    "13": 0.139515431007413759356694527014042250812053680419921875
  },
  "zLow": {
    "0": 0.000001873635076,
    "1": 0.000001476619247,
    "2": 0.000001774997988,
    "3": 0.000001046863206,
    "4": 1.429886089E-7,
    "5": 6.837781241E-7,
    "6": 0.000005938917246,
    "7": 1.264658239E-7,
    "8": 0.000001041721724,
    "9": 8.262387165E-7,
    "10": 4.019130039E-7,
    "11": 1.752251666E-7,
    "12": 3.223345767E-7,
    "13": 0.00001204885192
  },
  "zHigh": {
    "0": 0.000090378655281119351340326541569009458466121750498466246921996512174665517113916401619653830718810641077652754406,
    "1": 0.00006086084365343734947993633636328471099405388740594936129234462797425366795711240000179591857426720366940215873030,
    "2": 0.0000767116937709051877461278596211439007767832238245012204893043451650887726535579832421988324644394974339973605173,
    "3": 0.00004194675822764588590966166320792725520501350864323296432353320927971119099162432720503721506323784155039549920697,
    "4": 0.00000738434021423859191020327849683682697575613403284831585504767924827028629010553428853337817585705941993782795029,
    "5": 0.0000280051652315593439629883111825797967913393971518555263827817378015253348547184754036367368555115967692251146229837,
    "6": 0.00027060131197283247898034866166739321075588611283342505031916319573814573379931690390968154120253743150546470560914,
    "7": 0.000005536853727261285299142682829971425324994025640222324204418539165785727970767530143174768792435766207818590601047,
    "8": 0.0000540008168038724847903823910521954170412565946425951461388172662150606120983635611670419945039204452092203122831,
    "9": 0.000039343277254919733667635433287578460605220558938950533680317834082826833396120471171879900112651786735806482698595,
    "10": 0.000020598114952108718198546368974168150040990185054096196749264834127070081222584205658858062459150734973797556135,
    "11": 0.000007666875082823919124932557640338336623086251426349457892607504259704762920118386619447911082673689286115266056129,
    "12": 0.0000136673668489956224730163665246219317510819558054962659107597588343572009726708819839524039351930806054581870820340,
    "13": 0.00052956563426178584490861730935684905924514728139465120735990871706284936389363303996186728545200179919598819042137
  },
  "setupType": "Multi Region Model National Bidder",
  "population": 0,
  "id": 9,
  "worldId": 394,
  "setup": {
    "bInterval": {
      "minValue": 0.1,
      "maxValue": 0.3
    },
    "kMax": 2.0,
    "alphaInterval": {
      "minValue": 700.0,
      "maxValue": 1200.0
    },
    "betaInterval": {
      "minValue": 0.08,
      "maxValue": 0.22
    },
    "setupName": "Multi Region Model National Bidder",
    "numberOfBidders": 3
  },
  "implementation": "org.spectrumauctions.sats.core.model.mrvm.MRVMNationalBidder"
}