{
  "gammaValues": {
    "1": 0.91295,
    "2": 0.65179
  },
  "alpha": 908.3493186825971861253492534160614013671875,
  "beta": {
    "0": 0.09250258369131390823181249061235575936734676361083984375,
    "1": 0.18048590380265971955253689884557388722896575927734375,
    "2": 0.11685664179683676044962936657611862756311893463134765625,
    "3": 0.127056351206833451072952811955474317073822021484375,
    "4": 0.18852498622938929084824621895677410066127777099609375,
    "5": 0.140504143442872708735791320577845908701419830322265625,
    "6": 0.09927822146338527442566146419267170131206512451171875,
    "7": 0.155086437624935291612615628764615394175052642822265625,
    "8": 0.21690268788532607313612743382691405713558197021484375,
    "9": 0.105996117915070853232606395977200008928775787353515625,
    "10": 0.10278898599937592861497392959790886379778385162353515625,
    "11": 0.1059252068863366924578173211557441391050815582275390625,
    "12": 0.10560309088385581854918626731887343339622020721435546875,
    "13": 0.1423696936367522258848339333781041204929351806640625
  },
  "zLow": {
    "0": 0.000003693907959,
    "1": 9.176487419E-7,
    "2": 0.000002007738183,
    "3": 8.296210284E-7,
    "4": 1.641523498E-7,
    "5": 5.332100055E-7,
    "6": 0.000009310581239,
    "7": 1.123811366E-7,
    "8": 0.000001048818958,
    "9": 0.000001373268762,
    "10": 8.308988315E-7,
    "11": 2.275303640E-7,
    "12": 3.785239159E-7,
    "13": 0.00001180729357
  },
  "zHigh": {
    "0": 0.0001449868417814931696346473935179863153894935455704301721664011994213989026320223800192133545536675046235039187460972,
    "1": 0.0000440917285108263822375821518505969077920724408368998266191856635123741873258828836052417126072253664677740298234,
    "2": 0.0000836938996188736275724907669192938259637581964512432269136096759699208336599617762219523471877054764743737231775297,
    "3": 0.00003542949292725686688962015292845951695649322023858258198178955754405543697364381915002576972897508305430963572,
    "4": 0.0000080192524415561564467720970995862580770701824814996009589796610064214359033989936303316214377326993108114602936,
    "5": 0.00002348812167454524097197785566753378808047668994130650322508788693421365539570980175391461400257065092514552326497,
    "6": 0.0003717512317888025240398877570208440018580367154195105179486097894405153301118033244731470517492278354824748501021,
    "7": 0.00000511431310672562212808637251155413361468196339849149808175228514395725478355367514589448608769223763344818495271,
    "8": 0.0000542137338286407276123166310289310415528202252402911564989498268952400886089167311122569885442650509950505801790,
    "9": 0.00005575417861482978666099607502844791775288032759129235931351789079501880683038147780887220596799119221745615733729,
    "10": 0.0000334676897796521459472367339604765913595502553917534061571786704403552519665631221418744222110982095321770303620022,
    "11": 0.000009236031004354297218465840764498036544490328160107282220177906028818113244621324047167409350810523249107123544655,
    "12": 0.0000153530470250476677176815558056337009540797311381511260383265052704718671809315765361264405728972221973728086512966,
    "13": 0.000522318883874972105087523408334740393134894083440032379821537238129762229587671826744296751798100154048974590470
  },
  "setupType": "Multi Region Model National Bidder",
  "population": 0,
  "id": 8,
  "worldId": 394,
  "setup": {
    "bInterval": {
      "minValue": 0.1,
      "maxValue": 0.3
    },
    "kMax": 2.0,
    "alphaInterval": {
      "minValue": 700.0,
      "maxValue": 1200.0
    },
    "betaInterval": {
      "minValue": 0.08,
      "maxValue": 0.22
    },
    "setupName": "Multi Region Model National Bidder",
    "numberOfBidders": 3
  },
  "implementation": "org.spectrumauctions.sats.core.model.mrvm.MRVMNationalBidder"
}