{
  "homeId": 5,
  "distanceDiscounts": {
    "0": 1,
    "1": 0.42045,
    "2": 0.17678,
    "3": 0.07433,
    "4": 0.03125,
    "5": 0.01314,
    "6": 0.00552,
    "7": 0.00232
  },
  "alpha": 575.4578296013359022254007868468761444091796875,
  "beta": {
    "0": 0.0840163416614014557648459913252736441791057586669921875,
    "1": 0.0921716019030325572902739850178477354347705841064453125,
    "2": 0.0810582035041311765866112182266078889369964599609375,
    "3": 0.06411331732381690684530184398681740276515483856201171875,
    "4": 0.0674621371977426331767446754383854568004608154296875,
    "5": 0.05917707827543276788428983081757905893027782440185546875,
    "6": 0.0634193414796965504454107076526270247995853424072265625,
    "7": 0.08281976986399457174581328899876098148524761199951171875,
    "8": 0.0559128554428565960332520035080960951745510101318359375,
    "9": 0.0625058629843959767669048233074136078357696533203125,
    "10": 0.099236673657107365986718150452361442148685455322265625,
    "11": 0.0663748065268572606800745461441692896187305450439453125,
    "12": 0.0791186436437556761536171734405797906219959259033203125,
    "13": 0.0790689302083411316157679493699106387794017791748046875
  },
  "zLow": {
    "0": 0.000003429972443,
    "1": 0.000001515434226,
    "2": 0.000002441057280,
    "3": 0.000001386571748,
    "4": 3.868747546E-7,
    "5": 0.000001067697849,
    "6": 0.00001229202738,
    "7": 1.774792911E-7,
    "8": 0.000003431375573,
    "9": 0.000001963989719,
    "10": 7.258334791E-7,
    "11": 3.062315122E-7,
    "12": 4.260941634E-7,
    "13": 0.00001792984412
  },
  "zHigh": {
    "0": 0.000131716546933541245073584327028033787884968080068888945780425253991353942722524939365737504572763678046621962111237,
    "1": 0.000059431026776479974950852349428097898579037700751132778379304351977036602279366983045158369920569899902943454306623,
    "2": 0.000093018490144648642593097121646014441359141411694907600950908424450110254527839263727797531256764879382135216338,
    "3": 0.0000504869238728231920280588316380466484581873172789009527992336649093373438082677516433505014879488953814987136446368,
    "4": 0.000014216182413054403181301640594856340528013017351540576207134658036077481745867908131304117315776334534897655503,
    "5": 0.0000383492593618873218152807528131121055904262676606869242630118708583488812692121239590791146627699418371756844863174,
    "6": 0.000446716049340036068095893971303800646277806787492482198234675498133302832674612364925971871029727270235058112831573,
    "7": 0.0000067942581372591126695520461107076184293108858257276543259506741912164365491350911877691899102812514950472478529778,
    "8": 0.000122127067810111612017280870601138199100324628216559227427784030143978982263730545457443052140702063008657895901223,
    "9": 0.000071195778765035709945249073764711136238056415303891462664406179526732100880139881357769196744837038609428990821,
    "10": 0.00002897793437918486365307527919165262801722258725868928821485480278433004397351731274372029921237556111726046911120,
    "11": 0.000011219551101201325602669246077491309612357381090853138979610777328580313805261905250846787047587170796876125416549,
    "12": 0.000016154024127455562518694183926141712596687446883536627599829488420704763585260747146315537812013005782794405383841,
    "13": 0.000679664682654878715343541263547530509634326087149624213792010828897017799338729190137996027451592413533729785879749
  },
  "setupType": "Multi Region Model Regional Bidder",
  "population": 0,
  "id": 5,
  "worldId": 375,
  "setup": {
    "exponentFactor": 1.25,
    "base": 2.0,
    "alphaInterval": {
      "minValue": 500.0,
      "maxValue": 840.0
    },
    "betaInterval": {
      "minValue": 0.04,
      "maxValue": 0.1
    },
    "setupName": "Multi Region Model Regional Bidder",
    "numberOfBidders": 4
  },
  "implementation": "org.spectrumauctions.sats.core.model.mrvm.MRVMRegionalBidder"
}