{
  "gammaValues": {
    "1": 0.92480,
    "2": 0.69920
  },
  "alpha": 1155.273915589335956610739231109619140625,
  "beta": {
    "0": 0.139430038488493945880719593333196826279163360595703125,
    "1": 0.213649144232665066933662956216721795499324798583984375,
    "2": 0.1500482199729806509491680799328605644404888153076171875,
    "3": 0.1902566877025240466014821549833868630230426788330078125,
    "4": 0.11104385686561919766024431055484456010162830352783203125,
    "5": 0.1399233692516666793803636892334907315671443939208984375,
    "6": 0.207221133865980122745753533308743499219417572021484375,
    "7": 0.134574273507403974203811003462760709226131439208984375,
    "8": 0.14526390174796188770045546334586106240749359130859375,
    "9": 0.10991296137275140265554540519588044844567775726318359375,
    "10": 0.15159356650795852150537257330142892897129058837890625,
    "11": 0.08499548775779934561835915474148350767791271209716796875,
    "12": 0.1307839608277426013405175808657077141106128692626953125,
    "13": 0.169335344281118571618804935496882535517215728759765625
  },
  "zLow": {
    "0": 0.000002066798086,
    "1": 6.537821654E-7,
    "2": 0.000001318694203,
    "3": 4.672514566E-7,
    "4": 2.350368450E-7,
    "5": 4.515560159E-7,
    "6": 0.000003761934254,
    "7": 1.092243983E-7,
    "8": 0.000001320754875,
    "9": 0.000001116891682,
    "10": 4.751474733E-7,
    "11": 2.391427817E-7,
    "12": 2.577685525E-7,
    "13": 0.000008372106833
  },
  "zHigh": {
    "0": 0.00009082131622651104710762509172138514031196629665991872646684502077125925873957128221590341425135666952584863692783,
    "1": 0.00003358146497340528449258294713597733963918153189071620216442253058762782582577286672210509998266995587407498339290,
    "2": 0.000059347597830001754277408630982902289622909906951833371915108839749700069004623265247178237017337369599867769678620,
    "3": 0.000022907315141008307984223527278500840861269380181060635339296081706166073637964939599818612698617102155246259151707,
    "4": 0.0000096610451254663375301306306863399332054025352545827677367622454439287370795919056238767182064347485279410506630169,
    "5": 0.000019865004389036117190840251840026872119436066447115366222659569199384226903036210844687945941938798056504693619566,
    "6": 0.00019081325573839301196855750875253373742994344136740588870518016599885897684640708588481117494797892491467270037868,
    "7": 0.00000474661135198459858086344123758227663598050030152818344440047402827309884004514673720767811766959999759146260789,
    "8": 0.0000588084468771111977461147079086727067445729633497120630626203603342887122421172802917470259370956241893438509925,
    "9": 0.0000457828376605727028312305499878912200736086570884516338435627231898596508445150002225082481943072927416160244232303,
    "10": 0.0000214573542060527212155970877172718683536809511900942717371440130360707340052681535143358129503814336149821193609,
    "11": 0.0000092068891867331054396503982569107532517814808749857847912985388893576329047201820904606322713655134764172734659679,
    "12": 0.000011104255801011016938184990045389757191556488837740787281717079399580623547236133713886101855699899423052990799500,
    "13": 0.00039293256424300599702017669114186095141168208083957016276249147597323289668984812119429040486839269152212691402023
  },
  "setupType": "Multi Region Model National Bidder",
  "population": 0,
  "id": 9,
  "worldId": 375,
  "setup": {
    "bInterval": {
      "minValue": 0.1,
      "maxValue": 0.3
    },
    "kMax": 2.0,
    "alphaInterval": {
      "minValue": 700.0,
      "maxValue": 1200.0
    },
    "betaInterval": {
      "minValue": 0.08,
      "maxValue": 0.22
    },
    "setupName": "Multi Region Model National Bidder",
    "numberOfBidders": 3
  },
  "implementation": "org.spectrumauctions.sats.core.model.mrvm.MRVMNationalBidder"
}