{
  "regionsOfInterest": [
    0,
    2,
    6,
    7,
    9,
    11,
    13
  ],
  "alpha": 61.0645413215850538790618884377181529998779296875,
  "beta": {
    "0": 0.1045676572631974166061041842112899757921695709228515625,
    "1": 0.105551704270632651372352484031580388545989990234375,
    "2": 0.118507059001151160426701380856684409081935882568359375,
    "3": 0.11849890235482633815689013090377557091414928436279296875,
    "4": 0.050016406524506971942312105738892569206655025482177734375,
    "5": 0.1144728303394573487583585347238113172352313995361328125,
    "6": 0.070713471466596289349837434201617725193500518798828125,
    "7": 0.1060038330011559282173294604945112951099872589111328125,
    "8": 0.095585206530332922358894620629143901169300079345703125,
    "9": 0.0802434103824037625596332645727670751512050628662109375,
    "10": 0.117213421821512231435491457887110300362110137939453125,
    "11": 0.069637614896775612560730905897798947989940643310546875,
    "12": 0.10039014714510828552018750770002952776849269866943359375,
    "13": 0.0739009319121843033517649246277869679033756256103515625
  },
  "zLow": {
    "0": 0.000002755859165,
    "1": 0.000001323332495,
    "2": 0.000001669670308,
    "3": 7.501986321E-7,
    "4": 5.218167315E-7,
    "5": 5.519496544E-7,
    "6": 0.00001102409860,
    "7": 1.386628543E-7,
    "8": 0.000002007193512,
    "9": 0.000001529856117,
    "10": 6.145140972E-7,
    "11": 2.918833077E-7,
    "12": 3.358097705E-7,
    "13": 0.00001918370387
  },
  "zHigh": {
    "0": 0.000111493148605290362334222948095069252763368174629152866489726746376746591902952422998886993010708704471420196111568,
    "1": 0.00005366797485580144188656880741645076665266407640503347415206508435574541249819317296231545086955805577553097283,
    "2": 0.00006987688100905243590346840290619947142383485544615835574119386732288255411224339587177280911254608248274690726316,
    "3": 0.0000313957304062688120125288265467588801715627466726521445150259388821579376898877703488303354214471909072699954308055,
    "4": 0.00001826444171891513608964612383338262606183952618643387761062255561364551379960859209416637129525927459539916444138612,
    "5": 0.000022876813545290181857738365696079565333799023687766911728976903748185267970232718798978131940495742897165325177312,
    "6": 0.00040867818600109575541662653509605583634881015084219506358126570380965866231952821668737839458241067523003050587540,
    "7": 0.000005629765031550679188035844721999730060148061468479035713696262108141975273719445784095243576961042917235050221609,
    "8": 0.00007940160598411049790028815748542533954059967738132007478785788651947817334886927630218871049452011706912735892774,
    "9": 0.000058171770732019062616546092900610082406409501303124317529796509769832729267501966014021694594341484976478751016327,
    "10": 0.00002563835292371186037356963149264837984389283244000294753126765944904175447024549308332855925574946820641807439614,
    "11": 0.00001078910496555267897498638207665602950960250172108848210630757054711190636735150268977145640897826423544724578942,
    "12": 0.0000134454923406015177123575305842842731507219836240195856321312417281115527990114271569214882310796362288027913726742,
    "13": 0.000717280475078506179483001811637075019809874601159981839837392233024022406330381736555645080544182125209252676724738
  },
  "setupType": "Multi Region Model Local Bidder",
  "population": 0,
  "id": 1,
  "worldId": 375,
  "setup": {
    "numberOfRegionsInterval": {
      "minValue": 3,
      "maxValue": 7
    },
    "alphaInterval": {
      "minValue": 60.0,
      "maxValue": 100.0
    },
    "betaInterval": {
      "minValue": 0.05,
      "maxValue": 0.12
    },
    "setupName": "Multi Region Model Local Bidder",
    "numberOfBidders": 3
  },
  "implementation": "org.spectrumauctions.sats.core.model.mrvm.MRVMLocalBidder"
}