{
  "homeId": 0,
  "distanceDiscounts": {
    "0": 1,
    "1": 0.42045,
    "2": 0.17678,
    "3": 0.07433,
    "4": 0.03125,
    "5": 0.01314,
    "6": 0.00552,
    "7": 0.00232
  },
  "alpha": 535.3665350337097379451734013855457305908203125,
  "beta": {
    "0": 0.08838278415025146994565830027568154036998748779296875,
    "1": 0.054611355523267922362773418853976181708276271820068359375,
    "2": 0.08517591246814515404395251607638783752918243408203125,
    "3": 0.05466722037009009993457908649361343123018741607666015625,
    "4": 0.05974324889164385476991725454354309476912021636962890625,
    "5": 0.0712550020324266009108526986892684362828731536865234375,
    "6": 0.07455837698469559848835075399620109237730503082275390625,
    "7": 0.0587325939270087749033422142019844613969326019287109375,
    "8": 0.0500782910091513711048349932752898894250392913818359375,
    "9": 0.0823690114201985068564937364499201066792011260986328125,
    "10": 0.08268965952676665676079892364214174449443817138671875,
    "11": 0.0587536408951885580354002058811602182686328887939453125,
    "12": 0.0667881574015649903675040377493132837116718292236328125,
    "13": 0.058979001082149873358417835333966650068759918212890625
  },
  "zLow": {
    "0": 0.000003260518883,
    "1": 0.000002557709817,
    "2": 0.000002323047820,
    "3": 0.000001626161233,
    "4": 4.368593650E-7,
    "5": 8.867200525E-7,
    "6": 0.00001045559618,
    "7": 2.502663864E-7,
    "8": 0.000003831161218,
    "9": 0.000001490376904,
    "10": 8.710798968E-7,
    "11": 3.459540050E-7,
    "12": 5.047600291E-7,
    "13": 0.00002403726016
  },
  "zHigh": {
    "0": 0.0001266329401365379764138992880618016656935608031346184437410009113742435681232940473375105868846380209117293361966,
    "1": 0.00009069929452080674982354570215095729449076464557792853974534680915232039459138531274298925749083345847815181374465313,
    "2": 0.0000894782063429982325372991741906107200817211340841027431529813064574580648097605483862739165818418853080153265086,
    "3": 0.0000576746084153222373106387483460300760670933412597602910864612127755861783001564526924320256840475716839312649103117,
    "4": 0.0000157157207244781786348119374691029177178333627718868279663360434517865905882389258109905292684740230868242166269577,
    "5": 0.000032919925488210022900081189933289059617252885937078615823030485250612611448754028010228273218422968234301268697982,
    "6": 0.0003916231134921821607833446202005372027897289151734911137435687250568940533013419473209108515745880393868660432488613,
    "7": 0.000008977870995438799286404488954558602989824796554889465660216770391476385809687993216058154288510689693273851750925,
    "8": 0.000134120637161509133879752173033732417180123852507034587844874276259913912699009256710026146120769198802907454743339,
    "9": 0.000056987394340743694818183240608422881800595803466813172342965419070117238592126370718502105037565534835434742346043,
    "10": 0.0000333353269125353679522461531699113230985648909346093601145732763210585524451696082026941614344866516591029957510,
    "11": 0.000012411225884286166469179936165918242626325027281167393014955302991974111372792082745278974347652511700158795886922,
    "12": 0.000018514000097821503230209514693488514045474767725055393550558250397444122878805791646649803222789055313553950900957,
    "13": 0.00086288716397319239681940073344523514999927333201589399623932263980788228361521499604591587147398341360461190404764
  },
  "setupType": "Multi Region Model Regional Bidder",
  "population": 0,
  "id": 6,
  "worldId": 375,
  "setup": {
    "exponentFactor": 1.25,
    "base": 2.0,
    "alphaInterval": {
      "minValue": 500.0,
      "maxValue": 840.0
    },
    "betaInterval": {
      "minValue": 0.04,
      "maxValue": 0.1
    },
    "setupName": "Multi Region Model Regional Bidder",
    "numberOfBidders": 4
  },
  "implementation": "org.spectrumauctions.sats.core.model.mrvm.MRVMRegionalBidder"
}