{
  "gammaValues": {
    "1": 0.97568,
    "2": 0.90273
  },
  "alpha": 1033.513430480976467151776887476444244384765625,
  "beta": {
    "0": 0.16789297795294455539760747342370450496673583984375,
    "1": 0.18658848657487203670513054021284915506839752197265625,
    "2": 0.1689285036506214809914894203757285140454769134521484375,
    "3": 0.192428324560878605264946372699341736733913421630859375,
    "4": 0.2028257734069232320894826671064947731792926788330078125,
    "5": 0.0954028448747307467048273110776790417730808258056640625,
    "6": 0.176503900359984366996712878972175531089305877685546875,
    "7": 0.1900574997681197253474039143839036114513874053955078125,
    "8": 0.08782173742050625175892264451249502599239349365234375,
    "9": 0.1803741771656520442856930230846046470105648040771484375,
    "10": 0.164220627377786809741877505075535736978054046630859375,
    "11": 0.202054404333877390964602227541035972535610198974609375,
    "12": 0.085987138365675452877923135019955225288867950439453125,
    "13": 0.137809719564521648837995826397673226892948150634765625
  },
  "zLow": {
    "0": 0.000001716413278,
    "1": 7.485992448E-7,
    "2": 0.000001171310427,
    "3": 4.619783218E-7,
    "4": 1.286789018E-7,
    "5": 6.622783548E-7,
    "6": 0.000004416629207,
    "7": 7.733866889E-8,
    "8": 0.000002184630048,
    "9": 6.805900610E-7,
    "10": 4.386129882E-7,
    "11": 1.005969528E-7,
    "12": 3.920585440E-7,
    "13": 0.00001028732660
  },
  "zHigh": {
    "0": 0.0000803097719956918326101839108918964611275736573278168604999125338512099763240587046197240019635503277441019470,
    "1": 0.0000364259773573266504115202868041226943887131545805059176668269093290514937538698223766204637831984389939008473875,
    "2": 0.000054926084572056058865010282001197060547617387301531498215287735006933224698202973068681300924669638089379376371599,
    "3": 0.00002274912109850403639837890813119652490646096358419524985902651219341254507907817934431924592526424752459365772064,
    "4": 0.000006470306829463205590027972000947592105971149216866877852981311668611719841863888371802723104523130679266680155226,
    "5": 0.000026186674556241139043348194597431765626619174144864791740976007772170275384973755472398040659946063207803932999185,
    "6": 0.00021045410435151119976511263322276617013484501868206940226260037076985070173894281713360254396638937106565423381023,
    "7": 0.000003790039471028770065786862897584402132555903400921457737800297192473162316072021698848134406638191514702037399650,
    "8": 0.0000847247020475501000984381340647805809262657602744303091480415585313009710443165167972904519827906739773294164918,
    "9": 0.000032693789049202222198393176632321620685717709721601060981951755466626359332036136133367248481096564525380410692385,
    "10": 0.00002036131965254498902737465661771960974850650547725920823136546881562765494394358388954300808400924566155905864760,
    "11": 0.00000505051432028475361044153806546684383679461731033989898034041703612915290114498663947522241224063059462307771634,
    "12": 0.00001513295554639225669575922935085009139229315219464458310530110858274442575442051712779928369275076951576805550200,
    "13": 0.00045038915705343317174336144604931163123116511238719788753183959966491897426678763420174843646778524903445299454668
  },
  "setupType": "Multi Region Model National Bidder",
  "population": 0,
  "id": 8,
  "worldId": 375,
  "setup": {
    "bInterval": {
      "minValue": 0.1,
      "maxValue": 0.3
    },
    "kMax": 2.0,
    "alphaInterval": {
      "minValue": 700.0,
      "maxValue": 1200.0
    },
    "betaInterval": {
      "minValue": 0.08,
      "maxValue": 0.22
    },
    "setupName": "Multi Region Model National Bidder",
    "numberOfBidders": 3
  },
  "implementation": "org.spectrumauctions.sats.core.model.mrvm.MRVMNationalBidder"
}