{
  "homeId": 5,
  "distanceDiscounts": {
    "0": 1,
    "1": 0.42045,
    "2": 0.17678,
    "3": 0.07433,
    "4": 0.03125,
    "5": 0.01314,
    "6": 0.00552,
    "7": 0.00232
  },
  "alpha": 684.423191665142667261534370481967926025390625,
  "beta": {
    "0": 0.0796599557233144406342972843049210496246814727783203125,
    "1": 0.055609915251603365959898184200937976129353046417236328125,
    "2": 0.07291234897799070413526578704477287828922271728515625,
    "3": 0.0563967415051880305298936946201138198375701904296875,
    "4": 0.06628729325950892536933878318450297228991985321044921875,
    "5": 0.0656253259692228529953439419841743074357509613037109375,
    "6": 0.0422807679871435582175109857416828162968158721923828125,
    "7": 0.09926753501212419450450141766850720159709453582763671875,
    "8": 0.09868150152668088426199943796746083535254001617431640625,
    "9": 0.06962977122654993855643823508216883055865764617919921875,
    "10": 0.094374956652726160744037997574196197092533111572265625,
    "11": 0.0911638204533434526322110968976630829274654388427734375,
    "12": 0.06246455433164672943480155709039536304771900177001953125,
    "13": 0.067299472069284382858000981286750175058841705322265625
  },
  "zLow": {
    "0": 0.000003617548291,
    "1": 0.000002511782288,
    "2": 0.000002713775108,
    "3": 0.000001576291681,
    "4": 3.937315357E-7,
    "5": 9.627874332E-7,
    "6": 0.00001843751471,
    "7": 1.480725199E-7,
    "8": 0.000001944214503,
    "9": 0.000001763051495,
    "10": 7.632247224E-7,
    "11": 2.229618863E-7,
    "12": 5.396979556E-7,
    "13": 0.00002106544895
  },
  "zHigh": {
    "0": 0.000137343822362136662919200233875008595212078693805084953173368421057755363780739528369172124823960533713826330547555,
    "1": 0.00008932146863757640789331130222459933973539249103898159280053358533299493899991436109518004359296812751145804258373588,
    "2": 0.0001012000250004231840911006185187759662573181955224282028052730747765691264004318588872014267155186903991731595047,
    "3": 0.000056178521862071204836218770181835675268210012297055908220035570284624221531397713432516831034501970164900243482,
    "4": 0.0000144218858463409610015086882090993003316579778685716817821584872200469313522132865679205867610226405567733422538363,
    "5": 0.000035201946909252554905598787182797086355860969172083264470703443614852821824262977939655007600606208872273080019632,
    "6": 0.000631080669262834691026054202634463899617148206448512752542903314392873743447793284838859541624277058287553571342625,
    "7": 0.0000059120549985704280580812814005401739519629668586735621886853410841782532810982975046105588566285099070195025488140,
    "8": 0.0000775122356977082873310965435539955963897289717050651383926775250904452362312615133775050970181526129631223036638672,
    "9": 0.0000651676320569054672415510529101739066952345738831351293864971624078508420873642856264162648903616287339435271880298,
    "10": 0.00003009967167871214322425066315639524936673237960077338380420536126595504281895171349289100131280564140665014921602,
    "11": 0.000008721462326058994447425214217471308967565073864103858243318283630277311702719539180743259014985758294677613031505,
    "12": 0.0000195621378942603160107317665464315989267859037144022317539939436929890446875984086605003754593277945179938811209681,
    "13": 0.00077373282757522289161100025069913489383418097166730561821815227366004956030619290340825074054812355335410109885814
  },
  "setupType": "Multi Region Model Regional Bidder",
  "population": 0,
  "id": 3,
  "worldId": 375,
  "setup": {
    "exponentFactor": 1.25,
    "base": 2.0,
    "alphaInterval": {
      "minValue": 500.0,
      "maxValue": 840.0
    },
    "betaInterval": {
      "minValue": 0.04,
      "maxValue": 0.1
    },
    "setupName": "Multi Region Model Regional Bidder",
    "numberOfBidders": 4
  },
  "implementation": "org.spectrumauctions.sats.core.model.mrvm.MRVMRegionalBidder"
}