{
  "bidderPosition": 0,
  "values": {
    "0": 12.71149775651083047023348626680672168731689453125,
    "1": 0.720836717187574027576602020417340099811553955078125,
    "2": 5.193973654479304258302363450638949871063232421875,
    "3": 10.4170170792165261985928736976347863674163818359375,
    "12": 0.100592393117706624394713799119926989078521728515625,
    "13": 3.22522656580537248061091304407455027103424072265625
  },
  "setupType": "Regional Bidder Setup",
  "population": 0,
  "id": 0,
  "worldId": 941,
  "setup": {
    "lowNationalValueInterval": {
      "minValue": 0.0,
      "maxValue": 20.0
    },
    "highNationalValueInterval": {
      "minValue": 0.0,
      "maxValue": 40.0
    },
    "regionalValueInterval": {
      "minValue": 0.0,
      "maxValue": 20.0
    },
    "setupName": "Regional Bidder Setup",
    "numberOfBidders": 6
  },
  "implementation": "org.spectrumauctions.sats.core.model.gsvm.GSVMBidder"
}