{
  "bidderPosition": 2,
  "values": {
    "4": 10.2206220897214361542637561797164380550384521484375,
    "5": 3.0509679240204423678051171009428799152374267578125,
    "6": 34.55794926401033961838038521818816661834716796875,
    "7": 22.69502512680855943472124636173248291015625,
    "14": 9.14153230808157246656264760531485080718994140625,
    "15": 18.79705765145090623491341830231249332427978515625
  },
  "setupType": "Regional Bidder Setup",
  "population": 0,
  "id": 2,
  "worldId": 1064,
  "setup": {
    "lowNationalValueInterval": {
      "minValue": 0.0,
      "maxValue": 20.0
    },
    "highNationalValueInterval": {
      "minValue": 0.0,
      "maxValue": 40.0
    },
    "regionalValueInterval": {
      "minValue": 0.0,
      "maxValue": 20.0
    },
    "setupName": "Regional Bidder Setup",
    "numberOfBidders": 6
  },
  "implementation": "org.spectrumauctions.sats.core.model.gsvm.GSVMBidder"
}