{
  "homeId": 4,
  "distanceDiscounts": {
    "0": 1,
    "1": 0.42045,
    "2": 0.17678,
    "3": 0.07433,
    "4": 0.03125,
    "5": 0.01314,
    "6": 0.00552,
    "7": 0.00232
  },
  "alpha": 664.793062083004997475654818117618560791015625,
  "beta": {
    "0": 0.055143975605476507062530089342544670216739177703857421875,
    "1": 0.058736971447285270253590994116166257299482822418212890625,
    "2": 0.099013663510790994592980496236123144626617431640625,
    "3": 0.08049672637701633937101775018163607455790042877197265625,
    "4": 0.05731007368478811814238582655889331363141536712646484375,
    "5": 0.08659093328274188039461733978896518237888813018798828125,
    "6": 0.06843928971956923790198601409429102204740047454833984375,
    "7": 0.07908550150570337056166181355365552008152008056640625,
    "8": 0.06132837637401529484737494613000308163464069366455078125,
    "9": 0.04703958486745463130063171774963848292827606201171875,
    "10": 0.09870266190291097918585450088357902131974697113037109375,
    "11": 0.08206255444936427778657161979936063289642333984375,
    "12": 0.044573647591027609760061523047625087201595306396484375,
    "13": 0.090825864967453373566286245477385818958282470703125
  },
  "zLow": {
    "0": 0.000005864686623,
    "1": 0.000002668770099,
    "2": 0.000002242685117,
    "3": 0.000001239369667,
    "4": 5.110789639E-7,
    "5": 8.188756408E-7,
    "6": 0.00001278286610,
    "7": 2.085803145E-7,
    "8": 0.000003510806925,
    "9": 0.000002928768004,
    "10": 8.189715509E-7,
    "11": 2.779691517E-7,
    "12": 8.487792029E-7,
    "13": 0.00001751706415
  },
  "zHigh": {
    "0": 0.00020828081226319656860812240437192189741381820675009009013165919424915025219439223021541005673477784021705634475289664,
    "1": 0.00009573865024782037347338576998953068910817021620024478262285669396265915895205559139454684497772585360434074168661400,
    "2": 0.00008948620044757880067789282939607510275022537243579278076631052121079612466726418526196765845482009170626358432,
    "3": 0.0000471576100958971820557677153362809862154337786858687648551175120448985539879261859217225026313908371106040716135368,
    "4": 0.0000182613662242607388307385936521013957380105935711932771277307286593341105754709448411798219477846841786708069220645,
    "5": 0.0000316569898205431945613973893955054901743216941577872116294041354034889190557002800593137278270673899774878331399767,
    "6": 0.0004709710103058843971209342689206400998404383063138940295395393154554389603219848178925744514251705863512606524980939,
    "7": 0.0000079069773123640843192289373119742755760424990920337880129662648284875398440393741096186861889172059972573737940,
    "8": 0.0001268554165866469357986901916946832475713361373373683416192300907068908657391221487169587035493703745984483751820273,
    "9": 0.0001016398432127254553290085936656398527402297652568123912253718309140421303382327143367018397130464369439899963013,
    "10": 0.0000326526137341550351048942807162668684295442856238456205950988569697345391964367448095134085447868552131009753625836,
    "11": 0.0000106201604140488411095179630479198204557448102394778512733026868890426834240565990009406888567936555652688610,
    "12": 0.00002924669459148640268444599794577728971862086592864999116103858086829962601784974902707438756187131405243553550207,
    "13": 0.00068461217458303609956645982371770911864595040917011325589624300644837653098322943815151360376860953298263011704
  },
  "setupType": "Multi Region Model Regional Bidder",
  "population": 0,
  "id": 3,
  "worldId": 432,
  "setup": {
    "exponentFactor": 1.25,
    "base": 2.0,
    "alphaInterval": {
      "minValue": 500.0,
      "maxValue": 840.0
    },
    "betaInterval": {
      "minValue": 0.04,
      "maxValue": 0.1
    },
    "setupName": "Multi Region Model Regional Bidder",
    "numberOfBidders": 4
  },
  "implementation": "org.spectrumauctions.sats.core.model.mrvm.MRVMRegionalBidder"
}