{
  "bidderPosition": 3,
  "values": {
    "16": 14.500242929496483412776797194965183734893798828125,
    "6": 12.3350460431210873224472379661165177822113037109375,
    "7": 22.20657849218751067610355676151812076568603515625,
    "8": 15.4394878628379359497557743452489376068115234375,
    "9": 8.4726317568815350256272722617723047733306884765625,
    "15": 4.8099338320311542105400803848169744014739990234375
  },
  "setupType": "Regional Bidder Setup",
  "population": 0,
  "id": 3,
  "worldId": 384,
  "setup": {
    "lowNationalValueInterval": {
      "minValue": 0.0,
      "maxValue": 20.0
    },
    "highNationalValueInterval": {
      "minValue": 0.0,
      "maxValue": 40.0
    },
    "regionalValueInterval": {
      "minValue": 0.0,
      "maxValue": 20.0
    },
    "setupName": "Regional Bidder Setup",
    "numberOfBidders": 6
  },
  "implementation": "org.spectrumauctions.sats.core.model.gsvm.GSVMBidder"
}