{
  "bidderPosition": 0,
  "values": {
    "0": 12.15893724487424520930289872922003269195556640625,
    "1": 5.78328884522187447458918541087768971920013427734375,
    "2": 17.71044457659377968639091704972088336944580078125,
    "3": 15.192164421192931200721432105638086795806884765625,
    "12": 13.3662745291623110688306041993200778961181640625,
    "13": 3.49428567897783981521797613822855055332183837890625
  },
  "setupType": "Regional Bidder Setup",
  "population": 0,
  "id": 0,
  "worldId": 384,
  "setup": {
    "lowNationalValueInterval": {
      "minValue": 0.0,
      "maxValue": 20.0
    },
    "highNationalValueInterval": {
      "minValue": 0.0,
      "maxValue": 40.0
    },
    "regionalValueInterval": {
      "minValue": 0.0,
      "maxValue": 20.0
    },
    "setupName": "Regional Bidder Setup",
    "numberOfBidders": 6
  },
  "implementation": "org.spectrumauctions.sats.core.model.gsvm.GSVMBidder"
}