{
  "bidderPosition": 2,
  "values": {
    "4": 12.30712199636874260022523230873048305511474609375,
    "5": 19.97883152330556555398288764990866184234619140625,
    "6": 4.30322586112452665219052505563013255596160888671875,
    "7": 8.506213105365961979487110511399805545806884765625,
    "14": 12.21573324707156871227198280394077301025390625,
    "15": 0.490439301030949348358944916981272399425506591796875
  },
  "setupType": "Regional Bidder Setup",
  "population": 0,
  "id": 2,
  "worldId": 384,
  "setup": {
    "lowNationalValueInterval": {
      "minValue": 0.0,
      "maxValue": 20.0
    },
    "highNationalValueInterval": {
      "minValue": 0.0,
      "maxValue": 40.0
    },
    "regionalValueInterval": {
      "minValue": 0.0,
      "maxValue": 20.0
    },
    "setupName": "Regional Bidder Setup",
    "numberOfBidders": 6
  },
  "implementation": "org.spectrumauctions.sats.core.model.gsvm.GSVMBidder"
}