{
  "bidderPosition": -1,
  "values": {
    "0": 5.91570021319722716413025409565307199954986572265625,
    "1": 1.0010799952526971967614599634543992578983306884765625,
    "2": 4.03986976332444402970622832071967422962188720703125,
    "3": 8.8326315018854248961588382371701300144195556640625,
    "4": 17.8936843256654611877820570953190326690673828125,
    "5": 2.8055193823688018284201461938209831714630126953125,
    "6": 18.6539210233826651119670714251697063446044921875,
    "7": 14.083049389375386084566343924961984157562255859375,
    "8": 0.4811961414218102195405890597612597048282623291015625,
    "9": 8.9296693235680351108385366387665271759033203125,
    "10": 7.102598459299773736574934446252882480621337890625,
    "11": 0.92769920743315470446077597443945705890655517578125
  },
  "setupType": "National Bidder Setup",
  "population": 0,
  "id": 6,
  "worldId": 384,
  "setup": {
    "lowNationalValueInterval": {
      "minValue": 0.0,
      "maxValue": 10.0
    },
    "highNationalValueInterval": {
      "minValue": 0.0,
      "maxValue": 20.0
    },
    "regionalValueInterval": {
      "minValue": 0.0,
      "maxValue": 0.0
    },
    "setupName": "National Bidder Setup",
    "numberOfBidders": 1
  },
  "implementation": "org.spectrumauctions.sats.core.model.gsvm.GSVMBidder"
}