{
  "bidderPosition": 0,
  "values": {
    "0": 6.72884634725184671566466931835748255252838134765625,
    "1": 7.4809322081826490347111757728271186351776123046875,
    "2": 14.782699579523285393634068896062672138214111328125,
    "3": 12.0882074487645407856462043127976357936859130859375,
    "12": 4.1219455475114781251022577635012567043304443359375,
    "13": 6.643599216364915349686270928941667079925537109375
  },
  "setupType": "Regional Bidder Setup",
  "population": 0,
  "id": 0,
  "worldId": 996,
  "setup": {
    "lowNationalValueInterval": {
      "minValue": 0.0,
      "maxValue": 20.0
    },
    "highNationalValueInterval": {
      "minValue": 0.0,
      "maxValue": 40.0
    },
    "regionalValueInterval": {
      "minValue": 0.0,
      "maxValue": 20.0
    },
    "setupName": "Regional Bidder Setup",
    "numberOfBidders": 6
  },
  "implementation": "org.spectrumauctions.sats.core.model.gsvm.GSVMBidder"
}