{
  "homeId": 9,
  "distanceDiscounts": {
    "0": 1,
    "1": 0.42045,
    "2": 0.17678,
    "3": 0.07433,
    "4": 0.03125,
    "5": 0.01314,
    "6": 0.00552,
    "7": 0.00232
  },
  "alpha": 569.722572850742608352447859942913055419921875,
  "beta": {
    "0": 0.0656109634489729087736265000785351730883121490478515625,
    "1": 0.077132531457014985587505861985846422612667083740234375,
    "2": 0.07165386553497439525717283004269120283424854278564453125,
    "3": 0.06827702817022594794504897208753391169011592864990234375,
    "4": 0.0429375834187523397478258857518085278570652008056640625,
    "5": 0.0826195884982212913616450578047079034149646759033203125,
    "6": 0.0717946746289939985441463932147598825395107269287109375,
    "7": 0.0919743150596095959681264275786816142499446868896484375,
    "8": 0.07913027697573683794107779476689756847918033599853515625,
    "9": 0.04712270410450787594403010416499455459415912628173828125,
    "10": 0.050377926712948016552129359979517175815999507904052734375,
    "11": 0.06825068556738529690353090018106740899384021759033203125,
    "12": 0.087450665208599731581529113100259564816951751708984375,
    "13": 0.06342352699740759491842112538506626151502132415771484375
  },
  "zLow": {
    "0": 0.000005489690180,
    "1": 0.000002263427010,
    "2": 0.000003451478499,
    "3": 0.000001627368248,
    "4": 7.597360604E-7,
    "5": 9.558477259E-7,
    "6": 0.00001357134427,
    "7": 1.997491752E-7,
    "8": 0.000003030449796,
    "9": 0.000003256114089,
    "10": 0.000001787058447,
    "11": 3.722339502E-7,
    "12": 4.818270230E-7,
    "13": 0.00002793841984
  },
  "zHigh": {
    "0": 0.000200709091545186411352559212652026862853421052388674146253674094636203022912488413591470935761036041448091788436941,
    "1": 0.00008536119578607080134292869167916533379370587425007107383883403582381033669712912357497414517091875767140459361781,
    "2": 0.0001282755325808846308960956260825133003433113104131048657616748438097166897553454972275729131699964327893533754691591,
    "3": 0.0000599322341824500569517905599695479968088274873663182698166556427476598473954787015154619189048345629078697053582693,
    "4": 0.000026054204856254038640500297345320998879492403131980946032742985203447518085787034771048463697016528995001509981730,
    "5": 0.000036572606354650067813841961986542277908617054594952874523708061718042647546239701778993169594706763450193965773921,
    "6": 0.000504575352584247054475646244887415956497630202608000662344417943260229724635093421548798850124778758927365473108704,
    "7": 0.000007829654611702980861917784594776540545976016566834487011489623558053210244486921741266332228401915016179882560829,
    "8": 0.0001148935270413886714021075679821922256317292473057976916502229503196585511650741058658965371293886003862047523375804,
    "9": 0.0001130271127436873462807906839650180315631744618213489846981963162463531207535723273968297565370419281015460475004909,
    "10": 0.00006261458335724475874765491037258510511978056547029216113516061873178922534890587630284986667826886242879666471781147,
    "11": 0.0000137075407338466567777189836986637705882752277228779467031632651508283163288101040828359139151324099155607554723758,
    "12": 0.00001866842005730679763164240690256737259114866641531093117595415952562565838618582194351895650383096043998701112311,
    "13": 0.0010153479073387040154254112409928415412454622085421132346049173080701345467685185466497315488838256057814834075560456
  },
  "setupType": "Multi Region Model Regional Bidder",
  "population": 0,
  "id": 4,
  "worldId": 288,
  "setup": {
    "exponentFactor": 1.25,
    "base": 2.0,
    "alphaInterval": {
      "minValue": 500.0,
      "maxValue": 840.0
    },
    "betaInterval": {
      "minValue": 0.04,
      "maxValue": 0.1
    },
    "setupName": "Multi Region Model Regional Bidder",
    "numberOfBidders": 4
  },
  "implementation": "org.spectrumauctions.sats.core.model.mrvm.MRVMRegionalBidder"
}