{
  "regionsOfInterest": [
    0,
    1,
    2,
    4,
    5,
    8,
    12
  ],
  "alpha": 60.68602438640785834422786138020455837249755859375,
  "beta": {
    "0": 0.06725397366395190201782128269769600592553615570068359375,
    "1": 0.0810928714656954652273412875729263760149478912353515625,
    "2": 0.06191548260273059545166773887103772722184658050537109375,
    "3": 0.0922576695407207048038600305517320521175861358642578125,
    "4": 0.0515822089204594214084664827169035561382770538330078125,
    "5": 0.0884302237632274279466315647368901409208774566650390625,
    "6": 0.1158662758679023518926243241367046721279621124267578125,
    "7": 0.079242462623174969582606763651710934937000274658203125,
    "8": 0.0872426828545479760013137138230376876890659332275390625,
    "9": 0.0777525241908229858278644996971706859767436981201171875,
    "10": 0.091346147987603376616760897377389483153820037841796875,
    "11": 0.09195372581271110679068669924163259565830230712890625,
    "12": 0.08146070591490561785263935234979726374149322509765625,
    "13": 0.051528783876366203442476177087883115746080875396728515625
  },
  "zLow": {
    "0": 0.000005355577405,
    "1": 0.000002152887817,
    "2": 0.000003994344643,
    "3": 0.000001204364561,
    "4": 6.324124374E-7,
    "5": 8.930402121E-7,
    "6": 0.000008409265238,
    "7": 2.318427894E-7,
    "8": 0.000002748658385,
    "9": 0.000001973400894,
    "10": 9.855730259E-7,
    "11": 2.762826853E-7,
    "12": 5.172566725E-7,
    "13": 0.00003438763719
  },
  "zHigh": {
    "0": 0.0001966857082935636936176933912542521898405673524894185984059710646452685058501064108074672082854392670304297250635716,
    "1": 0.000082045020006215476171230798896870853144610430652868026002826090465105981687223429493878568608137934397754324671947,
    "2": 0.0001445615169043509047924007400221276332489074222088113788799205326979537990414606955735584860731980327367521961713298,
    "3": 0.000047242123590483225564673388541596917355495361770566934010614975008569844121766917500079160920975471258689820748910,
    "4": 0.000022234496166532682334052225919713004911090866569949330286877855795776345003183836931949385858283806287115893419467,
    "5": 0.000034688380939062751679737556364239118194613235389123892518051996485130560227553715192675167496293592133835636910190,
    "6": 0.000349712981723767788995666808032250610126324204618355642984219154038872607558729078415569537970307673741240737778988,
    "7": 0.00000879246303722955209316239858338723213867399202039567045366921700992233467339696166549707499473229986198515446690,
    "8": 0.000106439784698574618534706524903974588461306271214749222698542845786935351611121788896003362840374101193849461898480,
    "9": 0.000074545716893064591072818254203238409447678229972281135252088793937629977355843584254176682852827758329316005072736,
    "10": 0.00003857002072376363069651536267513334905869791745363333360019013077625615854121230071298874397169957199207629170064,
    "11": 0.0000108290027877080614041814337169683570667594400720791000560728374020910989138103883729293323413962012973033787747,
    "12": 0.0000197313095407327817235076050456079106341819243980806258607983636441227308944969519865875988534360077410324140743,
    "13": 0.00120882442788930566107002602470636451681900912707831594115235568963142025743714223124988026729742038747306612886969353
  },
  "setupType": "Multi Region Model Local Bidder",
  "population": 0,
  "id": 1,
  "worldId": 288,
  "setup": {
    "numberOfRegionsInterval": {
      "minValue": 3,
      "maxValue": 7
    },
    "alphaInterval": {
      "minValue": 60.0,
      "maxValue": 100.0
    },
    "betaInterval": {
      "minValue": 0.05,
      "maxValue": 0.12
    },
    "setupName": "Multi Region Model Local Bidder",
    "numberOfBidders": 3
  },
  "implementation": "org.spectrumauctions.sats.core.model.mrvm.MRVMLocalBidder"
}