{
  "regionsOfInterest": [
    0,
    7,
    9,
    10,
    11,
    12,
    13
  ],
  "alpha": 60.983762761930250917430385015904903411865234375,
  "beta": {
    "0": 0.11026796347942398324182278201988083310425281524658203125,
    "1": 0.08062586460802582954965345152231748215854167938232421875,
    "2": 0.0694066041895995133881314131940598599612712860107421875,
    "3": 0.08652830384173303135408872321931994520127773284912109375,
    "4": 0.057990925098762670375496242058943607844412326812744140625,
    "5": 0.0864619022762676270321691163189825601875782012939453125,
    "6": 0.06535017272208108740638721201321459375321865081787109375,
    "7": 0.10204885540452977854553040515384054742753505706787109375,
    "8": 0.085207034159711037002438160925521515309810638427734375,
    "9": 0.10158105472446565809008234282373450696468353271484375,
    "10": 0.1144635256392069477815454092706204392015933990478515625,
    "11": 0.0794217718874280220742178926229826174676418304443359375,
    "12": 0.11572330510448980422921749777742661535739898681640625,
    "13": 0.10831441413827069819575399378663860261440277099609375
  },
  "zLow": {
    "0": 0.000003266441588,
    "1": 0.000002165357927,
    "2": 0.000003563231182,
    "3": 0.000001284110086,
    "4": 5.625230226E-7,
    "5": 9.133704407E-7,
    "6": 0.00001490968127,
    "7": 1.800293938E-7,
    "8": 0.000002814325532,
    "9": 0.000001510487376,
    "10": 7.865239077E-7,
    "11": 3.198773043E-7,
    "12": 3.641107005E-7,
    "13": 0.00001635934736
  },
  "zHigh": {
    "0": 0.0001340116337984786204282256195412841267954331142426838005518986224819897270298564903525922385250235914133613426721324,
    "1": 0.0000824191232964479093491624332185561115767550226566360605268996482678083998652899341426886042508189013752307044040441,
    "2": 0.000131628113061439875926786159375049410995214235205343078151601381534286959031990150036281497766656494806536222617182,
    "3": 0.0000496344893358449983768603863989758946318974801522733178374404576869904186038810492361666464572052277823060380061959,
    "4": 0.00002013781372273177342732205562305385540199471847693616407836238443484143877264297669479300358699181057012678234491287,
    "5": 0.000035298287796924596817295240834801684039558372312827563849833009144457266907926513109825950803874816420433590150569,
    "6": 0.0005447254625358143014732007490945179690253775247311655640288713569089915674558236108232174874902510287034666372172421,
    "7": 0.0000072380611687282830370334505338277110170678421224649160260956504076202745372222093367881870334001544255978010917186,
    "8": 0.00010840979911383709143053211468015353412088287905679709363789121023944731814665695948955027408593399226137586199561,
    "9": 0.0000606583113377101491364052363223497911077028042724857814646852943520146077662451539514592677680839419504556005938,
    "10": 0.000032598547178315070151947534589125413867170750243204475940037850012573237184846145067630812766100956728125815588723,
    "11": 0.000012136841356451885197576031729082742976950170009374332163363483102918474262405652122649743717163898344772499777181,
    "12": 0.0000151369303800599054678736723941025073416301891415623940186444153310022600780489701525159252619162801642058498192,
    "13": 0.0006679757330630575283344301367717103576012208281945408206830109276273429565724220275933118128935019627717216551752
  },
  "setupType": "Multi Region Model Local Bidder",
  "population": 0,
  "id": 2,
  "worldId": 288,
  "setup": {
    "numberOfRegionsInterval": {
      "minValue": 3,
      "maxValue": 7
    },
    "alphaInterval": {
      "minValue": 60.0,
      "maxValue": 100.0
    },
    "betaInterval": {
      "minValue": 0.05,
      "maxValue": 0.12
    },
    "setupName": "Multi Region Model Local Bidder",
    "numberOfBidders": 3
  },
  "implementation": "org.spectrumauctions.sats.core.model.mrvm.MRVMLocalBidder"
}