{
  "bidderPosition": -1,
  "values": {
    "0": 4.46408292848463172930451037245802581310272216796875,
    "1": 3.49001225989746899358578957617282867431640625,
    "2": 3.03826805050957471365791207063011825084686279296875,
    "3": 1.2525061512832624810442894158768467605113983154296875,
    "4": 2.31275861737881616164713705074973404407501220703125,
    "5": 4.456104642513007974002903210930526256561279296875,
    "6": 5.73282545676177424098796109319664537906646728515625,
    "7": 17.61370409270585213334925356321036815643310546875,
    "8": 1.06581396556741037073834377224557101726531982421875,
    "9": 7.24483621086177809189621257246471941471099853515625,
    "10": 8.7848877431338951993211594526655972003936767578125,
    "11": 8.3201652543117869953448462183587253093719482421875
  },
  "setupType": "National Bidder Setup",
  "population": 0,
  "id": 6,
  "worldId": 1155,
  "setup": {
    "lowNationalValueInterval": {
      "minValue": 0.0,
      "maxValue": 10.0
    },
    "highNationalValueInterval": {
      "minValue": 0.0,
      "maxValue": 20.0
    },
    "regionalValueInterval": {
      "minValue": 0.0,
      "maxValue": 0.0
    },
    "setupName": "National Bidder Setup",
    "numberOfBidders": 1
  },
  "implementation": "org.spectrumauctions.sats.core.model.gsvm.GSVMBidder"
}