{
  "bidderPosition": 0,
  "values": {
    "0": 9.86313270682466480820949072949588298797607421875,
    "1": 10.736683941945525333494515507481992244720458984375,
    "2": 4.95412153507194918944378514424897730350494384765625,
    "3": 8.92719505521954914684101822786033153533935546875,
    "12": 12.8315403379089669755330760381184518337249755859375,
    "13": 15.8196625072055052640962458099238574504852294921875
  },
  "setupType": "Regional Bidder Setup",
  "population": 0,
  "id": 0,
  "worldId": 688,
  "setup": {
    "lowNationalValueInterval": {
      "minValue": 0.0,
      "maxValue": 20.0
    },
    "highNationalValueInterval": {
      "minValue": 0.0,
      "maxValue": 40.0
    },
    "regionalValueInterval": {
      "minValue": 0.0,
      "maxValue": 20.0
    },
    "setupName": "Regional Bidder Setup",
    "numberOfBidders": 6
  },
  "implementation": "org.spectrumauctions.sats.core.model.gsvm.GSVMBidder"
}