{
  "bidderPosition": 3,
  "values": {
    "16": 12.9874758351242487464105579419992864131927490234375,
    "6": 9.065260784280443573379670851863920688629150390625,
    "7": 4.48507664001576156209694090648554265499114990234375,
    "8": 12.7852137928437326053199285524897277355194091796875,
    "9": 12.1313898685035415070387898595072329044342041015625,
    "15": 16.78856218661608323827749700285494327545166015625
  },
  "setupType": "Regional Bidder Setup",
  "population": 0,
  "id": 3,
  "worldId": 688,
  "setup": {
    "lowNationalValueInterval": {
      "minValue": 0.0,
      "maxValue": 20.0
    },
    "highNationalValueInterval": {
      "minValue": 0.0,
      "maxValue": 40.0
    },
    "regionalValueInterval": {
      "minValue": 0.0,
      "maxValue": 20.0
    },
    "setupName": "Regional Bidder Setup",
    "numberOfBidders": 6
  },
  "implementation": "org.spectrumauctions.sats.core.model.gsvm.GSVMBidder"
}