{
  "bidderPosition": 2,
  "values": {
    "4": 7.91553888848765208052782327285967767238616943359375,
    "5": 34.63003511075093143745107227005064487457275390625,
    "6": 29.401345033439998388757885550148785114288330078125,
    "7": 24.391771759149353471229915157891809940338134765625,
    "14": 7.337413234496377612003925605677068233489990234375,
    "15": 12.32158786010545981071118148975074291229248046875
  },
  "setupType": "Regional Bidder Setup",
  "population": 0,
  "id": 2,
  "worldId": 688,
  "setup": {
    "lowNationalValueInterval": {
      "minValue": 0.0,
      "maxValue": 20.0
    },
    "highNationalValueInterval": {
      "minValue": 0.0,
      "maxValue": 40.0
    },
    "regionalValueInterval": {
      "minValue": 0.0,
      "maxValue": 20.0
    },
    "setupName": "Regional Bidder Setup",
    "numberOfBidders": 6
  },
  "implementation": "org.spectrumauctions.sats.core.model.gsvm.GSVMBidder"
}