{
  "bidderPosition": 4,
  "values": {
    "16": 5.95672607019156430396833457052707672119140625,
    "17": 4.04873703241075855174813113990239799022674560546875,
    "8": 9.0682184015756472916791608440689742565155029296875,
    "9": 3.98918960656391874408654985018074512481689453125,
    "10": 18.7509954508428080544035765342414379119873046875,
    "11": 0.100313967375547097304888666258193552494049072265625
  },
  "setupType": "Regional Bidder Setup",
  "population": 0,
  "id": 4,
  "worldId": 547,
  "setup": {
    "lowNationalValueInterval": {
      "minValue": 0.0,
      "maxValue": 20.0
    },
    "highNationalValueInterval": {
      "minValue": 0.0,
      "maxValue": 40.0
    },
    "regionalValueInterval": {
      "minValue": 0.0,
      "maxValue": 20.0
    },
    "setupName": "Regional Bidder Setup",
    "numberOfBidders": 6
  },
  "implementation": "org.spectrumauctions.sats.core.model.gsvm.GSVMBidder"
}