{
  "bidderPosition": -1,
  "values": {
    "0": 3.01400375479642068654584363684989511966705322265625,
    "1": 4.75362774803274579227263529901392757892608642578125,
    "2": 1.65726245871375521545587616856209933757781982421875,
    "3": 0.6894732705323869392799451816244982182979583740234375,
    "4": 2.651320098493925581095709276269190013408660888671875,
    "5": 17.94932026751920517426697188057005405426025390625,
    "6": 15.978293012028711217453746940009295940399169921875,
    "7": 18.74622403665414793749732780270278453826904296875,
    "8": 1.5875038690207166069967570365406572818756103515625,
    "9": 8.8796695936714176156101530068553984165191650390625,
    "10": 8.043997705784082796753864386118948459625244140625,
    "11": 6.7561028176804942546596066677011549472808837890625
  },
  "setupType": "National Bidder Setup",
  "population": 0,
  "id": 6,
  "worldId": 482,
  "setup": {
    "lowNationalValueInterval": {
      "minValue": 0.0,
      "maxValue": 10.0
    },
    "highNationalValueInterval": {
      "minValue": 0.0,
      "maxValue": 20.0
    },
    "regionalValueInterval": {
      "minValue": 0.0,
      "maxValue": 0.0
    },
    "setupName": "National Bidder Setup",
    "numberOfBidders": 1
  },
  "implementation": "org.spectrumauctions.sats.core.model.gsvm.GSVMBidder"
}