{
  "bidderPosition": 5,
  "values": {
    "0": 2.317350014137409264236566741601563990116119384765625,
    "1": 12.36699592039408202026606886647641658782958984375,
    "17": 15.612313612147548980146893882192671298980712890625,
    "10": 15.4035238511332916999663211754523217678070068359375,
    "11": 10.46644180986351813089640927501022815704345703125,
    "12": 10.4606676064446872942426125518977642059326171875
  },
  "setupType": "Regional Bidder Setup",
  "population": 0,
  "id": 5,
  "worldId": 482,
  "setup": {
    "lowNationalValueInterval": {
      "minValue": 0.0,
      "maxValue": 20.0
    },
    "highNationalValueInterval": {
      "minValue": 0.0,
      "maxValue": 40.0
    },
    "regionalValueInterval": {
      "minValue": 0.0,
      "maxValue": 20.0
    },
    "setupName": "Regional Bidder Setup",
    "numberOfBidders": 6
  },
  "implementation": "org.spectrumauctions.sats.core.model.gsvm.GSVMBidder"
}