{
  "bidderPosition": 3,
  "values": {
    "16": 11.9866658157993004607533293892629444599151611328125,
    "6": 17.78796207298243103878121473826467990875244140625,
    "7": 4.7481779530915435572069327463395893573760986328125,
    "8": 12.3138955913446519474518936476670205593109130859375,
    "9": 9.18698380350112842052112682722508907318115234375,
    "15": 19.14104318208340060891714529134333133697509765625
  },
  "setupType": "Regional Bidder Setup",
  "population": 0,
  "id": 3,
  "worldId": 482,
  "setup": {
    "lowNationalValueInterval": {
      "minValue": 0.0,
      "maxValue": 20.0
    },
    "highNationalValueInterval": {
      "minValue": 0.0,
      "maxValue": 40.0
    },
    "regionalValueInterval": {
      "minValue": 0.0,
      "maxValue": 20.0
    },
    "setupName": "Regional Bidder Setup",
    "numberOfBidders": 6
  },
  "implementation": "org.spectrumauctions.sats.core.model.gsvm.GSVMBidder"
}