{
  "bidderPosition": 4,
  "values": {
    "16": 11.096023204927380589879248873330652713775634765625,
    "17": 7.40573860140164352827696347958408296108245849609375,
    "8": 14.8100366134436196574597488506697118282318115234375,
    "9": 2.506739077462214471125889758695848286151885986328125,
    "10": 8.34138897264477918724878691136837005615234375,
    "11": 15.479440804975784118369119823910295963287353515625
  },
  "setupType": "Regional Bidder Setup",
  "population": 0,
  "id": 4,
  "worldId": 891,
  "setup": {
    "lowNationalValueInterval": {
      "minValue": 0.0,
      "maxValue": 20.0
    },
    "highNationalValueInterval": {
      "minValue": 0.0,
      "maxValue": 40.0
    },
    "regionalValueInterval": {
      "minValue": 0.0,
      "maxValue": 20.0
    },
    "setupName": "Regional Bidder Setup",
    "numberOfBidders": 6
  },
  "implementation": "org.spectrumauctions.sats.core.model.gsvm.GSVMBidder"
}