{
  "bidderPosition": 5,
  "values": {
    "0": 3.813776494303302566635238690651021897792816162109375,
    "1": 15.60760268724965982301000622101128101348876953125,
    "17": 14.412860231195043780871856142766773700714111328125,
    "10": 13.6677476610036112703028265968896448612213134765625,
    "11": 13.908386627038485272578327567316591739654541015625,
    "12": 14.1180055238692947483514217310585081577301025390625
  },
  "setupType": "Regional Bidder Setup",
  "population": 0,
  "id": 5,
  "worldId": 891,
  "setup": {
    "lowNationalValueInterval": {
      "minValue": 0.0,
      "maxValue": 20.0
    },
    "highNationalValueInterval": {
      "minValue": 0.0,
      "maxValue": 40.0
    },
    "regionalValueInterval": {
      "minValue": 0.0,
      "maxValue": 20.0
    },
    "setupName": "Regional Bidder Setup",
    "numberOfBidders": 6
  },
  "implementation": "org.spectrumauctions.sats.core.model.gsvm.GSVMBidder"
}