{
  "bidderPosition": -1,
  "values": {
    "0": 8.5744288180170453728123902692459523677825927734375,
    "1": 7.1934193856557460122758129728026688098907470703125,
    "2": 2.9959082752472365740459281369112432003021240234375,
    "3": 3.91756264396285391882202020497061312198638916015625,
    "4": 5.77733832748628106656951786135323345661163330078125,
    "5": 6.09597470836557686624246343853883445262908935546875,
    "6": 15.218215377624886741614318452775478363037109375,
    "7": 0.894457589910275796540872761397622525691986083984375,
    "8": 2.25743269398000467873544039321132004261016845703125,
    "9": 6.4730377410212565081337743322364985942840576171875,
    "10": 3.244595702539607717795888675027526915073394775390625,
    "11": 5.422234763291708503629706683568656444549560546875
  },
  "setupType": "National Bidder Setup",
  "population": 0,
  "id": 6,
  "worldId": 891,
  "setup": {
    "lowNationalValueInterval": {
      "minValue": 0.0,
      "maxValue": 10.0
    },
    "highNationalValueInterval": {
      "minValue": 0.0,
      "maxValue": 20.0
    },
    "regionalValueInterval": {
      "minValue": 0.0,
      "maxValue": 0.0
    },
    "setupName": "National Bidder Setup",
    "numberOfBidders": 1
  },
  "implementation": "org.spectrumauctions.sats.core.model.gsvm.GSVMBidder"
}