{
  "bidderPosition": 1,
  "values": {
    "2": 13.99327923078445934379487880505621433258056640625,
    "3": 19.943212118462330550983097054995596408843994140625,
    "4": 15.1585312777510683446280381758697330951690673828125,
    "5": 12.363166395073147185712514328770339488983154296875,
    "13": 11.6986787560789355921997412224300205707550048828125,
    "14": 3.676180447501515846653319385950453579425811767578125
  },
  "setupType": "Regional Bidder Setup",
  "population": 0,
  "id": 1,
  "worldId": 891,
  "setup": {
    "lowNationalValueInterval": {
      "minValue": 0.0,
      "maxValue": 20.0
    },
    "highNationalValueInterval": {
      "minValue": 0.0,
      "maxValue": 40.0
    },
    "regionalValueInterval": {
      "minValue": 0.0,
      "maxValue": 20.0
    },
    "setupName": "Regional Bidder Setup",
    "numberOfBidders": 6
  },
  "implementation": "org.spectrumauctions.sats.core.model.gsvm.GSVMBidder"
}