{
  "bidderPosition": -1,
  "values": {
    "0": 1.6292654759258684560307983701932244002819061279296875,
    "1": 6.15738754636702001477033263654448091983795166015625,
    "2": 0.1764724731514621947070509122568182647228240966796875,
    "3": 2.36116843686523747436467601801268756389617919921875,
    "4": 10.22029425360812382450603763572871685028076171875,
    "5": 3.230652775964022449528556535369716584682464599609375,
    "6": 15.9591278160501275351634831167757511138916015625,
    "7": 10.228063199822795326099367230199277400970458984375,
    "8": 9.0420323152578720993233218905515968799591064453125,
    "9": 5.8331286090927161325225824839435517787933349609375,
    "10": 7.11869824950335239321930203004740178585052490234375,
    "11": 6.17147566981140727193633210845291614532470703125
  },
  "setupType": "National Bidder Setup",
  "population": 0,
  "id": 6,
  "worldId": 516,
  "setup": {
    "lowNationalValueInterval": {
      "minValue": 0.0,
      "maxValue": 10.0
    },
    "highNationalValueInterval": {
      "minValue": 0.0,
      "maxValue": 20.0
    },
    "regionalValueInterval": {
      "minValue": 0.0,
      "maxValue": 0.0
    },
    "setupName": "National Bidder Setup",
    "numberOfBidders": 1
  },
  "implementation": "org.spectrumauctions.sats.core.model.gsvm.GSVMBidder"
}