{
  "bidderPosition": 1,
  "values": {
    "2": 7.162492133868124000173338572494685649871826171875,
    "3": 10.1217222604792329576639531296677887439727783203125,
    "4": 15.8233985110713692989747869432903826236724853515625,
    "5": 6.50576929063765962979459800408221781253814697265625,
    "13": 10.8273862081979128646480603492818772792816162109375,
    "14": 16.24780191479194257908602594397962093353271484375
  },
  "setupType": "Regional Bidder Setup",
  "population": 0,
  "id": 1,
  "worldId": 1059,
  "setup": {
    "lowNationalValueInterval": {
      "minValue": 0.0,
      "maxValue": 20.0
    },
    "highNationalValueInterval": {
      "minValue": 0.0,
      "maxValue": 40.0
    },
    "regionalValueInterval": {
      "minValue": 0.0,
      "maxValue": 20.0
    },
    "setupName": "Regional Bidder Setup",
    "numberOfBidders": 6
  },
  "implementation": "org.spectrumauctions.sats.core.model.gsvm.GSVMBidder"
}