{
  "bidderPosition": 0,
  "values": {
    "0": 17.271128248149420159052169765345752239227294921875,
    "1": 6.258449257792950248813212965615093708038330078125,
    "2": 4.54551518922247321796703545260243117809295654296875,
    "3": 4.2015424836036689981710878782905638217926025390625,
    "12": 7.02166089780910329665175595437176525592803955078125,
    "13": 9.1985492287838468428162741474807262420654296875
  },
  "setupType": "Regional Bidder Setup",
  "population": 0,
  "id": 0,
  "worldId": 629,
  "setup": {
    "lowNationalValueInterval": {
      "minValue": 0.0,
      "maxValue": 20.0
    },
    "highNationalValueInterval": {
      "minValue": 0.0,
      "maxValue": 40.0
    },
    "regionalValueInterval": {
      "minValue": 0.0,
      "maxValue": 20.0
    },
    "setupName": "Regional Bidder Setup",
    "numberOfBidders": 6
  },
  "implementation": "org.spectrumauctions.sats.core.model.gsvm.GSVMBidder"
}