{
  "homeId": 11,
  "distanceDiscounts": {
    "0": 1,
    "1": 0.42045,
    "2": 0.17678,
    "3": 0.07433,
    "4": 0.03125,
    "5": 0.01314,
    "6": 0.00552,
    "7": 0.00232
  },
  "alpha": 821.4980350412151892669498920440673828125,
  "beta": {
    "0": 0.095065206451626471650939720348105765879154205322265625,
    "1": 0.06701364543050124245038290382581180892884731292724609375,
    "2": 0.0644676901511309352610368250680039636790752410888671875,
    "3": 0.063030753799702077255773247088654898107051849365234375,
    "4": 0.0876324706437889011656494631097302772104740142822265625,
    "5": 0.08220049371979543106903065563528798520565032958984375,
    "6": 0.07500764015624282465832806110483943484723567962646484375,
    "7": 0.047136352594975249041819864714852883480489253997802734375,
    "8": 0.0841477605465484612690119092803797684609889984130859375,
    "9": 0.046437452497342011914494008806286728940904140472412109375,
    "10": 0.0616685042230320501488449735916219651699066162109375,
    "11": 0.0641642023268456929141478894962347112596035003662109375,
    "12": 0.0727777614592894084299956602990278042852878570556640625,
    "13": 0.07620946965763560065898474249479477293789386749267578125
  },
  "zLow": {
    "0": 0.000003469751212,
    "1": 0.000002385813641,
    "2": 0.000003513163552,
    "3": 0.000001614372045,
    "4": 3.409031108E-7,
    "5": 8.798183072E-7,
    "6": 0.00001189611842,
    "7": 3.569367499E-7,
    "8": 0.000002609773992,
    "9": 0.000003025917706,
    "10": 0.000001336938144,
    "11": 3.625983983E-7,
    "12": 5.302140837E-7,
    "13": 0.00002129310380
  },
  "zHigh": {
    "0": 0.0001370777978617889041928869226701455529557835429255814974575807736688113005036154645968009994061523788125664877661,
    "1": 0.000087562616140909270635324958059579634403071978162113318012319527511533600528307742814242994440346542126712446158028,
    "2": 0.00012804346049085678726412267006054803511373225304550604720174022564571710014562671512847046766321545559861750773692,
    "3": 0.0000586066700104516522773464792274542569775156861441254296290034785702280329078610706083164299134285952110377805294,
    "4": 0.00001321451150649547564450590780242953758281119891619006948216140522926398810843535258110802400395061200758418241629,
    "5": 0.000033626699135811750886032744407288650885917010621299997627755880032250932188065530535534888497877865564630610849,
    "6": 0.000446113529463350137779920101740355908287407243745734121270283489410415316933851510225563856730696644515795339842733,
    "7": 0.0000123905721448420343903448832340950702743895066108444600861952874761965461511273398666485572199588081914538828812820,
    "8": 0.00010025388344451056280753503455139077085636338364852608382391179853133468375919308910778272522182330837631086899189,
    "9": 0.0001048291221271457917636176644803052998306311500611681652068383740993646212113107123057127545290538464838413519114908,
    "10": 0.00004835284184175316158762492564260118520714695753489009222469642512250893049648077697961322301840029979031965691,
    "11": 0.00001320453564774715220473965417124111454038865785923527289078876154067434181828622134568108419121143282024950799097,
    "12": 0.00001976520192094989117280720489764561053435881837863688636093372933815790987939788547714731849948645332408998330761,
    "13": 0.000801066728607060113843721651512763749734069168989978870700842914036767658148410471336426524524166887390885679718887
  },
  "setupType": "Multi Region Model Regional Bidder",
  "population": 0,
  "id": 5,
  "worldId": 583,
  "setup": {
    "exponentFactor": 1.25,
    "base": 2.0,
    "alphaInterval": {
      "minValue": 500.0,
      "maxValue": 840.0
    },
    "betaInterval": {
      "minValue": 0.04,
      "maxValue": 0.1
    },
    "setupName": "Multi Region Model Regional Bidder",
    "numberOfBidders": 4
  },
  "implementation": "org.spectrumauctions.sats.core.model.mrvm.MRVMRegionalBidder"
}