{
  "gammaValues": {
    "1": 0.98603,
    "2": 0.94414
  },
  "alpha": 749.9679194693957242634496651589870452880859375,
  "beta": {
    "0": 0.09493855236753225013135448762113810516893863677978515625,
    "1": 0.1263591665116734485962979306350462138652801513671875,
    "2": 0.1123219587887323012154183743405155837535858154296875,
    "3": 0.2086587921915350474222350385389290750026702880859375,
    "4": 0.144411656504554508639870391561998985707759857177734375,
    "5": 0.180864592788504474629718288269941695034503936767578125,
    "6": 0.16070028437254391118216290124109946191310882568359375,
    "7": 0.140027258877579996454443289621849544346332550048828125,
    "8": 0.090497110211649134381417525219148956239223480224609375,
    "9": 0.1809380619918456167827258695979253388941287994384765625,
    "10": 0.145004516943689598651445749055710621178150177001953125,
    "11": 0.14254269008307851596129012250457890331745147705078125,
    "12": 0.1468352422474520080353244111392996273934841156005859375,
    "13": 0.21451930872451441256743009944329969584941864013671875
  },
  "zLow": {
    "0": 0.000003474380081,
    "1": 0.000001265298544,
    "2": 0.000002016395920,
    "3": 4.876625892E-7,
    "4": 2.068682167E-7,
    "5": 3.998654359E-7,
    "6": 0.000005552571192,
    "7": 1.201530090E-7,
    "8": 0.000002426670161,
    "9": 7.765967434E-7,
    "10": 5.685821191E-7,
    "11": 1.632201342E-7,
    "12": 2.627965434E-7,
    "13": 0.000007564522547
  },
  "zHigh": {
    "0": 0.000137216663944346444759373247551523824210744878646692576944580838176069064143907819268019560082285392334973945803896,
    "1": 0.00005394716324045132951736235103980585748610804402577889204675382757462419695444669723627553769863498671608848084,
    "2": 0.00008314043150258594968564626284547881187606535619682319439444338430154381682779772839190304636257026855243936807,
    "3": 0.00002480538636123811843642117832836013306174135313219021895635742871709700816310420130953750007828656870963986112,
    "4": 0.0000091934646837802602599421219307644318253599894914293499184932081945482532406306154711901674732015657760416256696,
    "5": 0.0000192281129986309481559843772369874466414840096978001011124486252811373326464137057103245386905218444443078045177,
    "6": 0.000255807112697034093470481308433912331549469713930154123863239593067226973581835369558578695391935888721443134964,
    "7": 0.0000052870599191926425117928950853598862873575253304674147488364010531100442653038874090278350270884876385271900409,
    "8": 0.0000947607684992541845906645626920946895424271186886435311493635054820720628701571555100261519254329909575689618127,
    "9": 0.00003734949327151272646757716741136778546750783232301018329609638947746327010168721566856331399041674791151956621439,
    "10": 0.0000253021611236385278260357361835625858814900755969764875395342894298043079701874135160121238942258272088603590989,
    "11": 0.000007223187722280076709290299958443180593367826492944780881292141341100844183440093245448970691198025220038687657,
    "12": 0.00001174267571097100516218218751902170013293116059149057142103952527011002500995961519479425704143122795060801252340,
    "13": 0.000389209291163237066109757543576484581562978237699117528671200976959168412931903864508682838830106188090884450370
  },
  "setupType": "Multi Region Model National Bidder",
  "population": 0,
  "id": 9,
  "worldId": 583,
  "setup": {
    "bInterval": {
      "minValue": 0.1,
      "maxValue": 0.3
    },
    "kMax": 2.0,
    "alphaInterval": {
      "minValue": 700.0,
      "maxValue": 1200.0
    },
    "betaInterval": {
      "minValue": 0.08,
      "maxValue": 0.22
    },
    "setupName": "Multi Region Model National Bidder",
    "numberOfBidders": 3
  },
  "implementation": "org.spectrumauctions.sats.core.model.mrvm.MRVMNationalBidder"
}