{
  "gammaValues": {
    "1": 0.93664,
    "2": 0.74656
  },
  "alpha": 1198.625056463917871951707638800144195556640625,
  "beta": {
    "0": 0.08404999240907706781200658952002413570880889892578125,
    "1": 0.196715412125800181986079451235127635300159454345703125,
    "2": 0.191725764744109461457099996550823561847209930419921875,
    "3": 0.1922885260408790930597433543880470097064971923828125,
    "4": 0.08867016523990604859317699038001592271029949188232421875,
    "5": 0.170418929910643612846143923889030702412128448486328125,
    "6": 0.1486246940722562026593323025736026465892791748046875,
    "7": 0.105953499059857791930738812880008481442928314208984375,
    "8": 0.121509622985729037747404390756855718791484832763671875,
    "9": 0.12077333926544213393849958038117620162665843963623046875,
    "10": 0.2195949733122197766732597301597706973552703857421875,
    "11": 0.08122129742847360167612436043782508932054042816162109375,
    "12": 0.216363148152169781912590451611322350800037384033203125,
    "13": 0.176901957231602902087530537755810655653476715087890625
  },
  "zLow": {
    "0": 0.000003924481202,
    "1": 8.127582259E-7,
    "2": 0.000001181299445,
    "3": 5.291791921E-7,
    "4": 3.369135692E-7,
    "5": 4.243747996E-7,
    "6": 0.000006003711396,
    "7": 1.587932126E-7,
    "8": 0.000001807318890,
    "9": 0.000001163467953,
    "10": 3.754501949E-7,
    "11": 2.864499550E-7,
    "12": 1.783473500E-7,
    "13": 0.000009173081932
  },
  "zHigh": {
    "0": 0.000150719697582813008175516306949424204481088449665656320008440485473322659541007521355124875503763269646246660233,
    "1": 0.0000403709537089418047776006297158189459833175314746600140560209894769119826485094727342293172396967395456096050720,
    "2": 0.0000580875372558774481307531750104554344202517498557104379583031749322679897210579425751746038125442176797984985047,
    "3": 0.00002605088444805533277805192593186895546233962583923493856589803698790083771201440911866323410114854073578083778,
    "4": 0.000013094825257511826369463948529981628798569078052451333397844674679035081999142616210933910010636209759342606025254,
    "5": 0.0000199633939105086260263095955352516089233857770920858769598341115757104905500359123880257762715582284974202233162,
    "6": 0.00026934131882102751702962334407931229828232598390879103860038304673439284303727462688345369963129315948577347207,
    "7": 0.0000064462660254680813633500122460803950282124138581447571335979520992132669350208028727802463856441420987868612338,
    "8": 0.0000761802303923268013101412199930988718709640179525461610505948653558898232541722590255734412216839774115893286181,
    "9": 0.000048955629531500685370847270424857290448063236520319161641448011697528263207400436471267253486938961724604727269427,
    "10": 0.00001950820339716752280253322223542977451603896812592471001598828268039248033541731881844289731692427273746477023,
    "11": 0.000010920082348263828636561331630629498052498622563338708597081140719463459617227969399899015611822085552830704449619,
    "12": 0.0000092091999096355705719463505982155418017249028180078417809833891661091395963760463596091668839091934883887670604,
    "13": 0.0004374660727116874665594988527343537574710053633447837643415193467782669279696256256918589065792155762676611357357
  },
  "setupType": "Multi Region Model National Bidder",
  "population": 0,
  "id": 7,
  "worldId": 583,
  "setup": {
    "bInterval": {
      "minValue": 0.1,
      "maxValue": 0.3
    },
    "kMax": 2.0,
    "alphaInterval": {
      "minValue": 700.0,
      "maxValue": 1200.0
    },
    "betaInterval": {
      "minValue": 0.08,
      "maxValue": 0.22
    },
    "setupName": "Multi Region Model National Bidder",
    "numberOfBidders": 3
  },
  "implementation": "org.spectrumauctions.sats.core.model.mrvm.MRVMNationalBidder"
}