{
  "regionsOfInterest": [
    1,
    10,
    12
  ],
  "alpha": 81.592963882999498537174076773226261138916015625,
  "beta": {
    "0": 0.101616866027168184505313774934620596468448638916015625,
    "1": 0.069583581428342256014474287439952604472637176513671875,
    "2": 0.09671810552352778922458043098231428302824497222900390625,
    "3": 0.092073548433040330873922130194841884076595306396484375,
    "4": 0.052057344619515326378245134719691122882068157196044921875,
    "5": 0.0661807175771280398191009908259729854762554168701171875,
    "6": 0.11560136109266351545077355922330752946436405181884765625,
    "7": 0.1096588805982900149960101998658501543104648590087890625,
    "8": 0.10266566687075077968227532210221397690474987030029296875,
    "9": 0.069350852713392863169161728364997543394565582275390625,
    "10": 0.09227843763203970317565705272500053979456424713134765625,
    "11": 0.09340927828529910215138443163596093654632568359375,
    "12": 0.063775382165792982025465107653872109949588775634765625,
    "13": 0.061790953492596036034090190014467225410044193267822265625
  },
  "zLow": {
    "0": 0.000003246042002,
    "1": 0.000002297698194,
    "2": 0.000002341707772,
    "3": 0.000001105150053,
    "4": 5.738706433E-7,
    "5": 0.000001092788079,
    "6": 0.000007718765256,
    "7": 1.534275784E-7,
    "8": 0.000002139046516,
    "9": 0.000002026159798,
    "10": 8.934587281E-7,
    "11": 2.490741543E-7,
    "12": 6.050578263E-7,
    "13": 0.00002626171075
  },
  "zHigh": {
    "0": 0.0001303665215834941000684780095838269414619786114158629813829853037843968913124411408507109914012906322372158484752,
    "1": 0.0000849191527409628707082586189880982004028380231126837028173397098411743957536686460164106609565446074771611874967,
    "2": 0.000092899787067309352541815094238915401524025236196278274658892234903247908371401780619765763208554071704869233264910,
    "3": 0.0000433300102515087175414633632915256363948641056053170003601394880477189365597681000454009488000351697079831870518,
    "4": 0.0000202035374826528635098376307653094271409055660508385739135896792141170294528229603111709729318808116325376106069756,
    "5": 0.00004001579229254707938581866586277626813514789422592897364451160629907715363280082520743808634091220902651326871608,
    "6": 0.000320792934613643249888114629615076667364900253906458241900439541747783136141855770471173911491559224023591371726264,
    "7": 0.00000628529699999449579040677157241228181454237038504069711998997793262430978311402873009522079537227789377016319062,
    "8": 0.000086132059144710553681203905690044230455443977345400671628724695997070171636211880182878169064841948820464794490777,
    "9": 0.0000748363848982457146329915612028964592218761085511471307442900088918340866205160628223110545812381909924119562479,
    "10": 0.000035048459394672036241906976002504599547975075152475551555704713794562589049122979543504529930677240487333603129675,
    "11": 0.000009798808327613452484717614308969331217345344401282818932335479441702027124222580112644858185023996864788587,
    "12": 0.0000220105141994362190810021919525623268534879785367016152556623752384678869122857271422972340248150902369473776688,
    "13": 0.0009501249372532945635300778126270666205196127662223235750373765130441023444062872658371486886073914767452748678891229
  },
  "setupType": "Multi Region Model Local Bidder",
  "population": 0,
  "id": 2,
  "worldId": 583,
  "setup": {
    "numberOfRegionsInterval": {
      "minValue": 3,
      "maxValue": 7
    },
    "alphaInterval": {
      "minValue": 60.0,
      "maxValue": 100.0
    },
    "betaInterval": {
      "minValue": 0.05,
      "maxValue": 0.12
    },
    "setupName": "Multi Region Model Local Bidder",
    "numberOfBidders": 3
  },
  "implementation": "org.spectrumauctions.sats.core.model.mrvm.MRVMLocalBidder"
}