{
  "regionsOfInterest": [
    1,
    4,
    6,
    13
  ],
  "alpha": 94.440527786810292809605016373097896575927734375,
  "beta": {
    "0": 0.06931727438395847429308815890180994756519794464111328125,
    "1": 0.0860909027087795042376683340989984571933746337890625,
    "2": 0.091240402936062559025032214776729233562946319580078125,
    "3": 0.09727251571834061305565910515724681317806243896484375,
    "4": 0.07583123327147285597238379750706371851265430450439453125,
    "5": 0.0744822656186913956144479698195937089622020721435546875,
    "6": 0.09706298418880661416086041981543530710041522979736328125,
    "7": 0.06190868258124652967477885567859630100429058074951171875,
    "8": 0.0604110226015740769955897349063889123499393463134765625,
    "9": 0.1180442568972080163991478229945641942322254180908203125,
    "10": 0.07143603307731151430548521830132813192903995513916015625,
    "11": 0.07403935659852146911052983568879426456987857818603515625,
    "12": 0.053981502348970873683686733102149446494877338409423828125,
    "13": 0.0770829363266056499792711065310868434607982635498046875
  },
  "zLow": {
    "0": 0.000004758591826,
    "1": 0.000001857130828,
    "2": 0.000002482294379,
    "3": 0.000001046082608,
    "4": 3.939561650E-7,
    "5": 9.709895185E-7,
    "6": 0.000009192997485,
    "7": 2.717663468E-7,
    "8": 0.000003635208071,
    "9": 0.000001190366338,
    "10": 0.000001154137093,
    "11": 3.142360775E-7,
    "12": 7.148336454E-7,
    "13": 0.00002105182061
  },
  "zHigh": {
    "0": 0.000175743016282556528199890248133195516166699594039878862787597738450961682683515447248632494448748017171780755504937,
    "1": 0.00007170213174588752714854289720099670797867752218539326515492873278392085624679299410858814959564067005110129094,
    "2": 0.0000971173852928280910896883758673517084889711921309722560326116801801477307365856300663832909052379992437358817033,
    "3": 0.000041557986903203307384576453184081112734049305553449127791887458436865905335490298207758872721686800055886316551,
    "4": 0.000014806103133270270415675599745962724420203002647854300353233077793381873698803749181351221584647199575150049062077,
    "5": 0.00003636183547679196934381601352518927062029333630625840844368186086047994747164799841162148424299006292343141461156,
    "6": 0.000365019901485069346772152540972751356710686196335414207502032100898119097935522116925014240410064829440478394762760,
    "7": 0.000009835460050820540335194514004173083467733074289447473100725642859541561275917809166523586476514223093928244575853,
    "8": 0.00013101690582134199268835348705720247113780946989835741842158247175928972541672329015881658635915467830440868214141,
    "9": 0.00004976258108274648652839387609849755736695042208144525632915771426452574189076658438389720090275445874434199136270,
    "10": 0.000042868810327570351656658368290029044419932051022894302649962622904641110175213487312735869228549640850352184762179,
    "11": 0.000011753666021270894721335860640480073719499505003704507260112190769374660628788183231579244773332324316167184704442,
    "12": 0.0000253037887704323350608097728016391847879957798543526569678211001917630575931605890997777181790662884492890037744016,
    "13": 0.00079382823303456866403235602098504653494604677728926567515035286367545095147512561923942969442044291767061106841854
  },
  "setupType": "Multi Region Model Local Bidder",
  "population": 0,
  "id": 1,
  "worldId": 583,
  "setup": {
    "numberOfRegionsInterval": {
      "minValue": 3,
      "maxValue": 7
    },
    "alphaInterval": {
      "minValue": 60.0,
      "maxValue": 100.0
    },
    "betaInterval": {
      "minValue": 0.05,
      "maxValue": 0.12
    },
    "setupName": "Multi Region Model Local Bidder",
    "numberOfBidders": 3
  },
  "implementation": "org.spectrumauctions.sats.core.model.mrvm.MRVMLocalBidder"
}