{
  "bidderPosition": 0,
  "values": {
    "0": 11.8445253027519452615479167434386909008026123046875,
    "1": 19.31897780630777816668341984041035175323486328125,
    "2": 2.72868620424512098310287910862825810909271240234375,
    "3": 12.4087390164540405379511867067776620388031005859375,
    "12": 16.9903397997693019760845345444977283477783203125,
    "13": 14.7698856487624059496965855942107737064361572265625
  },
  "setupType": "Regional Bidder Setup",
  "population": 0,
  "id": 0,
  "worldId": 457,
  "setup": {
    "lowNationalValueInterval": {
      "minValue": 0.0,
      "maxValue": 20.0
    },
    "highNationalValueInterval": {
      "minValue": 0.0,
      "maxValue": 40.0
    },
    "regionalValueInterval": {
      "minValue": 0.0,
      "maxValue": 20.0
    },
    "setupName": "Regional Bidder Setup",
    "numberOfBidders": 6
  },
  "implementation": "org.spectrumauctions.sats.core.model.gsvm.GSVMBidder"
}