{
  "bidderPosition": 3,
  "values": {
    "16": 3.075412264110106708159264599089510738849639892578125,
    "6": 16.6382686477978865013938047923147678375244140625,
    "7": 26.06924940740423579654816421680152416229248046875,
    "8": 2.9577821468580367536560515873134136199951171875,
    "9": 3.2571821157797220536167515092529356479644775390625,
    "15": 9.34837158524424438610367360524833202362060546875
  },
  "setupType": "Regional Bidder Setup",
  "population": 0,
  "id": 3,
  "worldId": 915,
  "setup": {
    "lowNationalValueInterval": {
      "minValue": 0.0,
      "maxValue": 20.0
    },
    "highNationalValueInterval": {
      "minValue": 0.0,
      "maxValue": 40.0
    },
    "regionalValueInterval": {
      "minValue": 0.0,
      "maxValue": 20.0
    },
    "setupName": "Regional Bidder Setup",
    "numberOfBidders": 6
  },
  "implementation": "org.spectrumauctions.sats.core.model.gsvm.GSVMBidder"
}