{
  "bidderPosition": 4,
  "values": {
    "16": 4.67835494101512150422195190913043916225433349609375,
    "17": 16.552047347636335672405039076693356037139892578125,
    "8": 0.690914582117783115933207227499224245548248291015625,
    "9": 7.64304807619617943004186599864624440670013427734375,
    "10": 3.938762609830501748575670717400498688220977783203125,
    "11": 16.532001005720854180935930344276130199432373046875
  },
  "setupType": "Regional Bidder Setup",
  "population": 0,
  "id": 4,
  "worldId": 915,
  "setup": {
    "lowNationalValueInterval": {
      "minValue": 0.0,
      "maxValue": 20.0
    },
    "highNationalValueInterval": {
      "minValue": 0.0,
      "maxValue": 40.0
    },
    "regionalValueInterval": {
      "minValue": 0.0,
      "maxValue": 20.0
    },
    "setupName": "Regional Bidder Setup",
    "numberOfBidders": 6
  },
  "implementation": "org.spectrumauctions.sats.core.model.gsvm.GSVMBidder"
}