{
  "bidderPosition": 1,
  "values": {
    "2": 8.811838687737459707705056644044816493988037109375,
    "3": 2.67912681086275750175218490767292678356170654296875,
    "4": 33.6119265323786038379694218747317790985107421875,
    "5": 21.285738650229784951761757838539779186248779296875,
    "13": 11.37770664083060268012559390626847743988037109375,
    "14": 17.363709101753872943163514719344675540924072265625
  },
  "setupType": "Regional Bidder Setup",
  "population": 0,
  "id": 1,
  "worldId": 881,
  "setup": {
    "lowNationalValueInterval": {
      "minValue": 0.0,
      "maxValue": 20.0
    },
    "highNationalValueInterval": {
      "minValue": 0.0,
      "maxValue": 40.0
    },
    "regionalValueInterval": {
      "minValue": 0.0,
      "maxValue": 20.0
    },
    "setupName": "Regional Bidder Setup",
    "numberOfBidders": 6
  },
  "implementation": "org.spectrumauctions.sats.core.model.gsvm.GSVMBidder"
}