{
  "bidderPosition": -1,
  "values": {
    "0": 4.91284448122640515776993197505362331867218017578125,
    "1": 0.054148248257692710438959693419747054576873779296875,
    "2": 2.5190404956511489587001051404513418674468994140625,
    "3": 8.766649870626249452243428095243871212005615234375,
    "4": 10.5588117666293328511528670787811279296875,
    "5": 19.300409473585911968029904528521001338958740234375,
    "6": 18.570048238045945510066303540952503681182861328125,
    "7": 19.8004193088736286654238938353955745697021484375,
    "8": 9.8428129278703107019055096316151320934295654296875,
    "9": 7.70391911920497562960008508525788784027099609375,
    "10": 3.37693148208105498042641556821763515472412109375,
    "11": 8.7706954301943635954330602544359862804412841796875
  },
  "setupType": "National Bidder Setup",
  "population": 0,
  "id": 6,
  "worldId": 881,
  "setup": {
    "lowNationalValueInterval": {
      "minValue": 0.0,
      "maxValue": 10.0
    },
    "highNationalValueInterval": {
      "minValue": 0.0,
      "maxValue": 20.0
    },
    "regionalValueInterval": {
      "minValue": 0.0,
      "maxValue": 0.0
    },
    "setupName": "National Bidder Setup",
    "numberOfBidders": 1
  },
  "implementation": "org.spectrumauctions.sats.core.model.gsvm.GSVMBidder"
}