{
  "bidderPosition": 5,
  "values": {
    "0": 11.62298361566858062587925815023481845855712890625,
    "1": 17.53960571570672755115083418786525726318359375,
    "17": 12.3172328779640256612992743612267076969146728515625,
    "10": 19.67435512233561212269705720245838165283203125,
    "11": 10.4645852014517171113539006910286843776702880859375,
    "12": 8.6448580030483146430242413771338760852813720703125
  },
  "setupType": "Regional Bidder Setup",
  "population": 0,
  "id": 5,
  "worldId": 558,
  "setup": {
    "lowNationalValueInterval": {
      "minValue": 0.0,
      "maxValue": 20.0
    },
    "highNationalValueInterval": {
      "minValue": 0.0,
      "maxValue": 40.0
    },
    "regionalValueInterval": {
      "minValue": 0.0,
      "maxValue": 20.0
    },
    "setupName": "Regional Bidder Setup",
    "numberOfBidders": 6
  },
  "implementation": "org.spectrumauctions.sats.core.model.gsvm.GSVMBidder"
}