{
  "bidderPosition": 2,
  "values": {
    "4": 39.538307044620552233027410693466663360595703125,
    "5": 12.582627693396997159425154677592217922210693359375,
    "6": 30.683194787906455047732379171065986156463623046875,
    "7": 36.90215409166123805562165216542780399322509765625,
    "14": 2.84134646485671549243079425650648772716522216796875,
    "15": 2.45994451597924435048980740248225629329681396484375
  },
  "setupType": "Regional Bidder Setup",
  "population": 0,
  "id": 2,
  "worldId": 558,
  "setup": {
    "lowNationalValueInterval": {
      "minValue": 0.0,
      "maxValue": 20.0
    },
    "highNationalValueInterval": {
      "minValue": 0.0,
      "maxValue": 40.0
    },
    "regionalValueInterval": {
      "minValue": 0.0,
      "maxValue": 20.0
    },
    "setupName": "Regional Bidder Setup",
    "numberOfBidders": 6
  },
  "implementation": "org.spectrumauctions.sats.core.model.gsvm.GSVMBidder"
}