{
  "bidderPosition": 4,
  "values": {
    "16": 10.436658240495152227822472923435270786285400390625,
    "17": 2.283121456789334313697281686472706496715545654296875,
    "8": 0.49188138096512457053677280782721936702728271484375,
    "9": 17.219418136978280386983897187747061252593994140625,
    "10": 8.75024703086452149136675870977342128753662109375,
    "11": 5.5447440541712911254990103770978748798370361328125
  },
  "setupType": "Regional Bidder Setup",
  "population": 0,
  "id": 4,
  "worldId": 683,
  "setup": {
    "lowNationalValueInterval": {
      "minValue": 0.0,
      "maxValue": 20.0
    },
    "highNationalValueInterval": {
      "minValue": 0.0,
      "maxValue": 40.0
    },
    "regionalValueInterval": {
      "minValue": 0.0,
      "maxValue": 20.0
    },
    "setupName": "Regional Bidder Setup",
    "numberOfBidders": 6
  },
  "implementation": "org.spectrumauctions.sats.core.model.gsvm.GSVMBidder"
}