{
  "bidderPosition": -1,
  "values": {
    "0": 7.1638121707891269096535324933938682079315185546875,
    "1": 1.8240817016552346441216059247381053864955902099609375,
    "2": 2.46235983483489828671508803381584584712982177734375,
    "3": 8.1166551684277266076605883426964282989501953125,
    "4": 18.1102694914822990313041373156011104583740234375,
    "5": 12.6382268255923602140455841436050832271575927734375,
    "6": 8.9683419125426393492261922801844775676727294921875,
    "7": 18.45312507374297439355359529145061969757080078125,
    "8": 0.0758316330232278179579452626057900488376617431640625,
    "9": 4.9902480326912570518516076845116913318634033203125,
    "10": 3.332032780311553477048391869175247848033905029296875,
    "11": 0.7265774996303075994319442543201148509979248046875
  },
  "setupType": "National Bidder Setup",
  "population": 0,
  "id": 6,
  "worldId": 653,
  "setup": {
    "lowNationalValueInterval": {
      "minValue": 0.0,
      "maxValue": 10.0
    },
    "highNationalValueInterval": {
      "minValue": 0.0,
      "maxValue": 20.0
    },
    "regionalValueInterval": {
      "minValue": 0.0,
      "maxValue": 0.0
    },
    "setupName": "National Bidder Setup",
    "numberOfBidders": 1
  },
  "implementation": "org.spectrumauctions.sats.core.model.gsvm.GSVMBidder"
}