{
  "bidderPosition": 4,
  "values": {
    "16": 19.387998573201873142579643172211945056915283203125,
    "17": 9.549227522106573218252378865145146846771240234375,
    "8": 4.7575215582738454855871168547309935092926025390625,
    "9": 18.414630021429719164416383136995136737823486328125,
    "10": 9.584216495992901485578840947709977626800537109375,
    "11": 2.610450156908499241836807414074428379535675048828125
  },
  "setupType": "Regional Bidder Setup",
  "population": 0,
  "id": 4,
  "worldId": 1048,
  "setup": {
    "lowNationalValueInterval": {
      "minValue": 0.0,
      "maxValue": 20.0
    },
    "highNationalValueInterval": {
      "minValue": 0.0,
      "maxValue": 40.0
    },
    "regionalValueInterval": {
      "minValue": 0.0,
      "maxValue": 20.0
    },
    "setupName": "Regional Bidder Setup",
    "numberOfBidders": 6
  },
  "implementation": "org.spectrumauctions.sats.core.model.gsvm.GSVMBidder"
}