{
  "bidderPosition": 5,
  "values": {
    "0": 4.5658422875426207809823608840815722942352294921875,
    "1": 3.015286062146393941674205052549950778484344482421875,
    "17": 11.123683579132684684509513317607343196868896484375,
    "10": 18.61092312727283371032171999104321002960205078125,
    "11": 4.23993999269133059470959778991527855396270751953125,
    "12": 11.77652443788777958388891420327126979827880859375
  },
  "setupType": "Regional Bidder Setup",
  "population": 0,
  "id": 5,
  "worldId": 1048,
  "setup": {
    "lowNationalValueInterval": {
      "minValue": 0.0,
      "maxValue": 20.0
    },
    "highNationalValueInterval": {
      "minValue": 0.0,
      "maxValue": 40.0
    },
    "regionalValueInterval": {
      "minValue": 0.0,
      "maxValue": 20.0
    },
    "setupName": "Regional Bidder Setup",
    "numberOfBidders": 6
  },
  "implementation": "org.spectrumauctions.sats.core.model.gsvm.GSVMBidder"
}