{
  "bidderPosition": 5,
  "values": {
    "0": 4.5078350175241670427794815623201429843902587890625,
    "1": 17.695947348336527937817663769237697124481201171875,
    "17": 11.441764525135109664688570774160325527191162109375,
    "10": 9.0626465240483096152956932201050221920013427734375,
    "11": 2.895699291130908736846549800247885286808013916015625,
    "12": 13.9143920222836214861672488041222095489501953125
  },
  "setupType": "Regional Bidder Setup",
  "population": 0,
  "id": 5,
  "worldId": 1195,
  "setup": {
    "lowNationalValueInterval": {
      "minValue": 0.0,
      "maxValue": 20.0
    },
    "highNationalValueInterval": {
      "minValue": 0.0,
      "maxValue": 40.0
    },
    "regionalValueInterval": {
      "minValue": 0.0,
      "maxValue": 20.0
    },
    "setupName": "Regional Bidder Setup",
    "numberOfBidders": 6
  },
  "implementation": "org.spectrumauctions.sats.core.model.gsvm.GSVMBidder"
}