{
  "bidderPosition": 2,
  "values": {
    "4": 4.43525862260824244032164642703719437122344970703125,
    "5": 6.335108671918536771272556507028639316558837890625,
    "6": 1.92934929009530353738455232814885675907135009765625,
    "7": 5.94691657541090545890938301454298198223114013671875,
    "14": 6.29170894676628567054876839392818510532379150390625,
    "15": 10.5039422545016609689128017635084688663482666015625
  },
  "setupType": "Regional Bidder Setup",
  "population": 0,
  "id": 2,
  "worldId": 350,
  "setup": {
    "lowNationalValueInterval": {
      "minValue": 0.0,
      "maxValue": 20.0
    },
    "highNationalValueInterval": {
      "minValue": 0.0,
      "maxValue": 40.0
    },
    "regionalValueInterval": {
      "minValue": 0.0,
      "maxValue": 20.0
    },
    "setupName": "Regional Bidder Setup",
    "numberOfBidders": 6
  },
  "implementation": "org.spectrumauctions.sats.core.model.gsvm.GSVMBidder"
}