{
  "bidderPosition": -1,
  "values": {
    "0": 0.650650649216777399175271057174541056156158447265625,
    "1": 8.561416858738578383736239629797637462615966796875,
    "2": 3.69298060643889147769414194044657051563262939453125,
    "3": 6.93590036981181068398427669308148324489593505859375,
    "4": 12.5286559544201221427783821127377450466156005859375,
    "5": 16.439415782281276534604330663569271564483642578125,
    "6": 18.06369118712134280713144107721745967864990234375,
    "7": 7.0082389579765820286638700054027140140533447265625,
    "8": 1.1928539070432819801936830117483623325824737548828125,
    "9": 3.75075271759607620225551727344281971454620361328125,
    "10": 5.26695878871920708519382969825528562068939208984375,
    "11": 7.63586012528296276258288344251923263072967529296875
  },
  "setupType": "National Bidder Setup",
  "population": 0,
  "id": 6,
  "worldId": 350,
  "setup": {
    "lowNationalValueInterval": {
      "minValue": 0.0,
      "maxValue": 10.0
    },
    "highNationalValueInterval": {
      "minValue": 0.0,
      "maxValue": 20.0
    },
    "regionalValueInterval": {
      "minValue": 0.0,
      "maxValue": 0.0
    },
    "setupName": "National Bidder Setup",
    "numberOfBidders": 1
  },
  "implementation": "org.spectrumauctions.sats.core.model.gsvm.GSVMBidder"
}