{
  "bidderPosition": 1,
  "values": {
    "2": 6.781319132339003630249862908385694026947021484375,
    "3": 13.5812802289592067239709649584256112575531005859375,
    "4": 11.989634384328130778385457233525812625885009765625,
    "5": 17.63683651728714352202587178908288478851318359375,
    "13": 5.298135101675338631821432500146329402923583984375,
    "14": 14.80456304753619178882217966020107269287109375
  },
  "setupType": "Regional Bidder Setup",
  "population": 0,
  "id": 1,
  "worldId": 350,
  "setup": {
    "lowNationalValueInterval": {
      "minValue": 0.0,
      "maxValue": 20.0
    },
    "highNationalValueInterval": {
      "minValue": 0.0,
      "maxValue": 40.0
    },
    "regionalValueInterval": {
      "minValue": 0.0,
      "maxValue": 20.0
    },
    "setupName": "Regional Bidder Setup",
    "numberOfBidders": 6
  },
  "implementation": "org.spectrumauctions.sats.core.model.gsvm.GSVMBidder"
}