{
  "bidderPosition": 2,
  "values": {
    "4": 16.428849784845841242031383444555103778839111328125,
    "5": 18.8104944712407444740165374241769313812255859375,
    "6": 7.50123115663992923174419047427363693714141845703125,
    "7": 30.722027762270268880229195929132401943206787109375,
    "14": 6.9808591933450632183166817412711679935455322265625,
    "15": 8.245817110562359886216654558666050434112548828125
  },
  "setupType": "Regional Bidder Setup",
  "population": 0,
  "id": 2,
  "worldId": 332,
  "setup": {
    "lowNationalValueInterval": {
      "minValue": 0.0,
      "maxValue": 20.0
    },
    "highNationalValueInterval": {
      "minValue": 0.0,
      "maxValue": 40.0
    },
    "regionalValueInterval": {
      "minValue": 0.0,
      "maxValue": 20.0
    },
    "setupName": "Regional Bidder Setup",
    "numberOfBidders": 6
  },
  "implementation": "org.spectrumauctions.sats.core.model.gsvm.GSVMBidder"
}