{
  "bidderPosition": 3,
  "values": {
    "16": 16.615863972934956649396553984843194484710693359375,
    "6": 16.17312678386461044510724605061113834381103515625,
    "7": 20.05800790752010698270169086754322052001953125,
    "8": 6.8319137785406187646231046528555452823638916015625,
    "9": 8.739187070532267398448311723768711090087890625,
    "15": 6.26072460277143694185042477329261600971221923828125
  },
  "setupType": "Regional Bidder Setup",
  "population": 0,
  "id": 3,
  "worldId": 332,
  "setup": {
    "lowNationalValueInterval": {
      "minValue": 0.0,
      "maxValue": 20.0
    },
    "highNationalValueInterval": {
      "minValue": 0.0,
      "maxValue": 40.0
    },
    "regionalValueInterval": {
      "minValue": 0.0,
      "maxValue": 20.0
    },
    "setupName": "Regional Bidder Setup",
    "numberOfBidders": 6
  },
  "implementation": "org.spectrumauctions.sats.core.model.gsvm.GSVMBidder"
}