{
  "bidderPosition": 1,
  "values": {
    "2": 0.80349432899822215148333270917646586894989013671875,
    "3": 7.7814330276525840446311121922917664051055908203125,
    "4": 34.22895382317921075809863395988941192626953125,
    "5": 37.5839863837586420913794427178800106048583984375,
    "13": 11.569804718722945580111627350561320781707763671875,
    "14": 15.2825279593483447371227157418616116046905517578125
  },
  "setupType": "Regional Bidder Setup",
  "population": 0,
  "id": 1,
  "worldId": 332,
  "setup": {
    "lowNationalValueInterval": {
      "minValue": 0.0,
      "maxValue": 20.0
    },
    "highNationalValueInterval": {
      "minValue": 0.0,
      "maxValue": 40.0
    },
    "regionalValueInterval": {
      "minValue": 0.0,
      "maxValue": 20.0
    },
    "setupName": "Regional Bidder Setup",
    "numberOfBidders": 6
  },
  "implementation": "org.spectrumauctions.sats.core.model.gsvm.GSVMBidder"
}