{
  "bidderPosition": -1,
  "values": {
    "0": 6.46086834971205359323676020721904933452606201171875,
    "1": 8.8702861040507112733166650286875665187835693359375,
    "2": 2.442692626982523318446283155935816466808319091796875,
    "3": 0.560678954540299034903227948234416544437408447265625,
    "4": 1.83252094646671803701565295341424643993377685546875,
    "5": 0.370543403525773751283622914343141019344329833984375,
    "6": 11.5214603521396714569391406257636845111846923828125,
    "7": 6.3386732392671003566420040442608296871185302734375,
    "8": 7.22722444496089710952446694136597216129302978515625,
    "9": 4.5562632723520639643766116932965815067291259765625,
    "10": 7.26756114015670551253833764349110424518585205078125,
    "11": 9.978083091510395519208032055757939815521240234375
  },
  "setupType": "National Bidder Setup",
  "population": 0,
  "id": 6,
  "worldId": 332,
  "setup": {
    "lowNationalValueInterval": {
      "minValue": 0.0,
      "maxValue": 10.0
    },
    "highNationalValueInterval": {
      "minValue": 0.0,
      "maxValue": 20.0
    },
    "regionalValueInterval": {
      "minValue": 0.0,
      "maxValue": 0.0
    },
    "setupName": "National Bidder Setup",
    "numberOfBidders": 1
  },
  "implementation": "org.spectrumauctions.sats.core.model.gsvm.GSVMBidder"
}