{
  "bidderPosition": -1,
  "values": {
    "0": 5.06781201715637141802517362521030008792877197265625,
    "1": 0.82172011958331570014024691772647202014923095703125,
    "2": 3.044821660304768418114917949424125254154205322265625,
    "3": 0.6951130384885839674780072527937591075897216796875,
    "4": 1.669448429066819894472928353934548795223236083984375,
    "5": 17.05725204016030005504944710992276668548583984375,
    "6": 6.823752759679553747673708130605518817901611328125,
    "7": 17.42184264759447387405089102685451507568359375,
    "8": 1.3881521288126019708641933902981691062450408935546875,
    "9": 5.54590322310787797732700710184872150421142578125,
    "10": 6.666887890874509281502469093538820743560791015625,
    "11": 7.4797777582216316005769840558059513568878173828125
  },
  "setupType": "National Bidder Setup",
  "population": 0,
  "id": 6,
  "worldId": 470,
  "setup": {
    "lowNationalValueInterval": {
      "minValue": 0.0,
      "maxValue": 10.0
    },
    "highNationalValueInterval": {
      "minValue": 0.0,
      "maxValue": 20.0
    },
    "regionalValueInterval": {
      "minValue": 0.0,
      "maxValue": 0.0
    },
    "setupName": "National Bidder Setup",
    "numberOfBidders": 1
  },
  "implementation": "org.spectrumauctions.sats.core.model.gsvm.GSVMBidder"
}