{
  "bidderPosition": 4,
  "values": {
    "16": 9.4578070164353675863821990787982940673828125,
    "17": 18.372030498632799577762853004969656467437744140625,
    "8": 1.328262435331313273678688346990384161472320556640625,
    "9": 4.768111863269961503419835935346782207489013671875,
    "10": 15.7740441764669387936237399117089807987213134765625,
    "11": 8.923599816667437067962964647449553012847900390625
  },
  "setupType": "Regional Bidder Setup",
  "population": 0,
  "id": 4,
  "worldId": 470,
  "setup": {
    "lowNationalValueInterval": {
      "minValue": 0.0,
      "maxValue": 20.0
    },
    "highNationalValueInterval": {
      "minValue": 0.0,
      "maxValue": 40.0
    },
    "regionalValueInterval": {
      "minValue": 0.0,
      "maxValue": 20.0
    },
    "setupName": "Regional Bidder Setup",
    "numberOfBidders": 6
  },
  "implementation": "org.spectrumauctions.sats.core.model.gsvm.GSVMBidder"
}