{
  "bidderPosition": 2,
  "values": {
    "4": 7.5866667952831079446696094237267971038818359375,
    "5": 35.125494563710418560731341131031513214111328125,
    "6": 8.54475946954746490291654481552541255950927734375,
    "7": 37.37062561344799149765094625763595104217529296875,
    "14": 13.042480331174861163390232832171022891998291015625,
    "15": 1.59454010098825538221944952965714037418365478515625
  },
  "setupType": "Regional Bidder Setup",
  "population": 0,
  "id": 2,
  "worldId": 470,
  "setup": {
    "lowNationalValueInterval": {
      "minValue": 0.0,
      "maxValue": 20.0
    },
    "highNationalValueInterval": {
      "minValue": 0.0,
      "maxValue": 40.0
    },
    "regionalValueInterval": {
      "minValue": 0.0,
      "maxValue": 20.0
    },
    "setupName": "Regional Bidder Setup",
    "numberOfBidders": 6
  },
  "implementation": "org.spectrumauctions.sats.core.model.gsvm.GSVMBidder"
}