{
  "bidderPosition": 2,
  "values": {
    "4": 33.69933602576941922279729624278843402862548828125,
    "5": 5.0791482447768121488707038224674761295318603515625,
    "6": 26.09364739507309849386729183606803417205810546875,
    "7": 6.50785732875152955756448136526159942150115966796875,
    "14": 3.3484504986793606207129414542578160762786865234375,
    "15": 0.516148208431028709952670396887697279453277587890625
  },
  "setupType": "Regional Bidder Setup",
  "population": 0,
  "id": 2,
  "worldId": 537,
  "setup": {
    "lowNationalValueInterval": {
      "minValue": 0.0,
      "maxValue": 20.0
    },
    "highNationalValueInterval": {
      "minValue": 0.0,
      "maxValue": 40.0
    },
    "regionalValueInterval": {
      "minValue": 0.0,
      "maxValue": 20.0
    },
    "setupName": "Regional Bidder Setup",
    "numberOfBidders": 6
  },
  "implementation": "org.spectrumauctions.sats.core.model.gsvm.GSVMBidder"
}