{
  "bidderPosition": 4,
  "values": {
    "16": 14.7496782258091325701343521359376609325408935546875,
    "17": 15.4310765212357381415131385438144207000732421875,
    "8": 2.37203258840980257815544973709620535373687744140625,
    "9": 17.466290926873842437316852738149464130401611328125,
    "10": 10.68790977062499081284840940497815608978271484375,
    "11": 10.02447897532243814566754736006259918212890625
  },
  "setupType": "Regional Bidder Setup",
  "population": 0,
  "id": 4,
  "worldId": 650,
  "setup": {
    "lowNationalValueInterval": {
      "minValue": 0.0,
      "maxValue": 20.0
    },
    "highNationalValueInterval": {
      "minValue": 0.0,
      "maxValue": 40.0
    },
    "regionalValueInterval": {
      "minValue": 0.0,
      "maxValue": 20.0
    },
    "setupName": "Regional Bidder Setup",
    "numberOfBidders": 6
  },
  "implementation": "org.spectrumauctions.sats.core.model.gsvm.GSVMBidder"
}