{
  "bidderPosition": -1,
  "values": {
    "0": 1.6170302164444183556923917421954683959484100341796875,
    "1": 4.8201755316385028748982222168706357479095458984375,
    "2": 2.46947641767151981895267454092390835285186767578125,
    "3": 6.59086081842410376196994548081420361995697021484375,
    "4": 3.65495886001676151266792658134363591670989990234375,
    "5": 0.197966372756830377710457469220273196697235107421875,
    "6": 5.9822332676379659233134589157998561859130859375,
    "7": 18.94919214387406469768393435515463352203369140625,
    "8": 7.6653652719238625223852068302221596240997314453125,
    "9": 1.7577553962884884253270456611062400043010711669921875,
    "10": 6.47460683130712055799449444748461246490478515625,
    "11": 3.734545035240213195493197417818009853363037109375
  },
  "setupType": "National Bidder Setup",
  "population": 0,
  "id": 6,
  "worldId": 650,
  "setup": {
    "lowNationalValueInterval": {
      "minValue": 0.0,
      "maxValue": 10.0
    },
    "highNationalValueInterval": {
      "minValue": 0.0,
      "maxValue": 20.0
    },
    "regionalValueInterval": {
      "minValue": 0.0,
      "maxValue": 0.0
    },
    "setupName": "National Bidder Setup",
    "numberOfBidders": 1
  },
  "implementation": "org.spectrumauctions.sats.core.model.gsvm.GSVMBidder"
}