{
  "bidderPosition": 2,
  "values": {
    "4": 31.52722893579101537397946231067180633544921875,
    "5": 29.066718046074168313452901202253997325897216796875,
    "6": 36.9594776781359399819848476909101009368896484375,
    "7": 12.962686199863785674324390129186213016510009765625,
    "14": 2.593215792962919596931214982760138809680938720703125,
    "15": 0.704926816220261542866865056566894054412841796875
  },
  "setupType": "Regional Bidder Setup",
  "population": 0,
  "id": 2,
  "worldId": 893,
  "setup": {
    "lowNationalValueInterval": {
      "minValue": 0.0,
      "maxValue": 20.0
    },
    "highNationalValueInterval": {
      "minValue": 0.0,
      "maxValue": 40.0
    },
    "regionalValueInterval": {
      "minValue": 0.0,
      "maxValue": 20.0
    },
    "setupName": "Regional Bidder Setup",
    "numberOfBidders": 6
  },
  "implementation": "org.spectrumauctions.sats.core.model.gsvm.GSVMBidder"
}