{
  "gammaValues": {
    "1": 0.97650,
    "2": 0.90600
  },
  "alpha": 1072.97287566880777376354672014713287353515625,
  "beta": {
    "0": 0.18025998912571494781076353319804184138774871826171875,
    "1": 0.143647500377960424255974203333607874810695648193359375,
    "2": 0.102727568026079130181216214623418636620044708251953125,
    "3": 0.2127583949574363142431820961064659059047698974609375,
    "4": 0.11072602945933356088925592075611348263919353485107421875,
    "5": 0.1149228696155490947461430550902150571346282958984375,
    "6": 0.1295783511568605328445613622534438036382198333740234375,
    "7": 0.140591302254419237005578224852797575294971466064453125,
    "8": 0.1132180865217456700033693550722091458737850189208984375,
    "9": 0.117912767438785481832752566333510912954807281494140625,
    "10": 0.132450779266499563124881433395785279572010040283203125,
    "11": 0.12695772289598583615344296049443073570728302001953125,
    "12": 0.219967003659257809289329088642261922359466552734375,
    "13": 0.207586554865896832922089743078686296939849853515625
  },
  "zLow": {
    "0": 0.000001566600676,
    "1": 9.528826202E-7,
    "2": 0.000001887518383,
    "3": 4.094559084E-7,
    "4": 2.309851244E-7,
    "5": 5.387641346E-7,
    "6": 0.000005895437638,
    "7": 1.024534302E-7,
    "8": 0.000001660608930,
    "9": 0.000001020240091,
    "10": 5.329149812E-7,
    "11": 1.568907269E-7,
    "12": 1.501862357E-7,
    "13": 0.000006692469606
  },
  "zHigh": {
    "0": 0.000075237562347832742015637143525581594460731355990279091630154553328673197553696719236432700254562158170799592968,
    "1": 0.0000422743992570014999294695994046109948022279482103271430910388799487542871662148870393899192763502188365006423722,
    "2": 0.0000760155687812395174520923651151594758417991513910695276590595967726913180672437799001196200108254077158834455327,
    "3": 0.00002099519543909623491215662067803917421252904300813370554574087214585612286022028792851579667601831099701102652,
    "4": 0.000009487160297472586158915607801813268991840283155974493518173560694288150815350910856234400697108719934974271691702,
    "5": 0.00002235455607420090197324417716097000872576234150718168717503908175487806869058854307800612132517452170569994201,
    "6": 0.00025325523797431967682045579548093145168943935761368532759908629138958141440641671018022856396865502444737609605584,
    "7": 0.0000045140090215608932124313501823348619343143448686284772152665266989843554411133114533123623824084555245107880557,
    "8": 0.00006861936442059797242270938288169938335669759687176085801758882217706196856488079456983078745321699719888820258307,
    "9": 0.0000426371359671711316953278726389854192314581476533510507139139554858036869125862014380277983238169847427687208016,
    "10": 0.0000230459498876940014607715064809215923466716826060853116142339704574857434548308421845278528158646545812291902349,
    "11": 0.000006698570746338894770037567476453735298932934553564373195420703301545854948125049156542889186336491046226048702,
    "12": 0.0000078091886917950311540573049865797224406725975127733572816367153761866309932848587065317827359580061692330568,
    "13": 0.0003397007590469628092929002138459665771491150072801554300103320947817629912744497785808038552759523298289897898
  },
  "setupType": "Multi Region Model National Bidder",
  "population": 0,
  "id": 7,
  "worldId": 694,
  "setup": {
    "bInterval": {
      "minValue": 0.1,
      "maxValue": 0.3
    },
    "kMax": 2.0,
    "alphaInterval": {
      "minValue": 700.0,
      "maxValue": 1200.0
    },
    "betaInterval": {
      "minValue": 0.08,
      "maxValue": 0.22
    },
    "setupName": "Multi Region Model National Bidder",
    "numberOfBidders": 3
  },
  "implementation": "org.spectrumauctions.sats.core.model.mrvm.MRVMNationalBidder"
}