{
  "regionsOfInterest": [
    0,
    2,
    5,
    8,
    9,
    12
  ],
  "alpha": 62.52660493780643236050309496931731700897216796875,
  "beta": {
    "0": 0.0737617357451635091702968338722712360322475433349609375,
    "1": 0.055435178241817768818311407130750012584030628204345703125,
    "2": 0.0797168284236242363771651753268088214099407196044921875,
    "3": 0.09445033770844453446802191365350154228508472442626953125,
    "4": 0.061141045347974064261276083698248839937150478363037109375,
    "5": 0.086556918677197558498193075138260610401630401611328125,
    "6": 0.0863203250715502690137981289808521978557109832763671875,
    "7": 0.0674942941651287264814840227700187824666500091552734375,
    "8": 0.05541988719831132670368134540694882161915302276611328125,
    "9": 0.07707499541238271856258279512985609471797943115234375,
    "10": 0.109874272996501820554016148889786563813686370849609375,
    "11": 0.09351390436292598973277989671260002069175243377685546875,
    "12": 0.11533927000686482189362180861280648969113826751708984375,
    "13": 0.08297655678044046911878695027553476393222808837890625
  },
  "zLow": {
    "0": 0.000003828481230,
    "1": 0.000002469175908,
    "2": 0.000002432361860,
    "3": 9.223384902E-7,
    "4": 4.183125352E-7,
    "5": 7.153249138E-7,
    "6": 0.000008849840265,
    "7": 2.134115387E-7,
    "8": 0.000003392481922,
    "9": 0.000001560808819,
    "10": 6.424161236E-7,
    "11": 2.130002972E-7,
    "12": 2.864247038E-7,
    "13": 0.00001674288212
  },
  "zHigh": {
    "0": 0.00014309397896623898650245581637702587298218362834805212927481559343304053117600832586368199071467053480004101491125,
    "1": 0.0000877631978736445099753001883445867161255727896164077848965122256607493768899311676557924583841791248479632104124890,
    "2": 0.00009236087309958124996965431141241935330122269550688427146000824365870802652647152001239350173209157696206034483227,
    "3": 0.000036381672891424824709902857475328723898738422221960368691052785929361216009778756857828986453697222961223575729045,
    "4": 0.0000151069826217460964600905979842319432180281025964105962953092738073308930971173341788467702799679206184291832127942,
    "5": 0.0000276513794503434649734592786531573615854604017235546939787040171223280623319022406812770628351288466635945329373,
    "6": 0.00034188731677050561532488588932972394588304736749562139812689457494431511259251612587304074228757450669759711799566,
    "7": 0.00000784275227577806568666301108397411542837901051131883196625440068721830207468095430274724630074514294731171473716,
    "8": 0.000120575554198286298760760090899972969474920795003794893007060373197100685268498992954336514768213943341535382980001,
    "9": 0.000058854197806099383647101451940511042210800747222463148317323399606072872660128917465425700206070202999370090890,
    "10": 0.0000263309841595860458405560778813130391016623474901369821418908079280815009813481839722474837243256120117180189520,
    "11": 0.000008381857857315141607328377035014747620827348699305557591756616724206306028043087706138156639312860921459914608121,
    "12": 0.000011896342734674973702731884727687626573400194665179790325710419821071566359224467751444495653244353704645940571712,
    "13": 0.000641213134489175503596060899432674556966326946983511729611227134958546848225427040363034793799217315734248557325
  },
  "setupType": "Multi Region Model Local Bidder",
  "population": 0,
  "id": 2,
  "worldId": 694,
  "setup": {
    "numberOfRegionsInterval": {
      "minValue": 3,
      "maxValue": 7
    },
    "alphaInterval": {
      "minValue": 60.0,
      "maxValue": 100.0
    },
    "betaInterval": {
      "minValue": 0.05,
      "maxValue": 0.12
    },
    "setupName": "Multi Region Model Local Bidder",
    "numberOfBidders": 3
  },
  "implementation": "org.spectrumauctions.sats.core.model.mrvm.MRVMLocalBidder"
}