{
  "bidderPosition": 1,
  "values": {
    "2": 0.069021415760792681481916588381864130496978759765625,
    "3": 17.57516758305797566208639182150363922119140625,
    "4": 14.0936001962881629623325352440588176250457763671875,
    "5": 25.528872708039358485621050931513309478759765625,
    "13": 18.14781312828937842596133123151957988739013671875,
    "14": 12.570639788632608002671986469067633152008056640625
  },
  "setupType": "Regional Bidder Setup",
  "population": 0,
  "id": 1,
  "worldId": 628,
  "setup": {
    "lowNationalValueInterval": {
      "minValue": 0.0,
      "maxValue": 20.0
    },
    "highNationalValueInterval": {
      "minValue": 0.0,
      "maxValue": 40.0
    },
    "regionalValueInterval": {
      "minValue": 0.0,
      "maxValue": 20.0
    },
    "setupName": "Regional Bidder Setup",
    "numberOfBidders": 6
  },
  "implementation": "org.spectrumauctions.sats.core.model.gsvm.GSVMBidder"
}