{
  "bidderPosition": -1,
  "values": {
    "0": 0.0588739521376624441728608871926553547382354736328125,
    "1": 1.731426242411957527878030305146239697933197021484375,
    "2": 0.2030433976251899697018643564661033451557159423828125,
    "3": 3.345483937688204179039530572481453418731689453125,
    "4": 9.080296987411404785461854771710932254791259765625,
    "5": 0.3397273089063190809611114673316478729248046875,
    "6": 18.022959916008250758068243158049881458282470703125,
    "7": 5.500771494764816083034020266495645046234130859375,
    "8": 5.549855480870775181756471283733844757080078125,
    "9": 3.564482860410513875848437237436883151531219482421875,
    "10": 7.3241199629931568182428236468695104122161865234375,
    "11": 9.929575328021428504143841564655303955078125
  },
  "setupType": "National Bidder Setup",
  "population": 0,
  "id": 6,
  "worldId": 628,
  "setup": {
    "lowNationalValueInterval": {
      "minValue": 0.0,
      "maxValue": 10.0
    },
    "highNationalValueInterval": {
      "minValue": 0.0,
      "maxValue": 20.0
    },
    "regionalValueInterval": {
      "minValue": 0.0,
      "maxValue": 0.0
    },
    "setupName": "National Bidder Setup",
    "numberOfBidders": 1
  },
  "implementation": "org.spectrumauctions.sats.core.model.gsvm.GSVMBidder"
}