{
  "bidderPosition": 4,
  "values": {
    "16": 19.56996254717051897387136705219745635986328125,
    "17": 5.89001463736362751433262019418179988861083984375,
    "8": 5.95494467805692817563567587058059871196746826171875,
    "9": 4.62868333417980437616279232315719127655029296875,
    "10": 1.375502932696799351930394550436176359653472900390625,
    "11": 14.5257953448086656322857379564084112644195556640625
  },
  "setupType": "Regional Bidder Setup",
  "population": 0,
  "id": 4,
  "worldId": 378,
  "setup": {
    "lowNationalValueInterval": {
      "minValue": 0.0,
      "maxValue": 20.0
    },
    "highNationalValueInterval": {
      "minValue": 0.0,
      "maxValue": 40.0
    },
    "regionalValueInterval": {
      "minValue": 0.0,
      "maxValue": 20.0
    },
    "setupName": "Regional Bidder Setup",
    "numberOfBidders": 6
  },
  "implementation": "org.spectrumauctions.sats.core.model.gsvm.GSVMBidder"
}