{
  "bidderPosition": 2,
  "values": {
    "4": 12.268466938303372870677776518277823925018310546875,
    "5": 10.048486464119150696205906569957733154296875,
    "6": 21.06518678431732638500761822797358036041259765625,
    "7": 1.502254346630760295511208823882043361663818359375,
    "14": 18.446806804280459601841357653029263019561767578125,
    "15": 9.599327911651020173167125904001295566558837890625
  },
  "setupType": "Regional Bidder Setup",
  "population": 0,
  "id": 2,
  "worldId": 378,
  "setup": {
    "lowNationalValueInterval": {
      "minValue": 0.0,
      "maxValue": 20.0
    },
    "highNationalValueInterval": {
      "minValue": 0.0,
      "maxValue": 40.0
    },
    "regionalValueInterval": {
      "minValue": 0.0,
      "maxValue": 20.0
    },
    "setupName": "Regional Bidder Setup",
    "numberOfBidders": 6
  },
  "implementation": "org.spectrumauctions.sats.core.model.gsvm.GSVMBidder"
}