{
  "bidderPosition": 5,
  "values": {
    "0": 18.42657935922026268826812156476080417633056640625,
    "1": 9.80960508818593979185607167892158031463623046875,
    "17": 17.888056724070480640875757671892642974853515625,
    "10": 18.911537385542590783416017075069248676300048828125,
    "11": 3.319841527955220694678928339271806180477142333984375,
    "12": 15.267341722924481217660286347381770610809326171875
  },
  "setupType": "Regional Bidder Setup",
  "population": 0,
  "id": 5,
  "worldId": 378,
  "setup": {
    "lowNationalValueInterval": {
      "minValue": 0.0,
      "maxValue": 20.0
    },
    "highNationalValueInterval": {
      "minValue": 0.0,
      "maxValue": 40.0
    },
    "regionalValueInterval": {
      "minValue": 0.0,
      "maxValue": 20.0
    },
    "setupName": "Regional Bidder Setup",
    "numberOfBidders": 6
  },
  "implementation": "org.spectrumauctions.sats.core.model.gsvm.GSVMBidder"
}