{
  "bidderPosition": 1,
  "values": {
    "2": 10.9320918734060139598796013160608708858489990234375,
    "3": 18.50687403650346141148474998772144317626953125,
    "4": 6.54336166600788526892529262113384902477264404296875,
    "5": 6.34949981739385549417420406825840473175048828125,
    "13": 8.255707933792930219851768924854695796966552734375,
    "14": 13.2460851655623041978060427936725318431854248046875
  },
  "setupType": "Regional Bidder Setup",
  "population": 0,
  "id": 1,
  "worldId": 378,
  "setup": {
    "lowNationalValueInterval": {
      "minValue": 0.0,
      "maxValue": 20.0
    },
    "highNationalValueInterval": {
      "minValue": 0.0,
      "maxValue": 40.0
    },
    "regionalValueInterval": {
      "minValue": 0.0,
      "maxValue": 20.0
    },
    "setupName": "Regional Bidder Setup",
    "numberOfBidders": 6
  },
  "implementation": "org.spectrumauctions.sats.core.model.gsvm.GSVMBidder"
}