{
  "bidderPosition": 0,
  "values": {
    "0": 12.156635306876861335467765456996858119964599609375,
    "1": 12.7014622492656297225721573340706527233123779296875,
    "2": 12.9422023768307585811498938710428774356842041015625,
    "3": 1.17710294617854760446107320603914558887481689453125,
    "12": 17.971491894545739143040918861515820026397705078125,
    "13": 10.43449425434919675126366200856864452362060546875
  },
  "setupType": "Regional Bidder Setup",
  "population": 0,
  "id": 0,
  "worldId": 378,
  "setup": {
    "lowNationalValueInterval": {
      "minValue": 0.0,
      "maxValue": 20.0
    },
    "highNationalValueInterval": {
      "minValue": 0.0,
      "maxValue": 40.0
    },
    "regionalValueInterval": {
      "minValue": 0.0,
      "maxValue": 20.0
    },
    "setupName": "Regional Bidder Setup",
    "numberOfBidders": 6
  },
  "implementation": "org.spectrumauctions.sats.core.model.gsvm.GSVMBidder"
}