{
  "bidderPosition": 5,
  "values": {
    "0": 9.8015379277134240254554242710582911968231201171875,
    "1": 17.467718051157003600337702664546668529510498046875,
    "17": 8.981380696841352317960627260617911815643310546875,
    "10": 4.386219845760717106486481497995555400848388671875,
    "11": 0.79948953806339151384463548311032354831695556640625,
    "12": 10.5376079547947671954943871241994202136993408203125
  },
  "setupType": "Regional Bidder Setup",
  "population": 0,
  "id": 5,
  "worldId": 1088,
  "setup": {
    "lowNationalValueInterval": {
      "minValue": 0.0,
      "maxValue": 20.0
    },
    "highNationalValueInterval": {
      "minValue": 0.0,
      "maxValue": 40.0
    },
    "regionalValueInterval": {
      "minValue": 0.0,
      "maxValue": 20.0
    },
    "setupName": "Regional Bidder Setup",
    "numberOfBidders": 6
  },
  "implementation": "org.spectrumauctions.sats.core.model.gsvm.GSVMBidder"
}