{
  "bidderPosition": 2,
  "values": {
    "4": 16.93304047798488909393199719488620758056640625,
    "5": 3.79072708319392770448530427529476583003997802734375,
    "6": 23.596752139194062891647263313643634319305419921875,
    "7": 34.49931191065316937738316482864320278167724609375,
    "14": 1.632056284011225155694546629092656075954437255859375,
    "15": 2.3538622473586645611476342310197651386260986328125
  },
  "setupType": "Regional Bidder Setup",
  "population": 0,
  "id": 2,
  "worldId": 462,
  "setup": {
    "lowNationalValueInterval": {
      "minValue": 0.0,
      "maxValue": 20.0
    },
    "highNationalValueInterval": {
      "minValue": 0.0,
      "maxValue": 40.0
    },
    "regionalValueInterval": {
      "minValue": 0.0,
      "maxValue": 20.0
    },
    "setupName": "Regional Bidder Setup",
    "numberOfBidders": 6
  },
  "implementation": "org.spectrumauctions.sats.core.model.gsvm.GSVMBidder"
}