{
  "bidderPosition": 0,
  "values": {
    "0": 9.188421404102289358206689939834177494049072265625,
    "1": 17.1285160119031161229941062629222869873046875,
    "2": 10.532607638867862220877213985659182071685791015625,
    "3": 3.388209927429051138147997335181571543216705322265625,
    "12": 18.614352393512017869170449557714164257049560546875,
    "13": 11.5372851226423112080965438508428633213043212890625
  },
  "setupType": "Regional Bidder Setup",
  "population": 0,
  "id": 0,
  "worldId": 462,
  "setup": {
    "lowNationalValueInterval": {
      "minValue": 0.0,
      "maxValue": 20.0
    },
    "highNationalValueInterval": {
      "minValue": 0.0,
      "maxValue": 40.0
    },
    "regionalValueInterval": {
      "minValue": 0.0,
      "maxValue": 20.0
    },
    "setupName": "Regional Bidder Setup",
    "numberOfBidders": 6
  },
  "implementation": "org.spectrumauctions.sats.core.model.gsvm.GSVMBidder"
}