{
  "bidderPosition": 5,
  "values": {
    "0": 16.635668236794376895204550237394869327545166015625,
    "1": 3.848139055254871099265301381819881498813629150390625,
    "17": 12.1192515192922467548442000406794250011444091796875,
    "10": 3.3140498267489970629640083643607795238494873046875,
    "11": 0.28227100138339178414526031701825559139251708984375,
    "12": 6.339906755559042039749328978359699249267578125
  },
  "setupType": "Regional Bidder Setup",
  "population": 0,
  "id": 5,
  "worldId": 462,
  "setup": {
    "lowNationalValueInterval": {
      "minValue": 0.0,
      "maxValue": 20.0
    },
    "highNationalValueInterval": {
      "minValue": 0.0,
      "maxValue": 40.0
    },
    "regionalValueInterval": {
      "minValue": 0.0,
      "maxValue": 20.0
    },
    "setupName": "Regional Bidder Setup",
    "numberOfBidders": 6
  },
  "implementation": "org.spectrumauctions.sats.core.model.gsvm.GSVMBidder"
}