{
  "gammaValues": {
    "1": 0.94488,
    "2": 0.77953
  },
  "alpha": 797.5957784836813289075507782399654388427734375,
  "beta": {
    "0": 0.100763310751977142043500634827069006860256195068359375,
    "1": 0.190995565256971644441108537648688070476055145263671875,
    "2": 0.1513042727414810328934180461146752350032329559326171875,
    "3": 0.193710034782671181030622165053500793874263763427734375,
    "4": 0.1753495247340733087515474153406103141605854034423828125,
    "5": 0.0815300941208523255454565514810383319854736328125,
    "6": 0.160073583757256610038410826746257953345775604248046875,
    "7": 0.103773019251070686141957821746473200619220733642578125,
    "8": 0.145724732094775044632939398070448078215122222900390625,
    "9": 0.1652596160716821582781221877667121589183807373046875,
    "10": 0.08406484398908060928778951392814633436501026153564453125,
    "11": 0.13501984574524217297408767990418709814548492431640625,
    "12": 0.172031606093155264858296504826284945011138916015625,
    "13": 0.178326147905610243871166176177212037146091461181640625
  },
  "zLow": {
    "0": 0.000003332085469,
    "1": 8.520696703E-7,
    "2": 0.000001523659471,
    "3": 5.346907115E-7,
    "4": 1.734163562E-7,
    "5": 9.029175746E-7,
    "6": 0.000005674005366,
    "7": 1.650294361E-7,
    "8": 0.000001533948663,
    "9": 8.654807034E-7,
    "10": 9.982951169E-7,
    "11": 1.753960074E-7,
    "12": 2.283180981E-7,
    "13": 0.000009262570183
  },
  "zHigh": {
    "0": 0.0001335377604222054427777811217069470306321648720511809949828321007658918992291751544524152230878579372039993505208,
    "1": 0.0000418362429389926653072729265593149656572294375259097478392520859543007682107368434934544906506388393403676384095,
    "2": 0.00006876340291943128437652593582031218651980897085261230413628399771357946956259565089067533674012698082048065087087,
    "3": 0.0000263982169755529413696294323192691445971067216924078871142388279913958552010787905490687514165907534386214620194,
    "4": 0.00000824333824864549616990837460297537545083936321275198382587290940778183960535128555364228366378418089558711019874,
    "5": 0.00003444902271953475608901402986372213106157839046000056429170424816146103272163256021156144295520250961537307,
    "6": 0.0002610459982797754021693236686061370545332432906189545911550548448121847330648795730100760368150593434493276417109,
    "7": 0.0000066634433643745798046813985064926691486641236622741505212828903911185812313190504931760925414051922400402585380,
    "8": 0.0000683718856644667769992123546925074412393131426566823303240661332132893878418782707706281374726237100979360156411,
    "9": 0.00004026732197581199832424586809141320699019788987666666777408536769192100820739431621873948437251800518102278264,
    "10": 0.000038341005830170060734698857055066906793729075678959314532799090857755870757122625471155858847769224770077972417199,
    "11": 0.000007630074404419266663958911835365656941301558055912441878377171799677638511316374230152753604143672229815335001,
    "12": 0.0000107773358544719243139910125214071519044126784123024194272239762930618970964582873030892431170387287951053663,
    "13": 0.0004430529515068912021564875352831793225213289984922946438750646731603747625299770018381975269195857436946129585531
  },
  "setupType": "Multi Region Model National Bidder",
  "population": 0,
  "id": 7,
  "worldId": 10,
  "setup": {
    "bInterval": {
      "minValue": 0.1,
      "maxValue": 0.3
    },
    "kMax": 2.0,
    "alphaInterval": {
      "minValue": 700.0,
      "maxValue": 1200.0
    },
    "betaInterval": {
      "minValue": 0.08,
      "maxValue": 0.22
    },
    "setupName": "Multi Region Model National Bidder",
    "numberOfBidders": 3
  },
  "implementation": "org.spectrumauctions.sats.core.model.mrvm.MRVMNationalBidder"
}