{
  "bidderPosition": 0,
  "values": {
    "0": 5.3626060683182803501267699175514280796051025390625,
    "1": 1.420172209501995297387111349962651729583740234375,
    "2": 13.6866933422517007556962198577821254730224609375,
    "3": 13.839267417753461586471530608832836151123046875,
    "12": 7.63846000619595510983117492287419736385345458984375,
    "13": 0.712170184183975596425852927495725452899932861328125
  },
  "setupType": "Regional Bidder Setup",
  "population": 0,
  "id": 0,
  "worldId": 464,
  "setup": {
    "lowNationalValueInterval": {
      "minValue": 0.0,
      "maxValue": 20.0
    },
    "highNationalValueInterval": {
      "minValue": 0.0,
      "maxValue": 40.0
    },
    "regionalValueInterval": {
      "minValue": 0.0,
      "maxValue": 20.0
    },
    "setupName": "Regional Bidder Setup",
    "numberOfBidders": 6
  },
  "implementation": "org.spectrumauctions.sats.core.model.gsvm.GSVMBidder"
}