{
  "bidderPosition": 3,
  "values": {
    "16": 13.840880960022008849819030729122459888458251953125,
    "6": 18.203590714124405991469757282175123691558837890625,
    "7": 12.54538472194825970973397488705813884735107421875,
    "8": 3.4698091878689041323013952933251857757568359375,
    "9": 19.28234433109894752078616875223815441131591796875,
    "15": 19.878870156254233592107993899844586849212646484375
  },
  "setupType": "Regional Bidder Setup",
  "population": 0,
  "id": 3,
  "worldId": 464,
  "setup": {
    "lowNationalValueInterval": {
      "minValue": 0.0,
      "maxValue": 20.0
    },
    "highNationalValueInterval": {
      "minValue": 0.0,
      "maxValue": 40.0
    },
    "regionalValueInterval": {
      "minValue": 0.0,
      "maxValue": 20.0
    },
    "setupName": "Regional Bidder Setup",
    "numberOfBidders": 6
  },
  "implementation": "org.spectrumauctions.sats.core.model.gsvm.GSVMBidder"
}