{
  "bidderPosition": -1,
  "values": {
    "0": 8.2361314675237107252314672223292291164398193359375,
    "1": 4.45807150671711927003570963279344141483306884765625,
    "2": 6.714670149142563104760483838617801666259765625,
    "3": 9.1193177208894109497805402497760951519012451171875,
    "4": 19.83657453320996211232341011054813861846923828125,
    "5": 14.618736635767678677666481235064566135406494140625,
    "6": 2.425486454508345435243654719670303165912628173828125,
    "7": 17.627688648199349330525365076027810573577880859375,
    "8": 0.165100430387765673145850087166763842105865478515625,
    "9": 9.827843526958059072740070405416190624237060546875,
    "10": 8.189492749411588334851330728270113468170166015625,
    "11": 3.2885373140405871339453369728289544582366943359375
  },
  "setupType": "National Bidder Setup",
  "population": 0,
  "id": 6,
  "worldId": 491,
  "setup": {
    "lowNationalValueInterval": {
      "minValue": 0.0,
      "maxValue": 10.0
    },
    "highNationalValueInterval": {
      "minValue": 0.0,
      "maxValue": 20.0
    },
    "regionalValueInterval": {
      "minValue": 0.0,
      "maxValue": 0.0
    },
    "setupName": "National Bidder Setup",
    "numberOfBidders": 1
  },
  "implementation": "org.spectrumauctions.sats.core.model.gsvm.GSVMBidder"
}