{
  "bidderPosition": 3,
  "values": {
    "16": 10.7981560346175076148256266606040298938751220703125,
    "6": 27.17479309891530903087186743505299091339111328125,
    "7": 33.16153461842708338735974393784999847412109375,
    "8": 8.1899915313963500551608376554213464260101318359375,
    "9": 11.501686324796668969838719931431114673614501953125,
    "15": 3.53962723965275838367006144835613667964935302734375
  },
  "setupType": "Regional Bidder Setup",
  "population": 0,
  "id": 3,
  "worldId": 491,
  "setup": {
    "lowNationalValueInterval": {
      "minValue": 0.0,
      "maxValue": 20.0
    },
    "highNationalValueInterval": {
      "minValue": 0.0,
      "maxValue": 40.0
    },
    "regionalValueInterval": {
      "minValue": 0.0,
      "maxValue": 20.0
    },
    "setupName": "Regional Bidder Setup",
    "numberOfBidders": 6
  },
  "implementation": "org.spectrumauctions.sats.core.model.gsvm.GSVMBidder"
}