{
  "bidderPosition": 4,
  "values": {
    "16": 4.5978341189909048836170768481679260730743408203125,
    "17": 3.546420402413741346236975005012936890125274658203125,
    "8": 14.8782683828221848898465395905077457427978515625,
    "9": 8.6341779385397838808557935408316552639007568359375,
    "10": 12.9549688413408006226745783351361751556396484375,
    "11": 6.545143912440718025891328579746186733245849609375
  },
  "setupType": "Regional Bidder Setup",
  "population": 0,
  "id": 4,
  "worldId": 491,
  "setup": {
    "lowNationalValueInterval": {
      "minValue": 0.0,
      "maxValue": 20.0
    },
    "highNationalValueInterval": {
      "minValue": 0.0,
      "maxValue": 40.0
    },
    "regionalValueInterval": {
      "minValue": 0.0,
      "maxValue": 20.0
    },
    "setupName": "Regional Bidder Setup",
    "numberOfBidders": 6
  },
  "implementation": "org.spectrumauctions.sats.core.model.gsvm.GSVMBidder"
}