{
  "bidderPosition": 2,
  "values": {
    "4": 14.992122525279651057417140691541135311126708984375,
    "5": 7.84582943533261190083294422947801649570465087890625,
    "6": 5.6999659394935431322437580092810094356536865234375,
    "7": 3.37890386469498427146618269034661352634429931640625,
    "14": 9.45074061878522542201608303003013134002685546875,
    "15": 5.87237199083076699679395460407249629497528076171875
  },
  "setupType": "Regional Bidder Setup",
  "population": 0,
  "id": 2,
  "worldId": 1115,
  "setup": {
    "lowNationalValueInterval": {
      "minValue": 0.0,
      "maxValue": 20.0
    },
    "highNationalValueInterval": {
      "minValue": 0.0,
      "maxValue": 40.0
    },
    "regionalValueInterval": {
      "minValue": 0.0,
      "maxValue": 20.0
    },
    "setupName": "Regional Bidder Setup",
    "numberOfBidders": 6
  },
  "implementation": "org.spectrumauctions.sats.core.model.gsvm.GSVMBidder"
}