{
  "bidderPosition": -1,
  "values": {
    "0": 9.1769813834602018687292002141475677490234375,
    "1": 8.3132980992716607460124578210525214672088623046875,
    "2": 8.363776077439325717932661063969135284423828125,
    "3": 2.462554971131115877369666122831404209136962890625,
    "4": 14.0993379830176337463853997178375720977783203125,
    "5": 5.5997307628696706416349115897901356220245361328125,
    "6": 10.954051725724976762421647435985505580902099609375,
    "7": 13.5424863496254115347028346150182187557220458984375,
    "8": 3.387822269423856891279456249321810901165008544921875,
    "9": 4.1253236506937991379118102486245334148406982421875,
    "10": 9.9543553077522037852986613870598375797271728515625,
    "11": 9.82021618143149765955968177877366542816162109375
  },
  "setupType": "National Bidder Setup",
  "population": 0,
  "id": 6,
  "worldId": 1099,
  "setup": {
    "lowNationalValueInterval": {
      "minValue": 0.0,
      "maxValue": 10.0
    },
    "highNationalValueInterval": {
      "minValue": 0.0,
      "maxValue": 20.0
    },
    "regionalValueInterval": {
      "minValue": 0.0,
      "maxValue": 0.0
    },
    "setupName": "National Bidder Setup",
    "numberOfBidders": 1
  },
  "implementation": "org.spectrumauctions.sats.core.model.gsvm.GSVMBidder"
}