{
  "bidderPosition": 3,
  "values": {
    "16": 5.859817836935182100432939478196203708648681640625,
    "6": 12.89998241815482060701469890773296356201171875,
    "7": 12.0890611868998743005931828520260751247406005859375,
    "8": 4.369049771186350739071713178418576717376708984375,
    "9": 15.7190496712700973347409671987406909465789794921875,
    "15": 9.13544958434982135031532379798591136932373046875
  },
  "setupType": "Regional Bidder Setup",
  "population": 0,
  "id": 3,
  "worldId": 943,
  "setup": {
    "lowNationalValueInterval": {
      "minValue": 0.0,
      "maxValue": 20.0
    },
    "highNationalValueInterval": {
      "minValue": 0.0,
      "maxValue": 40.0
    },
    "regionalValueInterval": {
      "minValue": 0.0,
      "maxValue": 20.0
    },
    "setupName": "Regional Bidder Setup",
    "numberOfBidders": 6
  },
  "implementation": "org.spectrumauctions.sats.core.model.gsvm.GSVMBidder"
}