{
  "bidderPosition": 5,
  "values": {
    "0": 1.09139075047909983595673111267387866973876953125,
    "1": 4.89628283348701387467372114770114421844482421875,
    "17": 11.1593393102883595702223828993737697601318359375,
    "10": 10.59556353040427012501822900958359241485595703125,
    "11": 14.17044753907934051539996289648115634918212890625,
    "12": 3.65309015265369740887990701594389975070953369140625
  },
  "setupType": "Regional Bidder Setup",
  "population": 0,
  "id": 5,
  "worldId": 943,
  "setup": {
    "lowNationalValueInterval": {
      "minValue": 0.0,
      "maxValue": 20.0
    },
    "highNationalValueInterval": {
      "minValue": 0.0,
      "maxValue": 40.0
    },
    "regionalValueInterval": {
      "minValue": 0.0,
      "maxValue": 20.0
    },
    "setupName": "Regional Bidder Setup",
    "numberOfBidders": 6
  },
  "implementation": "org.spectrumauctions.sats.core.model.gsvm.GSVMBidder"
}