{
  "bidderPosition": -1,
  "values": {
    "0": 8.90524209298791902256198227405548095703125,
    "1": 3.82078546000070051746888566412962973117828369140625,
    "2": 3.25750917082063295993066276423633098602294921875,
    "3": 7.59990017885056712287905611447058618068695068359375,
    "4": 5.437954770902404533217122661881148815155029296875,
    "5": 11.3250057592480057877537547028623521327972412109375,
    "6": 9.983722575537210985885394620709121227264404296875,
    "7": 2.67635567756143277762248544604517519474029541015625,
    "8": 9.0417931660493504608666626154445111751556396484375,
    "9": 7.6455744797542148916136284242384135723114013671875,
    "10": 5.91104366564903838110467404476366937160491943359375,
    "11": 1.4577085888642693500827363095595501363277435302734375
  },
  "setupType": "National Bidder Setup",
  "population": 0,
  "id": 6,
  "worldId": 943,
  "setup": {
    "lowNationalValueInterval": {
      "minValue": 0.0,
      "maxValue": 10.0
    },
    "highNationalValueInterval": {
      "minValue": 0.0,
      "maxValue": 20.0
    },
    "regionalValueInterval": {
      "minValue": 0.0,
      "maxValue": 0.0
    },
    "setupName": "National Bidder Setup",
    "numberOfBidders": 1
  },
  "implementation": "org.spectrumauctions.sats.core.model.gsvm.GSVMBidder"
}