{
  "bidderPosition": 2,
  "values": {
    "4": 29.85035127804243160198893747292459011077880859375,
    "5": 1.478331760164888208919364842586219310760498046875,
    "6": 18.080084537950117606897038058377802371978759765625,
    "7": 2.9805439986163673182772981817834079265594482421875,
    "14": 11.5350013631347110276692546904087066650390625,
    "15": 2.76651743505624825303357283701188862323760986328125
  },
  "setupType": "Regional Bidder Setup",
  "population": 0,
  "id": 2,
  "worldId": 943,
  "setup": {
    "lowNationalValueInterval": {
      "minValue": 0.0,
      "maxValue": 20.0
    },
    "highNationalValueInterval": {
      "minValue": 0.0,
      "maxValue": 40.0
    },
    "regionalValueInterval": {
      "minValue": 0.0,
      "maxValue": 20.0
    },
    "setupName": "Regional Bidder Setup",
    "numberOfBidders": 6
  },
  "implementation": "org.spectrumauctions.sats.core.model.gsvm.GSVMBidder"
}