{
  "bidderPosition": 4,
  "values": {
    "16": 17.11169953381406827475075260736048221588134765625,
    "17": 1.11952637146737199458357281400822103023529052734375,
    "8": 18.98714413961132407848708680830895900726318359375,
    "9": 19.9177046451437291807451401837170124053955078125,
    "10": 6.3816333905152138328276123502291738986968994140625,
    "11": 11.986810030002349236610825755633413791656494140625
  },
  "setupType": "Regional Bidder Setup",
  "population": 0,
  "id": 4,
  "worldId": 336,
  "setup": {
    "lowNationalValueInterval": {
      "minValue": 0.0,
      "maxValue": 20.0
    },
    "highNationalValueInterval": {
      "minValue": 0.0,
      "maxValue": 40.0
    },
    "regionalValueInterval": {
      "minValue": 0.0,
      "maxValue": 20.0
    },
    "setupName": "Regional Bidder Setup",
    "numberOfBidders": 6
  },
  "implementation": "org.spectrumauctions.sats.core.model.gsvm.GSVMBidder"
}