{
  "bidderPosition": 2,
  "values": {
    "4": 32.83707757214312294991032104007899761199951171875,
    "5": 34.46933346256765418047507409937679767608642578125,
    "6": 13.7714465358092663649358655675314366817474365234375,
    "7": 0.38732649636285199079566154978238046169281005859375,
    "14": 19.833654741471651306028434191830456256866455078125,
    "15": 4.173547193283216216741493553854525089263916015625
  },
  "setupType": "Regional Bidder Setup",
  "population": 0,
  "id": 2,
  "worldId": 336,
  "setup": {
    "lowNationalValueInterval": {
      "minValue": 0.0,
      "maxValue": 20.0
    },
    "highNationalValueInterval": {
      "minValue": 0.0,
      "maxValue": 40.0
    },
    "regionalValueInterval": {
      "minValue": 0.0,
      "maxValue": 20.0
    },
    "setupName": "Regional Bidder Setup",
    "numberOfBidders": 6
  },
  "implementation": "org.spectrumauctions.sats.core.model.gsvm.GSVMBidder"
}