{
  "bidderPosition": 4,
  "values": {
    "16": 0.559483702622005640847646645852364599704742431640625,
    "17": 2.028599414878684559226940109510906040668487548828125,
    "8": 4.758107304028424522357454407028853893280029296875,
    "9": 4.624239082566550251840453711338341236114501953125,
    "10": 4.2647240405326858336820805561728775501251220703125,
    "11": 14.947509676074350437602333840914070606231689453125
  },
  "setupType": "Regional Bidder Setup",
  "population": 0,
  "id": 4,
  "worldId": 877,
  "setup": {
    "lowNationalValueInterval": {
      "minValue": 0.0,
      "maxValue": 20.0
    },
    "highNationalValueInterval": {
      "minValue": 0.0,
      "maxValue": 40.0
    },
    "regionalValueInterval": {
      "minValue": 0.0,
      "maxValue": 20.0
    },
    "setupName": "Regional Bidder Setup",
    "numberOfBidders": 6
  },
  "implementation": "org.spectrumauctions.sats.core.model.gsvm.GSVMBidder"
}