{
  "bidderPosition": -1,
  "values": {
    "0": 5.179891037186042268558594514615833759307861328125,
    "1": 1.69150806629119632162883135606534779071807861328125,
    "2": 8.36437716450063106776724453084170818328857421875,
    "3": 4.1196336965145388120390634867362678050994873046875,
    "4": 8.0167993166788757974927648319862782955169677734375,
    "5": 16.87819232061817587009500130079686641693115234375,
    "6": 0.022150635713489297273781630792655050754547119140625,
    "7": 6.46323355903643204101172159425914287567138671875,
    "8": 0.7242270434263586853518290809006430208683013916015625,
    "9": 9.783050974796953624945672345347702503204345703125,
    "10": 7.001456912331359916379369678907096385955810546875,
    "11": 4.331046574915195179755755816586315631866455078125
  },
  "setupType": "National Bidder Setup",
  "population": 0,
  "id": 6,
  "worldId": 877,
  "setup": {
    "lowNationalValueInterval": {
      "minValue": 0.0,
      "maxValue": 10.0
    },
    "highNationalValueInterval": {
      "minValue": 0.0,
      "maxValue": 20.0
    },
    "regionalValueInterval": {
      "minValue": 0.0,
      "maxValue": 0.0
    },
    "setupName": "National Bidder Setup",
    "numberOfBidders": 1
  },
  "implementation": "org.spectrumauctions.sats.core.model.gsvm.GSVMBidder"
}