{
  "bidderPosition": 3,
  "values": {
    "16": 6.24533678403586378635736764408648014068603515625,
    "6": 25.7804628683291667812227387912571430206298828125,
    "7": 29.3398047622067252859778818674385547637939453125,
    "8": 4.718389758071428019547965959645807743072509765625,
    "9": 8.669889817108970220260744099505245685577392578125,
    "15": 10.230583937788839676841234904713928699493408203125
  },
  "setupType": "Regional Bidder Setup",
  "population": 0,
  "id": 3,
  "worldId": 877,
  "setup": {
    "lowNationalValueInterval": {
      "minValue": 0.0,
      "maxValue": 20.0
    },
    "highNationalValueInterval": {
      "minValue": 0.0,
      "maxValue": 40.0
    },
    "regionalValueInterval": {
      "minValue": 0.0,
      "maxValue": 20.0
    },
    "setupName": "Regional Bidder Setup",
    "numberOfBidders": 6
  },
  "implementation": "org.spectrumauctions.sats.core.model.gsvm.GSVMBidder"
}