{
  "bidderPosition": 5,
  "values": {
    "0": 11.72465809221984756050005671568214893341064453125,
    "1": 8.04948985345797751733698532916605472564697265625,
    "17": 12.5835320175704463707688773865811526775360107421875,
    "10": 0.3248507111367704425219926633872091770172119140625,
    "11": 9.51612502553414429939948604442179203033447265625,
    "12": 15.178132219830370530644358950667083263397216796875
  },
  "setupType": "Regional Bidder Setup",
  "population": 0,
  "id": 5,
  "worldId": 877,
  "setup": {
    "lowNationalValueInterval": {
      "minValue": 0.0,
      "maxValue": 20.0
    },
    "highNationalValueInterval": {
      "minValue": 0.0,
      "maxValue": 40.0
    },
    "regionalValueInterval": {
      "minValue": 0.0,
      "maxValue": 20.0
    },
    "setupName": "Regional Bidder Setup",
    "numberOfBidders": 6
  },
  "implementation": "org.spectrumauctions.sats.core.model.gsvm.GSVMBidder"
}