{
  "gammaValues": {
    "1": 0.98694,
    "2": 0.94776
  },
  "alpha": 840.397290986065172546659596264362335205078125,
  "beta": {
    "0": 0.218119020217797332517051245304173789918422698974609375,
    "1": 0.1218366479022896797790309619813342578709125518798828125,
    "2": 0.1963892025639257521429925645861658267676830291748046875,
    "3": 0.1808710390543672719143586391510325483977794647216796875,
    "4": 0.1322489986857824095789482043983298353850841522216796875,
    "5": 0.1810395009054554804617254148979554884135723114013671875,
    "6": 0.136101429813792196288346758592524565756320953369140625,
    "7": 0.126988539146486612008146721564116887748241424560546875,
    "8": 0.174433326584786996260589830853859893977642059326171875,
    "9": 0.18464978053634595323018174894968979060649871826171875,
    "10": 0.153742285761475139249654375817044638097286224365234375,
    "11": 0.08053544840466654586297323703547590412199497222900390625,
    "12": 0.1472135642847152425805035136363585479557514190673828125,
    "13": 0.10272630948625671720719765289686620235443115234375
  },
  "zLow": {
    "0": 0.000001430255996,
    "1": 0.000001241106936,
    "2": 0.000001090712412,
    "3": 5.320769917E-7,
    "4": 2.136441529E-7,
    "5": 3.778169697E-7,
    "6": 0.000006200625138,
    "7": 1.253054889E-7,
    "8": 0.000001190702819,
    "9": 7.197208548E-7,
    "10": 5.071877768E-7,
    "11": 2.732240870E-7,
    "12": 2.479074102E-7,
    "13": 0.00001494010357
  },
  "zHigh": {
    "0": 0.000074104283525221193930830876772159317496416723297716610223658990110493346234194479456526128597430616936437448031431,
    "1": 0.0000523544389314927259165059061514467509598403747581812673709167390795993709507665119328747683966304863789201352433771,
    "2": 0.0000541417864256304637915418568421121149043287731940633953861287450458752548781373073948609265349191649644838992830849,
    "3": 0.0000255860415849247623546685714864244321596137906931333626045152455053423791689097117475281281490540296577056598804270,
    "4": 0.0000092347471143490877246869824000530854944355873716842359736978721247363945763533520762573543745613771472982042763358,
    "5": 0.0000181744886514903866934943278937105733717463276307831719055914734918651503890555372852041093875288397049966278076653,
    "6": 0.000270410148827573651941006910298125018188837034344292087877958546960365189878693287678840787173915736293338871967592,
    "7": 0.000005350400761076482755912140218733225826792403052249842766894218100087923579443755558092679048073947032306981731402,
    "8": 0.000056490909897932484162534993923540692344731991051362149174378470873286118452337925778750135959826549495341779493471,
    "9": 0.00003488125543155388958981640354114253367819636153413567520805347911734053157459292502200406773822487470200329117789,
    "10": 0.000023013254114916637493154655788402211589912767108732325818138129060786496158195967075346142884056578815678991134560,
    "11": 0.00001039714504578899851624887729170148119830240918915713467654886027410967453642109464859451186989368814333439569552010,
    "12": 0.0000110867556483433613028751517109629576748394997384040089974777990392913097524114599101814998162193031314238540859141,
    "13": 0.00060167727710678797479285114400782012157475865229733684305336623257871455275449528744388847016112142143393607317
  },
  "setupType": "Multi Region Model National Bidder",
  "population": 0,
  "id": 9,
  "worldId": 284,
  "setup": {
    "bInterval": {
      "minValue": 0.1,
      "maxValue": 0.3
    },
    "kMax": 2.0,
    "alphaInterval": {
      "minValue": 700.0,
      "maxValue": 1200.0
    },
    "betaInterval": {
      "minValue": 0.08,
      "maxValue": 0.22
    },
    "setupName": "Multi Region Model National Bidder",
    "numberOfBidders": 3
  },
  "implementation": "org.spectrumauctions.sats.core.model.mrvm.MRVMNationalBidder"
}