{
  "homeId": 5,
  "distanceDiscounts": {
    "0": 1,
    "1": 0.42045,
    "2": 0.17678,
    "3": 0.07433,
    "4": 0.03125,
    "5": 0.01314,
    "6": 0.00552,
    "7": 0.00232
  },
  "alpha": 547.1070229590740154890227131545543670654296875,
  "beta": {
    "0": 0.045662009486239239774985065878354362212121486663818359375,
    "1": 0.09844025276153904602249866684360313229262828826904296875,
    "2": 0.045799180990559816561979999960385612212121486663818359375,
    "3": 0.091484836617697851135488917861948721110820770263671875,
    "4": 0.08586691706407501012421334962709806859493255615234375,
    "5": 0.09155920848902500408517113328343839384615421295166015625,
    "6": 0.059320492362236076910875226531061343848705291748046875,
    "7": 0.05365731736844554788934402722588856704533100128173828125,
    "8": 0.059574618465708238657096984525196603499352931976318359375,
    "9": 0.07321595364193371480165950515583972446620464324951171875,
    "10": 0.05292387841800227921140731268678791821002960205078125,
    "11": 0.0900310756656687305454767056289711035788059234619140625,
    "12": 0.06807408197472131217153901161509566009044647216796875,
    "13": 0.08594892764857504918740715993408230133354663848876953125
  },
  "zLow": {
    "0": 0.000006832069811,
    "1": 0.000001536082085,
    "2": 0.000004677029941,
    "3": 0.000001051948300,
    "4": 3.290466953E-7,
    "5": 7.470553400E-7,
    "6": 0.00001422634765,
    "7": 2.965552837E-7,
    "8": 0.000003486354742,
    "9": 0.000001815127596,
    "10": 0.000001473365340,
    "11": 2.444069917E-7,
    "12": 5.361120179E-7,
    "13": 0.00001785643806
  },
  "zHigh": {
    "0": 0.000236158697954854202892943679020855955455777704295012317340193631110172592653435430034222627499348912914750503549546552,
    "1": 0.00006120369341565571179027418416765623926751073091389338216122469398273776669548276333954423715909226569222690252892340,
    "2": 0.000161731312298050834206942021425858010479869934371457941655994963362768616055605267128220242499591992122881379406478695,
    "3": 0.000041182180830231158936019585949820581271213501942177846023918873999945928749650071673953543029159707608366788919554,
    "4": 0.00001269682338569868081328593246930393402747920052737251731589756990609054243950124203802973645193164772225430105231,
    "5": 0.00002925163975914220815067247673869272431964075698523851088616788139055372354881007767729211267082305319068379500073782,
    "6": 0.000511181824127494193050227261149543678252626857451282379130547163973579937320500438828892752519537707941017148042710,
    "7": 0.00001048789460536074194771693012533039015795739429430556701419886201419611585661735864517616972116312128687197178139115,
    "8": 0.000125360467588622685511503258077718911731218437279684743818790568015326217363609875777627167913092946036498041188033283,
    "9": 0.00006774345765151544046644562975434728809701527169177303872178431570760795415348574984762293115711264894321723377546032,
    "10": 0.00005199858100788065425489505536732864880947342282111975571851888540980984484167382362719295075807766517394310582492,
    "11": 0.0000095326321863323400564173617259452658644014031800132694221373938579492245741283328442736410519035689850647139244710,
    "12": 0.00001973289388201693497960077366390632077422211021626103993047166510091022370733247701332956706854532737780085607331,
    "13": 0.00068916731183558673922245920829584060196026618333601134759369544705560367463419593896424731934501130261119671124065425
  },
  "setupType": "Multi Region Model Regional Bidder",
  "population": 0,
  "id": 3,
  "worldId": 284,
  "setup": {
    "exponentFactor": 1.25,
    "base": 2.0,
    "alphaInterval": {
      "minValue": 500.0,
      "maxValue": 840.0
    },
    "betaInterval": {
      "minValue": 0.04,
      "maxValue": 0.1
    },
    "setupName": "Multi Region Model Regional Bidder",
    "numberOfBidders": 4
  },
  "implementation": "org.spectrumauctions.sats.core.model.mrvm.MRVMRegionalBidder"
}