{
  "bidderPosition": 4,
  "values": {
    "16": 6.6765128475944113262130485964007675647735595703125,
    "17": 0.082419800605044724051140292431227862834930419921875,
    "8": 10.671540936745859795564683736301958560943603515625,
    "9": 17.436357353225343302938199485652148723602294921875,
    "10": 9.808859716432881015180100803263485431671142578125,
    "11": 2.113363140567094955457605465198867022991180419921875
  },
  "setupType": "Regional Bidder Setup",
  "population": 0,
  "id": 4,
  "worldId": 545,
  "setup": {
    "lowNationalValueInterval": {
      "minValue": 0.0,
      "maxValue": 20.0
    },
    "highNationalValueInterval": {
      "minValue": 0.0,
      "maxValue": 40.0
    },
    "regionalValueInterval": {
      "minValue": 0.0,
      "maxValue": 20.0
    },
    "setupName": "Regional Bidder Setup",
    "numberOfBidders": 6
  },
  "implementation": "org.spectrumauctions.sats.core.model.gsvm.GSVMBidder"
}