{
  "bidderPosition": -1,
  "values": {
    "0": 7.205941204276722800159404869191348552703857421875,
    "1": 7.67226850097716184251339655020274221897125244140625,
    "2": 4.814889548350127057574354694224894046783447265625,
    "3": 6.791367054939911440669675357639789581298828125,
    "4": 10.5926554191167827667641176958568394184112548828125,
    "5": 12.6978130249839438192793750204145908355712890625,
    "6": 4.01456404887725160079980923910625278949737548828125,
    "7": 5.476797473218699252583974157460033893585205078125,
    "8": 8.7436284272526183514173681032843887805938720703125,
    "9": 9.368160278963760134729454875923693180084228515625,
    "10": 5.9525444856976346130750243901275098323822021484375,
    "11": 7.82464406274656187889604552765376865863800048828125
  },
  "setupType": "National Bidder Setup",
  "population": 0,
  "id": 6,
  "worldId": 874,
  "setup": {
    "lowNationalValueInterval": {
      "minValue": 0.0,
      "maxValue": 10.0
    },
    "highNationalValueInterval": {
      "minValue": 0.0,
      "maxValue": 20.0
    },
    "regionalValueInterval": {
      "minValue": 0.0,
      "maxValue": 0.0
    },
    "setupName": "National Bidder Setup",
    "numberOfBidders": 1
  },
  "implementation": "org.spectrumauctions.sats.core.model.gsvm.GSVMBidder"
}