{
  "bidderPosition": -1,
  "values": {
    "0": 1.259436038485353126503696330473758280277252197265625,
    "1": 3.517623662195472622471470458549447357654571533203125,
    "2": 0.471159796681186460176604668959043920040130615234375,
    "3": 2.78875462621633740667448364547453820705413818359375,
    "4": 13.336278113450294569020115886814892292022705078125,
    "5": 11.5667326713226952250579415704123675823211669921875,
    "6": 4.837581939646238282648482709191739559173583984375,
    "7": 1.99788850824754060653276610537432134151458740234375,
    "8": 3.4127151533553359286088380031287670135498046875,
    "9": 0.6694224498787904042984564512153156101703643798828125,
    "10": 9.7653811708334696817246367572806775569915771484375,
    "11": 9.378250896846363815484437509439885616302490234375
  },
  "setupType": "National Bidder Setup",
  "population": 0,
  "id": 6,
  "worldId": 1133,
  "setup": {
    "lowNationalValueInterval": {
      "minValue": 0.0,
      "maxValue": 10.0
    },
    "highNationalValueInterval": {
      "minValue": 0.0,
      "maxValue": 20.0
    },
    "regionalValueInterval": {
      "minValue": 0.0,
      "maxValue": 0.0
    },
    "setupName": "National Bidder Setup",
    "numberOfBidders": 1
  },
  "implementation": "org.spectrumauctions.sats.core.model.gsvm.GSVMBidder"
}