{
  "bidderPosition": 5,
  "values": {
    "0": 19.81418391733060246906461543403565883636474609375,
    "1": 11.7381982410116254555987325147725641727447509765625,
    "17": 6.3186534436272694392755511216819286346435546875,
    "10": 16.007991223910448042033749516122043132781982421875,
    "11": 17.653889866665377184062890592031180858612060546875,
    "12": 19.69963238886210632472284487448632717132568359375
  },
  "setupType": "Regional Bidder Setup",
  "population": 0,
  "id": 5,
  "worldId": 1133,
  "setup": {
    "lowNationalValueInterval": {
      "minValue": 0.0,
      "maxValue": 20.0
    },
    "highNationalValueInterval": {
      "minValue": 0.0,
      "maxValue": 40.0
    },
    "regionalValueInterval": {
      "minValue": 0.0,
      "maxValue": 20.0
    },
    "setupName": "Regional Bidder Setup",
    "numberOfBidders": 6
  },
  "implementation": "org.spectrumauctions.sats.core.model.gsvm.GSVMBidder"
}