{
  "bidderPosition": 0,
  "values": {
    "0": 0.628357065178495322044227577862329781055450439453125,
    "1": 11.699251831883582752880101907067000865936279296875,
    "2": 12.6334049698860635402297702967189252376556396484375,
    "3": 12.3852078676934969081457893480546772480010986328125,
    "12": 18.933860450011611220588747528381645679473876953125,
    "13": 13.4653260240601664321502539678476750850677490234375
  },
  "setupType": "Regional Bidder Setup",
  "population": 0,
  "id": 0,
  "worldId": 875,
  "setup": {
    "lowNationalValueInterval": {
      "minValue": 0.0,
      "maxValue": 20.0
    },
    "highNationalValueInterval": {
      "minValue": 0.0,
      "maxValue": 40.0
    },
    "regionalValueInterval": {
      "minValue": 0.0,
      "maxValue": 20.0
    },
    "setupName": "Regional Bidder Setup",
    "numberOfBidders": 6
  },
  "implementation": "org.spectrumauctions.sats.core.model.gsvm.GSVMBidder"
}