{
  "bidderPosition": -1,
  "values": {
    "0": 1.084619946872680262828225750126875936985015869140625,
    "1": 5.13683541808324317656797575182281434535980224609375,
    "2": 1.81788147406624744917280622757971286773681640625,
    "3": 3.292785517220540025817854257184080779552459716796875,
    "4": 19.103508680949563114381817285902798175811767578125,
    "5": 3.4526288942324701025654576369561254978179931640625,
    "6": 2.428910638971564228683064357028342783451080322265625,
    "7": 7.5271137723686099008091332507319748401641845703125,
    "8": 9.346276627943137071952151018194854259490966796875,
    "9": 3.83668863778941027220525938901118934154510498046875,
    "10": 0.645268740646252059178777926717884838581085205078125,
    "11": 9.600708787835852575653916574083268642425537109375
  },
  "setupType": "National Bidder Setup",
  "population": 0,
  "id": 6,
  "worldId": 875,
  "setup": {
    "lowNationalValueInterval": {
      "minValue": 0.0,
      "maxValue": 10.0
    },
    "highNationalValueInterval": {
      "minValue": 0.0,
      "maxValue": 20.0
    },
    "regionalValueInterval": {
      "minValue": 0.0,
      "maxValue": 0.0
    },
    "setupName": "National Bidder Setup",
    "numberOfBidders": 1
  },
  "implementation": "org.spectrumauctions.sats.core.model.gsvm.GSVMBidder"
}