{
  "bidderPosition": 1,
  "values": {
    "2": 10.9573352440388447348595946095883846282958984375,
    "3": 18.932137877602190911829893593676388263702392578125,
    "4": 4.603475745582432665514716063626110553741455078125,
    "5": 20.81962465235357484516498516313731670379638671875,
    "13": 7.397089369201001574083420564420521259307861328125,
    "14": 19.93850740602925242228593560867011547088623046875
  },
  "setupType": "Regional Bidder Setup",
  "population": 0,
  "id": 1,
  "worldId": 546,
  "setup": {
    "lowNationalValueInterval": {
      "minValue": 0.0,
      "maxValue": 20.0
    },
    "highNationalValueInterval": {
      "minValue": 0.0,
      "maxValue": 40.0
    },
    "regionalValueInterval": {
      "minValue": 0.0,
      "maxValue": 20.0
    },
    "setupName": "Regional Bidder Setup",
    "numberOfBidders": 6
  },
  "implementation": "org.spectrumauctions.sats.core.model.gsvm.GSVMBidder"
}