{
  "homeId": 13,
  "distanceDiscounts": {
    "0": 1,
    "1": 0.42045,
    "2": 0.17678,
    "3": 0.07433,
    "4": 0.03125,
    "5": 0.01314,
    "6": 0.00552,
    "7": 0.00232
  },
  "alpha": 680.723771836058631379273720085620880126953125,
  "beta": {
    "0": 0.0954124298754406019451579368251259438693523406982421875,
    "1": 0.073642077442165387868300285845180042088031768798828125,
    "2": 0.09513316882452349521059886683360673487186431884765625,
    "3": 0.059405595010845892167683501838837401010096073150634765625,
    "4": 0.042785591979238528359541504642038489691913127899169921875,
    "5": 0.0761521917769272527198864963793312199413776397705078125,
    "6": 0.08643329275572035619301658471158589236438274383544921875,
    "7": 0.05456481095881059173446914201122126542031764984130859375,
    "8": 0.04739874825597563401391454362965305335819721221923828125,
    "9": 0.044803867463496370449060890450709848664700984954833984375,
    "10": 0.0888210881944195562720523184907506220042705535888671875,
    "11": 0.09018454026756013430787817242162418551743030548095703125,
    "12": 0.044411060450440680014150274246276239864528179168701171875,
    "13": 0.07202151033215502262674334588155033998191356658935546875
  },
  "zLow": {
    "0": 0.000003140618672,
    "1": 0.000001972304484,
    "2": 0.000002162762089,
    "3": 0.000001556069578,
    "4": 6.343058369E-7,
    "5": 8.627505519E-7,
    "6": 0.000009378425988,
    "7": 2.801140008E-7,
    "8": 0.000004208998989,
    "9": 0.000002849116635,
    "10": 8.432548967E-7,
    "11": 2.343617963E-7,
    "12": 7.893307863E-7,
    "13": 0.00002046849536
  },
  "zHigh": {
    "0": 0.0001241839660203837802408086478229339168697213844778212823052088429129828769909432055056295743219604721462649816068261,
    "1": 0.000073693594463191338036824178527120493071940824918126766584818306931368110873593702982247191309478143185595861237849,
    "2": 0.00008545790372937510166571515271496254697049942310798444138949259437059070230637946789810009024684275889570677222809,
    "3": 0.000055926011235374064042613258105404987472834510567899295288527937082520129395970304990302529985941950845478211666656587,
    "4": 0.000021743090176982035009383813316497491460495705500376842920306249025110279079713092168279056871676031658085491427234237,
    "5": 0.0000324525511042907542381982765298551668047506548302507619036483826899242440901327667798180826740671338574668237628250,
    "6": 0.00036241360352496672685546246079803166887555500108269770943377721176027981832255278741140836442468827196497260349135923,
    "7": 0.00000993185677359832139492577892734886347791609385565372339230249956452583134223882819106765859739393661413940568902743,
    "8": 0.00014622009798760758561520521264669323891067245901175672548792523520090080306810790330083124484586845584353208619696298,
    "9": 0.000098238643426100710186027104463539486953925557024322548244399084295694678437926567287248135909977806806195461082410116,
    "10": 0.0000327875286549759647572742372963424968486153677077622582848684768865040318225379966017349978193920193219169127968880,
    "11": 0.00000914443497319944875572730651482799207743098189433085466974863016581081336002912226570355104025042593645004035524592,
    "12": 0.000027185425314987472011636762673494380244660162837135471086832638747316477372611493643423634666005926559163243796974843,
    "13": 0.00076147205562400389979978685940460014003552974845655670537075920988189801414869445938039953019672252730138749388299982
  },
  "setupType": "Multi Region Model Regional Bidder",
  "population": 0,
  "id": 4,
  "worldId": 293,
  "setup": {
    "exponentFactor": 1.25,
    "base": 2.0,
    "alphaInterval": {
      "minValue": 500.0,
      "maxValue": 840.0
    },
    "betaInterval": {
      "minValue": 0.04,
      "maxValue": 0.1
    },
    "setupName": "Multi Region Model Regional Bidder",
    "numberOfBidders": 4
  },
  "implementation": "org.spectrumauctions.sats.core.model.mrvm.MRVMRegionalBidder"
}