{
  "regionsOfInterest": [
    3,
    6,
    7,
    10,
    12
  ],
  "alpha": 82.268458857749152457472519017755985260009765625,
  "beta": {
    "0": 0.05712106389476583057085434802502277307212352752685546875,
    "1": 0.057628374952715881451847934613397228531539440155029296875,
    "2": 0.0964570550180117447514049899837118573486804962158203125,
    "3": 0.051317776067001330542183268335065804421901702880859375,
    "4": 0.0723848235237084802751184042790555395185947418212890625,
    "5": 0.050396699066710355652265462822469999082386493682861328125,
    "6": 0.0701994130546721162300372043318930082023143768310546875,
    "7": 0.10375509769319395114717252681657555513083934783935546875,
    "8": 0.07169549883557403691103360188208171166479587554931640625,
    "9": 0.106808533049569776007814425611286424100399017333984375,
    "10": 0.07573558658470559701303415067741298116743564605712890625,
    "11": 0.058474818216083503108482233301401720382273197174072265625,
    "12": 0.06197298949922658284350518442806787788867950439453125,
    "13": 0.0833537021149799439712069215602241456508636474609375
  },
  "zLow": {
    "0": 0.000005245946738,
    "1": 0.000002520366047,
    "2": 0.000002133077885,
    "3": 0.000001801310311,
    "4": 3.749287407E-7,
    "5": 0.000001303663667,
    "6": 0.00001154722246,
    "7": 1.473119668E-7,
    "8": 0.000002782619366,
    "9": 0.000001195142752,
    "10": 9.889514418E-7,
    "11": 3.614515017E-7,
    "12": 5.656499315E-7,
    "13": 0.00001768574056
  },
  "zHigh": {
    "0": 0.00018734380798889304951727747562703020421379186144304382151547891353135322540088215954311691038681066770791770657592433,
    "1": 0.000090135441337873698330490868647121473136773195753833527700467614147786644832232947812427376140473361984222131305185757,
    "2": 0.0000845673776187453242596189412901741675658362390135445399623767760137119353921448050040533523973954499017930476031930,
    "3": 0.000063283233218160247333419800115064399875276147315901685198845889150276666426302745707634869953295829041183016911005,
    "4": 0.0000139617772911977049302673546406610726616721165991194288162728629830099993335640618391826787884580616547593238530074,
    "5": 0.000045679944541325553999776045194229734496840991739883179959852375393675905631486953295327778670747348058443275425375461,
    "6": 0.0004274774976414850169414801863976679635309297028529116782539706180605745524929783772700004334490083949601686792584960,
    "7": 0.00000594779575200620444198339203330276479426451063449737426396711724432415817708888803146483137813406062727113107256583,
    "8": 0.00010342870929604786047830858800494207927669494207220627886379657158476329673864936101293953924757870513955220637448357,
    "9": 0.000048619426946791187647957298984443252474531408063462980805870742205088932045828707342480152572669437999310166593093,
    "10": 0.00003715842500849220843151919810458774194401051291417900378019137124148840957367877425029406901872698181165210436063128,
    "11": 0.000012957126134507806759635803773807402306257581017522284936306750047001704272324450713292252600128668274139053574917175,
    "12": 0.00002047499967145978947822184231010898930556040095748540406895562873959920246370293459492152228844351593598223596829,
    "13": 0.0006779894115477389064651239426981865618135021594633209855660286737378177997294052234900637042404439052154042899245
  },
  "setupType": "Multi Region Model Local Bidder",
  "population": 0,
  "id": 0,
  "worldId": 293,
  "setup": {
    "numberOfRegionsInterval": {
      "minValue": 3,
      "maxValue": 7
    },
    "alphaInterval": {
      "minValue": 60.0,
      "maxValue": 100.0
    },
    "betaInterval": {
      "minValue": 0.05,
      "maxValue": 0.12
    },
    "setupName": "Multi Region Model Local Bidder",
    "numberOfBidders": 3
  },
  "implementation": "org.spectrumauctions.sats.core.model.mrvm.MRVMLocalBidder"
}