{
  "homeId": 8,
  "distanceDiscounts": {
    "0": 1,
    "1": 0.42045,
    "2": 0.17678,
    "3": 0.07433,
    "4": 0.03125,
    "5": 0.01314,
    "6": 0.00552,
    "7": 0.00232
  },
  "alpha": 695.960432345656954566948115825653076171875,
  "beta": {
    "0": 0.06447508736607028556608867120303330011665821075439453125,
    "1": 0.0899117784441676726192582691510324366390705108642578125,
    "2": 0.0718392806538490358292392556904815137386322021484375,
    "3": 0.0765288059195954606384049156986293382942676544189453125,
    "4": 0.0905277998150454676906662143665016628801822662353515625,
    "5": 0.052942327829249354043117392620843020267784595489501953125,
    "6": 0.0739870646673360943257335975431487895548343658447265625,
    "7": 0.05959713543701612714631465905767981894314289093017578125,
    "8": 0.056276588330228090317763900429781642742455005645751953125,
    "9": 0.04273825130255291815384310893932706676423549652099609375,
    "10": 0.04054012287006562853530766687981667928397655487060546875,
    "11": 0.07240474518775297241290900274179875850677490234375,
    "12": 0.04270147845760784155455525024080998264253139495849609375,
    "13": 0.0822715105762876763861868312233127653598785400390625
  },
  "zLow": {
    "0": 0.000004647594459,
    "1": 0.000001615412375,
    "2": 0.000002864037738,
    "3": 0.000001207901235,
    "4": 2.997880296E-7,
    "5": 0.000001240979538,
    "6": 0.00001095608054,
    "7": 2.564614455E-7,
    "8": 0.000003545013822,
    "9": 0.000002986819540,
    "10": 0.000001847523201,
    "11": 2.919119569E-7,
    "12": 8.209321675E-7,
    "13": 0.00001791837709
  },
  "zHigh": {
    "0": 0.00016939323963301733376568211544028401470014909587388963242965139604028154182765735957026776253259238466701948339252527,
    "1": 0.0000629868311926723248123317033230323091273442549030872856014109946583136985984693847797183028245249276899740534433468,
    "2": 0.0001064961732228860174340069494781106028268540065671986091099729956724495254626005096593580429909278263701043330998,
    "3": 0.0000454809609398106047874991691412924586193708602255675123615721446263172204010030951448048620127897350342594189521955,
    "4": 0.0000117075559582980235658908029405604668064015100786930693437361427265897013723209194898584390372733190017391229613813,
    "5": 0.000043799420660698554036516100113974302159534247394368791863269866161014173353065770693619971497455632605279088334432149,
    "6": 0.0004097432399187281565898373565057880534411839705824838205346272844275384221264461796552690063081783733424105615504220,
    "7": 0.00000922228011399263560319796049906998326571100836046409825115182106778689461488182998755932860977251756193215472311754,
    "8": 0.000126300542983795665113723766937364236549427694095108625549654373768739681219227176709817908295727449740822418274661006,
    "9": 0.00010236973057935843322188446135685897358667412304616664651964982744284008606896902097894122399329123666408125100735372,
    "10": 0.00006291557776550360183033888419313712045572795784947958893352052553031224220238729322636764559396926209840269829754089,
    "11": 0.00001087093979052511477957246160251860490474420046850691571820058144761015890533652350254687501721352935535321134,
    "12": 0.00002813346675104043239773603478734092465674438503636861689591149167944349897507864724990585694241144282810672300057112,
    "13": 0.0006849685074634862362285499814405455735661510082191914151802180596853639993062875235072145268486871315270406121120
  },
  "setupType": "Multi Region Model Regional Bidder",
  "population": 0,
  "id": 3,
  "worldId": 293,
  "setup": {
    "exponentFactor": 1.25,
    "base": 2.0,
    "alphaInterval": {
      "minValue": 500.0,
      "maxValue": 840.0
    },
    "betaInterval": {
      "minValue": 0.04,
      "maxValue": 0.1
    },
    "setupName": "Multi Region Model Regional Bidder",
    "numberOfBidders": 4
  },
  "implementation": "org.spectrumauctions.sats.core.model.mrvm.MRVMRegionalBidder"
}