{
  "gammaValues": {
    "1": 0.93369,
    "2": 0.73475
  },
  "alpha": 821.6417353570144541663466952741146087646484375,
  "beta": {
    "0": 0.205227709096745425387808836603653617203235626220703125,
    "1": 0.1055130873736367380644196600769646465778350830078125,
    "2": 0.2029780217544427944886820114334113895893096923828125,
    "3": 0.128195960421512100690932811630773358047008514404296875,
    "4": 0.117971925914814146363340796597185544669628143310546875,
    "5": 0.1129658747750503788864762100274674594402313232421875,
    "6": 0.181761726890590058491881109148380346596240997314453125,
    "7": 0.215528057585146093355632501697982661426067352294921875,
    "8": 0.12081446359543850099793615981980110518634319305419921875,
    "9": 0.09929627830548952427403008869077893905341625213623046875,
    "10": 0.155245310527507396347601797970128245651721954345703125,
    "11": 0.1133816529935927353012203866455820389091968536376953125,
    "12": 0.1539800892983990976414787610337953083217144012451171875,
    "13": 0.199785821935013763184230128899798728525638580322265625
  },
  "zLow": {
    "0": 0.000001460105266,
    "1": 0.000001376555299,
    "2": 0.000001013658568,
    "3": 7.210776286E-7,
    "4": 2.300475348E-7,
    "5": 5.815946242E-7,
    "6": 0.000004459730070,
    "7": 7.091590613E-8,
    "8": 0.000001651302978,
    "9": 0.000001285561214,
    "10": 4.824546217E-7,
    "11": 1.864129716E-7,
    "12": 2.276594164E-7,
    "13": 0.000007378761593
  },
  "zHigh": {
    "0": 0.000073768563852522845698456441610987860551739992469483152475539381838687286907922872873677349926784849874225604855206,
    "1": 0.0000558211189195383208028760372317973828200002430471787504601218414806625108483377393493677098610115505659276416046,
    "2": 0.0000509847981241417068027715904956218408891408086517385043503857758956750058242799737793858710746384594023100346364,
    "3": 0.000030876252767854836393873310576334988738480192210803340095706816716414489743839678071160802309299074393454989578485,
    "4": 0.000009615341114349837720788152744495582007629871970494368330865450229467545752082226927906649974168149360020568964417,
    "5": 0.0000240178732727061211432289651771944694770279303715435301141056543841268161487845776960273591922590072917053619895,
    "6": 0.000214852725994669992631813732006403028417415549625619919724034644888419869794653263896202220391285533832973692935057,
    "7": 0.000003655913933854668341683337669642157403027531840689034823205999462327884063207548599913346097730261196435644670317,
    "8": 0.00006948921766625722683498174023038185880757098256917495156607618706218604337926432921523714045946570842882090064949246,
    "9": 0.00005133198081799821294756072560494996884281831627218720986420453715804061549362433913510889848677272923766131888896137,
    "10": 0.000021963520403178259862433002051668646704192772816003235651870111657277620166714841423254225208949169233860337268182,
    "11": 0.0000077059702313919095014534903810084330860807247587195123826586129473880377642459872625026763401642956482078513832296,
    "12": 0.0000103352842181322446819276283428909172123598928348952219391049662809188038293389480791106067049651829980407891522041,
    "13": 0.000368780042757682575788504090932082458988260168582101123869793148456995839818271961259725391324184105291798242531178
  },
  "setupType": "Multi Region Model National Bidder",
  "population": 0,
  "id": 7,
  "worldId": 293,
  "setup": {
    "bInterval": {
      "minValue": 0.1,
      "maxValue": 0.3
    },
    "kMax": 2.0,
    "alphaInterval": {
      "minValue": 700.0,
      "maxValue": 1200.0
    },
    "betaInterval": {
      "minValue": 0.08,
      "maxValue": 0.22
    },
    "setupName": "Multi Region Model National Bidder",
    "numberOfBidders": 3
  },
  "implementation": "org.spectrumauctions.sats.core.model.mrvm.MRVMNationalBidder"
}