{
  "homeId": 4,
  "distanceDiscounts": {
    "0": 1,
    "1": 0.42045,
    "2": 0.17678,
    "3": 0.07433,
    "4": 0.03125,
    "5": 0.01314,
    "6": 0.00552,
    "7": 0.00232
  },
  "alpha": 520.55384172944422971340827643871307373046875,
  "beta": {
    "0": 0.0727596366506919611794046431896276772022247314453125,
    "1": 0.0477749326336555923955273783576558344066143035888671875,
    "2": 0.09135710035024822983640291340634576044976711273193359375,
    "3": 0.07254189350331093077972610672077280469238758087158203125,
    "4": 0.0530402663740910107481596469369833357632160186767578125,
    "5": 0.0726427089335020814697685409555560909211635589599609375,
    "6": 0.073375973789452209050665487666265107691287994384765625,
    "7": 0.0867031257957917300682737504757824353873729705810546875,
    "8": 0.06156662157661418888210391742177307605743408203125,
    "9": 0.0802813504587686355140618843506672419607639312744140625,
    "10": 0.079529528413134265019124313766951672732830047607421875,
    "11": 0.0947303039392788093220332257260452024638652801513671875,
    "12": 0.04999718290638162365713270673950319178402423858642578125,
    "13": 0.044871808580651928455296229003579355776309967041015625
  },
  "zLow": {
    "0": 0.000004118410599,
    "1": 0.000003040184288,
    "2": 0.000002252155663,
    "3": 0.000001274287652,
    "4": 5.116707095E-7,
    "5": 9.044313800E-7,
    "6": 0.00001104732513,
    "7": 1.762839271E-7,
    "8": 0.000003240413041,
    "9": 0.000001590051031,
    "10": 9.417736914E-7,
    "11": 2.231156238E-7,
    "12": 7.011398489E-7,
    "13": 0.00003285296485
  },
  "zHigh": {
    "0": 0.0001535177238445764252962876073988656609611169451804937338922232283734335832761289257265646115418785082984255419349,
    "1": 0.0001057299885762631540057662069966231952205825265504584803434891512186090370150261698997125669751827632938583716820280,
    "2": 0.00008813971095848285208245172504554630919242341436625286773223845088926227338887643623133499064917075608472534078289583,
    "3": 0.00004747255346484997410190053877266997042058163390588598923448933865133503848031239027587884361838812788269170851606635,
    "4": 0.0000180640363554262128885100581107860733516967025298090551949555634410270010988516744439502049469082406121273124138634,
    "5": 0.0000337029759457090787753235788881817550953501939094089352104543967012678683648424692857557709935347551486975898259040,
    "6": 0.000412480577711721069488945464824495475111509658964837865598749978733795851782030243335904859427722167065147645081906,
    "7": 0.0000068169545604725236617098697290236964136245486451722737620567051071436748812479742715750239418514272635676877779399,
    "8": 0.00011716251957434308713928521064620935762824800100337201182202351678566579126684811929477600711734549158417401746,
    "9": 0.0000604666753325168202500914060934509201918064628134943463953834329898410893229100837162006879150298466497713769911764,
    "10": 0.000035743092496345455092995848742623553177132841160854712926672896052183715192880038740372378661116218346320167957882,
    "11": 0.0000088070497980657231154435985817199163233611425896967385088536365530612918764717829700455067417477140758753181108982,
    "12": 0.00002453969719145894982704168957814921713154894806512930525208459138767304301819185393300924537452819354928646214456103,
    "13": 0.001133006140234045591731506562045820902543974666435339717829700628112886424511821335023672701118529634481897562079518
  },
  "setupType": "Multi Region Model Regional Bidder",
  "population": 0,
  "id": 6,
  "worldId": 293,
  "setup": {
    "exponentFactor": 1.25,
    "base": 2.0,
    "alphaInterval": {
      "minValue": 500.0,
      "maxValue": 840.0
    },
    "betaInterval": {
      "minValue": 0.04,
      "maxValue": 0.1
    },
    "setupName": "Multi Region Model Regional Bidder",
    "numberOfBidders": 4
  },
  "implementation": "org.spectrumauctions.sats.core.model.mrvm.MRVMRegionalBidder"
}