{
  "gammaValues": {
    "1": 0.94300,
    "2": 0.77200
  },
  "alpha": 757.757427552613307852880097925662994384765625,
  "beta": {
    "0": 0.216052044593928849192110419608070515096187591552734375,
    "1": 0.1352694029493658745000317367157549597322940826416015625,
    "2": 0.1345994826332953808734060885399230755865573883056640625,
    "3": 0.15250531054922522589123445868608541786670684814453125,
    "4": 0.133076069564177557058570755543769337236881256103515625,
    "5": 0.0880921372835774818543796982339699752628803253173828125,
    "6": 0.198390104852954107794715810086927376687526702880859375,
    "7": 0.1907722644625702013154722180843236856162548065185546875,
    "8": 0.1218082396701003489170034299604594707489013671875,
    "9": 0.1254096460974196969306859728021663613617420196533203125,
    "10": 0.107871965004311898272959524547331966459751129150390625,
    "11": 0.1369390834668172962640397827271954156458377838134765625,
    "12": 0.18740472085554704673171499962336383759975433349609375,
    "13": 0.1116460897064843749149076757021248340606689453125
  },
  "zLow": {
    "0": 0.000001386953127,
    "1": 0.000001073743185,
    "2": 0.000001528612197,
    "3": 6.061378374E-7,
    "4": 2.039371227E-7,
    "5": 7.458139570E-7,
    "6": 0.000004085930796,
    "7": 8.011839427E-8,
    "8": 0.000001637830774,
    "9": 0.000001017875802,
    "10": 6.943307054E-7,
    "11": 1.543446204E-7,
    "12": 1.870551452E-7,
    "13": 0.00001320397297
  },
  "zHigh": {
    "0": 0.000071573999673939052230235088466825922309814145101369576792638582936847659867637492535038888189276297016020163182206,
    "1": 0.0000467367554962689578915883807839355891384680435866024473124934427040149333869205208681739069925145224273906588016594,
    "2": 0.0000664334069942414124277495604634254753564152269326206815156102286360149717387459496545620810480548383549982238293679,
    "3": 0.00002742805903395863581781506376148282267440109968680922231681872780898799122214118104830635331610126572937991951974,
    "4": 0.000008832028752749567471729622384385730426918991208630373920188809442076831334945997210248144897767521032915922767981,
    "5": 0.0000289444532560091285482703894952904052759612019727355169734139992528532941796113809055155977125060112626719167069792,
    "6": 0.000203638747767139532576608953065246078489601507017173890099142213588099556731988516271450709314133883394504170744617,
    "7": 0.0000039319885780657519914595903662147026739765442814687036787201919594467205333600974065581975828448990903855002021611,
    "8": 0.0000690850515617171708527462780793757631735776501010631891199530336282481321923431185769342203001113418010590606,
    "9": 0.0000433014184558328363942219618611058201375610708088841791218764889054765282849242044046295966679640748067001938907056,
    "10": 0.000028319802914960531730181466423107754369362081239129404697905544499878167364226246769393615154064923159111261397765,
    "11": 0.0000067439196965532465755334800883452191374921978637068868157577740251053122944035564488424290698553538077469768894082,
    "12": 0.00000911715608157256354607782877822588759011120339139171105433308478135808529045582935282755748007471991463623161857,
    "13": 0.0005435363838048300222781096962614352377660549810422978913464627285866169224108990541646059730126562357660134283
  },
  "setupType": "Multi Region Model National Bidder",
  "population": 0,
  "id": 9,
  "worldId": 293,
  "setup": {
    "bInterval": {
      "minValue": 0.1,
      "maxValue": 0.3
    },
    "kMax": 2.0,
    "alphaInterval": {
      "minValue": 700.0,
      "maxValue": 1200.0
    },
    "betaInterval": {
      "minValue": 0.08,
      "maxValue": 0.22
    },
    "setupName": "Multi Region Model National Bidder",
    "numberOfBidders": 3
  },
  "implementation": "org.spectrumauctions.sats.core.model.mrvm.MRVMNationalBidder"
}