{
  "homeId": 10,
  "distanceDiscounts": {
    "0": 1,
    "1": 0.42045,
    "2": 0.17678,
    "3": 0.07433,
    "4": 0.03125,
    "5": 0.01314,
    "6": 0.00552,
    "7": 0.00232
  },
  "alpha": 655.646200680183028453029692173004150390625,
  "beta": {
    "0": 0.07792192867803837685869439155794680118560791015625,
    "1": 0.09590429345826978480005209348746575415134429931640625,
    "2": 0.04044875790934633619233551371507928706705570220947265625,
    "3": 0.08001644430014120956684564589522778987884521484375,
    "4": 0.076492586124766226429727566937799565494060516357421875,
    "5": 0.06430996523118615026959332681144587695598602294921875,
    "6": 0.0684997073825743540975707901452551595866680145263671875,
    "7": 0.068902191870913842564050355576910078525543212890625,
    "8": 0.0875107191485196000968471707892604172229766845703125,
    "9": 0.043310614193002701377555041517553036101162433624267578125,
    "10": 0.049000457684152724791015742766830953769385814666748046875,
    "11": 0.058688171645918461860613746239323518238961696624755859375,
    "12": 0.0928008944552181080922537148580886423587799072265625,
    "13": 0.09173274557329995360088759071004460565745830535888671875
  },
  "zLow": {
    "0": 0.000003845567787,
    "1": 0.000001514474424,
    "2": 0.000005086692930,
    "3": 0.000001155253023,
    "4": 3.547945246E-7,
    "5": 0.000001021619982,
    "6": 0.00001183374748,
    "7": 2.218270143E-7,
    "8": 0.000002279735390,
    "9": 0.000002947347814,
    "10": 0.000001528533020,
    "11": 3.601374904E-7,
    "12": 3.777443900E-7,
    "13": 0.00001607029138
  },
  "zHigh": {
    "0": 0.00014533243946018356596282909754806905047198572773702229446954290440019844450345127652397504927268907133807616523,
    "1": 0.00005995869265160763869198974729625661954270697892530778033645246374691377046659944054861233666494387685729781074712,
    "2": 0.00017317582896488382061872265840944179419049478304503445698382499550964037101552170403578480295521425357179880219916671,
    "3": 0.00004390151458676451106433456508124247667277886913153850382901523546367495915296294382498399997300967087968042207,
    "4": 0.000013357750808307035742436863063237365956557329749704848677680619410843760300678212129818592649140369570509960270246,
    "5": 0.00003721863398941778002769646327255465453234122574278196141577883212502452076025002736704243863101194578890759902452,
    "6": 0.0004360732480143107117417983944295018048015863553687427565209821591948940647365998761525943930071093542223615469028738,
    "7": 0.000008183247178294833776616294076000107560462058410057236949453829302467323402113080363160799354753923156393609084,
    "8": 0.0000883421900444151764504255593807969041636138779195859892418378138697900578894581332745967660148689284311063958950,
    "9": 0.000101185578821285949097728336288927048845058796430764275753689743366044661200719433053135433433088078023222641138763904,
    "10": 0.000053345872344033715297609768744109127743565449624087006632803418272554140628628718265925807280065039442580875262524190,
    "11": 0.000012917705797105099998928226787728422164881362808209645990279180137423620622450601787507498513667858021087608673819855,
    "12": 0.0000148378334257126115369726960365291843036690886257966816016235122665776048800854953295865281035855760584131585195,
    "13": 0.00062952593612578748651976024309116173068696502890463109688341024894736779980918539942269765597497585474428270167033537
  },
  "setupType": "Multi Region Model Regional Bidder",
  "population": 0,
  "id": 5,
  "worldId": 293,
  "setup": {
    "exponentFactor": 1.25,
    "base": 2.0,
    "alphaInterval": {
      "minValue": 500.0,
      "maxValue": 840.0
    },
    "betaInterval": {
      "minValue": 0.04,
      "maxValue": 0.1
    },
    "setupName": "Multi Region Model Regional Bidder",
    "numberOfBidders": 4
  },
  "implementation": "org.spectrumauctions.sats.core.model.mrvm.MRVMRegionalBidder"
}