{
  "regionsOfInterest": [
    0,
    1,
    6,
    8,
    10
  ],
  "alpha": 98.335636209555303821616689674556255340576171875,
  "beta": {
    "0": 0.1158799177513880340750773711988586001098155975341796875,
    "1": 0.096529205566886544520599500174284912645816802978515625,
    "2": 0.0822627055343552460175970963973668403923511505126953125,
    "3": 0.054547640318632593936509778131949133239686489105224609375,
    "4": 0.1014833417748099708699527354838210158050060272216796875,
    "5": 0.067260307009855468951542434297152794897556304931640625,
    "6": 0.10492579802295598501160611704108305275440216064453125,
    "7": 0.10182815139550820127123387237588758580386638641357421875,
    "8": 0.088585513782210190125709914354956708848476409912109375,
    "9": 0.096117259903836849144198595240595750510692596435546875,
    "10": 0.074909722808731815657523611662327311933040618896484375,
    "11": 0.0851636152420886249903020370766171254217624664306640625,
    "12": 0.0885169136638473130762605478594196029007434844970703125,
    "13": 0.082065224384721358052985351605457253754138946533203125
  },
  "zLow": {
    "0": 0.000002585901549,
    "1": 0.000001504669998,
    "2": 0.000002501138390,
    "3": 0.000001694651476,
    "4": 2.674246852E-7,
    "5": 9.768071007E-7,
    "6": 0.000007725537993,
    "7": 1.500996266E-7,
    "8": 0.000002252075706,
    "9": 0.000001328080349,
    "10": 9.998544213E-7,
    "11": 2.481788825E-7,
    "12": 3.960262036E-7,
    "13": 0.00001796341826
  },
  "zHigh": {
    "0": 0.0001075424523321817194909501292194104989475529327040361825513769302185765977078324534190387476503106527771695491127846,
    "1": 0.000059664559886373291485700894855622513379807418179621451741720508830261851595730849928102532567659268786598866752228,
    "2": 0.0000956091927781902277805820345405969418411947115789435261102303077487939307484365761595811520157947087243432145417891,
    "3": 0.000060083468163438813987516302620506922219619165652285102040208709231831625361127169620471971729833479432547810057507945,
    "4": 0.0000107366556275328962868808273171353326414131753055142743466411268088410956541294171934082599666978816412417109019267,
    "5": 0.000035874247568821107519519695780269069991951055026644163541239188445712314855311747586674903197640924299111574605538,
    "6": 0.00031282696365897761683656428957988187180153272719233352732757378174975520147246806423938468408393951541672769192801,
    "7": 0.00000603142554740541840318840590867920132451221106156109085029117361135682113832394463801185796881107003286972166409085,
    "8": 0.000087512399509106441256517794815671079655251000406661443483307207490106175249297813729244193158353965745149443529202,
    "9": 0.000052607554869635834665595857445548051485068468995909213433665304128980444362502281639055786692440614693726268562285,
    "10": 0.000037485514393427123816203295503514518951096747205536960153099409034065737708432647460747463976058133380504696068964,
    "11": 0.0000095589475574305737613177989099211571135560903890174608804358875532961577058689268902026040525476981888895511980624,
    "12": 0.0000153862878318979870668843063143556989644074567263277665195090161000869196945167102462463072314590265893205468604937,
    "13": 0.000686319742579908405338548770002090405860926788089996034386580540629052003962993640543621120605878413726574689284051
  },
  "setupType": "Multi Region Model Local Bidder",
  "population": 0,
  "id": 1,
  "worldId": 293,
  "setup": {
    "numberOfRegionsInterval": {
      "minValue": 3,
      "maxValue": 7
    },
    "alphaInterval": {
      "minValue": 60.0,
      "maxValue": 100.0
    },
    "betaInterval": {
      "minValue": 0.05,
      "maxValue": 0.12
    },
    "setupName": "Multi Region Model Local Bidder",
    "numberOfBidders": 3
  },
  "implementation": "org.spectrumauctions.sats.core.model.mrvm.MRVMLocalBidder"
}