{
  "gammaValues": {
    "1": 0.95656,
    "2": 0.82623
  },
  "alpha": 990.7619128457072292803786695003509521484375,
  "beta": {
    "0": 0.1280510474740337023558112150567467324435710906982421875,
    "1": 0.21469671907692122747590701692388392984867095947265625,
    "2": 0.0988753322490494579444231248999130912125110626220703125,
    "3": 0.21260713736448588750960198012762703001499176025390625,
    "4": 0.162443139378056156107987817449611611664295196533203125,
    "5": 0.11678712908341548626367512042634189128875732421875,
    "6": 0.10262440242170421667022850442663184367120265960693359375,
    "7": 0.1209133261699364692010050248427432961761951446533203125,
    "8": 0.11808826464505385589465191742419847287237644195556640625,
    "9": 0.159320291133525471227727621226222254335880279541015625,
    "10": 0.1973689120254527307185554718671482987701892852783203125,
    "11": 0.094048042878940918409824689661036245524883270263671875,
    "12": 0.123713818796498842278452912069042213261127471923828125,
    "13": 0.08765146298267122160208231207434437237679958343505859375
  },
  "zLow": {
    "0": 0.000002340114077,
    "1": 6.765105688E-7,
    "2": 0.000002080907404,
    "3": 4.347889741E-7,
    "4": 1.670686176E-7,
    "5": 5.625649505E-7,
    "6": 0.000007898786447,
    "7": 1.264076342E-7,
    "8": 0.000001689425144,
    "9": 8.012252749E-7,
    "10": 3.794863983E-7,
    "11": 2.247341913E-7,
    "12": 2.833557125E-7,
    "13": 0.00001681856640
  },
  "zHigh": {
    "0": 0.0001001688281834907146905924003274627365399286031935789746272110137782874519045344317410058930133728587876921734678988,
    "1": 0.00003481977701455701264336204648852437212742127533988671596880720411049811742537968544712876405893847421527309775205,
    "2": 0.0000830022631773693694010123905325601848039545511839117850806401899349285865619219222968437195247906738325114005478952,
    "3": 0.00002228759313332753743595727253291452934586315299803274115716658947465475318211056579959826991133650654245759559906,
    "4": 0.000007725973598512519004203982688138471872338850045427786916689318175601401879218462614975091528885421336120295480586,
    "5": 0.00002344698306056493500022340780947229939786970243971967922860356839100996148212062763423602303433737645563883944,
    "6": 0.00031802441730528307086201966459964346323856393687205236123438222659572348637924734001394879974601733866080681424265959,
    "7": 0.0000053206657748617922537059604905479257972619172472823881489070722905051879319859957597568424608252050020761246327225,
    "8": 0.00007063288265039012615020819673118977765589626565858058463360843381723620823718984419766410324491705758101690268341851,
    "9": 0.000036801902652366296309023327672920538639899923136409574083320931420976270684527202532691900230510672479694426939938,
    "10": 0.0000188744737017818001359607456138293755043721139043707988934658796726912296356734077547054742052837976440556549786203,
    "11": 0.000008855606821918157011311899797545656373098083290447920110373986896034919616316861720232736866496414122008883963739,
    "12": 0.000012006173100003233899919102660893903281102048744181125426780146856666700782506997252774099325159148048571732393625,
    "13": 0.00065197418678940649552495620102721809038655088917716889752629784440939865815767428691308211398252275467910916256370612
  },
  "setupType": "Multi Region Model National Bidder",
  "population": 0,
  "id": 8,
  "worldId": 293,
  "setup": {
    "bInterval": {
      "minValue": 0.1,
      "maxValue": 0.3
    },
    "kMax": 2.0,
    "alphaInterval": {
      "minValue": 700.0,
      "maxValue": 1200.0
    },
    "betaInterval": {
      "minValue": 0.08,
      "maxValue": 0.22
    },
    "setupName": "Multi Region Model National Bidder",
    "numberOfBidders": 3
  },
  "implementation": "org.spectrumauctions.sats.core.model.mrvm.MRVMNationalBidder"
}