{
  "bidderPosition": 2,
  "values": {
    "4": 29.5454585003694631950565963052213191986083984375,
    "5": 3.0134390520013720760061914916150271892547607421875,
    "6": 5.8764944622770709514725240296684205532073974609375,
    "7": 8.8410153128387580778735355124808847904205322265625,
    "14": 2.0272744635700856719040530151687562465667724609375,
    "15": 14.6163600344468829206334703485481441020965576171875
  },
  "setupType": "Regional Bidder Setup",
  "population": 0,
  "id": 2,
  "worldId": 461,
  "setup": {
    "lowNationalValueInterval": {
      "minValue": 0.0,
      "maxValue": 20.0
    },
    "highNationalValueInterval": {
      "minValue": 0.0,
      "maxValue": 40.0
    },
    "regionalValueInterval": {
      "minValue": 0.0,
      "maxValue": 20.0
    },
    "setupName": "Regional Bidder Setup",
    "numberOfBidders": 6
  },
  "implementation": "org.spectrumauctions.sats.core.model.gsvm.GSVMBidder"
}