{
  "bidderPosition": -1,
  "values": {
    "0": 4.0912373761884595069204806350171566009521484375,
    "1": 3.57470146765661667132008005864918231964111328125,
    "2": 0.0682871832094134045831879120669327676296234130859375,
    "3": 4.220489793101773301486900891177356243133544921875,
    "4": 1.136197706820343267253292651730589568614959716796875,
    "5": 18.59202405065521901406100369058549404144287109375,
    "6": 17.464191796276796964093591668643057346343994140625,
    "7": 18.50087285259284186622608103789389133453369140625,
    "8": 2.07394866306829595004046495887450873851776123046875,
    "9": 3.868969398514015001211419075843878090381622314453125,
    "10": 9.3721843260943611397806307650171220302581787109375,
    "11": 9.4194799701743487929661569069139659404754638671875
  },
  "setupType": "National Bidder Setup",
  "population": 0,
  "id": 6,
  "worldId": 872,
  "setup": {
    "lowNationalValueInterval": {
      "minValue": 0.0,
      "maxValue": 10.0
    },
    "highNationalValueInterval": {
      "minValue": 0.0,
      "maxValue": 20.0
    },
    "regionalValueInterval": {
      "minValue": 0.0,
      "maxValue": 0.0
    },
    "setupName": "National Bidder Setup",
    "numberOfBidders": 1
  },
  "implementation": "org.spectrumauctions.sats.core.model.gsvm.GSVMBidder"
}