{
  "bidderPosition": 2,
  "values": {
    "4": 21.98322088789694817023701034486293792724609375,
    "5": 39.65807526003806060543865896761417388916015625,
    "6": 10.124559472301829288198860012926161289215087890625,
    "7": 16.2078377819579344532030518166720867156982421875,
    "14": 7.5642996544094298627669559209607541561126708984375,
    "15": 1.864271451990708872159530073986388742923736572265625
  },
  "setupType": "Regional Bidder Setup",
  "population": 0,
  "id": 2,
  "worldId": 872,
  "setup": {
    "lowNationalValueInterval": {
      "minValue": 0.0,
      "maxValue": 20.0
    },
    "highNationalValueInterval": {
      "minValue": 0.0,
      "maxValue": 40.0
    },
    "regionalValueInterval": {
      "minValue": 0.0,
      "maxValue": 20.0
    },
    "setupName": "Regional Bidder Setup",
    "numberOfBidders": 6
  },
  "implementation": "org.spectrumauctions.sats.core.model.gsvm.GSVMBidder"
}