{
  "bidderPosition": 1,
  "values": {
    "2": 9.34152017434644932336595957167446613311767578125,
    "3": 1.947571606455162918081214229459874331951141357421875,
    "4": 30.24587029836929019666058593429625034332275390625,
    "5": 9.5652360371278888351298519410192966461181640625,
    "13": 17.7602941822195674603790394030511379241943359375,
    "14": 14.3950943677235532192071332246996462345123291015625
  },
  "setupType": "Regional Bidder Setup",
  "population": 0,
  "id": 1,
  "worldId": 872,
  "setup": {
    "lowNationalValueInterval": {
      "minValue": 0.0,
      "maxValue": 20.0
    },
    "highNationalValueInterval": {
      "minValue": 0.0,
      "maxValue": 40.0
    },
    "regionalValueInterval": {
      "minValue": 0.0,
      "maxValue": 20.0
    },
    "setupName": "Regional Bidder Setup",
    "numberOfBidders": 6
  },
  "implementation": "org.spectrumauctions.sats.core.model.gsvm.GSVMBidder"
}