{
  "bidderPosition": 1,
  "values": {
    "2": 18.66621301000731136809918098151683807373046875,
    "3": 17.540352333197287038046852103434503078460693359375,
    "4": 6.1811011490908640553243458271026611328125,
    "5": 13.795523549030885845922966836951673030853271484375,
    "13": 13.854958681442720802579060546122491359710693359375,
    "14": 1.771836005744369391123882451211102306842803955078125
  },
  "setupType": "Regional Bidder Setup",
  "population": 0,
  "id": 1,
  "worldId": 916,
  "setup": {
    "lowNationalValueInterval": {
      "minValue": 0.0,
      "maxValue": 20.0
    },
    "highNationalValueInterval": {
      "minValue": 0.0,
      "maxValue": 40.0
    },
    "regionalValueInterval": {
      "minValue": 0.0,
      "maxValue": 20.0
    },
    "setupName": "Regional Bidder Setup",
    "numberOfBidders": 6
  },
  "implementation": "org.spectrumauctions.sats.core.model.gsvm.GSVMBidder"
}