{
  "bidderPosition": 5,
  "values": {
    "0": 19.278295951596138735339991399087011814117431640625,
    "1": 7.9516545826239610761376752634532749652862548828125,
    "17": 6.91494785458605321082359296269714832305908203125,
    "10": 5.8612867020707000165202771313488483428955078125,
    "11": 19.803077930206182344363696756772696971893310546875,
    "12": 16.33277783543397987386924796737730503082275390625
  },
  "setupType": "Regional Bidder Setup",
  "population": 0,
  "id": 5,
  "worldId": 916,
  "setup": {
    "lowNationalValueInterval": {
      "minValue": 0.0,
      "maxValue": 20.0
    },
    "highNationalValueInterval": {
      "minValue": 0.0,
      "maxValue": 40.0
    },
    "regionalValueInterval": {
      "minValue": 0.0,
      "maxValue": 20.0
    },
    "setupName": "Regional Bidder Setup",
    "numberOfBidders": 6
  },
  "implementation": "org.spectrumauctions.sats.core.model.gsvm.GSVMBidder"
}