{
  "bidderPosition": -1,
  "values": {
    "0": 1.8379597615354359430028807764756493270397186279296875,
    "1": 2.7410872440967626317842587013728916645050048828125,
    "2": 5.7852422580067894841704401187598705291748046875,
    "3": 9.8586681209967697014917575870640575885772705078125,
    "4": 9.78435245888874050024242023937404155731201171875,
    "5": 10.7092648440863786873933349852450191974639892578125,
    "6": 9.9285517277398742663763187010772526264190673828125,
    "7": 1.491873516159791801527489951695315539836883544921875,
    "8": 2.71096915289458006981249127420596778392791748046875,
    "9": 9.969018833306844129538148990832269191741943359375,
    "10": 3.582867343885938193892570780008099973201751708984375,
    "11": 8.10665430943432596677666879259049892425537109375
  },
  "setupType": "National Bidder Setup",
  "population": 0,
  "id": 6,
  "worldId": 916,
  "setup": {
    "lowNationalValueInterval": {
      "minValue": 0.0,
      "maxValue": 10.0
    },
    "highNationalValueInterval": {
      "minValue": 0.0,
      "maxValue": 20.0
    },
    "regionalValueInterval": {
      "minValue": 0.0,
      "maxValue": 0.0
    },
    "setupName": "National Bidder Setup",
    "numberOfBidders": 1
  },
  "implementation": "org.spectrumauctions.sats.core.model.gsvm.GSVMBidder"
}