{
  "bidderPosition": -1,
  "values": {
    "0": 8.163903401060107256625997251830995082855224609375,
    "1": 7.01360560910598263006932029384188354015350341796875,
    "2": 8.657470285524954789480034378357231616973876953125,
    "3": 0.3647882279049141640570042000035755336284637451171875,
    "4": 5.5521291871636773151976740336976945400238037109375,
    "5": 0.87251254018811952306577950366772711277008056640625,
    "6": 11.2402245488908025805585566558875143527984619140625,
    "7": 14.7730248270363073714861457119695842266082763671875,
    "8": 9.5190673359184696522561353049241006374359130859375,
    "9": 6.737515256053459467011634842492640018463134765625,
    "10": 0.172783672298029156166876418865285813808441162109375,
    "11": 5.25184797955710802597195652197115123271942138671875
  },
  "setupType": "National Bidder Setup",
  "population": 0,
  "id": 6,
  "worldId": 1189,
  "setup": {
    "lowNationalValueInterval": {
      "minValue": 0.0,
      "maxValue": 10.0
    },
    "highNationalValueInterval": {
      "minValue": 0.0,
      "maxValue": 20.0
    },
    "regionalValueInterval": {
      "minValue": 0.0,
      "maxValue": 0.0
    },
    "setupName": "National Bidder Setup",
    "numberOfBidders": 1
  },
  "implementation": "org.spectrumauctions.sats.core.model.gsvm.GSVMBidder"
}