{
  "regionsOfInterest": [
    2,
    10,
    11,
    13
  ],
  "alpha": 74.7392870627891028334488510154187679290771484375,
  "beta": {
    "0": 0.107680746521836179230291463682078756392002105712890625,
    "1": 0.1031659174638509812726994141485192812979221343994140625,
    "2": 0.077522457963022428639732197552802972495555877685546875,
    "3": 0.07697243817555531053553607989670126698911190032958984375,
    "4": 0.10799677524448127174938605321585782803595066070556640625,
    "5": 0.057011994561088248645308595996539224870502948760986328125,
    "6": 0.11307667044088919039435126023818156681954860687255859375,
    "7": 0.06980584747681471691205246088429703377187252044677734375,
    "8": 0.053053644332874995426241326867966563440859317779541015625,
    "9": 0.09263885564594125099358024044704507105052471160888671875,
    "10": 0.082366662339228902123267062052036635577678680419921875,
    "11": 0.113889864877973867596239188060280866920948028564453125,
    "12": 0.07019301814821525542509306205829489044845104217529296875,
    "13": 0.0879015402571725890101816958122071810066699981689453125
  },
  "zLow": {
    "0": 0.000003118031537,
    "1": 0.000001577473766,
    "2": 0.000002973798744,
    "3": 0.000001345610959,
    "4": 2.815683669E-7,
    "5": 0.000001291218724,
    "6": 0.000008032234851,
    "7": 2.453319237E-7,
    "8": 0.000004213362922,
    "9": 0.000001543941878,
    "10": 0.000001018877309,
    "11": 2.079372197E-7,
    "12": 5.595703128E-7,
    "13": 0.00001879100703
  },
  "zHigh": {
    "0": 0.0001271161424574545671751698357923971570732549550503947673637624143344975767518373723615653294201233817935179947804,
    "1": 0.00006359836580115876045683513384584077137274084374842427482612371377754370199622468367951447168305655473972259293739,
    "2": 0.0001122675811089627376911334885650609840193854743937833326598041722367329832524210501537821302388893194398008718652,
    "3": 0.000050725824388320295771241260091467021083318992491447930388184649930636227935895705403832065785700564422028498921084,
    "4": 0.000011487898570395358225038446170488447476693839359019648333765221462852854446311228980739379056652277309903250937084,
    "5": 0.0000460980571852378744683139169632046358156718870677635850465568216846651465265191122915858518456500391775799139977829,
    "6": 0.000331792882835923789395978328470438347605492300132648273134757837930872385069510460133314532886564274863244631402891,
    "7": 0.000009072517992118277202585463220691191105681949146882786349261907805212649983905482109915034575004816030085124220759,
    "8": 0.0001487543134391870342354071983399166006215545860558070194926337592762040624570725874661847116901514177657920071936277,
    "9": 0.000060621157212498729607684564097057322210200017438438433232532619650194390112518005276055768869977714315470152222818,
    "10": 0.0000389584715864833587035475547215900668762914797299192430104379887295639550973958025945491848718738914390236453946,
    "11": 0.0000086063107752200954120416980843115973596035709536330387607543977023415457893102835915147198574436317011571787477,
    "12": 0.000020714902293065056783360833084322480960961481706460573623933341182614013174901077908636268988363837591063253328605,
    "13": 0.00072890605673539074233050954198483205083800734990820235276300155240399473440452466121058431280640206821855217694296
  },
  "setupType": "Multi Region Model Local Bidder",
  "population": 0,
  "id": 1,
  "worldId": 0,
  "setup": {
    "numberOfRegionsInterval": {
      "minValue": 3,
      "maxValue": 7
    },
    "alphaInterval": {
      "minValue": 60.0,
      "maxValue": 100.0
    },
    "betaInterval": {
      "minValue": 0.05,
      "maxValue": 0.12
    },
    "setupName": "Multi Region Model Local Bidder",
    "numberOfBidders": 3
  },
  "implementation": "org.spectrumauctions.sats.core.model.mrvm.MRVMLocalBidder"
}