{
  "homeId": 13,
  "distanceDiscounts": {
    "0": 1,
    "1": 0.42045,
    "2": 0.17678,
    "3": 0.07433,
    "4": 0.03125,
    "5": 0.01314,
    "6": 0.00552,
    "7": 0.00232
  },
  "alpha": 583.26838329376141700777225196361541748046875,
  "beta": {
    "0": 0.055162449196727247890947865016642026603221893310546875,
    "1": 0.09916763680675189096547228473355062305927276611328125,
    "2": 0.0794947533405946094031691018244600854814052581787109375,
    "3": 0.054737684025769672846450930592254735529422760009765625,
    "4": 0.05037795453425288061399811567753204144537448883056640625,
    "5": 0.0718044265434308048856593131858971901237964630126953125,
    "6": 0.04776963631017737410555668020606390200555324554443359375,
    "7": 0.05234116033274717472156822850593016482889652252197265625,
    "8": 0.0465766159188299166959978947488707490265369415283203125,
    "9": 0.0930789446738915782209033977778744883835315704345703125,
    "10": 0.08277044592562825264803194613705272786319255828857421875,
    "11": 0.0710241380292201129886819899184047244489192962646484375,
    "12": 0.045649549812275654059323670708181452937424182891845703125,
    "13": 0.06285335154082184738744132346255355514585971832275390625
  },
  "zLow": {
    "0": 0.000006433468008,
    "1": 0.000001734596841,
    "2": 0.000003065284341,
    "3": 0.000002000039006,
    "4": 6.380052384E-7,
    "5": 0.000001083639824,
    "6": 0.00002009683193,
    "7": 3.458379490E-7,
    "8": 0.000005072782997,
    "9": 0.000001624212331,
    "10": 0.000001071687557,
    "11": 3.524369739E-7,
    "12": 9.094570796E-7,
    "13": 0.00002777718456
  },
  "zHigh": {
    "0": 0.00022849262544401909432281174538699862235452394875365147378446274721796010188153121109031999831397404628000321199419,
    "1": 0.0000692394921753394578740782124071535074519678519177953013816468839760615370523466359611397059380056719542820560094,
    "2": 0.000116325932483536371323632312937426722344666145675822641255851123364624455157470224857527061896986699806082301694948,
    "3": 0.00007094892046468342533499726323371014188501814527171984919297921525241135239778514093854625171585351146407666757422,
    "4": 0.0000223542970378689980937887661374746916431122463713823055011832785438933674608224890857845886571317014793754385070026,
    "5": 0.000040290208306930261328294270333769814848265449015088632133119675436136109414106856516688170388654505933349312918467,
    "6": 0.0006989067928605234556799302455088149966395850320063731574490663036301536698489884093302311078900471941033422787077852,
    "7": 0.0000121852944218772828714625964128077580468387519015432662342939841614982243991063318871175239380741924821317504147801,
    "8": 0.000175810796408882343841773277213989761831815453093072890591812176702575508677414120319295092116077115201719140780337,
    "9": 0.000063844366868951622092692465010662956711123320766984461087261943860898383337266333406231069330936637411806180607227,
    "10": 0.0000410210323855111315707102537151033924460170481328549169709179475053287162832858816563016721236305512995918345198740,
    "11": 0.000013076262445062456254174814644322310593345260471766162684733564085804428873303887055323874318389764599911557953409,
    "12": 0.00003143534301110176608536830634375217335402774044508013735430804509434195154601800579478426267653458618273036227536290,
    "13": 0.0010079044510694685389697602912446916462612808763742544181171489434344947192722836510659699299751153033399596264007041
  },
  "setupType": "Multi Region Model Regional Bidder",
  "population": 0,
  "id": 5,
  "worldId": 330,
  "setup": {
    "exponentFactor": 1.25,
    "base": 2.0,
    "alphaInterval": {
      "minValue": 500.0,
      "maxValue": 840.0
    },
    "betaInterval": {
      "minValue": 0.04,
      "maxValue": 0.1
    },
    "setupName": "Multi Region Model Regional Bidder",
    "numberOfBidders": 4
  },
  "implementation": "org.spectrumauctions.sats.core.model.mrvm.MRVMRegionalBidder"
}