{
  "gammaValues": {
    "1": 0.95227,
    "2": 0.80910
  },
  "alpha": 969.6869571613239031648845411837100982666015625,
  "beta": {
    "0": 0.155553700613872469826759470379329286515712738037109375,
    "1": 0.20633771077480833611161870067007839679718017578125,
    "2": 0.14206712291788103907919094126555137336254119873046875,
    "3": 0.2048369137680332574547037438605912029743194580078125,
    "4": 0.126527738014908519570411726817837916314601898193359375,
    "5": 0.20636570597565817575258506622049026191234588623046875,
    "6": 0.202868498239439032371222992878756485879421234130859375,
    "7": 0.152827099469268146147982179172686301171779632568359375,
    "8": 0.1896820238946714531902415501463110558688640594482421875,
    "9": 0.162667791994957677825794917225721292197704315185546875,
    "10": 0.11112848412181634827344822724626283161342144012451171875,
    "11": 0.0837039512272446939444847657796344719827175140380859375,
    "12": 0.1563417333287604460423381169675849378108978271484375,
    "13": 0.086898626842742299203337097424082458019256591796875
  },
  "zLow": {
    "0": 0.000002281436255,
    "1": 8.336618104E-7,
    "2": 0.000001715203473,
    "3": 5.344617877E-7,
    "4": 2.540265036E-7,
    "5": 3.770497415E-7,
    "6": 0.000004732219937,
    "7": 1.184446973E-7,
    "8": 0.000001245627079,
    "9": 9.293786298E-7,
    "10": 7.982117064E-7,
    "11": 2.990483952E-7,
    "12": 2.655484584E-7,
    "13": 0.00002009110166
  },
  "zHigh": {
    "0": 0.00010393167285425522880009831474094603482860202635767496200810786315351297713313456267948695395102976327275187337468,
    "1": 0.0000422114412628447230975078513910211479144419476000255660022382332603804911124053984119288632814437210625927492,
    "2": 0.0000758235064415212752471592872768020613201159640045029928907360796149951284314429194347783221902182392160139645442,
    "3": 0.000026981603938875792984313026012404083653722018856969619199700211792841608160386681268100679052747589380780045703,
    "4": 0.00001083493499476632546696742394817476726801387654542637847049617706782712568536101004752736804621262919620187881836,
    "5": 0.0000190925058534498604018142757718136586559748421047371741357189546926703192295104716100011246299452540849328287526,
    "6": 0.00023796843329516784052908156849819725375721921250550065141522650774987393510243721565646157455321713749459374942522,
    "7": 0.00000536349687230974491938687353735678639845209924231246217234802939108634501069272886175091038972783730341024593034,
    "8": 0.000060996118877236033281261025628295173682701587594968032475471986905873174731447095754134619372794795818349627380217,
    "9": 0.00004299935585382107619088841415644790209346973626707229693516896980239700217925235338507003394568031986974154234531,
    "10": 0.0000328167568843593136766217828076922770133964586345664304726441362332291964863855892926568905400797005162744417772068,
    "11": 0.000011474605082082687041247907467402952254328947414254943237074679952518323473609736749111585413799761168947568099918,
    "12": 0.000012118084374471626691781904581120319013980897437566738120264294839036450858388435433648857524554281052550450445,
    "13": 0.00077732196412770008714213463721396926501340187106165608349191781887287765254499250607147236388104399080356233999
  },
  "setupType": "Multi Region Model National Bidder",
  "population": 0,
  "id": 9,
  "worldId": 330,
  "setup": {
    "bInterval": {
      "minValue": 0.1,
      "maxValue": 0.3
    },
    "kMax": 2.0,
    "alphaInterval": {
      "minValue": 700.0,
      "maxValue": 1200.0
    },
    "betaInterval": {
      "minValue": 0.08,
      "maxValue": 0.22
    },
    "setupName": "Multi Region Model National Bidder",
    "numberOfBidders": 3
  },
  "implementation": "org.spectrumauctions.sats.core.model.mrvm.MRVMNationalBidder"
}