{
  "homeId": 11,
  "distanceDiscounts": {
    "0": 1,
    "1": 0.42045,
    "2": 0.17678,
    "3": 0.07433,
    "4": 0.03125,
    "5": 0.01314,
    "6": 0.00552,
    "7": 0.00232
  },
  "alpha": 530.537242228354671169654466211795806884765625,
  "beta": {
    "0": 0.08538088936686971663903022999875247478485107421875,
    "1": 0.0912967711034091411459456821830826811492443084716796875,
    "2": 0.08591497688478944017020921819494105875492095947265625,
    "3": 0.06326170871851514998507326481558266095817089080810546875,
    "4": 0.0829464500792936043627179287796025164425373077392578125,
    "5": 0.0879427343500801816933432064615772105753421783447265625,
    "6": 0.0722905012576615380037736713347840122878551483154296875,
    "7": 0.09715573126052605423819130692209000699222087860107421875,
    "8": 0.0761818343879026027565259937546215951442718505859375,
    "9": 0.06585249040009706622544882748115924187004566192626953125,
    "10": 0.0799149615753897701875274606209131889045238494873046875,
    "11": 0.08511439508356687111412242074948153458535671234130859375,
    "12": 0.073169029638676608140457346962648443877696990966796875,
    "13": 0.0950440772314489479288823758906801231205463409423828125
  },
  "zLow": {
    "0": 0.000004156502173,
    "1": 0.000001884139685,
    "2": 0.000002836222874,
    "3": 0.000001730549259,
    "4": 3.874957742E-7,
    "5": 8.847818602E-7,
    "6": 0.00001328000686,
    "7": 1.863148916E-7,
    "8": 0.000003101435758,
    "9": 0.000002295736558,
    "10": 0.000001109980600,
    "11": 2.940928178E-7,
    "12": 5.674027176E-7,
    "13": 0.00001836925768
  },
  "zHigh": {
    "0": 0.0001601836503846560040534139937250523329962957978151320906764061158757075146903173937161557881860155472235792471,
    "1": 0.000073725777490257659195860785086400341942144792538475464651953934957041383259460201493707557229142064262245256743300,
    "2": 0.0001094540884553669720291883408203709543486174077691722208549968540034249458657733440192544356485194994526977241024,
    "3": 0.0000628642280599085903098806378563987895061229771585591575506942233972678606658609389954657508720110758545348820030309,
    "4": 0.000014839013113777572223281708623071089355786110619226850975196581912928285883180588308157185677088034200718748588621,
    "5": 0.000034324469414912753825007132957169057379637362111264306906758832671426294220687914025401701738891703880410540603467,
    "6": 0.000494402040701209725785006434058170375196988820168241938512265210965995434469656345119788755160234978096763465615632,
    "7": 0.0000073996027005098135897028273880247303985993440193503454500809141289809811262484022829397091664839994789366412245578,
    "8": 0.000116670379253044605431321551443277226173741747776400169671867043277702077080083670821135795811864487485157393506,
    "9": 0.0000839900936915888977132027715555296341256562648359210830753386314529017429908784334706194346312508304463621868333358,
    "10": 0.000042169823670138359891743762838056379763416820644833350224437843077967772880809147549575475709414759591590214654368,
    "11": 0.0000113259377604464244282482321850671575351915038971732929402617257064866602141345813645365870775853155732923455975194,
    "12": 0.00002117371215039718505041857969770289076972183593661168361561498001893556688969346891128935773059783255466668212766,
    "13": 0.000725666644868859701715494005412427660785171970611542536146863449779610033442321874007801890564177974588598590381911
  },
  "setupType": "Multi Region Model Regional Bidder",
  "population": 0,
  "id": 3,
  "worldId": 330,
  "setup": {
    "exponentFactor": 1.25,
    "base": 2.0,
    "alphaInterval": {
      "minValue": 500.0,
      "maxValue": 840.0
    },
    "betaInterval": {
      "minValue": 0.04,
      "maxValue": 0.1
    },
    "setupName": "Multi Region Model Regional Bidder",
    "numberOfBidders": 4
  },
  "implementation": "org.spectrumauctions.sats.core.model.mrvm.MRVMRegionalBidder"
}