{
  "regionsOfInterest": [
    0,
    1,
    6,
    8,
    9,
    12
  ],
  "alpha": 78.613825147491894540507928468286991119384765625,
  "beta": {
    "0": 0.0951204056016332344380970198471914045512676239013671875,
    "1": 0.1199875302724469350312830329130520112812519073486328125,
    "2": 0.06795835353569897041570158080503460951149463653564453125,
    "3": 0.0743506621065136152903818356207921169698238372802734375,
    "4": 0.0770130927331735548602154040054301731288433074951171875,
    "5": 0.11168250355692332931312193977646529674530029296875,
    "6": 0.07872392478607719012995147522815386764705181121826171875,
    "7": 0.06302716000748022351363175630467594601213932037353515625,
    "8": 0.099692752586937050107707136703538708388805389404296875,
    "9": 0.087938186795450790089745396471698768436908721923828125,
    "10": 0.061895243004009663223552450972420047037303447723388671875,
    "11": 0.1132256370397529965377003691173740662634372711181640625,
    "12": 0.052225146063913353844387899016510345973074436187744140625,
    "13": 0.1112031078551034835033561876116436906158924102783203125
  },
  "zLow": {
    "0": 0.000003730911889,
    "1": 0.000001433614553,
    "2": 0.000003585637526,
    "3": 0.000001472448261,
    "4": 4.173498005E-7,
    "5": 6.967083797E-7,
    "6": 0.00001219474709,
    "7": 2.872025256E-7,
    "8": 0.000002370012455,
    "9": 0.000001719161779,
    "10": 0.000001433132058,
    "11": 2.210765419E-7,
    "12": 7.949485906E-7,
    "13": 0.00001570000317
  },
  "zHigh": {
    "0": 0.000147415941879316534742682877878730477239631161685808715301428126085096390734912368155704276222311179584778423284349,
    "1": 0.000060210023525724882706407732663865141037276025300921718088008839852285008761943238347514292232352227232343968728723,
    "2": 0.0001319365280166025119256069152030253962596786896593616867694888581969605428212722069643807530042741977826910739332527,
    "3": 0.000055121198132215112181248426072590085462816651054694479928705371118792305369911933568690646936586759502783979147186,
    "4": 0.000015734633903689328884438262885021150364708269284973628393675380019314296717227898095807615950768513583686684935412,
    "5": 0.0000286822649986684436149182230063465828358433682139047441128442260333270188844686551481992567684416832212709769,
    "6": 0.0004618442475929950025761875078769530522229980195010593384287467574498609564836771317931214379214498282683433956486738,
    "7": 0.0000104262317212050824770088652739737115935170623358955045468104495268832976408896516465216056791412399874139679950104,
    "8": 0.00009472768015876847838987956536663448884142860060607401180100109491636075817554070884218888961735793465519097287014,
    "9": 0.00006669285032208391406575063151816015769680985022861731944327370101953956832127719913207780456303429832366388546005,
    "10": 0.00005186436740897147688051316260808955343855597861745072684195416380797054390298897309838534441181852202639880455178710,
    "11": 0.000009135449482341208845215721790638434893246775491052757783372378217689326396973997080928476223245528432513665645857,
    "12": 0.00002800008834135474256558488859848021646455058887191191670418125085331116816289956873860812032067136139168153625108223,
    "13": 0.000645589009520710762376769227743792645563634925987825109305697525489831082824989005790076050560795369477106468962343
  },
  "setupType": "Multi Region Model Local Bidder",
  "population": 0,
  "id": 0,
  "worldId": 330,
  "setup": {
    "numberOfRegionsInterval": {
      "minValue": 3,
      "maxValue": 7
    },
    "alphaInterval": {
      "minValue": 60.0,
      "maxValue": 100.0
    },
    "betaInterval": {
      "minValue": 0.05,
      "maxValue": 0.12
    },
    "setupName": "Multi Region Model Local Bidder",
    "numberOfBidders": 3
  },
  "implementation": "org.spectrumauctions.sats.core.model.mrvm.MRVMLocalBidder"
}