{
  "regionsOfInterest": [
    3,
    7,
    8,
    9,
    12
  ],
  "alpha": 78.2239676025723866814587381668388843536376953125,
  "beta": {
    "0": 0.08728905508260843826295882763588451780378818511962890625,
    "1": 0.0504363794638528484259865081185125745832920074462890625,
    "2": 0.060463486293524326686821268594940192997455596923828125,
    "3": 0.087388842078975681459951374563388526439666748046875,
    "4": 0.08355149593827838894188886342817568220198154449462890625,
    "5": 0.099405944928975753516198210490983910858631134033203125,
    "6": 0.0930265608858960868499110574703081510961055755615234375,
    "7": 0.05143226006495708879651118650144780986011028289794921875,
    "8": 0.1193880222983869365815934315833146683871746063232421875,
    "9": 0.1037491850135313919967217088924371637403964996337890625,
    "10": 0.057702220136283843832103457316407002508640289306640625,
    "11": 0.06398351797333350077234825903360615484416484832763671875,
    "12": 0.0861057775690814153346508419417659752070903778076171875,
    "13": 0.051010173096689294391925528771025710739195346832275390625
  },
  "zLow": {
    "0": 0.000004065639751,
    "1": 0.000003410551498,
    "2": 0.000004030102092,
    "3": 0.000001252762945,
    "4": 3.846896879E-7,
    "5": 7.827513349E-7,
    "6": 0.00001031983063,
    "7": 3.519495257E-7,
    "8": 0.000001979034921,
    "9": 0.000001457167781,
    "10": 0.000001537272860,
    "11": 3.912184431E-7,
    "12": 4.821547105E-7,
    "13": 0.00003422629330
  },
  "zHigh": {
    "0": 0.0001574577777302137465240558785941781661938672347673571027253696483231907387528091330974696578585270425848629646861823,
    "1": 0.000119518131879626173593012015787602853257404333982138395257380564883756429459081123731208454498693890528988515298164,
    "2": 0.00014527046501446165025959522151650960873851937947467585636184037751118209613967559177952187750423853070540861612492,
    "3": 0.00004853063863966679544819493822092430028527497563835407468973981546528405042660205385593150396032563012930540028,
    "4": 0.0000147548305228255013352342249199983904415878459385463096831121051602670086122232749971902788050687450210235147399208,
    "5": 0.00003126355365566919330987561994002246399792974974228536777096216353251813607355259820966521048888357383922276996392,
    "6": 0.000405596753924209093561816036314685369392224829699789207822956240003143036292905297411931199577183801052080635958856,
    "7": 0.0000123686417241417241502632025221704019084485908529455446452678596807414816021639877737636932350449797889995044289232,
    "8": 0.000082998354148144423662410745781696625389011715112090566613227776080700929276445486406449936471398183226997445285151,
    "9": 0.000058833030368196825546494153478866107599895351235557732563425018299369356793797643429473858964277640538980317425856,
    "10": 0.00005498859147211710353509128450361966464348647558796050389347542451846189308739516511143917194751970714141278304331,
    "11": 0.0000142397065188499062325843551425274635314325144266341702767537594561555890349929015670064766475472239003763718953428,
    "12": 0.000018616271939568025352027406276209740758025844689599707437742506377982590813545367093154890465500052926710905339089,
    "13": 0.00120137771336721702127934998258464299696687294487583061253800806508842061427357284699427874346690680273588020057315419
  },
  "setupType": "Multi Region Model Local Bidder",
  "population": 0,
  "id": 2,
  "worldId": 330,
  "setup": {
    "numberOfRegionsInterval": {
      "minValue": 3,
      "maxValue": 7
    },
    "alphaInterval": {
      "minValue": 60.0,
      "maxValue": 100.0
    },
    "betaInterval": {
      "minValue": 0.05,
      "maxValue": 0.12
    },
    "setupName": "Multi Region Model Local Bidder",
    "numberOfBidders": 3
  },
  "implementation": "org.spectrumauctions.sats.core.model.mrvm.MRVMLocalBidder"
}