{
  "regionsOfInterest": [
    0,
    3,
    6,
    9,
    11,
    13
  ],
  "alpha": 73.5506619382235413695525494404137134552001953125,
  "beta": {
    "0": 0.0681645436423710393558650366685469634830951690673828125,
    "1": 0.0771143722128801722970337095830473117530345916748046875,
    "2": 0.062610545998044442317365110284299589693546295166015625,
    "3": 0.06624568647416508027081505360911251045763492584228515625,
    "4": 0.11660430069849279932636676448964863084256649017333984375,
    "5": 0.08341672311455960997506053899996913969516754150390625,
    "6": 0.0878494115380955287175623880102648399770259857177734375,
    "7": 0.10631717004234475520974001483409665524959564208984375,
    "8": 0.079668656431457984812283257269882597029209136962890625,
    "9": 0.1036510564128703404396247833574307151138782501220703125,
    "10": 0.087223646842165436510185827501118183135986328125,
    "11": 0.062252053021937737986579719517976627685129642486572265625,
    "12": 0.062298797756582306728301290377203258685767650604248046875,
    "13": 0.07093692590534049491335366610655910335481166839599609375
  },
  "zLow": {
    "0": 0.000005206311569,
    "1": 0.000002230659015,
    "2": 0.000003891900617,
    "3": 0.000001652598214,
    "4": 2.756450551E-7,
    "5": 9.327882131E-7,
    "6": 0.00001092799981,
    "7": 1.702599828E-7,
    "8": 0.000002965696622,
    "9": 0.000001458547312,
    "10": 0.000001016972578,
    "11": 4.020997071E-7,
    "12": 6.664062189E-7,
    "13": 0.00002461185234
  },
  "zHigh": {
    "0": 0.000191677932271031114019719389843539439668882901355322016347475018199454634745533975128166906867497806398942197177919,
    "1": 0.000084121357382588373257217898038911625053397372702369622636604693788239473810902530049332124915642246236451687298338,
    "2": 0.00014112442076493427622956960424195979435276710859265606810228785979035716596577830024427414399384159647956673899933,
    "3": 0.0000605256967078790977520178109040444883828661765380859774024636471148278655945362841876848724519049940967401249970616,
    "4": 0.0000114834915409867925552336130019118040327741253190457451247200315053674833538104298016417607591995609672860258427311,
    "5": 0.0000357646599992688221632856889428594003566833829311090487301499080345122175538956191202717192086852992717374227690,
    "6": 0.000423841829258655973702647280038830618056105578522922289119206591368404010060746106622982621192718814855620509795912,
    "7": 0.0000069179554352879462346492884476738536366119496394156387819462494556522813605732172211637715747421400527180207160,
    "8": 0.00011259820518208735570383909053644075393854155413656092360229464318560837506000029211068976410244809652771621665483,
    "9": 0.000058874416295214125396954038244004230126078161257613641338562562427431463961016596345505947614231328488143739027056,
    "10": 0.00003937958301443902443964699800666994042327429411305060635029766461931311143213957042876852866664266066621416,
    "11": 0.00001456614443835098366988632052236145826052779403638635980023971684275896466975426225514350639458034237344995602596431,
    "12": 0.00002414381719184227763539445267395906638301274127797640244651659199696297018898413866829752487944219742223599977387254,
    "13": 0.0009129444845544906302829869119577636572150392357721218215768995177570968915136143554117547403894639316023805517452313
  },
  "setupType": "Multi Region Model Local Bidder",
  "population": 0,
  "id": 1,
  "worldId": 330,
  "setup": {
    "numberOfRegionsInterval": {
      "minValue": 3,
      "maxValue": 7
    },
    "alphaInterval": {
      "minValue": 60.0,
      "maxValue": 100.0
    },
    "betaInterval": {
      "minValue": 0.05,
      "maxValue": 0.12
    },
    "setupName": "Multi Region Model Local Bidder",
    "numberOfBidders": 3
  },
  "implementation": "org.spectrumauctions.sats.core.model.mrvm.MRVMLocalBidder"
}