{
  "homeId": 2,
  "distanceDiscounts": {
    "0": 1,
    "1": 0.42045,
    "2": 0.17678,
    "3": 0.07433,
    "4": 0.03125,
    "5": 0.01314,
    "6": 0.00552,
    "7": 0.00232
  },
  "alpha": 630.0322538305798616420361213386058807373046875,
  "beta": {
    "0": 0.040371476682260841462035472204661346040666103363037109375,
    "1": 0.071178774005945688596597165087587200105190277099609375,
    "2": 0.0859986085650090437138004517692024819552898406982421875,
    "3": 0.09514070787990518140997409091141889803111553192138671875,
    "4": 0.075322245147221689176575409874203614890575408935546875,
    "5": 0.08541354065358759684034595238699694164097309112548828125,
    "6": 0.09360187059430234712831264687338261865079402923583984375,
    "7": 0.07886510902931338773402814013024908490478992462158203125,
    "8": 0.043285535843005963629881449605818488635122776031494140625,
    "9": 0.0867180909142263589561849812525906600058078765869140625,
    "10": 0.0407346192028599507484187824957189150154590606689453125,
    "11": 0.08717911967972769016199663383304141461849212646484375,
    "12": 0.0917537765841523744736463186200126074254512786865234375,
    "13": 0.04200843857196560893196846109276521019637584686279296875
  },
  "zLow": {
    "0": 0.000008790509571,
    "1": 0.000002416673678,
    "2": 0.000002833464712,
    "3": 0.000001150690441,
    "4": 4.267185455E-7,
    "5": 9.109812741E-7,
    "6": 0.00001025640135,
    "7": 2.295255755E-7,
    "8": 0.000005458476155,
    "9": 0.000001743349837,
    "10": 0.000002177608597,
    "11": 2.871276101E-7,
    "12": 4.524751765E-7,
    "13": 0.00004156043893
  },
  "zHigh": {
    "0": 0.00029920387231520145788320018427881672171773143900765613532492606292759871870283588507206548976223576931687208294034644,
    "1": 0.00008970179726690660962884673980082208103723463219244384692400236519762906996099057979659732674036477978441950850068,
    "2": 0.000109371343598797260897930267477352182154497183225088415403670315031707590886894895913977980392792494694313118089084,
    "3": 0.0000454684635388846357686385276592267875800943883302884581948251142949216650475038164957850397994183898288784092349889,
    "4": 0.00001601569625172010868185473266345550760704029950054634677963383595014335202268899283152764193630627622357728334098,
    "5": 0.0000351104518316808108167564846274878714946799204422701949068462103900326546852203214669856876120522640127186193537399,
    "6": 0.0004036938756880233615710149094724902425359085201764071882032908541111645506434238050082167889360382538204971078258433,
    "7": 0.0000086959232177762296370491998654227536381278803214853222084195743164201706773819022056006129373222853747020238377927,
    "8": 0.00018738159117142529146410894911692424560819568702848897314820332862594748790372283464448497621198984708729875795708159,
    "9": 0.000067418492059529838387030758406984018861936248548757279187147956390911042055855382735736716235529368618252439228039,
    "10": 0.000074198663577284517510691463336438904706114173263728165884768060911475181664770743953076179571701978393903370646962,
    "11": 0.0000111169815299003760188975189594392911762239426218549148185251801927717379303140107688866872955649860735315846588,
    "12": 0.000017725885920187874491824343108158399722973478514783678980289139905304130488025797311960652319511037956815203620078,
    "13": 0.0014214020821418487411825642921375014200883117116937277314471475514456300366235062917424482995472012112262715821246510
  },
  "setupType": "Multi Region Model Regional Bidder",
  "population": 0,
  "id": 6,
  "worldId": 330,
  "setup": {
    "exponentFactor": 1.25,
    "base": 2.0,
    "alphaInterval": {
      "minValue": 500.0,
      "maxValue": 840.0
    },
    "betaInterval": {
      "minValue": 0.04,
      "maxValue": 0.1
    },
    "setupName": "Multi Region Model Regional Bidder",
    "numberOfBidders": 4
  },
  "implementation": "org.spectrumauctions.sats.core.model.mrvm.MRVMRegionalBidder"
}