{
  "bidderPosition": 1,
  "values": {
    "2": 11.6654072013019760589713769149966537952423095703125,
    "3": 18.868693165493649388508856645785272121429443359375,
    "4": 13.05064152262995236242204555310308933258056640625,
    "5": 5.75109461167526259117721565417014062404632568359375,
    "13": 7.56334639939981290268633529194630682468414306640625,
    "14": 3.6101957761511727085235179401934146881103515625
  },
  "setupType": "Regional Bidder Setup",
  "population": 0,
  "id": 1,
  "worldId": 349,
  "setup": {
    "lowNationalValueInterval": {
      "minValue": 0.0,
      "maxValue": 20.0
    },
    "highNationalValueInterval": {
      "minValue": 0.0,
      "maxValue": 40.0
    },
    "regionalValueInterval": {
      "minValue": 0.0,
      "maxValue": 20.0
    },
    "setupName": "Regional Bidder Setup",
    "numberOfBidders": 6
  },
  "implementation": "org.spectrumauctions.sats.core.model.gsvm.GSVMBidder"
}