{
  "bidderPosition": 3,
  "values": {
    "16": 3.442937019339902260384178589447401463985443115234375,
    "6": 18.48632389158871092149638570845127105712890625,
    "7": 4.1079684251418679963308022706769406795501708984375,
    "8": 9.7995001309891183183253815514035522937774658203125,
    "9": 18.620274315060644454433713690377771854400634765625,
    "15": 9.1079142596920377172864391468465328216552734375
  },
  "setupType": "Regional Bidder Setup",
  "population": 0,
  "id": 3,
  "worldId": 349,
  "setup": {
    "lowNationalValueInterval": {
      "minValue": 0.0,
      "maxValue": 20.0
    },
    "highNationalValueInterval": {
      "minValue": 0.0,
      "maxValue": 40.0
    },
    "regionalValueInterval": {
      "minValue": 0.0,
      "maxValue": 20.0
    },
    "setupName": "Regional Bidder Setup",
    "numberOfBidders": 6
  },
  "implementation": "org.spectrumauctions.sats.core.model.gsvm.GSVMBidder"
}