{
  "bidderPosition": 5,
  "values": {
    "0": 10.3695401908723976447390668909065425395965576171875,
    "1": 1.00342975167939219005575068877078592777252197265625,
    "17": 18.734711713995753967765267589129507541656494140625,
    "10": 4.1064485326224460237654056982137262821197509765625,
    "11": 2.1684814885255310201728207175619900226593017578125,
    "12": 12.9537116687684630278454278595745563507080078125
  },
  "setupType": "Regional Bidder Setup",
  "population": 0,
  "id": 5,
  "worldId": 349,
  "setup": {
    "lowNationalValueInterval": {
      "minValue": 0.0,
      "maxValue": 20.0
    },
    "highNationalValueInterval": {
      "minValue": 0.0,
      "maxValue": 40.0
    },
    "regionalValueInterval": {
      "minValue": 0.0,
      "maxValue": 20.0
    },
    "setupName": "Regional Bidder Setup",
    "numberOfBidders": 6
  },
  "implementation": "org.spectrumauctions.sats.core.model.gsvm.GSVMBidder"
}