{
  "bidderPosition": 4,
  "values": {
    "16": 6.0163842271005112394277603016234934329986572265625,
    "17": 3.872429786654614236596216869656927883625030517578125,
    "8": 17.746943071333458163962859543971717357635498046875,
    "9": 7.13710966255462597729319895734079182147979736328125,
    "10": 15.9833108815230833243958841194398701190948486328125,
    "11": 1.371034550932435092107652963022701442241668701171875
  },
  "setupType": "Regional Bidder Setup",
  "population": 0,
  "id": 4,
  "worldId": 493,
  "setup": {
    "lowNationalValueInterval": {
      "minValue": 0.0,
      "maxValue": 20.0
    },
    "highNationalValueInterval": {
      "minValue": 0.0,
      "maxValue": 40.0
    },
    "regionalValueInterval": {
      "minValue": 0.0,
      "maxValue": 20.0
    },
    "setupName": "Regional Bidder Setup",
    "numberOfBidders": 6
  },
  "implementation": "org.spectrumauctions.sats.core.model.gsvm.GSVMBidder"
}