{
  "bidderPosition": 1,
  "values": {
    "2": 0.736650799087066321391148449038155376911163330078125,
    "3": 7.5890775678573252349679023609496653079986572265625,
    "4": 39.18349710175430544722985359840095043182373046875,
    "5": 12.0647308136647524179352330975234508514404296875,
    "13": 19.464040526759649907262428314425051212310791015625,
    "14": 2.176618486053409906588740341248922049999237060546875
  },
  "setupType": "Regional Bidder Setup",
  "population": 0,
  "id": 1,
  "worldId": 493,
  "setup": {
    "lowNationalValueInterval": {
      "minValue": 0.0,
      "maxValue": 20.0
    },
    "highNationalValueInterval": {
      "minValue": 0.0,
      "maxValue": 40.0
    },
    "regionalValueInterval": {
      "minValue": 0.0,
      "maxValue": 20.0
    },
    "setupName": "Regional Bidder Setup",
    "numberOfBidders": 6
  },
  "implementation": "org.spectrumauctions.sats.core.model.gsvm.GSVMBidder"
}