{
  "bidderPosition": 3,
  "values": {
    "16": 18.829786273391238893282206845469772815704345703125,
    "6": 7.57793635604109727665900209103710949420928955078125,
    "7": 19.218749305870147736641229130327701568603515625,
    "8": 3.768087999112863517581217820406891405582427978515625,
    "9": 13.216574819786099936891332617960870265960693359375,
    "15": 7.4347317037838411835082297329790890216827392578125
  },
  "setupType": "Regional Bidder Setup",
  "population": 0,
  "id": 3,
  "worldId": 493,
  "setup": {
    "lowNationalValueInterval": {
      "minValue": 0.0,
      "maxValue": 20.0
    },
    "highNationalValueInterval": {
      "minValue": 0.0,
      "maxValue": 40.0
    },
    "regionalValueInterval": {
      "minValue": 0.0,
      "maxValue": 20.0
    },
    "setupName": "Regional Bidder Setup",
    "numberOfBidders": 6
  },
  "implementation": "org.spectrumauctions.sats.core.model.gsvm.GSVMBidder"
}