{
  "bidderPosition": 5,
  "values": {
    "0": 2.324974606149279310329802683554589748382568359375,
    "1": 1.39362444934865603585194548941217362880706787109375,
    "17": 12.848613457886177258160387282259762287139892578125,
    "10": 11.809209956202604274722034460864961147308349609375,
    "11": 14.36956009026628322544638649560511112213134765625,
    "12": 0.05725928785881517768530102330259978771209716796875
  },
  "setupType": "Regional Bidder Setup",
  "population": 0,
  "id": 5,
  "worldId": 493,
  "setup": {
    "lowNationalValueInterval": {
      "minValue": 0.0,
      "maxValue": 20.0
    },
    "highNationalValueInterval": {
      "minValue": 0.0,
      "maxValue": 40.0
    },
    "regionalValueInterval": {
      "minValue": 0.0,
      "maxValue": 20.0
    },
    "setupName": "Regional Bidder Setup",
    "numberOfBidders": 6
  },
  "implementation": "org.spectrumauctions.sats.core.model.gsvm.GSVMBidder"
}