{
  "bidderPosition": 4,
  "values": {
    "16": 8.7845375928214668448390511912293732166290283203125,
    "17": 6.270655027014793603257203358225524425506591796875,
    "8": 5.13607025364577030046575600863434374332427978515625,
    "9": 9.9887404360313976070528951822780072689056396484375,
    "10": 6.179639790848820979363154037855565547943115234375,
    "11": 3.1737863148420419889816912473179399967193603515625
  },
  "setupType": "Regional Bidder Setup",
  "population": 0,
  "id": 4,
  "worldId": 525,
  "setup": {
    "lowNationalValueInterval": {
      "minValue": 0.0,
      "maxValue": 20.0
    },
    "highNationalValueInterval": {
      "minValue": 0.0,
      "maxValue": 40.0
    },
    "regionalValueInterval": {
      "minValue": 0.0,
      "maxValue": 20.0
    },
    "setupName": "Regional Bidder Setup",
    "numberOfBidders": 6
  },
  "implementation": "org.spectrumauctions.sats.core.model.gsvm.GSVMBidder"
}