{
  "bidderPosition": 2,
  "values": {
    "4": 15.7990747797525301621135440655052661895751953125,
    "5": 31.456124466741410827808067551814019680023193359375,
    "6": 15.176663092584075087643213919363915920257568359375,
    "7": 22.8096697266653478664011345244944095611572265625,
    "14": 10.8383861373633276770078737172298133373260498046875,
    "15": 10.388776290624463172207470051944255828857421875
  },
  "setupType": "Regional Bidder Setup",
  "population": 0,
  "id": 2,
  "worldId": 913,
  "setup": {
    "lowNationalValueInterval": {
      "minValue": 0.0,
      "maxValue": 20.0
    },
    "highNationalValueInterval": {
      "minValue": 0.0,
      "maxValue": 40.0
    },
    "regionalValueInterval": {
      "minValue": 0.0,
      "maxValue": 20.0
    },
    "setupName": "Regional Bidder Setup",
    "numberOfBidders": 6
  },
  "implementation": "org.spectrumauctions.sats.core.model.gsvm.GSVMBidder"
}