{
  "bidderPosition": 1,
  "values": {
    "2": 16.07592738712431668091085157357156276702880859375,
    "3": 8.223711179956989525408062036149203777313232421875,
    "4": 34.90883848755186846801734645850956439971923828125,
    "5": 13.839101141948756179544943734072148799896240234375,
    "13": 18.531112866940329553244737326167523860931396484375,
    "14": 10.5400341282842102685890495195053517818450927734375
  },
  "setupType": "Regional Bidder Setup",
  "population": 0,
  "id": 1,
  "worldId": 913,
  "setup": {
    "lowNationalValueInterval": {
      "minValue": 0.0,
      "maxValue": 20.0
    },
    "highNationalValueInterval": {
      "minValue": 0.0,
      "maxValue": 40.0
    },
    "regionalValueInterval": {
      "minValue": 0.0,
      "maxValue": 20.0
    },
    "setupName": "Regional Bidder Setup",
    "numberOfBidders": 6
  },
  "implementation": "org.spectrumauctions.sats.core.model.gsvm.GSVMBidder"
}