{
  "bidderPosition": 4,
  "values": {
    "16": 5.6017229994894695010998475481756031513214111328125,
    "17": 19.38403233599226638261825428344309329986572265625,
    "8": 6.537347539034559673609692254103720188140869140625,
    "9": 5.1855111843052466014114543213509023189544677734375,
    "10": 15.3738276193369944877531452220864593982696533203125,
    "11": 11.33944989398133884606068022549152374267578125
  },
  "setupType": "Regional Bidder Setup",
  "population": 0,
  "id": 4,
  "worldId": 992,
  "setup": {
    "lowNationalValueInterval": {
      "minValue": 0.0,
      "maxValue": 20.0
    },
    "highNationalValueInterval": {
      "minValue": 0.0,
      "maxValue": 40.0
    },
    "regionalValueInterval": {
      "minValue": 0.0,
      "maxValue": 20.0
    },
    "setupName": "Regional Bidder Setup",
    "numberOfBidders": 6
  },
  "implementation": "org.spectrumauctions.sats.core.model.gsvm.GSVMBidder"
}