{
  "bidderPosition": 4,
  "values": {
    "16": 6.233217918957560499393366626463830471038818359375,
    "17": 14.9004187840942936560395537526346743106842041015625,
    "8": 12.8744848506909743690584946307353675365447998046875,
    "9": 16.541116839000277849436315591447055339813232421875,
    "10": 4.26363346978259727393378852866590023040771484375,
    "11": 18.081887316890881578501648618839681148529052734375
  },
  "setupType": "Regional Bidder Setup",
  "population": 0,
  "id": 4,
  "worldId": 1113,
  "setup": {
    "lowNationalValueInterval": {
      "minValue": 0.0,
      "maxValue": 20.0
    },
    "highNationalValueInterval": {
      "minValue": 0.0,
      "maxValue": 40.0
    },
    "regionalValueInterval": {
      "minValue": 0.0,
      "maxValue": 20.0
    },
    "setupName": "Regional Bidder Setup",
    "numberOfBidders": 6
  },
  "implementation": "org.spectrumauctions.sats.core.model.gsvm.GSVMBidder"
}