{
  "bidderPosition": -1,
  "values": {
    "0": 5.96727277340591744092535009258426725864410400390625,
    "1": 4.968589004029492883773855282925069332122802734375,
    "2": 7.02818016160724834406892114202491939067840576171875,
    "3": 7.9449126048382989750962224206887185573577880859375,
    "4": 8.34953401093749647543518221937119960784912109375,
    "5": 1.514300931835936836478140321560204029083251953125,
    "6": 1.190508029434897974141449594753794372081756591796875,
    "7": 13.3978143124933541940890791011042892932891845703125,
    "8": 1.9885150517020944160861972704879008233547210693359375,
    "9": 0.934824858394109892145706908195279538631439208984375,
    "10": 2.66805584490467762037724241963587701320648193359375,
    "11": 2.351270915951813034183714989922009408473968505859375
  },
  "setupType": "National Bidder Setup",
  "population": 0,
  "id": 6,
  "worldId": 527,
  "setup": {
    "lowNationalValueInterval": {
      "minValue": 0.0,
      "maxValue": 10.0
    },
    "highNationalValueInterval": {
      "minValue": 0.0,
      "maxValue": 20.0
    },
    "regionalValueInterval": {
      "minValue": 0.0,
      "maxValue": 0.0
    },
    "setupName": "National Bidder Setup",
    "numberOfBidders": 1
  },
  "implementation": "org.spectrumauctions.sats.core.model.gsvm.GSVMBidder"
}