{
  "homeId": 12,
  "distanceDiscounts": {
    "0": 1,
    "1": 0.42045,
    "2": 0.17678,
    "3": 0.07433,
    "4": 0.03125,
    "5": 0.01314,
    "6": 0.00552,
    "7": 0.00232
  },
  "alpha": 718.903180795596199459396302700042724609375,
  "beta": {
    "0": 0.07813370028270168188289090949183446355164051055908203125,
    "1": 0.0671202423512572698971467843875871039927005767822265625,
    "2": 0.077170626060918456889936578591004945337772369384765625,
    "3": 0.09162436863514923646167886772673227824270725250244140625,
    "4": 0.0848027638681208006943279542610980570316314697265625,
    "5": 0.0734858436038210716123586507819709368050098419189453125,
    "6": 0.0939103627371577764915144825863535515964031219482421875,
    "7": 0.0750249972337314885439951694934279657900333404541015625,
    "8": 0.046235638236632237152434754534624516963958740234375,
    "9": 0.07475498725184681614308601638185791671276092529296875,
    "10": 0.09946308196601942597236956089545856229960918426513671875,
    "11": 0.0631760121591496137671839505856041796505451202392578125,
    "12": 0.068341872915314516578888515141443349421024322509765625,
    "13": 0.05886721007676486150383965423316112719476222991943359375
  },
  "zLow": {
    "0": 0.000004609840062,
    "1": 0.000002601061154,
    "2": 0.000003204739794,
    "3": 0.000001212689041,
    "4": 3.846717841E-7,
    "5": 0.000001074652504,
    "6": 0.00001037532193,
    "7": 2.448756315E-7,
    "8": 0.000005186482568,
    "9": 0.000002052530626,
    "10": 9.051428701E-7,
    "11": 4.021339971E-7,
    "12": 6.165487114E-7,
    "13": 0.00003010085109
  },
  "zHigh": {
    "0": 0.0001743135880054731676170007608312816079851991069382165192387898098620086312351888635474575733528117196879192212290737,
    "1": 0.000095490220113914841311394866716881534943295421596754190337398786187042060864815414775518957117109261243420953994883,
    "2": 0.00012087337143134664759183431193379495663561131011743288076813910092172497058227759994095689167436712083699928303623,
    "3": 0.0000474918579717512430121811040026769543059498033903212070296758357156991409793948176344038943794892522655445191828868,
    "4": 0.000014802276566974157246570459156833967747003254453257132559305388967515243759840904618054265925082311618771706804,
    "5": 0.000040136749674509628345112509242355951354222994411179249075834154744169559902325204243700363183153912463924915632934,
    "6": 0.000408694682466975058654731810321504808535029261043674048774368079310181866327855457757346027058883817083004612950094,
    "7": 0.000009183448299170210555261447444990589345973572974837484282653214396671950497485244605043477600810431736324375127807,
    "8": 0.00017957451018504888141549244264151583027134734569651269220822215329468883666844603328808627467491493192472779770,
    "9": 0.0000769196088402733963683257773042437325636047698147907832246562360770851666345631924881602546344566943264554773470,
    "10": 0.0000361571160488346178223237623178399185681568235106053189488055500055160689684788648415347264682522423029136851549303,
    "11": 0.000014604542141803067653667454424562313577610859268115906838825387976840133671808921043043089374602232161940976577771,
    "12": 0.00002271007070757025662769057549611129847481186828962126566213786467615033817697269878772675481891070307201448807673,
    "13": 0.0010802208450107349847837262049221562219282014303258159511159115234505387393215952115513657955227692203772810676637410
  },
  "setupType": "Multi Region Model Regional Bidder",
  "population": 0,
  "id": 3,
  "worldId": 1213,
  "setup": {
    "exponentFactor": 1.25,
    "base": 2.0,
    "alphaInterval": {
      "minValue": 500.0,
      "maxValue": 840.0
    },
    "betaInterval": {
      "minValue": 0.04,
      "maxValue": 0.1
    },
    "setupName": "Multi Region Model Regional Bidder",
    "numberOfBidders": 4
  },
  "implementation": "org.spectrumauctions.sats.core.model.mrvm.MRVMRegionalBidder"
}