{
  "bidderPosition": 5,
  "values": {
    "0": 17.927974760471737880607179249636828899383544921875,
    "1": 18.359811098568183496126948739401996135711669921875,
    "17": 15.24252147527314349417792982421815395355224609375,
    "10": 13.4064542328270075444152098498307168483734130859375,
    "11": 16.073378624010533854971072287298738956451416015625,
    "12": 14.6936464077426354180033740703947842121124267578125
  },
  "setupType": "Regional Bidder Setup",
  "population": 0,
  "id": 5,
  "worldId": 845,
  "setup": {
    "lowNationalValueInterval": {
      "minValue": 0.0,
      "maxValue": 20.0
    },
    "highNationalValueInterval": {
      "minValue": 0.0,
      "maxValue": 40.0
    },
    "regionalValueInterval": {
      "minValue": 0.0,
      "maxValue": 20.0
    },
    "setupName": "Regional Bidder Setup",
    "numberOfBidders": 6
  },
  "implementation": "org.spectrumauctions.sats.core.model.gsvm.GSVMBidder"
}