{
  "bidderPosition": 2,
  "values": {
    "4": 31.3441874742439949841354973614215850830078125,
    "5": 27.121356760916018657781023648567497730255126953125,
    "6": 4.84025255296923972991862683556973934173583984375,
    "7": 5.25858270793439164236815486219711601734161376953125,
    "14": 3.420219256275773833664288758882321417331695556640625,
    "15": 5.31862229344592929436430495115928351879119873046875
  },
  "setupType": "Regional Bidder Setup",
  "population": 0,
  "id": 2,
  "worldId": 845,
  "setup": {
    "lowNationalValueInterval": {
      "minValue": 0.0,
      "maxValue": 20.0
    },
    "highNationalValueInterval": {
      "minValue": 0.0,
      "maxValue": 40.0
    },
    "regionalValueInterval": {
      "minValue": 0.0,
      "maxValue": 20.0
    },
    "setupName": "Regional Bidder Setup",
    "numberOfBidders": 6
  },
  "implementation": "org.spectrumauctions.sats.core.model.gsvm.GSVMBidder"
}