{
  "homeId": 11,
  "distanceDiscounts": {
    "0": 1,
    "1": 0.42045,
    "2": 0.17678,
    "3": 0.07433,
    "4": 0.03125,
    "5": 0.01314,
    "6": 0.00552,
    "7": 0.00232
  },
  "alpha": 766.5732679815637311548925936222076416015625,
  "beta": {
    "0": 0.048127242864000198407925523724770755507051944732666015625,
    "1": 0.09229189510387481032438472539070062339305877685546875,
    "2": 0.05329504078850628989716398109521833248436450958251953125,
    "3": 0.071627980045203820669286187694524414837360382080078125,
    "4": 0.09694000815530755266191675900699920020997524261474609375,
    "5": 0.053924480135185907936357097014479222707450389862060546875,
    "6": 0.0492873682839074234163234677907894365489482879638671875,
    "7": 0.0978775546902787285663549710079678334295749664306640625,
    "8": 0.0579088628360572010844720125533058308064937591552734375,
    "9": 0.06572413761182127611704117953195236623287200927734375,
    "10": 0.0902331932150580995344313350869924761354923248291015625,
    "11": 0.0765708533057785356579216795580578036606311798095703125,
    "12": 0.0909162529553447507080221612341119907796382904052734375,
    "13": 0.0592150361866763674800751005022902972996234893798828125
  },
  "zLow": {
    "0": 0.000007416738062,
    "1": 0.000001874649968,
    "2": 0.000004598727450,
    "3": 0.000001537295717,
    "4": 3.334855036E-7,
    "5": 0.000001451327571,
    "6": 0.00001959111452,
    "7": 1.860150657E-7,
    "8": 0.000004103783267,
    "9": 0.000002313580392,
    "10": 9.887634263E-7,
    "11": 3.288055851E-7,
    "12": 4.592957387E-7,
    "13": 0.00002965513486
  },
  "zHigh": {
    "0": 0.00025819685724188643178973990283180657527629915411446839162414690145362187227155639978734506390374272710998516360487831,
    "1": 0.0000735409988458004689336135364644982202080443600850953855245887580125684551162216069272740255480664121619286856747,
    "2": 0.0001624707601844269823920045110460844800387599135874552185706186513808924735905636904859717188892293743626107739649677,
    "3": 0.00005713021020137780018874780830001639626905238305781760955141160427095246316273089863550092305917896774964311583546,
    "4": 0.0000132373738500388996624292247630861006954677269952127034879551202628327220610199814010912962567170658546197509330813,
    "5": 0.00005136603557268935776131310754473270217223283721242706409935055123247254473706464177994845588639975469044151646213379,
    "6": 0.000684292882979666801364290063349042321277012171436412918465441149214421030703975906414183258834924841442149070704546,
    "7": 0.000007401121944112362394685714355405698593800595603878228738940135952465291036030575828647333524238835039112359486753,
    "8": 0.000146878040225948742778022574893585735638457174034156326022353266985561979691717682705611398077417811326711036792078,
    "9": 0.0000846132193577609529660743818501542316493032501016835451863632898799561715524111132088091331525420220274741235841,
    "10": 0.000038584830917763855383866362021957179117222667022746855489887144838447340919832098472356755753511875236803321414822,
    "11": 0.000012381859974857056160741899036102151576383670411700099695380688171265482715132000695792556632625538879330767585901,
    "12": 0.000017954616916089518785131986141478513630779880481193664870663114979137270623920789901635704925014018974560488475304,
    "13": 0.001065257033937726953624236629470489031211742276190046580495250190792690232400916551563036467708114271653575003547917
  },
  "setupType": "Multi Region Model Regional Bidder",
  "population": 0,
  "id": 5,
  "worldId": 287,
  "setup": {
    "exponentFactor": 1.25,
    "base": 2.0,
    "alphaInterval": {
      "minValue": 500.0,
      "maxValue": 840.0
    },
    "betaInterval": {
      "minValue": 0.04,
      "maxValue": 0.1
    },
    "setupName": "Multi Region Model Regional Bidder",
    "numberOfBidders": 4
  },
  "implementation": "org.spectrumauctions.sats.core.model.mrvm.MRVMRegionalBidder"
}