{
  "bidderPosition": 5,
  "values": {
    "0": 19.761048846616727558966886135749518871307373046875,
    "1": 6.119770942049445494603787665255367755889892578125,
    "17": 7.26218428292049367200888809747993946075439453125,
    "10": 1.07895025492404261768797368858940899372100830078125,
    "11": 16.266992841312884365834179334342479705810546875,
    "12": 14.7586731876163863574902279651723802089691162109375
  },
  "setupType": "Regional Bidder Setup",
  "population": 0,
  "id": 5,
  "worldId": 381,
  "setup": {
    "lowNationalValueInterval": {
      "minValue": 0.0,
      "maxValue": 20.0
    },
    "highNationalValueInterval": {
      "minValue": 0.0,
      "maxValue": 40.0
    },
    "regionalValueInterval": {
      "minValue": 0.0,
      "maxValue": 20.0
    },
    "setupName": "Regional Bidder Setup",
    "numberOfBidders": 6
  },
  "implementation": "org.spectrumauctions.sats.core.model.gsvm.GSVMBidder"
}