{
  "bidderPosition": 0,
  "values": {
    "0": 16.357156796184856517584194079972803592681884765625,
    "1": 12.1593990962165836577923982986249029636383056640625,
    "2": 7.7897155703627785072740152827464044094085693359375,
    "3": 5.407400649630151434621438966132700443267822265625,
    "12": 16.165479472095238833162511582486331462860107421875,
    "13": 12.6066775731699038942679180763661861419677734375
  },
  "setupType": "Regional Bidder Setup",
  "population": 0,
  "id": 0,
  "worldId": 834,
  "setup": {
    "lowNationalValueInterval": {
      "minValue": 0.0,
      "maxValue": 20.0
    },
    "highNationalValueInterval": {
      "minValue": 0.0,
      "maxValue": 40.0
    },
    "regionalValueInterval": {
      "minValue": 0.0,
      "maxValue": 20.0
    },
    "setupName": "Regional Bidder Setup",
    "numberOfBidders": 6
  },
  "implementation": "org.spectrumauctions.sats.core.model.gsvm.GSVMBidder"
}