{
  "bidderPosition": 3,
  "values": {
    "16": 15.299875427080070977581272018142044544219970703125,
    "6": 0.01592494180707060280610676272772252559661865234375,
    "7": 39.65680475627033985119851422496140003204345703125,
    "8": 15.7606756646508916475113437627442181110382080078125,
    "9": 1.741688177777580559535408610827289521694183349609375,
    "15": 6.887109386394978827183877001516520977020263671875
  },
  "setupType": "Regional Bidder Setup",
  "population": 0,
  "id": 3,
  "worldId": 834,
  "setup": {
    "lowNationalValueInterval": {
      "minValue": 0.0,
      "maxValue": 20.0
    },
    "highNationalValueInterval": {
      "minValue": 0.0,
      "maxValue": 40.0
    },
    "regionalValueInterval": {
      "minValue": 0.0,
      "maxValue": 20.0
    },
    "setupName": "Regional Bidder Setup",
    "numberOfBidders": 6
  },
  "implementation": "org.spectrumauctions.sats.core.model.gsvm.GSVMBidder"
}