{
  "bidderPosition": -1,
  "values": {
    "0": 0.661662329524796977153755506151355803012847900390625,
    "1": 5.788079598033078809748985804617404937744140625,
    "2": 1.4500349477244334206460507630254141986370086669921875,
    "3": 2.62895410154935138535847727325744926929473876953125,
    "4": 2.31313151540717854004469700157642364501953125,
    "5": 3.724047452487198039960958340088836848735809326171875,
    "6": 10.1098890082247532262726963381282985210418701171875,
    "7": 11.487027723584571248238717089407145977020263671875,
    "8": 8.7540088427064244314124152879230678081512451171875,
    "9": 8.194286501771557595930062234401702880859375,
    "10": 2.95498345912755144837547049974091351032257080078125,
    "11": 4.07256328775998266422675442299805581569671630859375
  },
  "setupType": "National Bidder Setup",
  "population": 0,
  "id": 6,
  "worldId": 834,
  "setup": {
    "lowNationalValueInterval": {
      "minValue": 0.0,
      "maxValue": 10.0
    },
    "highNationalValueInterval": {
      "minValue": 0.0,
      "maxValue": 20.0
    },
    "regionalValueInterval": {
      "minValue": 0.0,
      "maxValue": 0.0
    },
    "setupName": "National Bidder Setup",
    "numberOfBidders": 1
  },
  "implementation": "org.spectrumauctions.sats.core.model.gsvm.GSVMBidder"
}