{
  "bidderPosition": 5,
  "values": {
    "0": 18.34780450576568711085201357491314411163330078125,
    "1": 12.26069177798324716377464937977492809295654296875,
    "17": 13.492895490681259929033330990932881832122802734375,
    "10": 4.917899964279371261000051163136959075927734375,
    "11": 16.804227503781415720141012570820748805999755859375,
    "12": 1.0911626489945636109268889413215219974517822265625
  },
  "setupType": "Regional Bidder Setup",
  "population": 0,
  "id": 5,
  "worldId": 954,
  "setup": {
    "lowNationalValueInterval": {
      "minValue": 0.0,
      "maxValue": 20.0
    },
    "highNationalValueInterval": {
      "minValue": 0.0,
      "maxValue": 40.0
    },
    "regionalValueInterval": {
      "minValue": 0.0,
      "maxValue": 20.0
    },
    "setupName": "Regional Bidder Setup",
    "numberOfBidders": 6
  },
  "implementation": "org.spectrumauctions.sats.core.model.gsvm.GSVMBidder"
}