{
  "bidderPosition": 1,
  "values": {
    "2": 14.7661692098328973798970764619298279285430908203125,
    "3": 11.8590780971060727466692696907557547092437744140625,
    "4": 17.44141880678007083815828082151710987091064453125,
    "5": 34.4578120614479530559037812054157257080078125,
    "13": 7.611048830667062503607667167671024799346923828125,
    "14": 7.5333913692471110579162996145896613597869873046875
  },
  "setupType": "Regional Bidder Setup",
  "population": 0,
  "id": 1,
  "worldId": 954,
  "setup": {
    "lowNationalValueInterval": {
      "minValue": 0.0,
      "maxValue": 20.0
    },
    "highNationalValueInterval": {
      "minValue": 0.0,
      "maxValue": 40.0
    },
    "regionalValueInterval": {
      "minValue": 0.0,
      "maxValue": 20.0
    },
    "setupName": "Regional Bidder Setup",
    "numberOfBidders": 6
  },
  "implementation": "org.spectrumauctions.sats.core.model.gsvm.GSVMBidder"
}