{
  "bidderPosition": 2,
  "values": {
    "4": 11.951116386629951904296831344254314899444580078125,
    "5": 18.7237654528574495316206593997776508331298828125,
    "6": 34.90644335097135098067155922763049602508544921875,
    "7": 7.7578327859013018752420975943095982074737548828125,
    "14": 3.818851263798219708434089625370688736438751220703125,
    "15": 17.8588401482213754434269503690302371978759765625
  },
  "setupType": "Regional Bidder Setup",
  "population": 0,
  "id": 2,
  "worldId": 954,
  "setup": {
    "lowNationalValueInterval": {
      "minValue": 0.0,
      "maxValue": 20.0
    },
    "highNationalValueInterval": {
      "minValue": 0.0,
      "maxValue": 40.0
    },
    "regionalValueInterval": {
      "minValue": 0.0,
      "maxValue": 20.0
    },
    "setupName": "Regional Bidder Setup",
    "numberOfBidders": 6
  },
  "implementation": "org.spectrumauctions.sats.core.model.gsvm.GSVMBidder"
}