{
  "bidderPosition": 4,
  "values": {
    "16": 14.8050389354933091823340873816050589084625244140625,
    "17": 1.47213079853026673760041376226581633090972900390625,
    "8": 13.89417783825410879217088222503662109375,
    "9": 13.623985209197652324064620188437402248382568359375,
    "10": 16.39158598782196207821471034549176692962646484375,
    "11": 0.749919110611390049569990878808312118053436279296875
  },
  "setupType": "Regional Bidder Setup",
  "population": 0,
  "id": 4,
  "worldId": 954,
  "setup": {
    "lowNationalValueInterval": {
      "minValue": 0.0,
      "maxValue": 20.0
    },
    "highNationalValueInterval": {
      "minValue": 0.0,
      "maxValue": 40.0
    },
    "regionalValueInterval": {
      "minValue": 0.0,
      "maxValue": 20.0
    },
    "setupName": "Regional Bidder Setup",
    "numberOfBidders": 6
  },
  "implementation": "org.spectrumauctions.sats.core.model.gsvm.GSVMBidder"
}