{
  "bidderPosition": -1,
  "values": {
    "0": 2.49985828534604070938485165243037045001983642578125,
    "1": 3.904938661243999575845009530894458293914794921875,
    "2": 2.90741496759042394870675707352347671985626220703125,
    "3": 4.67913516727763134639417330618016421794891357421875,
    "4": 5.50948820637734826277664978988468647003173828125,
    "5": 1.305064427076756405909918612451292574405670166015625,
    "6": 15.22881729456783972409539273940026760101318359375,
    "7": 3.146017177106907869443830350064672529697418212890625,
    "8": 4.80901004575919355232827001600526273250579833984375,
    "9": 6.2035503427260305642221283051185309886932373046875,
    "10": 1.099024826527053022573454654775559902191162109375,
    "11": 0.85987078755178192324137853574939072132110595703125
  },
  "setupType": "National Bidder Setup",
  "population": 0,
  "id": 6,
  "worldId": 954,
  "setup": {
    "lowNationalValueInterval": {
      "minValue": 0.0,
      "maxValue": 10.0
    },
    "highNationalValueInterval": {
      "minValue": 0.0,
      "maxValue": 20.0
    },
    "regionalValueInterval": {
      "minValue": 0.0,
      "maxValue": 0.0
    },
    "setupName": "National Bidder Setup",
    "numberOfBidders": 1
  },
  "implementation": "org.spectrumauctions.sats.core.model.gsvm.GSVMBidder"
}