{
  "bidderPosition": 2,
  "values": {
    "4": 20.56213348793593098662313423119485378265380859375,
    "5": 1.50490493876851427756946577574126422405242919921875,
    "6": 39.51059053780222285467971232719719409942626953125,
    "7": 33.67033584331543494272409589029848575592041015625,
    "14": 19.14009351937719571878915303386747837066650390625,
    "15": 4.8236234921256144758672235184349119663238525390625
  },
  "setupType": "Regional Bidder Setup",
  "population": 0,
  "id": 2,
  "worldId": 824,
  "setup": {
    "lowNationalValueInterval": {
      "minValue": 0.0,
      "maxValue": 20.0
    },
    "highNationalValueInterval": {
      "minValue": 0.0,
      "maxValue": 40.0
    },
    "regionalValueInterval": {
      "minValue": 0.0,
      "maxValue": 20.0
    },
    "setupName": "Regional Bidder Setup",
    "numberOfBidders": 6
  },
  "implementation": "org.spectrumauctions.sats.core.model.gsvm.GSVMBidder"
}