{
  "bidderPosition": 1,
  "values": {
    "2": 3.930271928916393431308051731321029365062713623046875,
    "3": 7.370073026645453495575566194020211696624755859375,
    "4": 21.67439073636182200743860448710620403289794921875,
    "5": 34.78400269789681686916082981042563915252685546875,
    "13": 5.0965851698575175277028392883948981761932373046875,
    "14": 2.248492627458096304593482273048721253871917724609375
  },
  "setupType": "Regional Bidder Setup",
  "population": 0,
  "id": 1,
  "worldId": 824,
  "setup": {
    "lowNationalValueInterval": {
      "minValue": 0.0,
      "maxValue": 20.0
    },
    "highNationalValueInterval": {
      "minValue": 0.0,
      "maxValue": 40.0
    },
    "regionalValueInterval": {
      "minValue": 0.0,
      "maxValue": 20.0
    },
    "setupName": "Regional Bidder Setup",
    "numberOfBidders": 6
  },
  "implementation": "org.spectrumauctions.sats.core.model.gsvm.GSVMBidder"
}