{
  "bidderPosition": 4,
  "values": {
    "16": 10.82599130165042566886768327094614505767822265625,
    "17": 3.799726119070465646387901870184578001499176025390625,
    "8": 4.269465235605736097568296827375888824462890625,
    "9": 8.5458417951737057904892935766838490962982177734375,
    "10": 5.86702613181838472655726945959031581878662109375,
    "11": 19.17583972732045793918587150983512401580810546875
  },
  "setupType": "Regional Bidder Setup",
  "population": 0,
  "id": 4,
  "worldId": 824,
  "setup": {
    "lowNationalValueInterval": {
      "minValue": 0.0,
      "maxValue": 20.0
    },
    "highNationalValueInterval": {
      "minValue": 0.0,
      "maxValue": 40.0
    },
    "regionalValueInterval": {
      "minValue": 0.0,
      "maxValue": 20.0
    },
    "setupName": "Regional Bidder Setup",
    "numberOfBidders": 6
  },
  "implementation": "org.spectrumauctions.sats.core.model.gsvm.GSVMBidder"
}