{
  "bidderPosition": -1,
  "values": {
    "0": 7.341585132685093384452557074837386608123779296875,
    "1": 2.32209026079485436611093973624520003795623779296875,
    "2": 4.12770313297905744320814847014844417572021484375,
    "3": 8.846913704916058662774958065710961818695068359375,
    "4": 5.901003732173837335039934259839355945587158203125,
    "5": 6.1789124667212913522007511346600949764251708984375,
    "6": 4.586729061583991295947271282784640789031982421875,
    "7": 3.804436639605646153228235561982728540897369384765625,
    "8": 0.071819392206535770384334682603366672992706298828125,
    "9": 4.19436551373236010675782381440512835979461669921875,
    "10": 7.97530114511696108792193626868538558483123779296875,
    "11": 8.266754808020035483195897541008889675140380859375
  },
  "setupType": "National Bidder Setup",
  "population": 0,
  "id": 6,
  "worldId": 824,
  "setup": {
    "lowNationalValueInterval": {
      "minValue": 0.0,
      "maxValue": 10.0
    },
    "highNationalValueInterval": {
      "minValue": 0.0,
      "maxValue": 20.0
    },
    "regionalValueInterval": {
      "minValue": 0.0,
      "maxValue": 0.0
    },
    "setupName": "National Bidder Setup",
    "numberOfBidders": 1
  },
  "implementation": "org.spectrumauctions.sats.core.model.gsvm.GSVMBidder"
}