{
  "bidderPosition": -1,
  "values": {
    "0": 5.6766319395849134110676459386013448238372802734375,
    "1": 1.0221143913315755558102182476432062685489654541015625,
    "2": 6.90054066929740894664746519993059337139129638671875,
    "3": 1.522471599772734496269777082488872110843658447265625,
    "4": 10.264648246522018126825059880502521991729736328125,
    "5": 17.28010585769906271025320165790617465972900390625,
    "6": 16.731400071021877096200114465318620204925537109375,
    "7": 18.10901002926448200014419853687286376953125,
    "8": 0.368213801273709062655825619003735482692718505859375,
    "9": 0.783588144445237499979839412844739854335784912109375,
    "10": 9.35310164148668121697483002208173274993896484375,
    "11": 3.13031215703295373486980679444968700408935546875
  },
  "setupType": "National Bidder Setup",
  "population": 0,
  "id": 6,
  "worldId": 895,
  "setup": {
    "lowNationalValueInterval": {
      "minValue": 0.0,
      "maxValue": 10.0
    },
    "highNationalValueInterval": {
      "minValue": 0.0,
      "maxValue": 20.0
    },
    "regionalValueInterval": {
      "minValue": 0.0,
      "maxValue": 0.0
    },
    "setupName": "National Bidder Setup",
    "numberOfBidders": 1
  },
  "implementation": "org.spectrumauctions.sats.core.model.gsvm.GSVMBidder"
}