{
  "bidderPosition": 0,
  "values": {
    "0": 0.999115004524213645709096454083919525146484375,
    "1": 8.0910653941072041561710648238658905029296875,
    "2": 12.93070766428778739509652950800955295562744140625,
    "3": 6.94555590432714087256726998020894825458526611328125,
    "12": 7.57254586627011949673260460258461534976959228515625,
    "13": 19.58435391253980384362876066006720066070556640625
  },
  "setupType": "Regional Bidder Setup",
  "population": 0,
  "id": 0,
  "worldId": 895,
  "setup": {
    "lowNationalValueInterval": {
      "minValue": 0.0,
      "maxValue": 20.0
    },
    "highNationalValueInterval": {
      "minValue": 0.0,
      "maxValue": 40.0
    },
    "regionalValueInterval": {
      "minValue": 0.0,
      "maxValue": 20.0
    },
    "setupName": "Regional Bidder Setup",
    "numberOfBidders": 6
  },
  "implementation": "org.spectrumauctions.sats.core.model.gsvm.GSVMBidder"
}