{
  "bidderPosition": 3,
  "values": {
    "16": 13.32591987789751186710418551228940486907958984375,
    "6": 27.0678153532415848303571692667901515960693359375,
    "7": 25.556934105014210700801413622684776782989501953125,
    "8": 7.520252713123543486517519340850412845611572265625,
    "9": 14.79856043078459748585373745299875736236572265625,
    "15": 2.3960144833610019787784040090627968311309814453125
  },
  "setupType": "Regional Bidder Setup",
  "population": 0,
  "id": 3,
  "worldId": 895,
  "setup": {
    "lowNationalValueInterval": {
      "minValue": 0.0,
      "maxValue": 20.0
    },
    "highNationalValueInterval": {
      "minValue": 0.0,
      "maxValue": 40.0
    },
    "regionalValueInterval": {
      "minValue": 0.0,
      "maxValue": 20.0
    },
    "setupName": "Regional Bidder Setup",
    "numberOfBidders": 6
  },
  "implementation": "org.spectrumauctions.sats.core.model.gsvm.GSVMBidder"
}