{
  "bidderPosition": 1,
  "values": {
    "2": 17.91748354629390149739265325479209423065185546875,
    "3": 4.375365070954284618665042216889560222625732421875,
    "4": 34.07248360303396594872538116760551929473876953125,
    "5": 29.95716041494696213476345292292535305023193359375,
    "13": 17.943843660625528713126186630688607692718505859375,
    "14": 7.46818834675523124388973883469589054584503173828125
  },
  "setupType": "Regional Bidder Setup",
  "population": 0,
  "id": 1,
  "worldId": 895,
  "setup": {
    "lowNationalValueInterval": {
      "minValue": 0.0,
      "maxValue": 20.0
    },
    "highNationalValueInterval": {
      "minValue": 0.0,
      "maxValue": 40.0
    },
    "regionalValueInterval": {
      "minValue": 0.0,
      "maxValue": 20.0
    },
    "setupName": "Regional Bidder Setup",
    "numberOfBidders": 6
  },
  "implementation": "org.spectrumauctions.sats.core.model.gsvm.GSVMBidder"
}