{
  "bidderPosition": 0,
  "values": {
    "0": 8.2355361115593961329750527511350810527801513671875,
    "1": 1.970924410355496814162279406446032226085662841796875,
    "2": 1.132197314548502031783527854713611304759979248046875,
    "3": 16.17524779183020910977575113065540790557861328125,
    "12": 11.5778286441690863028952662716619670391082763671875,
    "13": 10.94965227760273052126649417914450168609619140625
  },
  "setupType": "Regional Bidder Setup",
  "population": 0,
  "id": 0,
  "worldId": 1006,
  "setup": {
    "lowNationalValueInterval": {
      "minValue": 0.0,
      "maxValue": 20.0
    },
    "highNationalValueInterval": {
      "minValue": 0.0,
      "maxValue": 40.0
    },
    "regionalValueInterval": {
      "minValue": 0.0,
      "maxValue": 20.0
    },
    "setupName": "Regional Bidder Setup",
    "numberOfBidders": 6
  },
  "implementation": "org.spectrumauctions.sats.core.model.gsvm.GSVMBidder"
}