{
  "bidderPosition": -1,
  "values": {
    "0": 9.744949275234830565750598907470703125,
    "1": 7.44817458658869302468019668594934046268463134765625,
    "2": 4.70511483240042682751891334191896021366119384765625,
    "3": 5.7513507661300895534850496915169060230255126953125,
    "4": 8.514080560641371420160794514231383800506591796875,
    "5": 6.92703550224943231938823373639024794101715087890625,
    "6": 5.2171258303981620230160842766053974628448486328125,
    "7": 3.694897879129968032430042512714862823486328125,
    "8": 1.336066274824532218445938269724138081073760986328125,
    "9": 4.79341229358877374266967308358289301395416259765625,
    "10": 6.21814943519346652323065427481196820735931396484375,
    "11": 1.8579170766795771729817943196394480764865875244140625
  },
  "setupType": "National Bidder Setup",
  "population": 0,
  "id": 6,
  "worldId": 1111,
  "setup": {
    "lowNationalValueInterval": {
      "minValue": 0.0,
      "maxValue": 10.0
    },
    "highNationalValueInterval": {
      "minValue": 0.0,
      "maxValue": 20.0
    },
    "regionalValueInterval": {
      "minValue": 0.0,
      "maxValue": 0.0
    },
    "setupName": "National Bidder Setup",
    "numberOfBidders": 1
  },
  "implementation": "org.spectrumauctions.sats.core.model.gsvm.GSVMBidder"
}