{
  "bidderPosition": -1,
  "values": {
    "0": 9.45786148421165506761099095456302165985107421875,
    "1": 5.35313626104655071458182646892964839935302734375,
    "2": 9.6451601901699373087240019231103360652923583984375,
    "3": 3.08482864782314702978283094125799834728240966796875,
    "4": 5.95946229391534298969190786010585725307464599609375,
    "5": 6.189890603793603673921097652055323123931884765625,
    "6": 7.669592353070544987758694333024322986602783203125,
    "7": 9.782862634633840315245834062807261943817138671875,
    "8": 6.5364212338857381467960294685326516628265380859375,
    "9": 3.499288235770183774775432539172470569610595703125,
    "10": 7.20019513669188793159037231816910207271575927734375,
    "11": 9.7320697010018282213650309131480753421783447265625
  },
  "setupType": "National Bidder Setup",
  "population": 0,
  "id": 6,
  "worldId": 494,
  "setup": {
    "lowNationalValueInterval": {
      "minValue": 0.0,
      "maxValue": 10.0
    },
    "highNationalValueInterval": {
      "minValue": 0.0,
      "maxValue": 20.0
    },
    "regionalValueInterval": {
      "minValue": 0.0,
      "maxValue": 0.0
    },
    "setupName": "National Bidder Setup",
    "numberOfBidders": 1
  },
  "implementation": "org.spectrumauctions.sats.core.model.gsvm.GSVMBidder"
}