{
  "regionsOfInterest": [
    2,
    3,
    9
  ],
  "alpha": 67.38935117375791605809354223310947418212890625,
  "beta": {
    "0": 0.06385585228974995086748123185316217131912708282470703125,
    "1": 0.08583509581077797268022777643636800348758697509765625,
    "2": 0.06925524349908836196920702832358074374496936798095703125,
    "3": 0.06193375737002515535323254880495369434356689453125,
    "4": 0.11602689444267488827478018720285035669803619384765625,
    "5": 0.05772923640744231921217988201533444225788116455078125,
    "6": 0.0649435297754764884192724139211350120604038238525390625,
    "7": 0.059432344072035271642651110823862836696207523345947265625,
    "8": 0.0633429692504443309086781255246023647487163543701171875,
    "9": 0.09037885608679119275876701067318208515644073486328125,
    "10": 0.104796700465622449893743350912700407207012176513671875,
    "11": 0.0632561416352323824252579242966021411120891571044921875,
    "12": 0.11938318604917579068835919997582095675170421600341796875,
    "13": 0.0767734475979073571760835648092324845492839813232421875
  },
  "zLow": {
    "0": 0.000004940788360,
    "1": 0.000001781606916,
    "2": 0.000003127986306,
    "3": 0.000001571468667,
    "4": 2.462716258E-7,
    "5": 0.000001198253298,
    "6": 0.00001314171113,
    "7": 2.707705358E-7,
    "8": 0.000003316072897,
    "9": 0.000001487084629,
    "10": 7.524959118E-7,
    "11": 3.517977099E-7,
    "12": 3.091603661E-7,
    "13": 0.00002021686878
  },
  "zHigh": {
    "0": 0.000179773475959137166739611325542513583786121738518474771001711873880426732272482695641399745475118412659144857459610,
    "1": 0.000068740647476411419137351984855046167306359655370701448800426412933699715910684552858038877294004127263368739346,
    "2": 0.000115502534484664935931680506481036166156643194130032683162498073145116830693200651753682768115884407757891813429169,
    "3": 0.000056876755923109328926699005819058362187542871723786543607697738936711422015612184564546866542195768162599541,
    "4": 0.000010245561963777307348737903905784989505524325535095828575030036700625516598809559669447725546555316034363520136,
    "5": 0.000042865023701107541948845004348948359527873712173672785317809829289280285190911670756418207265897383144412392237,
    "6": 0.00047959824459999319206601590390581632344081600776891703581652842036031546864920149760028858039336569160830882137964,
    "7": 0.0000097323688366397938164514234884424916815451809990897880231393248382386403222865869718863434010021342603345418251478,
    "8": 0.00012048717726018054554444197216116719340374716224203850774883882212694643310268767367240272995398044076973657514851,
    "9": 0.000058052639602076847318264014546580126789890624567938288090805005745566027120650304417909035660256534471838520489,
    "10": 0.0000304607862208777129516134352039784355848422471351699304872216604789324260491640232778569858779021244263357842450,
    "11": 0.00001277926787279628171772724785164690238433298048616855318103122223835975328756806291907773640233466303837680203837,
    "12": 0.000012965665931131515696097915313863820466571211654027525929560170653717034717567637918720234319279001453910417721712,
    "13": 0.00076171793488063036599808801922325557357500282292158228023481478773848364244658850954714162591333610494262652637043
  },
  "setupType": "Multi Region Model Local Bidder",
  "population": 0,
  "id": 2,
  "worldId": 387,
  "setup": {
    "numberOfRegionsInterval": {
      "minValue": 3,
      "maxValue": 7
    },
    "alphaInterval": {
      "minValue": 60.0,
      "maxValue": 100.0
    },
    "betaInterval": {
      "minValue": 0.05,
      "maxValue": 0.12
    },
    "setupName": "Multi Region Model Local Bidder",
    "numberOfBidders": 3
  },
  "implementation": "org.spectrumauctions.sats.core.model.mrvm.MRVMLocalBidder"
}