{
  "homeId": 12,
  "distanceDiscounts": {
    "0": 1,
    "1": 0.42045,
    "2": 0.17678,
    "3": 0.07433,
    "4": 0.03125,
    "5": 0.01314,
    "6": 0.00552,
    "7": 0.00232
  },
  "alpha": 810.156648831480197259224951267242431640625,
  "beta": {
    "0": 0.088127392970654250259343598372652195394039154052734375,
    "1": 0.06278465956096011824083547026020823977887630462646484375,
    "2": 0.052012937070172689246749797575830598361790180206298828125,
    "3": 0.0936136037154560451956086808422696776688098907470703125,
    "4": 0.07955025500245345437821953282764297910034656524658203125,
    "5": 0.051493000933795961271410845938589773140847682952880859375,
    "6": 0.0763899263578814158304197690085857175290584564208984375,
    "7": 0.0906736320438507326091581717264489270746707916259765625,
    "8": 0.04922467084091887434826873004567460156977176666259765625,
    "9": 0.045396783636559377705932405433486565016210079193115234375,
    "10": 0.05690425881873643898511971883635851554572582244873046875,
    "11": 0.08834802268244977552225094541427097283303737640380859375,
    "12": 0.05854197791674932427330446671476238407194614410400390625,
    "13": 0.05724062905774561504923525490085012279450893402099609375
  },
  "zLow": {
    "0": 0.000003580024793,
    "1": 0.000002435696894,
    "2": 0.000004164914836,
    "3": 0.000001039666836,
    "4": 3.591959815E-7,
    "5": 0.000001343371849,
    "6": 0.00001117253477,
    "7": 1.774774792E-7,
    "8": 0.000004267167255,
    "9": 0.000002960584360,
    "10": 0.000001385820505,
    "11": 2.518830087E-7,
    "12": 6.304629740E-7,
    "13": 0.00002711568237
  },
  "zHigh": {
    "0": 0.0001389505689292789194882919437245503893908847068236530213266176400886608795548767680439668799255205894136236179646,
    "1": 0.000088363346829096829405058652681706132634384397039604630495253579008566541748594346945494366668293423034104003853436,
    "2": 0.0001466103903877054619862387220124897729704825276746936093819722490808242889373332851809797093548325091487594427757028,
    "3": 0.00004092270097889621008179579608971321228078428475369990402716609364485073859960257936637674174207705287137204953319,
    "4": 0.000013633292636223366661724155525532054318317495555409709144708716600977678892123888193237366210443059746074903291281,
    "5": 0.0000472185802520389395386838497792672351715348845406778334449214862184624229598156143605998668726571377222289994778456,
    "6": 0.00042052295371921705348000592631606134614358714295908407796120388138448857189731552372226805249034815495015667050666,
    "7": 0.00000693357714032121216043127759344225187368485280413774307982996240971644253100974839330503624049354851278244640835,
    "8": 0.000149020007996906688113697635973760270010818515199424568638929638069174817070998174964412711853808984102091480333743,
    "9": 0.0001022576315346878458089569423922847350832443971930078290271139314531232259732372304667876618924984254241924115666560,
    "10": 0.000049460524005001443049081846434817433439282049988622692548029195505759213893956045863839872010859167277451567757290,
    "11": 0.000009781826836414981670777423959328999271604705840170255048839181030737911603180108825269045001618833552438982698703,
    "12": 0.000022604744168364195331880490601792311595034257879749268885367907847892408308378281068214151818759816994213764569973,
    "13": 0.000968682342387167025055040606550579318289300430214651415805835609193236533196880058935491521483367682173713981773186
  },
  "setupType": "Multi Region Model Regional Bidder",
  "population": 0,
  "id": 6,
  "worldId": 387,
  "setup": {
    "exponentFactor": 1.25,
    "base": 2.0,
    "alphaInterval": {
      "minValue": 500.0,
      "maxValue": 840.0
    },
    "betaInterval": {
      "minValue": 0.04,
      "maxValue": 0.1
    },
    "setupName": "Multi Region Model Regional Bidder",
    "numberOfBidders": 4
  },
  "implementation": "org.spectrumauctions.sats.core.model.mrvm.MRVMRegionalBidder"
}