{
  "gammaValues": {
    "1": 0.95045,
    "2": 0.80182
  },
  "alpha": 963.158680512139881102484650909900665283203125,
  "beta": {
    "0": 0.19773439820035410008358667255379259586334228515625,
    "1": 0.189956786677263733675857793059549294412136077880859375,
    "2": 0.1801405136978407595105267091639689169824123382568359375,
    "3": 0.180618304859286649133309765602461993694305419921875,
    "4": 0.15616206099611940061322457040660083293914794921875,
    "5": 0.1528845324087899359977171798163908533751964569091796875,
    "6": 0.09164006018603969294655797739324043504893779754638671875,
    "7": 0.08636021000858694340873711325912154279649257659912109375,
    "8": 0.12669557326076097414357946036034263670444488525390625,
    "9": 0.1079215779261710472791691017846460454165935516357421875,
    "10": 0.09495036846467495850188100803279667161405086517333984375,
    "11": 0.1291804430383524937564487800045753829181194305419921875,
    "12": 0.1787232369257337472046032189609832130372524261474609375,
    "13": 0.159706563113334809589360929749091155827045440673828125
  },
  "zLow": {
    "0": 0.000001595565843,
    "1": 8.050483635E-7,
    "2": 0.000001202558208,
    "3": 5.388543493E-7,
    "4": 1.829774258E-7,
    "5": 4.524607348E-7,
    "6": 0.000009313275288,
    "7": 1.863419235E-7,
    "8": 0.000001657910361,
    "9": 0.000001245358067,
    "10": 8.305295698E-7,
    "11": 1.722657490E-7,
    "12": 2.065123156E-7,
    "13": 0.000009718565634
  },
  "zHigh": {
    "0": 0.000079416800449209184153443461398144089103997929305035278093586505230771881279221684339269510224310361150116801,
    "1": 0.0000394438909300022432566174336523328182063144513389830027965077356192390176322988628239849232360344549357928015257,
    "2": 0.00005773969154706260977325083781368343517878594777474761362129175579264768088081375853415713740468698633672706644100,
    "3": 0.0000258983263924003999508736365396542064286310897004397067186793080891090304832152181754087425419797673573512695,
    "4": 0.000008346735964820075947751171549540055928203280794114854475619831160046752924131354402649903289613389492261471,
    "5": 0.00002049124682947435653575137470419731480648451497917613021986661968496718867642338973392685863976750100026263843936,
    "6": 0.000364745169414896324275209133526358385903046613753481702727108590069928722897627632457559510565035311459857652031903,
    "7": 0.000007199510468684330874387509368746747135095020799059452620351575360679833454420459304191374707456546824210976611497,
    "8": 0.000070742301169031586418948937939301084868925289674463459058462553023589818683448403959499098154868932221053105741,
    "9": 0.00005080084274635346468781529982529915582637339043364969069585477753441890361039705645252686722241360556151028570212,
    "10": 0.000032801795959977216731761477702492470735282037014404194494967158921185931060243373785195913345021851631008960456579,
    "11": 0.00000739330904333382747172114474952250166407133781365646789335032963927864183835681345283939463148825420229701458153,
    "12": 0.00000988622441604071121820067770077796699668464117406176832314776758657785850606145238066664811309475190629163689901,
    "13": 0.0004467688405593972182071234977436036027526222902077641982797807683494464540215758688046680214301464955237726903999
  },
  "setupType": "Multi Region Model National Bidder",
  "population": 0,
  "id": 8,
  "worldId": 387,
  "setup": {
    "bInterval": {
      "minValue": 0.1,
      "maxValue": 0.3
    },
    "kMax": 2.0,
    "alphaInterval": {
      "minValue": 700.0,
      "maxValue": 1200.0
    },
    "betaInterval": {
      "minValue": 0.08,
      "maxValue": 0.22
    },
    "setupName": "Multi Region Model National Bidder",
    "numberOfBidders": 3
  },
  "implementation": "org.spectrumauctions.sats.core.model.mrvm.MRVMNationalBidder"
}