{
  "regionsOfInterest": [
    1,
    5,
    6,
    8
  ],
  "alpha": 84.57959081914617627262487076222896575927734375,
  "beta": {
    "0": 0.099768942270281157913558445216040126979351043701171875,
    "1": 0.0758057033251287037955989944748580455780029296875,
    "2": 0.0750136208145208704944906230593915097415447235107421875,
    "3": 0.10678918107931038850022531505601364187896251678466796875,
    "4": 0.07837997034425801812229650522567681036889553070068359375,
    "5": 0.11515980104273336459552723454180522821843624114990234375,
    "6": 0.1068962830685714349154835645094863139092922210693359375,
    "7": 0.105388132908883935812127674580551683902740478515625,
    "8": 0.083362939853186601713019854287267662584781646728515625,
    "9": 0.07193162640332319279767858688501291908323764801025390625,
    "10": 0.0910370773256488352576099032376077957451343536376953125,
    "11": 0.0729018275687462746770250987538020126521587371826171875,
    "12": 0.10219899327850445747145613495376892387866973876953125,
    "13": 0.1075687932311809869023733199355774559080600738525390625
  },
  "zLow": {
    "0": 0.000003162289231,
    "1": 0.000002017320513,
    "2": 0.000002887868242,
    "3": 9.113934404E-7,
    "4": 3.645591061E-7,
    "5": 6.006805087E-7,
    "6": 0.000007984085914,
    "7": 1.526977204E-7,
    "8": 0.000002519703647,
    "9": 0.000001868455009,
    "10": 8.662304524E-7,
    "11": 3.052511372E-7,
    "12": 3.611439636E-7,
    "13": 0.00001442907994
  },
  "zHigh": {
    "0": 0.0001264185020871285514659292874789538958595177167170089623728190484724188628514105156002495783374321957075197294325,
    "1": 0.00007581205538730869229771280404987851120614936102272801252020064438451775543711664943843418875433441256729311,
    "2": 0.00010829899257260664279956649382950089722194124568637297355687872104369349551461156162122917657995950197490659262168,
    "3": 0.000037074499123952729118415324139264958353011407052041508453376076748135928000328611200994656180679011577305701471143,
    "4": 0.000013794186373954484817134652698850530428468978736940930373872064561434154882087633820074638764534415419145930139358,
    "5": 0.000024937840046358504688587550580100319742957577310774424448519307333738784023747924571492539755621049100560325077677,
    "6": 0.00032486948820091855093005805001315966474568655030074331098310372431595164771070801257733120765550957553147411638641,
    "7": 0.0000061901843742492805582825200436173656869497362683270499216605190967877524821322846526545064670280314502932070,
    "8": 0.0000965960997517853633331213101822187915296369167205293440704017890185310005211235020561147512474819229279510440561,
    "9": 0.000069493751001162244418844815179448009556426895150055430229021878819557582364720859998995934640935751229798612220651,
    "10": 0.00003387282243672932659406322954342069082722986222577534608567550730054129973691959989632206657049272591133214247836,
    "11": 0.00001138287068983633376381114746692362550136375409354129255591117536216106033201315063798757416809901947829101225149,
    "12": 0.000014525173854852308125504603056208078864073599976727167989968058841235104554420127456885993070961107272228639092,
    "13": 0.00058808426950783356754329837558484964571635193219124587312437611165994899529950010805042667322576028377600140986106
  },
  "setupType": "Multi Region Model Local Bidder",
  "population": 0,
  "id": 1,
  "worldId": 387,
  "setup": {
    "numberOfRegionsInterval": {
      "minValue": 3,
      "maxValue": 7
    },
    "alphaInterval": {
      "minValue": 60.0,
      "maxValue": 100.0
    },
    "betaInterval": {
      "minValue": 0.05,
      "maxValue": 0.12
    },
    "setupName": "Multi Region Model Local Bidder",
    "numberOfBidders": 3
  },
  "implementation": "org.spectrumauctions.sats.core.model.mrvm.MRVMLocalBidder"
}