{
  "gammaValues": {
    "1": 0.98752,
    "2": 0.95008
  },
  "alpha": 1133.50300705927520539262332022190093994140625,
  "beta": {
    "0": 0.09298080372184232278431892382286605425179004669189453125,
    "1": 0.1464414806288130421751958465392817743122577667236328125,
    "2": 0.1527907300840938287223025326966308057308197021484375,
    "3": 0.1060469150812902439096063744727871380746364593505859375,
    "4": 0.08171958259130367163702857169482740573585033416748046875,
    "5": 0.0816880274284603746792754463967867195606231689453125,
    "6": 0.09846272748304553401599292783430428244173526763916015625,
    "7": 0.11456959498316572620968400997298886068165302276611328125,
    "8": 0.1897460991356847148647801759580033831298351287841796875,
    "9": 0.191172594399675099818836088161333464086055755615234375,
    "10": 0.213751408452424740413988502041320316493511199951171875,
    "11": 0.199107035215574323938625411756220273673534393310546875,
    "12": 0.09590819643657723381213742186446324922144412994384765625,
    "13": 0.213796058318615866955525461889919824898242950439453125
  },
  "zLow": {
    "0": 0.000003393154706,
    "1": 0.000001044269695,
    "2": 0.000001417818039,
    "3": 9.177726581E-7,
    "4": 3.496607670E-7,
    "5": 8.468101146E-7,
    "6": 0.000008667940953,
    "7": 1.404607187E-7,
    "8": 0.000001107005122,
    "9": 7.030349095E-7,
    "10": 3.689289781E-7,
    "11": 1.117658437E-7,
    "12": 3.848320673E-7,
    "13": 0.000007259809783
  },
  "zHigh": {
    "0": 0.000133344466340500697793468403026407224223632301885244749608315290588127962300139468847850731773258716724344517045371,
    "1": 0.00004662053086243010391709289685487569682902121730345548603453810372689763459270167194510564824959318879600481894868,
    "2": 0.00006419748648100606089505222721529019421450274055364109919035311503616433660669096369227571557014849623230383677,
    "3": 0.00003726587565604772473246728496330748239716636480065405226824541865998312941333788808740069700755703242685973195306,
    "4": 0.000013347236199921874148085299745467072124199779629869852267295966026107874610046336717414376495755820109466841060624,
    "5": 0.00003232172822427715850876028947423307638762992624937227878849601669621400866673214577931288751734235526594246565,
    "6": 0.000345385139374071104672045162885754553095814935553454709405080780103850864487533853575261570048482823630452874459877,
    "7": 0.000005823074323399255847457605623236008720318519161237860641839558070095386635241802162897203975900342659786907937917,
    "8": 0.00005421514400067347259410001674447485355470611454860311740947822529446023781843975412517418450094245992194705951702,
    "9": 0.0000345311480424406135376709915664382975090810290450151961317656009629893363518895481923919837367136108649396789134,
    "10": 0.0000189537782075181101587369773146276009313381130389761210859572219943427937759376749352664030151140518170103173278,
    "11": 0.0000055783118851859239466329515402781341371344895212798131810977696556466156660846440802253260496386443044605595803,
    "12": 0.000015235816966540659395959331722685072807898066950001223550856315778064151414717274891808858289274177425563957825880,
    "13": 0.0003730061650429609043104947248290757123772834057147718612172332863236941679735300878600465888029030848832835857547
  },
  "setupType": "Multi Region Model National Bidder",
  "population": 0,
  "id": 9,
  "worldId": 387,
  "setup": {
    "bInterval": {
      "minValue": 0.1,
      "maxValue": 0.3
    },
    "kMax": 2.0,
    "alphaInterval": {
      "minValue": 700.0,
      "maxValue": 1200.0
    },
    "betaInterval": {
      "minValue": 0.08,
      "maxValue": 0.22
    },
    "setupName": "Multi Region Model National Bidder",
    "numberOfBidders": 3
  },
  "implementation": "org.spectrumauctions.sats.core.model.mrvm.MRVMNationalBidder"
}