{
  "homeId": 4,
  "distanceDiscounts": {
    "0": 1,
    "1": 0.42045,
    "2": 0.17678,
    "3": 0.07433,
    "4": 0.03125,
    "5": 0.01314,
    "6": 0.00552,
    "7": 0.00232
  },
  "alpha": 794.45048456813265147502534091472625732421875,
  "beta": {
    "0": 0.099872866503969259799333713090163655579090118408203125,
    "1": 0.0586524681526210123205800073264981620013713836669921875,
    "2": 0.05692425590381357258795702591669396497309207916259765625,
    "3": 0.08501606588545394804778965180958039127290248870849609375,
    "4": 0.04488063253473996427889147753376164473593235015869140625,
    "5": 0.048894005638161132376584561143317841924726963043212890625,
    "6": 0.0775668464185344241901276518547092564404010772705078125,
    "7": 0.06918096344656869678413357860335963778197765350341796875,
    "8": 0.0918451500382022612001264860737137496471405029296875,
    "9": 0.065430827521662682233483110394445247948169708251953125,
    "10": 0.08938408037066503109002724158926866948604583740234375,
    "11": 0.0592932401733133607191206237985170446336269378662109375,
    "12": 0.0602638932948351968565958713952568359673023223876953125,
    "13": 0.07851250627808548099295649080886505544185638427734375
  },
  "zLow": {
    "0": 0.000003158998663,
    "1": 0.000002607296932,
    "2": 0.000003805573737,
    "3": 0.000001144806669,
    "4": 6.366695456E-7,
    "5": 0.000001414779726,
    "6": 0.00001100301414,
    "7": 2.326149687E-7,
    "8": 0.000002287000495,
    "9": 0.000002054093043,
    "10": 8.822498184E-7,
    "11": 3.753103339E-7,
    "12": 6.124488061E-7,
    "13": 0.00001976906342
  },
  "zHigh": {
    "0": 0.0001263197850391971387056912451819793315698153613215606900527578567465511512961940756494208088647112502853665708548,
    "1": 0.00009351134797560743316948735993174928868891005352205563401554615931445470394431218891776169461606370679402352560285,
    "2": 0.000135830157419989308290029952644426553918284585088911793362787375684440314732701244149706939744332203174465063221319,
    "3": 0.000044076895961623992299985217604604024359918119880772224066281193774198023585309698140330037667727320168313294163853,
    "4": 0.000021957499559862874300392163433931720880777533599925858826367225360373147640265002188430193794458824837993920293608,
    "5": 0.0000493608165465698059549857522169651943463163320231500412211012595476428432591206403952955911495313867040661460685898,
    "6": 0.00041543733496597541489464694532538896445577943615623153697818199351967098268019205868614035297512209375346104014177,
    "7": 0.000008587701824536482042773593907086873275710559994307381311127171503392408616256326730589913537379927262532792086376,
    "8": 0.00008961500518375811402542605322421304278673009058980209308808206100048859907417788656257397006062611151216850473,
    "9": 0.0000750628920407664845084931250976277977624663248999492777745286152701279503112378412036315592025417109388104926145,
    "10": 0.000034353403417392160072441027879942342886843522040615666059667155597663735722968621587188376437591399725581635795,
    "11": 0.00001348464659120534261757952465874634226717474515232588286323080618793892077437115315421904760916524974759276844283,
    "12": 0.00002206431913234039605911090108543197819724318669367996720661430788526137348826069280447031397450171200161212591254,
    "13": 0.000748283774082698473944530669336376452234791772481173145497907902210919545793135664234398525664807655364596239135
  },
  "setupType": "Multi Region Model Regional Bidder",
  "population": 0,
  "id": 5,
  "worldId": 387,
  "setup": {
    "exponentFactor": 1.25,
    "base": 2.0,
    "alphaInterval": {
      "minValue": 500.0,
      "maxValue": 840.0
    },
    "betaInterval": {
      "minValue": 0.04,
      "maxValue": 0.1
    },
    "setupName": "Multi Region Model Regional Bidder",
    "numberOfBidders": 4
  },
  "implementation": "org.spectrumauctions.sats.core.model.mrvm.MRVMRegionalBidder"
}