{
  "bidderPosition": 5,
  "values": {
    "0": 4.7338972514128752067108507617376744747161865234375,
    "1": 11.41760107255513645441169501282274723052978515625,
    "17": 19.82595601863541645570876426063477993011474609375,
    "10": 16.727386017673097740043886005878448486328125,
    "11": 15.8632915801646703357619117014110088348388671875,
    "12": 14.800911131742761739360503270290791988372802734375
  },
  "setupType": "Regional Bidder Setup",
  "population": 0,
  "id": 5,
  "worldId": 459,
  "setup": {
    "lowNationalValueInterval": {
      "minValue": 0.0,
      "maxValue": 20.0
    },
    "highNationalValueInterval": {
      "minValue": 0.0,
      "maxValue": 40.0
    },
    "regionalValueInterval": {
      "minValue": 0.0,
      "maxValue": 20.0
    },
    "setupName": "Regional Bidder Setup",
    "numberOfBidders": 6
  },
  "implementation": "org.spectrumauctions.sats.core.model.gsvm.GSVMBidder"
}