{
  "bidderPosition": 3,
  "values": {
    "16": 15.236334890053353063876784290187060832977294921875,
    "6": 10.719739660082172605370942619629204273223876953125,
    "7": 6.23236486331467443022802399354986846446990966796875,
    "8": 12.237325629014463856947259046137332916259765625,
    "9": 0.78781595223684774964567623101174831390380859375,
    "15": 9.3581817514168879057478989125229418277740478515625
  },
  "setupType": "Regional Bidder Setup",
  "population": 0,
  "id": 3,
  "worldId": 459,
  "setup": {
    "lowNationalValueInterval": {
      "minValue": 0.0,
      "maxValue": 20.0
    },
    "highNationalValueInterval": {
      "minValue": 0.0,
      "maxValue": 40.0
    },
    "regionalValueInterval": {
      "minValue": 0.0,
      "maxValue": 20.0
    },
    "setupName": "Regional Bidder Setup",
    "numberOfBidders": 6
  },
  "implementation": "org.spectrumauctions.sats.core.model.gsvm.GSVMBidder"
}