{
  "bidderPosition": 0,
  "values": {
    "0": 18.266901930818523425159582984633743762969970703125,
    "1": 14.0763178857520347975196273182518780231475830078125,
    "2": 3.01393238251752126899418726679868996143341064453125,
    "3": 6.5438743360931379555722742225043475627899169921875,
    "12": 14.208749901908593216148801730014383792877197265625,
    "13": 11.094925475368089706762475543655455112457275390625
  },
  "setupType": "Regional Bidder Setup",
  "population": 0,
  "id": 0,
  "worldId": 459,
  "setup": {
    "lowNationalValueInterval": {
      "minValue": 0.0,
      "maxValue": 20.0
    },
    "highNationalValueInterval": {
      "minValue": 0.0,
      "maxValue": 40.0
    },
    "regionalValueInterval": {
      "minValue": 0.0,
      "maxValue": 20.0
    },
    "setupName": "Regional Bidder Setup",
    "numberOfBidders": 6
  },
  "implementation": "org.spectrumauctions.sats.core.model.gsvm.GSVMBidder"
}