{
  "homeId": 5,
  "distanceDiscounts": {
    "0": 1,
    "1": 0.42045,
    "2": 0.17678,
    "3": 0.07433,
    "4": 0.03125,
    "5": 0.01314,
    "6": 0.00552,
    "7": 0.00232
  },
  "alpha": 666.404762272042034965124912559986114501953125,
  "beta": {
    "0": 0.05336959770050418716547113717751926742494106292724609375,
    "1": 0.071463500605731644643725530841038562357425689697265625,
    "2": 0.0849895639931932678212689324936945922672748565673828125,
    "3": 0.0720651053096709459655500040753395296633243560791015625,
    "4": 0.09375654092033192110733352819806896150112152099609375,
    "5": 0.0964107302076107897104151334133348427712917327880859375,
    "6": 0.05168859706672386533643503980783862061798572540283203125,
    "7": 0.0956587106954653598744897635697270743548870086669921875,
    "8": 0.08709593311974332674463283865406992845237255096435546875,
    "9": 0.09677902502394010453290462692166329361498355865478515625,
    "10": 0.071739270101799756940152974493685178458690643310546875,
    "11": 0.072976116522762535243629145043087191879749298095703125,
    "12": 0.096287051635097931079343425153638236224651336669921875,
    "13": 0.053576025474361292644243093263867194764316082000732421875
  },
  "zLow": {
    "0": 0.000006103779875,
    "1": 0.000002209471149,
    "2": 0.000002631768821,
    "3": 0.000001394453267,
    "4": 3.146786690E-7,
    "5": 7.408237700E-7,
    "6": 0.00001704860688,
    "7": 1.736983032E-7,
    "8": 0.000002490120967,
    "9": 0.000001433894230,
    "10": 0.000001134986342,
    "11": 3.148551439E-7,
    "12": 3.957809844E-7,
    "13": 0.00002991233241
  },
  "zHigh": {
    "0": 0.00021568902387901794293267989387925292271695604226845622456954204818996530113892071342380888016840680409366964255587,
    "1": 0.000082073788735514821634525703814107444629943955751244340721873931634322221216871126420110353793762519134747674035,
    "2": 0.0001013203530759153631257778312248903060318653754188872862452200916614072266251587030498117861198202063775380191664,
    "3": 0.0000518827401534409246783996516675616998960736275269657213539425363983470384512370710576894166399827540277792082675,
    "4": 0.00001239067842006494631249919700915043693928181486642549915336101367156621100615499273498053872579109462374152075,
    "5": 0.0000293670491620345286885568714842325501814760457698497334299617489887294792239824028131562819678545531031343978930,
    "6": 0.00059958006332198810586342222551508653207313265247766696849978673928306864497665966231323784052856412488313536403186,
    "7": 0.0000068725246670955712171082019372249934773378398711889316700219891236076466580014590047224178522125544417671280386,
    "8": 0.00009639156992658764595967166579596867981146699320535668338879645826769770200781712322726473801523898732684233249895,
    "9": 0.00005689391544533637144051396895764817346479147143702231699032600769105408842920292094869327660917831281771617438581,
    "10": 0.000042191899415969717938154374389634276470096050484977148180953405449617351980126629768489005860866631845638869294,
    "11": 0.000011743344883669487246711112739982841352759106923890001811725550671303745294270071576791617804815426930816540885,
    "12": 0.000015684287938461277944879163580403106911173333976843831218707308373558516084371380111631431691819418484049172824,
    "13": 0.001057628360531317193718404614402658349725417833669603197920783842511206898830191012485701281163310966442942270959183
  },
  "setupType": "Multi Region Model Regional Bidder",
  "population": 0,
  "id": 3,
  "worldId": 291,
  "setup": {
    "exponentFactor": 1.25,
    "base": 2.0,
    "alphaInterval": {
      "minValue": 500.0,
      "maxValue": 840.0
    },
    "betaInterval": {
      "minValue": 0.04,
      "maxValue": 0.1
    },
    "setupName": "Multi Region Model Regional Bidder",
    "numberOfBidders": 4
  },
  "implementation": "org.spectrumauctions.sats.core.model.mrvm.MRVMRegionalBidder"
}