{
  "bidderPosition": 1,
  "values": {
    "2": 5.21923262149407651833143972908146679401397705078125,
    "3": 6.7030482182128086066086325445212423801422119140625,
    "4": 17.81401979892773823621610063128173351287841796875,
    "5": 0.04803550374155474145254629547707736492156982421875,
    "13": 3.728833647725195987732149660587310791015625,
    "14": 3.76582582022020773138137883506715297698974609375
  },
  "setupType": "Regional Bidder Setup",
  "population": 0,
  "id": 1,
  "worldId": 830,
  "setup": {
    "lowNationalValueInterval": {
      "minValue": 0.0,
      "maxValue": 20.0
    },
    "highNationalValueInterval": {
      "minValue": 0.0,
      "maxValue": 40.0
    },
    "regionalValueInterval": {
      "minValue": 0.0,
      "maxValue": 20.0
    },
    "setupName": "Regional Bidder Setup",
    "numberOfBidders": 6
  },
  "implementation": "org.spectrumauctions.sats.core.model.gsvm.GSVMBidder"
}