{
  "bidderPosition": 4,
  "values": {
    "16": 3.52805899312341519902247455320321023464202880859375,
    "17": 12.2245100109522724096677848137915134429931640625,
    "8": 15.575660975393933682653369032777845859527587890625,
    "9": 8.108769884503391978114450466819107532501220703125,
    "10": 1.74128691255407641591546052950434386730194091796875,
    "11": 3.50077881215273833959145122207701206207275390625
  },
  "setupType": "Regional Bidder Setup",
  "population": 0,
  "id": 4,
  "worldId": 830,
  "setup": {
    "lowNationalValueInterval": {
      "minValue": 0.0,
      "maxValue": 20.0
    },
    "highNationalValueInterval": {
      "minValue": 0.0,
      "maxValue": 40.0
    },
    "regionalValueInterval": {
      "minValue": 0.0,
      "maxValue": 20.0
    },
    "setupName": "Regional Bidder Setup",
    "numberOfBidders": 6
  },
  "implementation": "org.spectrumauctions.sats.core.model.gsvm.GSVMBidder"
}