{
  "bidderPosition": -1,
  "values": {
    "0": 0.9142934175308081723443365262937732040882110595703125,
    "1": 1.849357048795814417729843626148067414760589599609375,
    "2": 8.76978625262250943706021644175052642822265625,
    "3": 7.36725821143262038503962685354053974151611328125,
    "4": 9.023699991305985435019465512596070766448974609375,
    "5": 10.9699139289974230138113853172399103641510009765625,
    "6": 12.2768210780438042917239727103151381015777587890625,
    "7": 19.087569640858571773378571378998458385467529296875,
    "8": 4.02834090892896146129942280822433531284332275390625,
    "9": 2.68861229324539596774457095307298004627227783203125,
    "10": 7.6481346266213261486655028420500457286834716796875,
    "11": 2.22449631937803449233115316019393503665924072265625
  },
  "setupType": "National Bidder Setup",
  "population": 0,
  "id": 6,
  "worldId": 830,
  "setup": {
    "lowNationalValueInterval": {
      "minValue": 0.0,
      "maxValue": 10.0
    },
    "highNationalValueInterval": {
      "minValue": 0.0,
      "maxValue": 20.0
    },
    "regionalValueInterval": {
      "minValue": 0.0,
      "maxValue": 0.0
    },
    "setupName": "National Bidder Setup",
    "numberOfBidders": 1
  },
  "implementation": "org.spectrumauctions.sats.core.model.gsvm.GSVMBidder"
}