{
  "bidderPosition": -1,
  "values": {
    "0": 2.868590754507407414308772786171175539493560791015625,
    "1": 5.88061073295051084386386719415895640850067138671875,
    "2": 3.8729691791394174060769728384912014007568359375,
    "3": 3.278692333547128523463243254809640347957611083984375,
    "4": 4.83718112379643461196110365563072264194488525390625,
    "5": 8.272449112171596397047323989681899547576904296875,
    "6": 12.0016545634692040067648122203536331653594970703125,
    "7": 5.636017510293687138300811056979000568389892578125,
    "8": 6.0226771340940814525310997851192951202392578125,
    "9": 8.42574228789417389862137497402727603912353515625,
    "10": 0.85064933247906093782830794225446879863739013671875,
    "11": 8.7176632669175528889127235743217170238494873046875
  },
  "setupType": "National Bidder Setup",
  "population": 0,
  "id": 6,
  "worldId": 661,
  "setup": {
    "lowNationalValueInterval": {
      "minValue": 0.0,
      "maxValue": 10.0
    },
    "highNationalValueInterval": {
      "minValue": 0.0,
      "maxValue": 20.0
    },
    "regionalValueInterval": {
      "minValue": 0.0,
      "maxValue": 0.0
    },
    "setupName": "National Bidder Setup",
    "numberOfBidders": 1
  },
  "implementation": "org.spectrumauctions.sats.core.model.gsvm.GSVMBidder"
}