{
  "bidderPosition": 4,
  "values": {
    "16": 11.6858419933836632509382980060763657093048095703125,
    "17": 8.451652847321003747538270545192062854766845703125,
    "8": 11.6157296064590358497525812708772718906402587890625,
    "9": 8.92256239170698250973146059550344944000244140625,
    "10": 2.656491548041153283321591516141779720783233642578125,
    "11": 3.29407243284832507157489089877344667911529541015625
  },
  "setupType": "Regional Bidder Setup",
  "population": 0,
  "id": 4,
  "worldId": 661,
  "setup": {
    "lowNationalValueInterval": {
      "minValue": 0.0,
      "maxValue": 20.0
    },
    "highNationalValueInterval": {
      "minValue": 0.0,
      "maxValue": 40.0
    },
    "regionalValueInterval": {
      "minValue": 0.0,
      "maxValue": 20.0
    },
    "setupName": "Regional Bidder Setup",
    "numberOfBidders": 6
  },
  "implementation": "org.spectrumauctions.sats.core.model.gsvm.GSVMBidder"
}