{
  "bidderPosition": 2,
  "values": {
    "4": 5.46323787469780608461178417201153934001922607421875,
    "5": 6.5306650518180564546355526545085012912750244140625,
    "6": 17.3732155912297372424291097559034824371337890625,
    "7": 8.624362303749766311966595822013914585113525390625,
    "14": 8.08140639906515190205027465708553791046142578125,
    "15": 6.1832954573833465161669664666987955570220947265625
  },
  "setupType": "Regional Bidder Setup",
  "population": 0,
  "id": 2,
  "worldId": 661,
  "setup": {
    "lowNationalValueInterval": {
      "minValue": 0.0,
      "maxValue": 20.0
    },
    "highNationalValueInterval": {
      "minValue": 0.0,
      "maxValue": 40.0
    },
    "regionalValueInterval": {
      "minValue": 0.0,
      "maxValue": 20.0
    },
    "setupName": "Regional Bidder Setup",
    "numberOfBidders": 6
  },
  "implementation": "org.spectrumauctions.sats.core.model.gsvm.GSVMBidder"
}