{
  "bidderPosition": 0,
  "values": {
    "0": 12.389593920628751533286049379967153072357177734375,
    "1": 17.2369503206886491852856124751269817352294921875,
    "2": 14.66862147718046571753802709281444549560546875,
    "3": 1.88545096499419972957412028335966169834136962890625,
    "12": 14.178294814044864580182547797448933124542236328125,
    "13": 13.744188753605914854460934293456375598907470703125
  },
  "setupType": "Regional Bidder Setup",
  "population": 0,
  "id": 0,
  "worldId": 690,
  "setup": {
    "lowNationalValueInterval": {
      "minValue": 0.0,
      "maxValue": 20.0
    },
    "highNationalValueInterval": {
      "minValue": 0.0,
      "maxValue": 40.0
    },
    "regionalValueInterval": {
      "minValue": 0.0,
      "maxValue": 20.0
    },
    "setupName": "Regional Bidder Setup",
    "numberOfBidders": 6
  },
  "implementation": "org.spectrumauctions.sats.core.model.gsvm.GSVMBidder"
}