{
  "bidderPosition": 1,
  "values": {
    "2": 11.896038188415356984251047833822667598724365234375,
    "3": 7.566953828483118371650562039576470851898193359375,
    "4": 30.61873634312696168535694596357643604278564453125,
    "5": 20.2630724428382649193736142478883266448974609375,
    "13": 3.91639516021767608577874852926470339298248291015625,
    "14": 9.5715076928701474656691061682067811489105224609375
  },
  "setupType": "Regional Bidder Setup",
  "population": 0,
  "id": 1,
  "worldId": 690,
  "setup": {
    "lowNationalValueInterval": {
      "minValue": 0.0,
      "maxValue": 20.0
    },
    "highNationalValueInterval": {
      "minValue": 0.0,
      "maxValue": 40.0
    },
    "regionalValueInterval": {
      "minValue": 0.0,
      "maxValue": 20.0
    },
    "setupName": "Regional Bidder Setup",
    "numberOfBidders": 6
  },
  "implementation": "org.spectrumauctions.sats.core.model.gsvm.GSVMBidder"
}