{
  "bidderPosition": 4,
  "values": {
    "16": 3.093740412429262232052451508934609591960906982421875,
    "17": 6.72672450716141412385695730336010456085205078125,
    "8": 18.048774885290246317026685574091970920562744140625,
    "9": 11.67418053509991437977078021503984928131103515625,
    "10": 1.1781737188610375000052954419516026973724365234375,
    "11": 7.34013553266009921571821905672550201416015625
  },
  "setupType": "Regional Bidder Setup",
  "population": 0,
  "id": 4,
  "worldId": 690,
  "setup": {
    "lowNationalValueInterval": {
      "minValue": 0.0,
      "maxValue": 20.0
    },
    "highNationalValueInterval": {
      "minValue": 0.0,
      "maxValue": 40.0
    },
    "regionalValueInterval": {
      "minValue": 0.0,
      "maxValue": 20.0
    },
    "setupName": "Regional Bidder Setup",
    "numberOfBidders": 6
  },
  "implementation": "org.spectrumauctions.sats.core.model.gsvm.GSVMBidder"
}