{
  "bidderPosition": 3,
  "values": {
    "16": 0.205455216411765118067478397279046475887298583984375,
    "6": 10.3627315243987450088525292812846601009368896484375,
    "7": 28.146817465847714601068219053559005260467529296875,
    "8": 3.1544722390962487423848870093934237957000732421875,
    "9": 8.1863026894953154766199077130295336246490478515625,
    "15": 10.7151529665202556174108394770883023738861083984375
  },
  "setupType": "Regional Bidder Setup",
  "population": 0,
  "id": 3,
  "worldId": 861,
  "setup": {
    "lowNationalValueInterval": {
      "minValue": 0.0,
      "maxValue": 20.0
    },
    "highNationalValueInterval": {
      "minValue": 0.0,
      "maxValue": 40.0
    },
    "regionalValueInterval": {
      "minValue": 0.0,
      "maxValue": 20.0
    },
    "setupName": "Regional Bidder Setup",
    "numberOfBidders": 6
  },
  "implementation": "org.spectrumauctions.sats.core.model.gsvm.GSVMBidder"
}