{
  "bidderPosition": -1,
  "values": {
    "0": 5.7149108731392761484357833978720009326934814453125,
    "1": 2.324877102931763861448644092888571321964263916015625,
    "2": 2.17097126225324732473609401495195925235748291015625,
    "3": 1.156858366515824965148340197629295289516448974609375,
    "4": 17.03640121248208316728778299875557422637939453125,
    "5": 8.9528437934419340393787933862768113613128662109375,
    "6": 14.6388744925357769943730090744793415069580078125,
    "7": 16.79458406647949431089728022925555706024169921875,
    "8": 8.4960322732638786646930384449660778045654296875,
    "9": 9.3556952858031277031614081352017819881439208984375,
    "10": 8.89443328384279396914280368946492671966552734375,
    "11": 6.301466826978373347856177133508026599884033203125
  },
  "setupType": "National Bidder Setup",
  "population": 0,
  "id": 6,
  "worldId": 861,
  "setup": {
    "lowNationalValueInterval": {
      "minValue": 0.0,
      "maxValue": 10.0
    },
    "highNationalValueInterval": {
      "minValue": 0.0,
      "maxValue": 20.0
    },
    "regionalValueInterval": {
      "minValue": 0.0,
      "maxValue": 0.0
    },
    "setupName": "National Bidder Setup",
    "numberOfBidders": 1
  },
  "implementation": "org.spectrumauctions.sats.core.model.gsvm.GSVMBidder"
}