{
  "gammaValues": {
    "1": 0.97044,
    "2": 0.88176
  },
  "alpha": 1083.2779782820243781316094100475311279296875,
  "beta": {
    "0": 0.085861508712591183556384066832833923399448394775390625,
    "1": 0.11407474084832269767275647609494626522064208984375,
    "2": 0.21558509981767226548754479154013097286224365234375,
    "3": 0.188715496895887735462338241632096469402313232421875,
    "4": 0.20079975902069879811762120880302973091602325439453125,
    "5": 0.1592112134053743355277532600666745565831661224365234375,
    "6": 0.15784710293101877898180873671662993729114532470703125,
    "7": 0.123132849702026148097644409062922932207584381103515625,
    "8": 0.20774482155479001566078522955649532377719879150390625,
    "9": 0.147166514857753616407620711470372043550014495849609375,
    "10": 0.199094831071668476596414620871655642986297607421875,
    "11": 0.167236535595492064043554591989959590137004852294921875,
    "12": 0.1537069721728738513899514828153769485652446746826171875,
    "13": 0.1336285085084292501012015463857096619904041290283203125
  },
  "zLow": {
    "0": 0.000003335313229,
    "1": 0.000001216817592,
    "2": 9.120884303E-7,
    "3": 4.681270901E-7,
    "4": 1.291659501E-7,
    "5": 3.943746380E-7,
    "6": 0.000004907828464,
    "7": 1.186283577E-7,
    "8": 9.177628288E-7,
    "9": 8.289564286E-7,
    "10": 3.595257107E-7,
    "11": 1.207821423E-7,
    "12": 2.179573880E-7,
    "13": 0.00001054299497
  },
  "zHigh": {
    "0": 0.00012869689945025472776420555380464789435124787044223063447071784225512623635787479413446046676142570773088837777785,
    "1": 0.0000503853428692293110269304719425446065371286031088305401993425382834847627828839862939235393883580428697188348,
    "2": 0.0000470259204331732779823531178060440473486240901064381538848621444007760062347062514547486924760626818868086283,
    "3": 0.00002287809634445977535368151707857776198639756085692071654395071532615613249974151734757703846391869575744737105,
    "4": 0.0000064686276653257064889277091625703602105912719524278220343923422250007025485512150010784673674267442512781175229,
    "5": 0.000018110125603458023698211315482500318960060032359648819646190439842211355463071545232040123824045598913442808868850,
    "6": 0.0002247035043814406594678152464178424379215924885010357181405537588911354357686305815383486309371760107447820668532,
    "7": 0.00000501955550085900731512887061185069610982312972067287863426361087174096341298093482994577297974969264679032627635,
    "8": 0.0000465989323715165892295968431487599526617181285912443485072487504706895971955190002959338437800617906900353407949,
    "9": 0.00003706815571070229734326130001657873193925439540749764329519030454587974644469623200292097802715302736007652437583,
    "10": 0.00001794374238013681241447768168808408185737666485159124812936504209176975937623242058355083544523244405940821457,
    "11": 0.00000564338297224003571785089264579687979771594539546169432949021303161670798115006850647535678349697698753463567619,
    "12": 0.000009888878655998152909511000232471282140158389665728774684184253986623537033532802997291055339968048962203752430407,
    "13": 0.000457174318165180995334915950981437748869107677206946399303459356823035233563259962113086667871353351569557243954297
  },
  "setupType": "Multi Region Model National Bidder",
  "population": 0,
  "id": 9,
  "worldId": 1164,
  "setup": {
    "bInterval": {
      "minValue": 0.1,
      "maxValue": 0.3
    },
    "kMax": 2.0,
    "alphaInterval": {
      "minValue": 700.0,
      "maxValue": 1200.0
    },
    "betaInterval": {
      "minValue": 0.08,
      "maxValue": 0.22
    },
    "setupName": "Multi Region Model National Bidder",
    "numberOfBidders": 3
  },
  "implementation": "org.spectrumauctions.sats.core.model.mrvm.MRVMNationalBidder"
}