{
  "bidderPosition": 0,
  "values": {
    "0": 13.77381162071826992132628220133483409881591796875,
    "1": 8.858437111195680557784726261161267757415771484375,
    "2": 3.92031317444764493274078631657175719738006591796875,
    "3": 18.654358661760323201406208681873977184295654296875,
    "12": 0.8511415657597165562719965237192809581756591796875,
    "13": 12.2090197365646258020888126338832080364227294921875
  },
  "setupType": "Regional Bidder Setup",
  "population": 0,
  "id": 0,
  "worldId": 762,
  "setup": {
    "lowNationalValueInterval": {
      "minValue": 0.0,
      "maxValue": 20.0
    },
    "highNationalValueInterval": {
      "minValue": 0.0,
      "maxValue": 40.0
    },
    "regionalValueInterval": {
      "minValue": 0.0,
      "maxValue": 20.0
    },
    "setupName": "Regional Bidder Setup",
    "numberOfBidders": 6
  },
  "implementation": "org.spectrumauctions.sats.core.model.gsvm.GSVMBidder"
}