{
  "bidderPosition": 4,
  "values": {
    "16": 5.4711390535018988856563737499527633190155029296875,
    "17": 10.775697504690189276743694790638983249664306640625,
    "8": 14.323088471382479980320567847229540348052978515625,
    "9": 3.08483909579567505687691664206795394420623779296875,
    "10": 3.37261180064334809003412374295294284820556640625,
    "11": 4.732736748995545639218107680790126323699951171875
  },
  "setupType": "Regional Bidder Setup",
  "population": 0,
  "id": 4,
  "worldId": 936,
  "setup": {
    "lowNationalValueInterval": {
      "minValue": 0.0,
      "maxValue": 20.0
    },
    "highNationalValueInterval": {
      "minValue": 0.0,
      "maxValue": 40.0
    },
    "regionalValueInterval": {
      "minValue": 0.0,
      "maxValue": 20.0
    },
    "setupName": "Regional Bidder Setup",
    "numberOfBidders": 6
  },
  "implementation": "org.spectrumauctions.sats.core.model.gsvm.GSVMBidder"
}