{
  "bidderPosition": 1,
  "values": {
    "2": 12.62240489593756365138688124716281890869140625,
    "3": 11.1886215484910618300773421651683747768402099609375,
    "4": 36.4914341290761825575827970169484615325927734375,
    "5": 33.0102610348404681417378014884889125823974609375,
    "13": 18.066365811343558789303642697632312774658203125,
    "14": 1.57914955637803444687961018644273281097412109375
  },
  "setupType": "Regional Bidder Setup",
  "population": 0,
  "id": 1,
  "worldId": 936,
  "setup": {
    "lowNationalValueInterval": {
      "minValue": 0.0,
      "maxValue": 20.0
    },
    "highNationalValueInterval": {
      "minValue": 0.0,
      "maxValue": 40.0
    },
    "regionalValueInterval": {
      "minValue": 0.0,
      "maxValue": 20.0
    },
    "setupName": "Regional Bidder Setup",
    "numberOfBidders": 6
  },
  "implementation": "org.spectrumauctions.sats.core.model.gsvm.GSVMBidder"
}