{
  "bidderPosition": -1,
  "values": {
    "0": 7.78399836763354091573319237795658409595489501953125,
    "1": 8.3725346348457190259750859695486724376678466796875,
    "2": 1.9317019471638896543908003877731971442699432373046875,
    "3": 5.367731940346825325605095713399350643157958984375,
    "4": 9.5793479236247236485723988153040409088134765625,
    "5": 0.237238752778818895450285708648152649402618408203125,
    "6": 19.76213494562381356445257551968097686767578125,
    "7": 9.083000775292330075671998201869428157806396484375,
    "8": 4.1312788030150766616088731097988784313201904296875,
    "9": 9.5500753442707360107988279196433722972869873046875,
    "10": 6.52890509216657033420005973312072455883026123046875,
    "11": 1.646642215141642662246113104629330337047576904296875
  },
  "setupType": "National Bidder Setup",
  "population": 0,
  "id": 6,
  "worldId": 936,
  "setup": {
    "lowNationalValueInterval": {
      "minValue": 0.0,
      "maxValue": 10.0
    },
    "highNationalValueInterval": {
      "minValue": 0.0,
      "maxValue": 20.0
    },
    "regionalValueInterval": {
      "minValue": 0.0,
      "maxValue": 0.0
    },
    "setupName": "National Bidder Setup",
    "numberOfBidders": 1
  },
  "implementation": "org.spectrumauctions.sats.core.model.gsvm.GSVMBidder"
}