{
  "bidderPosition": 2,
  "values": {
    "4": 17.570516723222343813404222601093351840972900390625,
    "5": 23.503223347585606717302653123624622821807861328125,
    "6": 33.19134229878400077495825826190412044525146484375,
    "7": 39.0028559699710939412398147396743297576904296875,
    "14": 5.962562920643367903039688826538622379302978515625,
    "15": 9.621648178649149230068360338918864727020263671875
  },
  "setupType": "Regional Bidder Setup",
  "population": 0,
  "id": 2,
  "worldId": 936,
  "setup": {
    "lowNationalValueInterval": {
      "minValue": 0.0,
      "maxValue": 20.0
    },
    "highNationalValueInterval": {
      "minValue": 0.0,
      "maxValue": 40.0
    },
    "regionalValueInterval": {
      "minValue": 0.0,
      "maxValue": 20.0
    },
    "setupName": "Regional Bidder Setup",
    "numberOfBidders": 6
  },
  "implementation": "org.spectrumauctions.sats.core.model.gsvm.GSVMBidder"
}