{
  "bidderPosition": 0,
  "values": {
    "0": 11.035830494841572857467326684854924678802490234375,
    "1": 9.55917462117531613330356776714324951171875,
    "2": 8.236995448415971310396344051696360111236572265625,
    "3": 10.81043535634165664305328391492366790771484375,
    "12": 10.2893865721907591392891845316626131534576416015625,
    "13": 1.117192549500078957436244309064932167530059814453125
  },
  "setupType": "Regional Bidder Setup",
  "population": 0,
  "id": 0,
  "worldId": 1030,
  "setup": {
    "lowNationalValueInterval": {
      "minValue": 0.0,
      "maxValue": 20.0
    },
    "highNationalValueInterval": {
      "minValue": 0.0,
      "maxValue": 40.0
    },
    "regionalValueInterval": {
      "minValue": 0.0,
      "maxValue": 20.0
    },
    "setupName": "Regional Bidder Setup",
    "numberOfBidders": 6
  },
  "implementation": "org.spectrumauctions.sats.core.model.gsvm.GSVMBidder"
}