{
  "bidderPosition": 1,
  "values": {
    "2": 7.6254974321862416530848349793814122676849365234375,
    "3": 13.375885107357195380473058321513235569000244140625,
    "4": 32.5113072943860430541462847031652927398681640625,
    "5": 24.5420159243542315152808441780507564544677734375,
    "13": 9.0925122453241016273750574328005313873291015625,
    "14": 19.292952654392085065637729712761938571929931640625
  },
  "setupType": "Regional Bidder Setup",
  "population": 0,
  "id": 1,
  "worldId": 366,
  "setup": {
    "lowNationalValueInterval": {
      "minValue": 0.0,
      "maxValue": 20.0
    },
    "highNationalValueInterval": {
      "minValue": 0.0,
      "maxValue": 40.0
    },
    "regionalValueInterval": {
      "minValue": 0.0,
      "maxValue": 20.0
    },
    "setupName": "Regional Bidder Setup",
    "numberOfBidders": 6
  },
  "implementation": "org.spectrumauctions.sats.core.model.gsvm.GSVMBidder"
}