{
  "bidderPosition": 5,
  "values": {
    "0": 11.793574226751470490626161335967481136322021484375,
    "1": 11.7430173115544516093677884782664477825164794921875,
    "17": 8.92333587363956581839374848641455173492431640625,
    "10": 3.56117613379542508056374572333879768848419189453125,
    "11": 11.67254065050830291738748201169073581695556640625,
    "12": 16.934585321485894127135907183401286602020263671875
  },
  "setupType": "Regional Bidder Setup",
  "population": 0,
  "id": 5,
  "worldId": 821,
  "setup": {
    "lowNationalValueInterval": {
      "minValue": 0.0,
      "maxValue": 20.0
    },
    "highNationalValueInterval": {
      "minValue": 0.0,
      "maxValue": 40.0
    },
    "regionalValueInterval": {
      "minValue": 0.0,
      "maxValue": 20.0
    },
    "setupName": "Regional Bidder Setup",
    "numberOfBidders": 6
  },
  "implementation": "org.spectrumauctions.sats.core.model.gsvm.GSVMBidder"
}