{
  "bidderPosition": 0,
  "values": {
    "0": 19.8429668897855009390696068294346332550048828125,
    "1": 9.9473450887376930751315740053541958332061767578125,
    "2": 19.433486508807352066696694237180054187774658203125,
    "3": 17.0293496045527064097768743522465229034423828125,
    "12": 19.0267431213019762026306125335395336151123046875,
    "13": 19.5705474717556597852308186702430248260498046875
  },
  "setupType": "Regional Bidder Setup",
  "population": 0,
  "id": 0,
  "worldId": 665,
  "setup": {
    "lowNationalValueInterval": {
      "minValue": 0.0,
      "maxValue": 20.0
    },
    "highNationalValueInterval": {
      "minValue": 0.0,
      "maxValue": 40.0
    },
    "regionalValueInterval": {
      "minValue": 0.0,
      "maxValue": 20.0
    },
    "setupName": "Regional Bidder Setup",
    "numberOfBidders": 6
  },
  "implementation": "org.spectrumauctions.sats.core.model.gsvm.GSVMBidder"
}