{
  "bidderPosition": 4,
  "values": {
    "16": 11.2694089321150858751252599176950752735137939453125,
    "17": 6.9769245173428355855094196158461272716522216796875,
    "8": 8.933047042522762382077416987158358097076416015625,
    "9": 6.11146092347114144871511598466895520687103271484375,
    "10": 10.67065710727469962648683576844632625579833984375,
    "11": 8.9252528424367039150411073933355510234832763671875
  },
  "setupType": "Regional Bidder Setup",
  "population": 0,
  "id": 4,
  "worldId": 984,
  "setup": {
    "lowNationalValueInterval": {
      "minValue": 0.0,
      "maxValue": 20.0
    },
    "highNationalValueInterval": {
      "minValue": 0.0,
      "maxValue": 40.0
    },
    "regionalValueInterval": {
      "minValue": 0.0,
      "maxValue": 20.0
    },
    "setupName": "Regional Bidder Setup",
    "numberOfBidders": 6
  },
  "implementation": "org.spectrumauctions.sats.core.model.gsvm.GSVMBidder"
}