{
  "bidderPosition": 3,
  "values": {
    "16": 18.671237604505218854455961263738572597503662109375,
    "6": 27.767464859675765609381414833478629589080810546875,
    "7": 1.48768880889129651023949918453581631183624267578125,
    "8": 2.132369339898276816569477887242101132869720458984375,
    "9": 19.889132422280141554438159801065921783447265625,
    "15": 5.827723536008424076726441853679716587066650390625
  },
  "setupType": "Regional Bidder Setup",
  "population": 0,
  "id": 3,
  "worldId": 1096,
  "setup": {
    "lowNationalValueInterval": {
      "minValue": 0.0,
      "maxValue": 20.0
    },
    "highNationalValueInterval": {
      "minValue": 0.0,
      "maxValue": 40.0
    },
    "regionalValueInterval": {
      "minValue": 0.0,
      "maxValue": 20.0
    },
    "setupName": "Regional Bidder Setup",
    "numberOfBidders": 6
  },
  "implementation": "org.spectrumauctions.sats.core.model.gsvm.GSVMBidder"
}