{
  "bidderPosition": 4,
  "values": {
    "16": 7.79875110366773593995048940996639430522918701171875,
    "17": 16.60324219084473185148453922010958194732666015625,
    "8": 14.4563110721848033790593035519123077392578125,
    "9": 1.3373497528581168580785742960870265960693359375,
    "10": 3.087050957595962596968774960259906947612762451171875,
    "11": 13.062864944910440812009255751036107540130615234375
  },
  "setupType": "Regional Bidder Setup",
  "population": 0,
  "id": 4,
  "worldId": 1096,
  "setup": {
    "lowNationalValueInterval": {
      "minValue": 0.0,
      "maxValue": 20.0
    },
    "highNationalValueInterval": {
      "minValue": 0.0,
      "maxValue": 40.0
    },
    "regionalValueInterval": {
      "minValue": 0.0,
      "maxValue": 20.0
    },
    "setupName": "Regional Bidder Setup",
    "numberOfBidders": 6
  },
  "implementation": "org.spectrumauctions.sats.core.model.gsvm.GSVMBidder"
}