{
  "bidderPosition": -1,
  "values": {
    "0": 3.859072792221869274698065055417828261852264404296875,
    "1": 1.133888228341144444044630290591157972812652587890625,
    "2": 4.521351516731048292285777279175817966461181640625,
    "3": 4.8880269066661714560950713348574936389923095703125,
    "4": 15.2505065702790947312905700528062880039215087890625,
    "5": 4.496561768297294037211031536571681499481201171875,
    "6": 9.33660632396769329943708726204931735992431640625,
    "7": 6.031876574901122722849322599358856678009033203125,
    "8": 5.8245105080292187693657979252748191356658935546875,
    "9": 0.2352077266625884899298171148984692990779876708984375,
    "10": 6.47630573237781259621215212973766028881072998046875,
    "11": 8.4924447499386328530590617447160184383392333984375
  },
  "setupType": "National Bidder Setup",
  "population": 0,
  "id": 6,
  "worldId": 811,
  "setup": {
    "lowNationalValueInterval": {
      "minValue": 0.0,
      "maxValue": 10.0
    },
    "highNationalValueInterval": {
      "minValue": 0.0,
      "maxValue": 20.0
    },
    "regionalValueInterval": {
      "minValue": 0.0,
      "maxValue": 0.0
    },
    "setupName": "National Bidder Setup",
    "numberOfBidders": 1
  },
  "implementation": "org.spectrumauctions.sats.core.model.gsvm.GSVMBidder"
}