{
  "bidderPosition": 5,
  "values": {
    "0": 6.07932986758743965083340299315750598907470703125,
    "1": 14.9562129583888481221265465137548744678497314453125,
    "17": 8.518385929894638053383459919132292270660400390625,
    "10": 13.765282945426729810378674301318824291229248046875,
    "11": 1.43374368788517170258955957251600921154022216796875,
    "12": 6.4485269969770371289996546693146228790283203125
  },
  "setupType": "Regional Bidder Setup",
  "population": 0,
  "id": 5,
  "worldId": 811,
  "setup": {
    "lowNationalValueInterval": {
      "minValue": 0.0,
      "maxValue": 20.0
    },
    "highNationalValueInterval": {
      "minValue": 0.0,
      "maxValue": 40.0
    },
    "regionalValueInterval": {
      "minValue": 0.0,
      "maxValue": 20.0
    },
    "setupName": "Regional Bidder Setup",
    "numberOfBidders": 6
  },
  "implementation": "org.spectrumauctions.sats.core.model.gsvm.GSVMBidder"
}