{
  "gammaValues": {
    "1": 0.94387,
    "2": 0.77547
  },
  "alpha": 1005.84974359980924418778158724308013916015625,
  "beta": {
    "0": 0.08184183621523914708983937771336059086024761199951171875,
    "1": 0.1914503549352643274605867418358684517443180084228515625,
    "2": 0.168210644546143484046041294277529232203960418701171875,
    "3": 0.1792262774124081248228179674697457812726497650146484375,
    "4": 0.1587387158592345193230954691898659802973270416259765625,
    "5": 0.1656269313577459489916776647078222595155239105224609375,
    "6": 0.18974764920186959482606425808626227080821990966796875,
    "7": 0.104575357639036192747283848802908323705196380615234375,
    "8": 0.206362409893997289511702319941832683980464935302734375,
    "9": 0.189339867095801139829092107902397401630878448486328125,
    "10": 0.167212377358806119076461982331238687038421630859375,
    "11": 0.1246788940988250160568640012570540420711040496826171875,
    "12": 0.1282826352821147819494029818088165484368801116943359375,
    "13": 0.1848895616605479019778357496761600486934185028076171875
  },
  "zLow": {
    "0": 0.000004565936666,
    "1": 9.460822639E-7,
    "2": 0.000001525359881,
    "3": 6.431907070E-7,
    "4": 2.132055343E-7,
    "5": 4.946770714E-7,
    "6": 0.000005327453807,
    "7": 1.822649649E-7,
    "8": 0.000001205591525,
    "9": 8.407536230E-7,
    "10": 5.585880277E-7,
    "11": 2.114029560E-7,
    "12": 3.407747405E-7,
    "13": 0.000009943077712
  },
  "zHigh": {
    "0": 0.0001743465640396732732790151396770078111649424442262574096455264836313606179237880400454253558162496731503684395475965,
    "1": 0.000046495246438356567311040679440523426148731300707851589685166063446482296877096598949172946974197862665598632993604,
    "2": 0.00007141897326373143683057194562934954128796259838808060993777976292206395184271576515880021696758762693804521066529,
    "3": 0.000030823388814052903913313065225415969355198859230114774421223413772466287018421171595370692431378589079868211960197,
    "4": 0.000009780563297860644092292774452866345816731131045058550482570969449615180907429354975944407632116055621752284038803,
    "5": 0.000023033496674906924541069951969902631516702405927672719803193617226830706201278256004278474370179177172813722238021,
    "6": 0.0002609107978142710923510511564769459681228873645519826138707661871309389760326904727455755857855122149554651889235,
    "7": 0.00000737399133348113129103138008660584848279740622381701014016595096519855893044572488500247366178782819060804801402,
    "8": 0.00006104662299144286244844006130976519955866750332113394378905765603208915253193443408390123886086562074000170264702,
    "9": 0.00004114142661247626538593976242864041762151911904672619814862858102377366791904601265124968638047832741325229115618,
    "10": 0.00002609792403545439304470219405371391014668842831573174361346481942120623981534270381962226456129206750896623037,
    "11": 0.000008977837354052897462961090002684116605921585677696078095512660858001990551255981013351128545123425647467010855348,
    "12": 0.000014594790385885430785311636613652832875650375733917825090368575783887170843166459649768321468870166966412685716038,
    "13": 0.000482129459287508251005586368923267692479627162351731838968130966148062294854929563723849893465151256543586092032630
  },
  "setupType": "Multi Region Model National Bidder",
  "population": 0,
  "id": 8,
  "worldId": 923,
  "setup": {
    "bInterval": {
      "minValue": 0.1,
      "maxValue": 0.3
    },
    "kMax": 2.0,
    "alphaInterval": {
      "minValue": 700.0,
      "maxValue": 1200.0
    },
    "betaInterval": {
      "minValue": 0.08,
      "maxValue": 0.22
    },
    "setupName": "Multi Region Model National Bidder",
    "numberOfBidders": 3
  },
  "implementation": "org.spectrumauctions.sats.core.model.mrvm.MRVMNationalBidder"
}