{
  "bidderPosition": 1,
  "values": {
    "2": 5.04641922924422114959952523349784314632415771484375,
    "3": 14.0837515654810712106836945167742669582366943359375,
    "4": 1.4435875462534131230540879187174141407012939453125,
    "5": 30.531397045389727651354405679740011692047119140625,
    "13": 9.52804095416053797862332430668175220489501953125,
    "14": 15.6144208570290228266230769804678857326507568359375
  },
  "setupType": "Regional Bidder Setup",
  "population": 0,
  "id": 1,
  "worldId": 1154,
  "setup": {
    "lowNationalValueInterval": {
      "minValue": 0.0,
      "maxValue": 20.0
    },
    "highNationalValueInterval": {
      "minValue": 0.0,
      "maxValue": 40.0
    },
    "regionalValueInterval": {
      "minValue": 0.0,
      "maxValue": 20.0
    },
    "setupName": "Regional Bidder Setup",
    "numberOfBidders": 6
  },
  "implementation": "org.spectrumauctions.sats.core.model.gsvm.GSVMBidder"
}