{
  "bidderPosition": 4,
  "values": {
    "16": 19.887812673278869368687082896940410137176513671875,
    "17": 3.132522758195330769837028128677047789096832275390625,
    "8": 14.8810434056300522343008196912705898284912109375,
    "9": 6.9354686915594587759414935135282576084136962890625,
    "10": 9.0814531228571038212749044760130345821380615234375,
    "11": 9.1723213029021639641769070294685661792755126953125
  },
  "setupType": "Regional Bidder Setup",
  "population": 0,
  "id": 4,
  "worldId": 379,
  "setup": {
    "lowNationalValueInterval": {
      "minValue": 0.0,
      "maxValue": 20.0
    },
    "highNationalValueInterval": {
      "minValue": 0.0,
      "maxValue": 40.0
    },
    "regionalValueInterval": {
      "minValue": 0.0,
      "maxValue": 20.0
    },
    "setupName": "Regional Bidder Setup",
    "numberOfBidders": 6
  },
  "implementation": "org.spectrumauctions.sats.core.model.gsvm.GSVMBidder"
}