{
  "bidderPosition": 2,
  "values": {
    "4": 19.72702733611927072843172936700284481048583984375,
    "5": 17.377525936194846423177295946516096591949462890625,
    "6": 21.41528829396302313625710667110979557037353515625,
    "7": 16.709853078540088944237140822224318981170654296875,
    "14": 18.009125346662241184958475059829652309417724609375,
    "15": 6.55297315907281241464943377650342881679534912109375
  },
  "setupType": "Regional Bidder Setup",
  "population": 0,
  "id": 2,
  "worldId": 379,
  "setup": {
    "lowNationalValueInterval": {
      "minValue": 0.0,
      "maxValue": 20.0
    },
    "highNationalValueInterval": {
      "minValue": 0.0,
      "maxValue": 40.0
    },
    "regionalValueInterval": {
      "minValue": 0.0,
      "maxValue": 20.0
    },
    "setupName": "Regional Bidder Setup",
    "numberOfBidders": 6
  },
  "implementation": "org.spectrumauctions.sats.core.model.gsvm.GSVMBidder"
}