{
  "bidderPosition": 1,
  "values": {
    "2": 7.17455046454364264718606136739253997802734375,
    "3": 13.2474741293314508538969676010310649871826171875,
    "4": 7.05413285430391834296415254357270896434783935546875,
    "5": 16.443073761849888114738860167562961578369140625,
    "13": 17.24237491566965019273993675597012042999267578125,
    "14": 6.441082205007059968693283735774457454681396484375
  },
  "setupType": "Regional Bidder Setup",
  "population": 0,
  "id": 1,
  "worldId": 379,
  "setup": {
    "lowNationalValueInterval": {
      "minValue": 0.0,
      "maxValue": 20.0
    },
    "highNationalValueInterval": {
      "minValue": 0.0,
      "maxValue": 40.0
    },
    "regionalValueInterval": {
      "minValue": 0.0,
      "maxValue": 20.0
    },
    "setupName": "Regional Bidder Setup",
    "numberOfBidders": 6
  },
  "implementation": "org.spectrumauctions.sats.core.model.gsvm.GSVMBidder"
}