{
  "bidderPosition": 5,
  "values": {
    "0": 14.381813545586712876911406056024134159088134765625,
    "1": 5.344378062045844757221857435069978237152099609375,
    "17": 12.147613735265689882680817390792071819305419921875,
    "10": 18.68338968822060763841363950632512569427490234375,
    "11": 16.69697094662772229867186979390680789947509765625,
    "12": 12.988924188637380296995615935884416103363037109375
  },
  "setupType": "Regional Bidder Setup",
  "population": 0,
  "id": 5,
  "worldId": 379,
  "setup": {
    "lowNationalValueInterval": {
      "minValue": 0.0,
      "maxValue": 20.0
    },
    "highNationalValueInterval": {
      "minValue": 0.0,
      "maxValue": 40.0
    },
    "regionalValueInterval": {
      "minValue": 0.0,
      "maxValue": 20.0
    },
    "setupName": "Regional Bidder Setup",
    "numberOfBidders": 6
  },
  "implementation": "org.spectrumauctions.sats.core.model.gsvm.GSVMBidder"
}