{
  "bidderPosition": 2,
  "values": {
    "4": 18.862700969995369604248480754904448986053466796875,
    "5": 19.93567376948154645788235939107835292816162109375,
    "6": 10.071061115061677782023252802900969982147216796875,
    "7": 34.49057248116253759917526622302830219268798828125,
    "14": 16.47936722279390409084953716956079006195068359375,
    "15": 0.910380844376585951494007531437091529369354248046875
  },
  "setupType": "Regional Bidder Setup",
  "population": 0,
  "id": 2,
  "worldId": 567,
  "setup": {
    "lowNationalValueInterval": {
      "minValue": 0.0,
      "maxValue": 20.0
    },
    "highNationalValueInterval": {
      "minValue": 0.0,
      "maxValue": 40.0
    },
    "regionalValueInterval": {
      "minValue": 0.0,
      "maxValue": 20.0
    },
    "setupName": "Regional Bidder Setup",
    "numberOfBidders": 6
  },
  "implementation": "org.spectrumauctions.sats.core.model.gsvm.GSVMBidder"
}