{
  "bidderPosition": 0,
  "values": {
    "0": 18.48458259925354241204331628978252410888671875,
    "1": 6.8729775585444059515793924219906330108642578125,
    "2": 0.366453635359083040867744784918613731861114501953125,
    "3": 7.886086770142721746879033162258565425872802734375,
    "12": 4.22936181107794340050531900487840175628662109375,
    "13": 13.343188937133266591672509093768894672393798828125
  },
  "setupType": "Regional Bidder Setup",
  "population": 0,
  "id": 0,
  "worldId": 567,
  "setup": {
    "lowNationalValueInterval": {
      "minValue": 0.0,
      "maxValue": 20.0
    },
    "highNationalValueInterval": {
      "minValue": 0.0,
      "maxValue": 40.0
    },
    "regionalValueInterval": {
      "minValue": 0.0,
      "maxValue": 20.0
    },
    "setupName": "Regional Bidder Setup",
    "numberOfBidders": 6
  },
  "implementation": "org.spectrumauctions.sats.core.model.gsvm.GSVMBidder"
}