{
  "bidderPosition": 5,
  "values": {
    "0": 2.383450799881601245289175494690425693988800048828125,
    "1": 17.644188144245362082074279896914958953857421875,
    "17": 11.6379840373411980181117542088031768798828125,
    "10": 11.5508835182528617480102184345014393329620361328125,
    "11": 4.3470160588384043620635566185228526592254638671875,
    "12": 18.071722035422677521410150802694261074066162109375
  },
  "setupType": "Regional Bidder Setup",
  "population": 0,
  "id": 5,
  "worldId": 930,
  "setup": {
    "lowNationalValueInterval": {
      "minValue": 0.0,
      "maxValue": 20.0
    },
    "highNationalValueInterval": {
      "minValue": 0.0,
      "maxValue": 40.0
    },
    "regionalValueInterval": {
      "minValue": 0.0,
      "maxValue": 20.0
    },
    "setupName": "Regional Bidder Setup",
    "numberOfBidders": 6
  },
  "implementation": "org.spectrumauctions.sats.core.model.gsvm.GSVMBidder"
}