{
  "bidderPosition": -1,
  "values": {
    "0": 1.0744132377220283469654305008589290082454681396484375,
    "1": 0.6462395007437427008056829436100088059902191162109375,
    "2": 5.3067523218028096465559428906999528408050537109375,
    "3": 7.308050786320809066864967462606728076934814453125,
    "4": 3.764363623699840122327486824360676109790802001953125,
    "5": 0.949613142616907435211714982870034873485565185546875,
    "6": 6.16100873698226525476684400928206741809844970703125,
    "7": 7.418435240301988642386277206242084503173828125,
    "8": 0.2119176505743591842900741539779119193553924560546875,
    "9": 6.119168951074687612390334834344685077667236328125,
    "10": 6.028121733688319494604002102278172969818115234375,
    "11": 8.4033743955268906944411355652846395969390869140625
  },
  "setupType": "National Bidder Setup",
  "population": 0,
  "id": 6,
  "worldId": 930,
  "setup": {
    "lowNationalValueInterval": {
      "minValue": 0.0,
      "maxValue": 10.0
    },
    "highNationalValueInterval": {
      "minValue": 0.0,
      "maxValue": 20.0
    },
    "regionalValueInterval": {
      "minValue": 0.0,
      "maxValue": 0.0
    },
    "setupName": "National Bidder Setup",
    "numberOfBidders": 1
  },
  "implementation": "org.spectrumauctions.sats.core.model.gsvm.GSVMBidder"
}