{
  "bidderPosition": -1,
  "values": {
    "0": 7.831111029943922829943403485231101512908935546875,
    "1": 6.25130819178688046378056242247112095355987548828125,
    "2": 8.475642211772662193425276200287044048309326171875,
    "3": 7.1535339521814638175101208616979420185089111328125,
    "4": 19.3810571889354008590089506469666957855224609375,
    "5": 12.7537953420574172724855088745243847370147705078125,
    "6": 4.3030209584240619591355425654910504817962646484375,
    "7": 3.433098575760935577960708542377687990665435791015625,
    "8": 3.541690057194786245275963665335439145565032958984375,
    "9": 6.444673968006608077985220006667077541351318359375,
    "10": 4.82366316520847160376206375076435506343841552734375,
    "11": 8.58562665000697933237461256794631481170654296875
  },
  "setupType": "National Bidder Setup",
  "population": 0,
  "id": 6,
  "worldId": 463,
  "setup": {
    "lowNationalValueInterval": {
      "minValue": 0.0,
      "maxValue": 10.0
    },
    "highNationalValueInterval": {
      "minValue": 0.0,
      "maxValue": 20.0
    },
    "regionalValueInterval": {
      "minValue": 0.0,
      "maxValue": 0.0
    },
    "setupName": "National Bidder Setup",
    "numberOfBidders": 1
  },
  "implementation": "org.spectrumauctions.sats.core.model.gsvm.GSVMBidder"
}