{
  "bidderPosition": 2,
  "values": {
    "4": 34.59890649784468763527911505661904811859130859375,
    "5": 23.893936043867395113693419261835515499114990234375,
    "6": 35.98131652208451924934706767089664936065673828125,
    "7": 8.2861456850513803829016978852450847625732421875,
    "14": 13.132301869633092650246908306144177913665771484375,
    "15": 19.69891119518143085542760672979056835174560546875
  },
  "setupType": "Regional Bidder Setup",
  "population": 0,
  "id": 2,
  "worldId": 463,
  "setup": {
    "lowNationalValueInterval": {
      "minValue": 0.0,
      "maxValue": 20.0
    },
    "highNationalValueInterval": {
      "minValue": 0.0,
      "maxValue": 40.0
    },
    "regionalValueInterval": {
      "minValue": 0.0,
      "maxValue": 20.0
    },
    "setupName": "Regional Bidder Setup",
    "numberOfBidders": 6
  },
  "implementation": "org.spectrumauctions.sats.core.model.gsvm.GSVMBidder"
}