{
  "bidderPosition": -1,
  "values": {
    "0": 1.0956554946876229106322853112942539155483245849609375,
    "1": 2.478649714265015457925755981705151498317718505859375,
    "2": 9.423554083164692229956926894374191761016845703125,
    "3": 9.243813203106991949198345537297427654266357421875,
    "4": 19.610228877334773045504334731958806514739990234375,
    "5": 9.553191063776370839377705124206840991973876953125,
    "6": 3.722589870360246688818506299867294728755950927734375,
    "7": 10.1859218831625657486483760294504463672637939453125,
    "8": 2.395395073351254122684395042597316205501556396484375,
    "9": 8.6669081580636682105023282929323613643646240234375,
    "10": 2.56683976634756039203466571052558720111846923828125,
    "11": 0.403117272150883554360234484192915260791778564453125
  },
  "setupType": "National Bidder Setup",
  "population": 0,
  "id": 6,
  "worldId": 474,
  "setup": {
    "lowNationalValueInterval": {
      "minValue": 0.0,
      "maxValue": 10.0
    },
    "highNationalValueInterval": {
      "minValue": 0.0,
      "maxValue": 20.0
    },
    "regionalValueInterval": {
      "minValue": 0.0,
      "maxValue": 0.0
    },
    "setupName": "National Bidder Setup",
    "numberOfBidders": 1
  },
  "implementation": "org.spectrumauctions.sats.core.model.gsvm.GSVMBidder"
}