{
  "homeId": 4,
  "distanceDiscounts": {
    "0": 1,
    "1": 0.42045,
    "2": 0.17678,
    "3": 0.07433,
    "4": 0.03125,
    "5": 0.01314,
    "6": 0.00552,
    "7": 0.00232
  },
  "alpha": 678.207165426853634926374070346355438232421875,
  "beta": {
    "0": 0.0903036712462592927597171410525334067642688751220703125,
    "1": 0.06780728575522539103292984918880392797291278839111328125,
    "2": 0.04306519674388094298667084558474016375839710235595703125,
    "3": 0.061829340511411867709057332831434905529022216796875,
    "4": 0.070341247882054369622295553199364803731441497802734375,
    "5": 0.0523121683474629117771570463446551002562046051025390625,
    "6": 0.04445104420734970196438240463976399041712284088134765625,
    "7": 0.09979726863543732229278049317144905216991901397705078125,
    "8": 0.04718689003316851870994952378168818540871143341064453125,
    "9": 0.046794977891162332916952237837904249317944049835205078125,
    "10": 0.043903251469207933699312462749730912037193775177001953125,
    "11": 0.07864137506661321441736589576976257376372814178466796875,
    "12": 0.0621890796066461859492591202069888822734355926513671875,
    "13": 0.0843540954185967584155747545082704164087772369384765625
  },
  "zLow": {
    "0": 0.000003718032268,
    "1": 0.000002400059618,
    "2": 0.000005353190175,
    "3": 0.000001675174852,
    "4": 4.322993486E-7,
    "5": 0.000001407224307,
    "6": 0.00002043277924,
    "7": 1.716039234E-7,
    "8": 0.000004737211072,
    "9": 0.000003056503395,
    "10": 0.000001911510434,
    "11": 3.011384508E-7,
    "12": 6.315888475E-7,
    "13": 0.00001958124798
  },
  "zHigh": {
    "0": 0.00014511616437606588889151712946121450799591705603115200325899170130097540072748327812738692975889350446178270939460,
    "1": 0.000088275941354779929377667949292966370745315019998971881056463543174271166274921599152560089283957513427101357747361,
    "2": 0.000183649324043987734644432740045267644833051078468231467050052556642832789511556791503615010717803773523285959187891,
    "3": 0.0000606127411796865598281112327040145493450409675256460889267742946620375161316355281143448441621849131075664969,
    "4": 0.0000160098280200040398268341375886840779002063649050974673009677957707379567623273448694972776962934227167864872094,
    "5": 0.00004957822468474298828664625286276965399167490367488994181712356257430717064810389279823935068794600464666280650360,
    "6": 0.000703809214410734200128591359812820116793196328044233856100918163453173074345478533027400541263611771240215420914259,
    "7": 0.000006860677985359436293445147179597266812154873960307390232085492372383511687150912377249940415774812155013444707461,
    "8": 0.000164469757932060289859367800888203290356607135375501903620907880456134873403046860069835805880080434687648674271439,
    "9": 0.0001059980026995370801412313923052713890102898262648220173506090695199934360087279180750148027215591441327384520533841,
    "10": 0.0000657374653326947590002142215000193348524177533273117881715667516900849044628250218578702267683455379372017243001985,
    "11": 0.000011402347707199832443195566934849007996040215895362284782340696074416612379024409494751352516036246630547583033285,
    "12": 0.00002287545833650450351886474080233103368062094401603588820991642499654036236565275133355277750719145405780063992085,
    "13": 0.00075261328536938388406330092324418838661465052658180395719715011077659640046141292033821638884019638019954467380795
  },
  "setupType": "Multi Region Model Regional Bidder",
  "population": 0,
  "id": 6,
  "worldId": 12,
  "setup": {
    "exponentFactor": 1.25,
    "base": 2.0,
    "alphaInterval": {
      "minValue": 500.0,
      "maxValue": 840.0
    },
    "betaInterval": {
      "minValue": 0.04,
      "maxValue": 0.1
    },
    "setupName": "Multi Region Model Regional Bidder",
    "numberOfBidders": 4
  },
  "implementation": "org.spectrumauctions.sats.core.model.mrvm.MRVMRegionalBidder"
}