{
  "bidderPosition": 2,
  "values": {
    "4": 38.636612895744065099279396235942840576171875,
    "5": 2.71591549962940437268343885079957544803619384765625,
    "6": 32.5567125632558287406936869956552982330322265625,
    "7": 36.2766793804444915849671815522015094757080078125,
    "14": 7.9425169267225808056309688254259526729583740234375,
    "15": 11.566810006333287930146980215795338153839111328125
  },
  "setupType": "Regional Bidder Setup",
  "population": 0,
  "id": 2,
  "worldId": 813,
  "setup": {
    "lowNationalValueInterval": {
      "minValue": 0.0,
      "maxValue": 20.0
    },
    "highNationalValueInterval": {
      "minValue": 0.0,
      "maxValue": 40.0
    },
    "regionalValueInterval": {
      "minValue": 0.0,
      "maxValue": 20.0
    },
    "setupName": "Regional Bidder Setup",
    "numberOfBidders": 6
  },
  "implementation": "org.spectrumauctions.sats.core.model.gsvm.GSVMBidder"
}