{
  "bidderPosition": 4,
  "values": {
    "16": 17.15525766151811382087544188834726810455322265625,
    "17": 3.174465236296468706456153086037375032901763916015625,
    "8": 5.05019107231901909216276180814020335674285888671875,
    "9": 3.90442897392976551174115229514427483081817626953125,
    "10": 0.05166358653125424638119511655531823635101318359375,
    "11": 15.9238413968952112753640903974883258342742919921875
  },
  "setupType": "Regional Bidder Setup",
  "population": 0,
  "id": 4,
  "worldId": 813,
  "setup": {
    "lowNationalValueInterval": {
      "minValue": 0.0,
      "maxValue": 20.0
    },
    "highNationalValueInterval": {
      "minValue": 0.0,
      "maxValue": 40.0
    },
    "regionalValueInterval": {
      "minValue": 0.0,
      "maxValue": 20.0
    },
    "setupName": "Regional Bidder Setup",
    "numberOfBidders": 6
  },
  "implementation": "org.spectrumauctions.sats.core.model.gsvm.GSVMBidder"
}