{
  "bidderPosition": 2,
  "values": {
    "4": 33.20670433843082491875975392758846282958984375,
    "5": 18.49285019061284884855922427959740161895751953125,
    "6": 22.9889689701443984404249931685626506805419921875,
    "7": 24.0679334159680138327530585229396820068359375,
    "14": 14.505447491991620978524224483408033847808837890625,
    "15": 19.18918764248684283302281983196735382080078125
  },
  "setupType": "Regional Bidder Setup",
  "population": 0,
  "id": 2,
  "worldId": 887,
  "setup": {
    "lowNationalValueInterval": {
      "minValue": 0.0,
      "maxValue": 20.0
    },
    "highNationalValueInterval": {
      "minValue": 0.0,
      "maxValue": 40.0
    },
    "regionalValueInterval": {
      "minValue": 0.0,
      "maxValue": 20.0
    },
    "setupName": "Regional Bidder Setup",
    "numberOfBidders": 6
  },
  "implementation": "org.spectrumauctions.sats.core.model.gsvm.GSVMBidder"
}