{
  "bidderPosition": 3,
  "values": {
    "16": 6.3928389805709979754055893863551318645477294921875,
    "6": 25.259797996147966614444158039987087249755859375,
    "7": 35.59387436871049459341520559974014759063720703125,
    "8": 9.50780537866847197392417001537978649139404296875,
    "9": 3.65918209711030062436520893243141472339630126953125,
    "15": 17.936253608657484193145137396641075611114501953125
  },
  "setupType": "Regional Bidder Setup",
  "population": 0,
  "id": 3,
  "worldId": 887,
  "setup": {
    "lowNationalValueInterval": {
      "minValue": 0.0,
      "maxValue": 20.0
    },
    "highNationalValueInterval": {
      "minValue": 0.0,
      "maxValue": 40.0
    },
    "regionalValueInterval": {
      "minValue": 0.0,
      "maxValue": 20.0
    },
    "setupName": "Regional Bidder Setup",
    "numberOfBidders": 6
  },
  "implementation": "org.spectrumauctions.sats.core.model.gsvm.GSVMBidder"
}