{
  "bidderPosition": 4,
  "values": {
    "16": 16.677270663313283449724622187204658985137939453125,
    "17": 11.2961640699868066661792909144423902034759521484375,
    "8": 5.3745206278846229253076671739108860492706298828125,
    "9": 19.369416993600413690046480041928589344024658203125,
    "10": 17.07866185919874624232761561870574951171875,
    "11": 18.13720686933856995892710983753204345703125
  },
  "setupType": "Regional Bidder Setup",
  "population": 0,
  "id": 4,
  "worldId": 887,
  "setup": {
    "lowNationalValueInterval": {
      "minValue": 0.0,
      "maxValue": 20.0
    },
    "highNationalValueInterval": {
      "minValue": 0.0,
      "maxValue": 40.0
    },
    "regionalValueInterval": {
      "minValue": 0.0,
      "maxValue": 20.0
    },
    "setupName": "Regional Bidder Setup",
    "numberOfBidders": 6
  },
  "implementation": "org.spectrumauctions.sats.core.model.gsvm.GSVMBidder"
}