{
  "bidderPosition": 5,
  "values": {
    "0": 11.4878270725757776205000482150353491306304931640625,
    "1": 3.907849277204726856638217213912867009639739990234375,
    "17": 19.0196751573876241536709130741655826568603515625,
    "10": 8.8785532974136156525446494924835860729217529296875,
    "11": 15.61117160447730611849692650139331817626953125,
    "12": 13.438548253149530609107387135736644268035888671875
  },
  "setupType": "Regional Bidder Setup",
  "population": 0,
  "id": 5,
  "worldId": 887,
  "setup": {
    "lowNationalValueInterval": {
      "minValue": 0.0,
      "maxValue": 20.0
    },
    "highNationalValueInterval": {
      "minValue": 0.0,
      "maxValue": 40.0
    },
    "regionalValueInterval": {
      "minValue": 0.0,
      "maxValue": 20.0
    },
    "setupName": "Regional Bidder Setup",
    "numberOfBidders": 6
  },
  "implementation": "org.spectrumauctions.sats.core.model.gsvm.GSVMBidder"
}