{
  "bidderPosition": -1,
  "values": {
    "0": 4.73227676172902622653282378450967371463775634765625,
    "1": 3.5746133509549480322675663046538829803466796875,
    "2": 8.176982606278183851600260823033750057220458984375,
    "3": 7.352200715059911573234785464592278003692626953125,
    "4": 9.34897118613465494263436994515359401702880859375,
    "5": 14.569867751836728331227277521975338459014892578125,
    "6": 13.748298920806629297430845326744019985198974609375,
    "7": 17.33360147557778674354267423041164875030517578125,
    "8": 1.871030900938370766795060262666083872318267822265625,
    "9": 5.400203043695565696680205292068421840667724609375,
    "10": 3.11356358825023438186008206685073673725128173828125,
    "11": 2.707740784425196611806541113764978945255279541015625
  },
  "setupType": "National Bidder Setup",
  "population": 0,
  "id": 6,
  "worldId": 887,
  "setup": {
    "lowNationalValueInterval": {
      "minValue": 0.0,
      "maxValue": 10.0
    },
    "highNationalValueInterval": {
      "minValue": 0.0,
      "maxValue": 20.0
    },
    "regionalValueInterval": {
      "minValue": 0.0,
      "maxValue": 0.0
    },
    "setupName": "National Bidder Setup",
    "numberOfBidders": 1
  },
  "implementation": "org.spectrumauctions.sats.core.model.gsvm.GSVMBidder"
}