{
  "bidderPosition": 5,
  "values": {
    "0": 9.062461734415837355527401086874306201934814453125,
    "1": 10.92892786255871584444321342743933200836181640625,
    "17": 12.3107043445137325221594437607564032077789306640625,
    "10": 8.2619026317108801293898068252019584178924560546875,
    "11": 17.589354336828336045073228888213634490966796875,
    "12": 14.0772536649128170438416418619453907012939453125
  },
  "setupType": "Regional Bidder Setup",
  "population": 0,
  "id": 5,
  "worldId": 473,
  "setup": {
    "lowNationalValueInterval": {
      "minValue": 0.0,
      "maxValue": 20.0
    },
    "highNationalValueInterval": {
      "minValue": 0.0,
      "maxValue": 40.0
    },
    "regionalValueInterval": {
      "minValue": 0.0,
      "maxValue": 20.0
    },
    "setupName": "Regional Bidder Setup",
    "numberOfBidders": 6
  },
  "implementation": "org.spectrumauctions.sats.core.model.gsvm.GSVMBidder"
}