{
  "bidderPosition": 1,
  "values": {
    "2": 1.610997079677378707174284500069916248321533203125,
    "3": 15.2668795101722736262672697193920612335205078125,
    "4": 6.39050839583900742724154042662121355533599853515625,
    "5": 38.57531906933638055079427431337535381317138671875,
    "13": 6.09495840997312132714114341069944202899932861328125,
    "14": 0.4235127356594592384908537496812641620635986328125
  },
  "setupType": "Regional Bidder Setup",
  "population": 0,
  "id": 1,
  "worldId": 473,
  "setup": {
    "lowNationalValueInterval": {
      "minValue": 0.0,
      "maxValue": 20.0
    },
    "highNationalValueInterval": {
      "minValue": 0.0,
      "maxValue": 40.0
    },
    "regionalValueInterval": {
      "minValue": 0.0,
      "maxValue": 20.0
    },
    "setupName": "Regional Bidder Setup",
    "numberOfBidders": 6
  },
  "implementation": "org.spectrumauctions.sats.core.model.gsvm.GSVMBidder"
}