{
  "bidderPosition": 1,
  "values": {
    "2": 8.67939570403954263611012720502912998199462890625,
    "3": 9.33905562874027594943981966935098171234130859375,
    "4": 34.1436594208920922710603917948901653289794921875,
    "5": 27.3906566499628780775310588069260120391845703125,
    "13": 15.5314651961830580972900861524976789951324462890625,
    "14": 15.261482220078704585830564610660076141357421875
  },
  "setupType": "Regional Bidder Setup",
  "population": 0,
  "id": 1,
  "worldId": 971,
  "setup": {
    "lowNationalValueInterval": {
      "minValue": 0.0,
      "maxValue": 20.0
    },
    "highNationalValueInterval": {
      "minValue": 0.0,
      "maxValue": 40.0
    },
    "regionalValueInterval": {
      "minValue": 0.0,
      "maxValue": 20.0
    },
    "setupName": "Regional Bidder Setup",
    "numberOfBidders": 6
  },
  "implementation": "org.spectrumauctions.sats.core.model.gsvm.GSVMBidder"
}