{
  "bidderPosition": 3,
  "values": {
    "16": 5.60265244777049087332443377817980945110321044921875,
    "6": 33.410750648702020271230139769613742828369140625,
    "7": 11.072231219265727730771686765365302562713623046875,
    "8": 6.2385489774664275586246731108985841274261474609375,
    "9": 14.6656893226654450046453348477371037006378173828125,
    "15": 4.74992449666032001687199226580560207366943359375
  },
  "setupType": "Regional Bidder Setup",
  "population": 0,
  "id": 3,
  "worldId": 962,
  "setup": {
    "lowNationalValueInterval": {
      "minValue": 0.0,
      "maxValue": 20.0
    },
    "highNationalValueInterval": {
      "minValue": 0.0,
      "maxValue": 40.0
    },
    "regionalValueInterval": {
      "minValue": 0.0,
      "maxValue": 20.0
    },
    "setupName": "Regional Bidder Setup",
    "numberOfBidders": 6
  },
  "implementation": "org.spectrumauctions.sats.core.model.gsvm.GSVMBidder"
}