{
  "bidderPosition": 1,
  "values": {
    "2": 10.7737121232089965161549116601236164569854736328125,
    "3": 5.35590415149139520423204885446466505527496337890625,
    "4": 26.852233360578377840965913492254912853240966796875,
    "5": 10.8128288815468209804748767055571079254150390625,
    "13": 11.758937735889361420049681328237056732177734375,
    "14": 16.394538331650810647488469840027391910552978515625
  },
  "setupType": "Regional Bidder Setup",
  "population": 0,
  "id": 1,
  "worldId": 466,
  "setup": {
    "lowNationalValueInterval": {
      "minValue": 0.0,
      "maxValue": 20.0
    },
    "highNationalValueInterval": {
      "minValue": 0.0,
      "maxValue": 40.0
    },
    "regionalValueInterval": {
      "minValue": 0.0,
      "maxValue": 20.0
    },
    "setupName": "Regional Bidder Setup",
    "numberOfBidders": 6
  },
  "implementation": "org.spectrumauctions.sats.core.model.gsvm.GSVMBidder"
}