{
  "bidderPosition": 2,
  "values": {
    "4": 38.81196640190726299124435172416269779205322265625,
    "5": 15.8112865451294570817708518006838858127593994140625,
    "6": 21.41678676926671442970473435707390308380126953125,
    "7": 7.17694101283802066149064557976089417934417724609375,
    "14": 6.71854637576460245185216990648768842220306396484375,
    "15": 5.87616554387274003801167054916732013225555419921875
  },
  "setupType": "Regional Bidder Setup",
  "population": 0,
  "id": 2,
  "worldId": 466,
  "setup": {
    "lowNationalValueInterval": {
      "minValue": 0.0,
      "maxValue": 20.0
    },
    "highNationalValueInterval": {
      "minValue": 0.0,
      "maxValue": 40.0
    },
    "regionalValueInterval": {
      "minValue": 0.0,
      "maxValue": 20.0
    },
    "setupName": "Regional Bidder Setup",
    "numberOfBidders": 6
  },
  "implementation": "org.spectrumauctions.sats.core.model.gsvm.GSVMBidder"
}