{
  "bidderPosition": 0,
  "values": {
    "0": 11.7211876800275689447516924701631069183349609375,
    "1": 11.9465654580825297870205758954398334026336669921875,
    "2": 13.4535987950446607186449909931980073451995849609375,
    "3": 0.98264069199999415360480270464904606342315673828125,
    "12": 4.1319810119530142600297040189616382122039794921875,
    "13": 7.93567734568382920912199551821686327457427978515625
  },
  "setupType": "Regional Bidder Setup",
  "population": 0,
  "id": 0,
  "worldId": 466,
  "setup": {
    "lowNationalValueInterval": {
      "minValue": 0.0,
      "maxValue": 20.0
    },
    "highNationalValueInterval": {
      "minValue": 0.0,
      "maxValue": 40.0
    },
    "regionalValueInterval": {
      "minValue": 0.0,
      "maxValue": 20.0
    },
    "setupName": "Regional Bidder Setup",
    "numberOfBidders": 6
  },
  "implementation": "org.spectrumauctions.sats.core.model.gsvm.GSVMBidder"
}