{
  "bidderPosition": 1,
  "values": {
    "2": 7.1458244446452194864605189650319516658782958984375,
    "3": 17.5784878082288429368418292142450809478759765625,
    "4": 8.3425792928586961494374918402172625064849853515625,
    "5": 2.30439554385502010092068303492851555347442626953125,
    "13": 13.8022551498781691492467871285043656826019287109375,
    "14": 19.26812115483291876216753735207021236419677734375
  },
  "setupType": "Regional Bidder Setup",
  "population": 0,
  "id": 1,
  "worldId": 415,
  "setup": {
    "lowNationalValueInterval": {
      "minValue": 0.0,
      "maxValue": 20.0
    },
    "highNationalValueInterval": {
      "minValue": 0.0,
      "maxValue": 40.0
    },
    "regionalValueInterval": {
      "minValue": 0.0,
      "maxValue": 20.0
    },
    "setupName": "Regional Bidder Setup",
    "numberOfBidders": 6
  },
  "implementation": "org.spectrumauctions.sats.core.model.gsvm.GSVMBidder"
}