{
  "bidderPosition": 3,
  "values": {
    "16": 18.1776703892819426755522727034986019134521484375,
    "6": 12.110604326064532187956501729786396026611328125,
    "7": 24.465773407221437452108148136176168918609619140625,
    "8": 0.856298310740257750950377158005721867084503173828125,
    "9": 18.3688315381597391251489170826971530914306640625,
    "15": 6.29790110943230896367595050833187997341156005859375
  },
  "setupType": "Regional Bidder Setup",
  "population": 0,
  "id": 3,
  "worldId": 415,
  "setup": {
    "lowNationalValueInterval": {
      "minValue": 0.0,
      "maxValue": 20.0
    },
    "highNationalValueInterval": {
      "minValue": 0.0,
      "maxValue": 40.0
    },
    "regionalValueInterval": {
      "minValue": 0.0,
      "maxValue": 20.0
    },
    "setupName": "Regional Bidder Setup",
    "numberOfBidders": 6
  },
  "implementation": "org.spectrumauctions.sats.core.model.gsvm.GSVMBidder"
}