{
  "bidderPosition": 0,
  "values": {
    "0": 10.369834618303631401659004040993750095367431640625,
    "1": 13.48457061862064421120521728880703449249267578125,
    "2": 17.765064129562400552231338224373757839202880859375,
    "3": 14.228044102623474742586040520109236240386962890625,
    "12": 12.20500412534814671516869566403329372406005859375,
    "13": 8.667071006548798806079503265209496021270751953125
  },
  "setupType": "Regional Bidder Setup",
  "population": 0,
  "id": 0,
  "worldId": 415,
  "setup": {
    "lowNationalValueInterval": {
      "minValue": 0.0,
      "maxValue": 20.0
    },
    "highNationalValueInterval": {
      "minValue": 0.0,
      "maxValue": 40.0
    },
    "regionalValueInterval": {
      "minValue": 0.0,
      "maxValue": 20.0
    },
    "setupName": "Regional Bidder Setup",
    "numberOfBidders": 6
  },
  "implementation": "org.spectrumauctions.sats.core.model.gsvm.GSVMBidder"
}