{
  "regionsOfInterest": [
    1,
    3,
    9
  ],
  "alpha": 71.8119696840499130985335796140134334564208984375,
  "beta": {
    "0": 0.05016470186453025892348023262456990778446197509765625,
    "1": 0.06486491574341633759015479654408409260213375091552734375,
    "2": 0.0593305521966423776714094628914608620107173919677734375,
    "3": 0.1012924725609850862273475513575249351561069488525390625,
    "4": 0.07965355537351988257643853330591809935867786407470703125,
    "5": 0.11077342886146444855821613373336731456220149993896484375,
    "6": 0.0723158307831083535521798921763547696173191070556640625,
    "7": 0.08227169941171942613156176093980320729315280914306640625,
    "8": 0.07017243763835578906906675911159254610538482666015625,
    "9": 0.0812439659798544211444237816976965405046939849853515625,
    "10": 0.09267062670521923617439341569479438476264476776123046875,
    "11": 0.07035121217255076164764915347404894419014453887939453125,
    "12": 0.11437335171869870975580596450527082197368144989013671875,
    "13": 0.054533073311704226282525809210710576735436916351318359375
  },
  "zLow": {
    "0": 0.000006701094716,
    "1": 0.000002511967191,
    "2": 0.000003890327366,
    "3": 0.000001023771457,
    "4": 3.822213262E-7,
    "5": 6.653587641E-7,
    "6": 0.00001257481086,
    "7": 2.084110928E-7,
    "8": 0.000003189355705,
    "9": 0.000001762618987,
    "10": 9.066855385E-7,
    "11": 3.370320146E-7,
    "12": 3.438342730E-7,
    "13": 0.00003032578118
  },
  "zHigh": {
    "0": 0.0002346486833171015283840281042774211013659261955018012066287765162365389250284240297155709775567344540011634365204,
    "1": 0.0000916528697198170623629912347381998425625487525041129910407158884768559283024289662571938395388348817852521425478028,
    "2": 0.000139791348061647677988891860921025334932157025839750201877693022983540502363212647425787077867354243444274287439833,
    "3": 0.000041083177928434594648585341176599765172074090625948742779979944204252981001248037775952680951566897809120346808755,
    "4": 0.0000145111685395089658253320452355563790557386907481180115864944846122796719472081944129978078763797057860329144156510,
    "5": 0.0000273311700921162708662108012782034736402031345040589305421176861074119217297092614725086846453562551697724438683108,
    "6": 0.000468180114886490870565069983117115920268197793204701437629595915623077993587265909277084059556188008847954443661949,
    "7": 0.0000079669662582840637939979871632965888375934830834310330689135948875928903769152342887793924281098259698832792607344,
    "8": 0.0001180611575506293069705818234403379836624758815557057595367034608150696731023357560115672497807183473135354271985,
    "9": 0.000067198785294582929322731814493325050499176288333934752827070582643954739355219531874044420619220670905308503121340,
    "10": 0.0000356028778588750106807849965998956057446828422408751496054968927657865108936546620907333270673957767806931398318754,
    "11": 0.0000124820215128646793622640692243263805440689224752696545889378133540359415073529129303040185247157250709824459870100,
    "12": 0.0000142475760134000972976381401661760117024030332754222577125634617562174471371328986662157423368300965636710263862365,
    "13": 0.00107514924005020853290555462144885764952271786373224280023750838114842164100928018514421060735641804185739965769749369
  },
  "setupType": "Multi Region Model Local Bidder",
  "population": 0,
  "id": 2,
  "worldId": 374,
  "setup": {
    "numberOfRegionsInterval": {
      "minValue": 3,
      "maxValue": 7
    },
    "alphaInterval": {
      "minValue": 60.0,
      "maxValue": 100.0
    },
    "betaInterval": {
      "minValue": 0.05,
      "maxValue": 0.12
    },
    "setupName": "Multi Region Model Local Bidder",
    "numberOfBidders": 3
  },
  "implementation": "org.spectrumauctions.sats.core.model.mrvm.MRVMLocalBidder"
}