{
  "gammaValues": {
    "1": 0.98766,
    "2": 0.95066
  },
  "alpha": 875.7574279783337942717480473220348358154296875,
  "beta": {
    "0": 0.11582808644526065844360118717304430902004241943359375,
    "1": 0.11696685414581242667964033898897469043731689453125,
    "2": 0.16738479431673203290387164088315330445766448974609375,
    "3": 0.1037684720148413231033401871172827668488025665283203125,
    "4": 0.11176599647041234042443846874448354355990886688232421875,
    "5": 0.1588990918830839593756110161848482675850391387939453125,
    "6": 0.181409484721755720482150309180724434554576873779296875,
    "7": 0.12134332598722530338619662870769388973712921142578125,
    "8": 0.149501984981299684829281204656581394374370574951171875,
    "9": 0.18819323882167349193395011752727441489696502685546875,
    "10": 0.195760074550903218071340461392537690699100494384765625,
    "11": 0.1575279563286981210357140525957220233976840972900390625,
    "12": 0.10018072405440849037550066213952959515154361724853515625,
    "13": 0.148474476312831227264865674442262388765811920166015625
  },
  "zLow": {
    "0": 0.000002902218529,
    "1": 0.000001393031739,
    "2": 0.000001378950053,
    "3": 9.993434441E-7,
    "4": 2.724020590E-7,
    "5": 4.638419946E-7,
    "6": 0.000005012736214,
    "7": 1.413043086E-7,
    "8": 0.000001497002627,
    "9": 7.609314654E-7,
    "10": 4.292147787E-7,
    "11": 1.505168436E-7,
    "12": 3.925453585E-7,
    "13": 0.00001113833226
  },
  "zHigh": {
    "0": 0.0001206823977008612228328189991049376425211101819095299281306009730186911686780177028491317250578117182880635690440,
    "1": 0.0000580848061599831565472067431123748573799626425950160536012248612383711260413577763836585476126917133933262523,
    "2": 0.0000644500286476787277520696689684772104580221343691119031263254852787992410959161175835370495597806683161578997840,
    "3": 0.000040350337542818553009963694346157723393430968290599497413351244025132279387572757127939542494345638541168387596594,
    "4": 0.0000112165905261279509298898234189223424465784966830382076177004508614211591689851836294408833014868083788792178381190,
    "5": 0.000021285667008411938288462888741590998667957670117067534988765347955213731304494692755738998161367120010848236898015,
    "6": 0.00024131787578011390696770190599631825461086389828830393196806342561587522577432414386102295847908006727940678759551,
    "7": 0.0000059537627330137126675402486690815736581793453686366443023581827843982194188153014989546504088254663574376677097,
    "8": 0.00006729056523535588510609991966930096177826540925231082056107866351882433583272950937595285645743871070762939250341,
    "9": 0.0000371481596574003691503666755229495287391768137051126867604517230306440184928028620438671853505284090543071384329,
    "10": 0.00002127875506653433458651125923676229816430831006328270388852668401113102262526374987544064375731555140052019522680,
    "11": 0.000006886566384251825567959984052381173731816012071020865051116788983800493574683252859269774277653907322172771452872,
    "12": 0.0000157089085783645524285311571098405148453321683427938474675934300444496718887440659479744624107528149980757142590647,
    "13": 0.00049952577235008784744489416999306757977112979556954800680111200790419110158332841514867215462257262017522623813949
  },
  "setupType": "Multi Region Model National Bidder",
  "population": 0,
  "id": 7,
  "worldId": 374,
  "setup": {
    "bInterval": {
      "minValue": 0.1,
      "maxValue": 0.3
    },
    "kMax": 2.0,
    "alphaInterval": {
      "minValue": 700.0,
      "maxValue": 1200.0
    },
    "betaInterval": {
      "minValue": 0.08,
      "maxValue": 0.22
    },
    "setupName": "Multi Region Model National Bidder",
    "numberOfBidders": 3
  },
  "implementation": "org.spectrumauctions.sats.core.model.mrvm.MRVMNationalBidder"
}