{
  "homeId": 13,
  "distanceDiscounts": {
    "0": 1,
    "1": 0.42045,
    "2": 0.17678,
    "3": 0.07433,
    "4": 0.03125,
    "5": 0.01314,
    "6": 0.00552,
    "7": 0.00232
  },
  "alpha": 572.064276815129915121360681951045989990234375,
  "beta": {
    "0": 0.0803585269374455235524834506577462889254093170166015625,
    "1": 0.07777957985833529319652512867833138443529605865478515625,
    "2": 0.052878360518311899596266556500268052332103252410888671875,
    "3": 0.0798120720748750900330747981570311821997165679931640625,
    "4": 0.07953037357327581713395403539834660477936267852783203125,
    "5": 0.0940295130106265364400286443924414925277233123779296875,
    "6": 0.0841495868893168130764337320215418003499507904052734375,
    "7": 0.0569465611070452126796226366423070430755615234375,
    "8": 0.0622910558173069006659972046691109426319599151611328125,
    "9": 0.07733409139077505878301366237792535685002803802490234375,
    "10": 0.04658207978444260655148667638059123419225215911865234375,
    "11": 0.05303168409800625149319586171259288676083087921142578125,
    "12": 0.05420598811140760198146182347045396454632282257080078125,
    "13": 0.048994477415811428511194236534720403142273426055908203125
  },
  "zLow": {
    "0": 0.000004183232712,
    "1": 0.000002094875551,
    "2": 0.000004365023208,
    "3": 0.000001299306478,
    "4": 3.828133353E-7,
    "5": 7.838397686E-7,
    "6": 0.00001080644514,
    "7": 3.010951749E-7,
    "8": 0.000003592889242,
    "9": 0.000001851733879,
    "10": 0.000001803764827,
    "11": 4.471027306E-7,
    "12": 7.254821766E-7,
    "13": 0.00003375396852
  },
  "zHigh": {
    "0": 0.000159112823212221810888930012222343549023701886655210098861565535913321528598429045275185429688702908720088298705041,
    "1": 0.0000791401205169818511652895379861039384040065739427330868447413283076996641813361343459216903625259202467103006625305,
    "2": 0.00015403222331396372464457247286151705767473309871284447248326595950725362500332202744197673636786094704423538068532053,
    "3": 0.000049349228538009857074597600989279136994656008914713472346972899201336850176773340517949579653694301785180098772523,
    "4": 0.0000145289288148323899613003001679400651865968567200785989772025104480940675768810314860216845054650594081552523659725,
    "5": 0.000030885600227527988091581591566552907600018008041513194980583231538377102643099437568658605990863893158406988387662,
    "6": 0.000415129143328158365277511222968943173837820888628270273799498141650418483734022693687192454974764102493847735227773,
    "7": 0.000010747488722289330758615763905314514639482747367221240439514192146027542550691416019537773475517079666933710,
    "8": 0.000130167163655927250817065263746028360823683913005203228125539333042455568324133881562948267290489527858290008408760,
    "9": 0.0000698722320482035866678807180554391926729169396119771135548488225737651982430420645827208415937326229057963300054847,
    "10": 0.0000625152565068795070216251677526534327063116579683192542974957173350380356500476209917054169094116602939287983263651,
    "11": 0.0000157841429920859669619711708387072222184188865734286788120995531997503774336845401712661282499859334065320518143257,
    "12": 0.0000256970131204379859449242552049062078548345804965154272754688412129538572824214306121877204185903889879024847363532,
    "13": 0.00117799486021838881213253499915359365052489730627628968642201366978545669615001081777877826073755661762828683816025627
  },
  "setupType": "Multi Region Model Regional Bidder",
  "population": 0,
  "id": 3,
  "worldId": 374,
  "setup": {
    "exponentFactor": 1.25,
    "base": 2.0,
    "alphaInterval": {
      "minValue": 500.0,
      "maxValue": 840.0
    },
    "betaInterval": {
      "minValue": 0.04,
      "maxValue": 0.1
    },
    "setupName": "Multi Region Model Regional Bidder",
    "numberOfBidders": 4
  },
  "implementation": "org.spectrumauctions.sats.core.model.mrvm.MRVMRegionalBidder"
}