{
  "regionsOfInterest": [
    0,
    1,
    6,
    8
  ],
  "alpha": 71.7382274741367922388235456310212612152099609375,
  "beta": {
    "0": 0.10495374958336867177166595865855924785137176513671875,
    "1": 0.1025539507192423371861877967603504657745361328125,
    "2": 0.097569535415254760035708159193745814263820648193359375,
    "3": 0.0643876615629309367871968561303219757974147796630859375,
    "4": 0.06070801128584690786738065071403980255126953125,
    "5": 0.10657043882255613775900116024786257185041904449462890625,
    "6": 0.052248157588669567885641953353115241043269634246826171875,
    "7": 0.0590574993609707943331699198097339831292629241943359375,
    "8": 0.08828809505335767637834720744649530388414859771728515625,
    "9": 0.062124251829366927690756483571021817624568939208984375,
    "10": 0.09689749048495432948158168073859997093677520751953125,
    "11": 0.051005323891538299763137587206074385903775691986083984375,
    "12": 0.07076760939993660681768261611068737693130970001220703125,
    "13": 0.1093177115608962302051310189199284650385379791259765625
  },
  "zLow": {
    "0": 0.000003202919571,
    "1": 0.000001588808028,
    "2": 0.000002365648969,
    "3": 0.000001610562330,
    "4": 5.015036224E-7,
    "5": 6.915995893E-7,
    "6": 0.00001740459254,
    "7": 2.903328952E-7,
    "8": 0.000002534938195,
    "9": 0.000002305092662,
    "10": 8.671340883E-7,
    "11": 4.648654093E-7,
    "12": 5.556988370E-7,
    "13": 0.00001512799733
  },
  "zHigh": {
    "0": 0.0001297034289781414542262864428295719191794894571844514239930228604601880649298961211779812449764037584493761333096,
    "1": 0.000063958094835432489162178726059301051830083514789117926136209741809263341316666291380124055820677421949340496,
    "2": 0.00009405099614955758726335242215562045124145225055522702354118595934251370300310029197928543961058702542940704481218,
    "3": 0.000058686904110911546655422143114829317871660717744707869222953413400297529863758998213484230409219231097827031302048,
    "4": 0.0000180896374260263802421263040000984194995140759669317575475438732853525698791683598874782056419511380918505,
    "5": 0.0000281183948483592678507138134321997667883148991771510380187407834585602544317430685285795893752700045492358007089482,
    "6": 0.00061307356545915083237717061789666718576766104146654368811673858920409659219622331521829214705575686087572968954738815,
    "7": 0.000010424620333258259416160339328557214236287315272926760066030129169890290405242901474001314429833658441176132360860,
    "8": 0.0000984286322561473021602695935681515098799093217269840026516033248821417852099625563064461766135484293369243596286567,
    "9": 0.00008347299553621031002072846005413058798189054510462191226729073854883692525700497711248329291424516098348123783650,
    "10": 0.0000344163343552097263418737126617647849730706158417863623611214599492471350666119604129400721193483338929015178589,
    "11": 0.00001631702335370785398071454130359296476472175890929339910652295769992380599107522069938722598306724410154838720545032,
    "12": 0.0000206035129323211944658100162827912195276253021016964594431801475395240530369086336431306230304863882850307612390374,
    "13": 0.000619215724547510866841590386186651699632616935041128841544485070754157524784491727465674130868268547991641858768556
  },
  "setupType": "Multi Region Model Local Bidder",
  "population": 0,
  "id": 0,
  "worldId": 374,
  "setup": {
    "numberOfRegionsInterval": {
      "minValue": 3,
      "maxValue": 7
    },
    "alphaInterval": {
      "minValue": 60.0,
      "maxValue": 100.0
    },
    "betaInterval": {
      "minValue": 0.05,
      "maxValue": 0.12
    },
    "setupName": "Multi Region Model Local Bidder",
    "numberOfBidders": 3
  },
  "implementation": "org.spectrumauctions.sats.core.model.mrvm.MRVMLocalBidder"
}