{
  "homeId": 8,
  "distanceDiscounts": {
    "0": 1,
    "1": 0.42045,
    "2": 0.17678,
    "3": 0.07433,
    "4": 0.03125,
    "5": 0.01314,
    "6": 0.00552,
    "7": 0.00232
  },
  "alpha": 573.777220511554105542018078267574310302734375,
  "beta": {
    "0": 0.05286585356741697883098396459899959154427051544189453125,
    "1": 0.041825784468563990958767107031235354952514171600341796875,
    "2": 0.058833037043819057243521086775217554531991481781005859375,
    "3": 0.07168049753429046877517549773983773775398731231689453125,
    "4": 0.06631444328886194894412398070926428772509098052978515625,
    "5": 0.0927287031913067993915689157802262343466281890869140625,
    "6": 0.048755214091764274841889204026301740668714046478271484375,
    "7": 0.0853070527942035583546243060482083819806575775146484375,
    "8": 0.04421257924792747207032306278051692061126232147216796875,
    "9": 0.07787084311111647227932053283439017832279205322265625,
    "10": 0.049413646365584928954461929606623016297817230224609375,
    "11": 0.071066318860920130173752795599284581840038299560546875,
    "12": 0.0565530243944991350968365395601722411811351776123046875,
    "13": 0.0740455939280132702240422304384992457926273345947265625
  },
  "zLow": {
    "0": 0.000006358705968,
    "1": 0.000003895648157,
    "2": 0.000003923225495,
    "3": 0.000001446702322,
    "4": 4.591049258E-7,
    "5": 7.948355707E-7,
    "6": 0.00001865150037,
    "7": 2.009955123E-7,
    "8": 0.000005062017826,
    "9": 0.000001838970163,
    "10": 0.000001700403093,
    "11": 3.336406212E-7,
    "12": 6.953735660E-7,
    "13": 0.00002233432080
  },
  "zHigh": {
    "0": 0.0002243770208846441907750247649216296051396959527918973140019181211665375562082753519209465190158945188255065884816381,
    "1": 0.00013316329869672773805748336462926456135324739653840494647268936149025595417561330676859641232296685274789174424115773,
    "2": 0.00014077829191729441859075335643652029825627974296476375165917473979113648381405939921919293190149652570510822458297453,
    "3": 0.0000537711038740473295881966548169589033985318196258831020429004789602256141226846502086901077367914062535388868979913,
    "4": 0.0000168176765295603072554776035821748310301646787369754039596889948636160668502023998529915389219842177749560622594243,
    "5": 0.000031215474290012266723652881060403573605384687946447875695736666702414750748368008791628886301838552314864800185168,
    "6": 0.00065048080042842543240866179170196878549544169183947143318877072114285318399591130770928791156193058357229739394862210,
    "7": 0.000007744498844000681284118638792949156286509046913247327620886301756010150411098095290678398271084864922875967565125,
    "8": 0.0001742410211857221091738366942600161692902738993398612562195459267652001325141748660649168623695003896259557441837016,
    "9": 0.0000694893205610131477959227906212860548472434596166418010256684743158741304960536202538154505352097808561354518730,
    "10": 0.00005941440446755800872649191525001363810701427049849906705901853648474995522683438980039044147600387122590378126830,
    "11": 0.00001238027970957700409282468108731900655546508712698996565919392641194200649382033554274309281334257095996408853685,
    "12": 0.000024793754801712374967896158220942199647585757161550972142904314448193829162109673355329732627149707461438096140352,
    "13": 0.000835405428572869630142295169533371575368086510953909291871653221429849520305099420210159717590744786409336044841041
  },
  "setupType": "Multi Region Model Regional Bidder",
  "population": 0,
  "id": 6,
  "worldId": 374,
  "setup": {
    "exponentFactor": 1.25,
    "base": 2.0,
    "alphaInterval": {
      "minValue": 500.0,
      "maxValue": 840.0
    },
    "betaInterval": {
      "minValue": 0.04,
      "maxValue": 0.1
    },
    "setupName": "Multi Region Model Regional Bidder",
    "numberOfBidders": 4
  },
  "implementation": "org.spectrumauctions.sats.core.model.mrvm.MRVMRegionalBidder"
}