{
  "gammaValues": {
    "1": 0.95946,
    "2": 0.83786
  },
  "alpha": 847.6234976894064629959757439792156219482421875,
  "beta": {
    "0": 0.138589737801277979034608733854838646948337554931640625,
    "1": 0.160721961165107618541014744550921022891998291015625,
    "2": 0.09610512065557554051142830076059908606112003326416015625,
    "3": 0.188117118509779857049579732120037078857421875,
    "4": 0.12182029086154959329757474506550352089107036590576171875,
    "5": 0.10026356120867120635953284590868861414492130279541015625,
    "6": 0.1508336144911422149750279686486464925110340118408203125,
    "7": 0.2073162688932768116245597411761991679668426513671875,
    "8": 0.084734794636956600744071010922198183834552764892578125,
    "9": 0.088147779638242773625478321264381520450115203857421875,
    "10": 0.09817632726340341786652743394370190799236297607421875,
    "11": 0.0844498472233717045742906748273526318371295928955078125,
    "12": 0.09869687427837765814064852065712329931557178497314453125,
    "13": 0.11927456240409116394740607347557670436799526214599609375
  },
  "zLow": {
    "0": 0.000002425565009,
    "1": 0.000001013791389,
    "2": 0.000002401695865,
    "3": 5.512541498E-7,
    "4": 2.499196756E-7,
    "5": 7.351032701E-7,
    "6": 0.000006028880875,
    "7": 8.270617094E-8,
    "8": 0.000002641239237,
    "9": 0.000001624569077,
    "10": 8.558388709E-7,
    "11": 2.807655851E-7,
    "12": 3.984470484E-7,
    "13": 0.00001386513616
  },
  "zHigh": {
    "0": 0.00010638279211428684231246658220224225269664975615931503684663874481045319363857081182423971665204103912574431093806,
    "1": 0.00004670759566353130851807651089161046333570513125597481321663891892007240223252995351431660907138785744162851742,
    "2": 0.0000951324030223292228205622993433592737248074966645671268102801776889301346265374874437657169137337079469574705953246,
    "3": 0.00002690765871195608620941321128572403189677297030962356378612557351714724577740880990988051374114225707378,
    "4": 0.0000105421190219596214289814541947291056308033378380069886148069143345789512404178748107808743313579913130625571081220,
    "5": 0.0000294235052736777797954331682145548098135533866733042851840232678336087415930234276854789066101139199976222896334707,
    "6": 0.000271802215592881588752623536465852527443460690871398021001463808943327622731085531232457487245619781741562069683277,
    "7": 0.000004195818605324926174511282497535098343318955227196508936633715340695285684899386828118614206492442302660783132,
    "8": 0.00010161766350834557099344889771708958811048146165349475240456427014102668298114321246539536667226960262382857037001,
    "9": 0.00006305728799861334647134916768415074154946433135927547692003104507483526342640503329488787854277095690022081648645,
    "10": 0.0000340774778319981093543504850984489408430558941543914955518629260789463700046449364194005266044504887285262209138,
    "11": 0.000010794028628408391285121064275568671593465722772936058440153563757005971141750585668480001172721934072556859429286,
    "12": 0.0000158859592742043495359361924210759574990715993105516459949796973123513372720789807489127668197757427751729971210627,
    "13": 0.0005813298895757511207089954230221509879185832177961220936421840557795617662599172847140486260658696639278995820584389
  },
  "setupType": "Multi Region Model National Bidder",
  "population": 0,
  "id": 8,
  "worldId": 374,
  "setup": {
    "bInterval": {
      "minValue": 0.1,
      "maxValue": 0.3
    },
    "kMax": 2.0,
    "alphaInterval": {
      "minValue": 700.0,
      "maxValue": 1200.0
    },
    "betaInterval": {
      "minValue": 0.08,
      "maxValue": 0.22
    },
    "setupName": "Multi Region Model National Bidder",
    "numberOfBidders": 3
  },
  "implementation": "org.spectrumauctions.sats.core.model.mrvm.MRVMNationalBidder"
}