{
  "gammaValues": {
    "1": 0.95423,
    "2": 0.81693
  },
  "alpha": 930.7080573502071274560876190662384033203125,
  "beta": {
    "0": 0.19722268693042510623314456097432412207126617431640625,
    "1": 0.21346759472125587109303523902781307697296142578125,
    "2": 0.1211351593698632711504359349419246427714824676513671875,
    "3": 0.219833911182217678348393974374630488455295562744140625,
    "4": 0.173578895279053180278339141295873560011386871337890625,
    "5": 0.192101416161930382831002361854189075529575347900390625,
    "6": 0.1973255117222059984438686797147965990006923675537109375,
    "7": 0.19409872500579516962915249678189866244792938232421875,
    "8": 0.18732405134109086919380615654517896473407745361328125,
    "9": 0.198954893733931215127341829429497011005878448486328125,
    "10": 0.17555826663023077482961298301233910024166107177734375,
    "11": 0.0993170529818572511704388716680114157497882843017578125,
    "12": 0.179323370849229613011033279690309427678585052490234375,
    "13": 0.148467501112006683428035103133879601955413818359375
  },
  "zLow": {
    "0": 0.000001704461205,
    "1": 7.632940277E-7,
    "2": 0.000001905435813,
    "3": 4.717213175E-7,
    "4": 1.753974037E-7,
    "5": 3.836727141E-7,
    "6": 0.000004608415231,
    "7": 8.833821435E-8,
    "8": 0.000001194747085,
    "9": 7.197719760E-7,
    "10": 4.786053012E-7,
    "11": 2.387365519E-7,
    "12": 2.192992361E-7,
    "13": 0.00001113885555
  },
  "zHigh": {
    "0": 0.0000847496779976041837764224648503420907178550598791447411348989221381238061742298918255814270866116062588865036658,
    "1": 0.0000391926748428655682485338652192691709006020465345802768388850931409021288034703734993065674979711686732247433,
    "2": 0.000080244601466580459088869722501957020739738832044109404691980107686418087899414653973074611788151901444827252460110,
    "3": 0.00002452167374513396736631210007313853389017600647382584477436003444753044086751676015287939515327379931188313681486,
    "4": 0.00000830645086646850547747337204346620510238554197614168860821231488921252923248348111033995088722404585783406219942,
    "5": 0.00001888058859325053069029065470191970203872440077365189460732723814138943562550330289897202245923591851451652021916,
    "6": 0.000229188246281482034035539897712678268234994177340185394464776441567837080152191685970300823235288563242447308497059,
    "7": 0.0000043647799074768689159541186883976481356433381906796566938984126099422834136103687271024036072179878534900287831,
    "8": 0.0000582228989703905540304599911353390121890969081228777047917249008032570503231140976019677323406684555603757668434,
    "9": 0.00003591337497511523885092326210112687116387257032900670966403369701465010494843179788657337400021130222552929454775,
    "10": 0.0000227604707410355640563567665899955969549320459491560618611946525956018864295201319986807335524251068370098874960,
    "11": 0.000009533157630604318348552106286504245937020115690463087588006011908347717536901134722380569521990370135709150710366,
    "12": 0.00001051152490596627387615214429081161086011917688209438927006694204372347827355531901600344445015475557744696429596,
    "13": 0.00049954147116034389120182538833040646612718539686296501690589629046721775395616564043307856973377408690154940368
  },
  "setupType": "Multi Region Model National Bidder",
  "population": 0,
  "id": 9,
  "worldId": 374,
  "setup": {
    "bInterval": {
      "minValue": 0.1,
      "maxValue": 0.3
    },
    "kMax": 2.0,
    "alphaInterval": {
      "minValue": 700.0,
      "maxValue": 1200.0
    },
    "betaInterval": {
      "minValue": 0.08,
      "maxValue": 0.22
    },
    "setupName": "Multi Region Model National Bidder",
    "numberOfBidders": 3
  },
  "implementation": "org.spectrumauctions.sats.core.model.mrvm.MRVMNationalBidder"
}