{
  "bidderPosition": 3,
  "values": {
    "16": 14.3635025058539582687444635666906833648681640625,
    "6": 24.529330722691913280186781776137650012969970703125,
    "7": 29.628456318769256228051744983531534671783447265625,
    "8": 6.91181619450523587744328324333764612674713134765625,
    "9": 11.1880926660666073502170547726564109325408935546875,
    "15": 10.129672411713045221404172480106353759765625
  },
  "setupType": "Regional Bidder Setup",
  "population": 0,
  "id": 3,
  "worldId": 814,
  "setup": {
    "lowNationalValueInterval": {
      "minValue": 0.0,
      "maxValue": 20.0
    },
    "highNationalValueInterval": {
      "minValue": 0.0,
      "maxValue": 40.0
    },
    "regionalValueInterval": {
      "minValue": 0.0,
      "maxValue": 20.0
    },
    "setupName": "Regional Bidder Setup",
    "numberOfBidders": 6
  },
  "implementation": "org.spectrumauctions.sats.core.model.gsvm.GSVMBidder"
}